ISO-10303-21;
HEADER;
FILE_DESCRIPTION((''),'2;1');
FILE_NAME('10', '2026-07-30T22:34:52', (''), (''), 'ImageToStl.com STEP Converter','', '');
FILE_SCHEMA(('AUTOMOTIVE_DESIGN_CC2'));
ENDSEC;
DATA;
#1=PRODUCT_DEFINITION_CONTEXT('',#4,'design');
#2=APPLICATION_PROTOCOL_DEFINITION('INTERNATIONAL STANDARD','automotive_design',1994,#4);
#3=(GEOMETRIC_REPRESENTATION_CONTEXT(3)GLOBAL_UNCERTAINTY_ASSIGNED_CONTEXT((#5))GLOBAL_UNIT_ASSIGNED_CONTEXT((#6,#7,#8))REPRESENTATION_CONTEXT('NONE','WORKSPACE'));
#4=APPLICATION_CONTEXT(' ');
#5=UNCERTAINTY_MEASURE_WITH_UNIT(LENGTH_MEASURE(1.0E-006),#6,'','');
#6=(CONVERSION_BASED_UNIT('METRE',#10)LENGTH_UNIT()NAMED_UNIT(#11));
#7=(NAMED_UNIT(#12)PLANE_ANGLE_UNIT()SI_UNIT($,.RADIAN.));
#8=(NAMED_UNIT(#12)SOLID_ANGLE_UNIT()SI_UNIT($,.STERADIAN.));
#9=AXIS2_PLACEMENT_3D('',#14,#15,#16);
#10=LENGTH_MEASURE_WITH_UNIT(LENGTH_MEASURE(1.0),#17);
#11=DIMENSIONAL_EXPONENTS(1.0,0.0,0.0,0.0,0.0,0.0,0.0);
#12=DIMENSIONAL_EXPONENTS(0.0,0.0,0.0,0.0,0.0,0.0,0.0);
#13=PRODUCT_CONTEXT('',#4,'mechanical');
#14=CARTESIAN_POINT('',(0.0,0.0,0.0));
#15=DIRECTION('',(0.0,0.0,1.0));
#16=DIRECTION('',(1.0,0.0,0.0));
#17=(NAMED_UNIT(#11)LENGTH_UNIT()SI_UNIT(.MILLI.,.METRE.));
#18=PRESENTATION_STYLE_ASSIGNMENT((#19));
#19=SURFACE_STYLE_USAGE(.BOTH.,#20);
#20=SURFACE_SIDE_STYLE('',(#21));
#21=SURFACE_STYLE_FILL_AREA(#22);
#22=FILL_AREA_STYLE('',(#23));
#23=FILL_AREA_STYLE_COLOUR('',#24);
#24=COLOUR_RGB('',0.62745,0.62745,0.62745);
#25=PRESENTATION_STYLE_ASSIGNMENT((#26));
#26=SURFACE_STYLE_USAGE(.BOTH.,#27);
#27=SURFACE_SIDE_STYLE('',(#28));
#28=SURFACE_STYLE_FILL_AREA(#29);
#29=FILL_AREA_STYLE('',(#30));
#30=FILL_AREA_STYLE_COLOUR('',#31);
#31=COLOUR_RGB('',0.59608,0.59608,0.59608);
#32=SHAPE_DEFINITION_REPRESENTATION(#33,#34);
#33=PRODUCT_DEFINITION_SHAPE('productshape0','',#37);
#34=MANIFOLD_SURFACE_SHAPE_REPRESENTATION('',(#35,#9),#3);
#35=SHELL_BASED_SURFACE_MODEL('shell0',(#39));
#36=PRODUCT('product0','','',(#13));
#37=PRODUCT_DEFINITION('mesh0','',#38,#2);
#38=PRODUCT_DEFINITION_FORMATION_WITH_SPECIFIED_SOURCE('prodsource0','',#36,.NOT_KNOWN.);
#39=CLOSED_SHELL('',(#675,#697,#719,#741,#763,#785,#807,#829,#851,#873,#895,#917,#939,#961,#983,#1005,#1027,#1049,#1071,#1093,#1115,#1137,#1159,#1181,#1203,#1225,#1247,#1269,#1291,#1313,#1335,#1357,#1379,#1401,#1423,#1445,#1467,#1489,#1511,#1533,#1555,#1577,#1599,#1621,#1643,#1665,#1687,#1709,#1731,#1753,#1775,#1797,#1819,#1841,#1863,#1885,#1907,#1929,#1951,#1973,#1995,#2017,#2039,#2061,#2083,#2105,#2127,#2149,#2171,#2193,#2215,#2237,#2259,#2281,#2303,#2325,#2347,#2369,#2391,#2413,#2435,#2457,#2479,#2501,#2523,#2545,#2567,#2589,#2611,#2633,#2655,#2677,#2699,#2721,#2743,#2765,#2787,#2809,#2831,#2853,#2875,#2897,#2919,#2941,#2963,#2985,#3007,#3029,#3051,#3073,#3095,#3117,#3139,#3161,#3183,#3205,#3227,#3249,#3271,#3293,#3315,#3337,#3359,#3381,#3403,#3425,#3447,#3469,#3491,#3513,#3535,#3557,#3579,#3601,#3623,#3645,#3667,#3689,#3711,#3733,#3755,#3777,#3799,#3821,#3843,#3865,#3887,#3909,#3931,#3953,#3975,#3997,#4019,#4041,#4063,#4085,#4107,#4129,#4151,#4173,#4195,#4217,#4239,#4261,#4283,#4305,#4327,#4349,#4371,#4393,#4415,#4437,#4459,#4481,#4503,#4525,#4547,#4569,#4591,#4613,#4635,#4657,#4679,#4701,#4723,#4745,#4767,#4789,#4811,#4833,#4855,#4877,#4899,#4921,#4943,#4965,#4987,#5009,#5031,#5053,#5075,#5097,#5119,#5141,#5163,#5185,#5207,#5229,#5251,#5273,#5295,#5317,#5339,#5361,#5383,#5405,#5427,#5449,#5471,#5493,#5515,#5537,#5559,#5581,#5603,#5625,#5647,#5669,#5691,#5713,#5735,#5757,#5779,#5801,#5823,#5845,#5867,#5889,#5911,#5933,#5955,#5977,#5999,#6021,#6043,#6065,#6087,#6109,#6131,#6153,#6175,#6197,#6219,#6241,#6263,#6285,#6307,#6329,#6351,#6373,#6395,#6417,#6439,#6461,#6483,#6505,#6527,#6549,#6571,#6593,#6615,#6637,#6659,#6681,#6703,#6725,#6747,#6769,#6791,#6813,#6835,#6857,#6879,#6901,#6923,#6945,#6967,#6989,#7011,#7033,#7055,#7077,#7099,#7121,#7143,#7165,#7187,#7209,#7231,#7253,#7275,#7297,#7319,#7341,#7363,#7385,#7407,#7429,#7451,#7473,#7495,#7517,#7539,#7561,#7583,#7605,#7627,#7649,#7671,#7693,#7715,#7737,#7759,#7781,#7803,#7825,#7847,#7869,#7891,#7913,#7935,#7957,#7979,#8001,#8023,#8045,#8067,#8089,#8111,#8133,#8155,#8177,#8199,#8221,#8243,#8265,#8287,#8309,#8331,#8353,#8375,#8397,#8419,#8441,#8463,#8485,#8507,#8529,#8551,#8573,#8595,#8617,#8639,#8661,#8683,#8705,#8727,#8749,#8771,#8793,#8815,#8837,#8859,#8881,#8903,#8925,#8947,#8969,#8991,#9013,#9035,#9057,#9079,#9101,#9123,#9145,#9167,#9189,#9211,#9233,#9255,#9277,#9299,#9321,#9343,#9365,#9387,#9409,#9431,#9453,#9475,#9497,#9519,#9541,#9563,#9585,#9607,#9629,#9651,#9673,#9695,#9717,#9739,#9761,#9783,#9805,#9827,#9849,#9871,#9893,#9915,#9937,#9959,#9981,#10003,#10025,#10047,#10069,#10091,#10113,#10135,#10157,#10179,#10201,#10223,#10245,#10267,#10289,#10311,#10333,#10355,#10377,#10399,#10421,#10443,#10465,#10487,#10509,#10531,#10553,#10575,#10597,#10619,#10641,#10663,#10685,#10707,#10729,#10751,#10773,#10795,#10817,#10839,#10861,#10883,#10905,#10927,#10949,#10971,#10993,#11015,#11037,#11059,#11081,#11103,#11125,#11147,#11169,#11191,#11213,#11235,#11257,#11279,#11301,#11323,#11345,#11367,#11389,#11411,#11433,#11455,#11477,#11499,#11521,#11543,#11565,#11587,#11609,#11631,#11653,#11675,#11697,#11719,#11741,#11763,#11785,#11807,#11829,#11851,#11873,#11895,#11917,#11939,#11961,#11983,#12005,#12027,#12049,#12071,#12093,#12115,#12137,#12159,#12181,#12203,#12225,#12247,#12269,#12291,#12313,#12335,#12357,#12379,#12401,#12423,#12445,#12467,#12489,#12511,#12533,#12555,#12577,#12599,#12621,#12643,#12665,#12687,#12709,#12731,#12753,#12775,#12797,#12819,#12841,#12863,#12885,#12907,#12929,#12951,#12973,#12995,#13017,#13039,#13061,#13083,#13105,#13127,#13149,#13171,#13193,#13215,#13237,#13259,#13281,#13303,#13325,#13347,#13369,#13391,#13413,#13435,#13457,#13479,#13501,#13523,#13545,#13567,#13589,#13611,#13633,#13655,#13677,#13699,#13721,#13743,#13765,#13787,#13809,#13831,#13853,#13875,#13897,#13919,#13941,#13963,#13985,#14007,#14029,#14051,#14073,#14095,#14117,#14139,#14161,#14183,#14205,#14227,#14249,#14271,#14293,#14315,#14337,#14359,#14381,#14403,#14425,#14447,#14469,#14491,#14513,#14535,#14557,#14579,#14601,#14623,#14645,#14667,#14689,#14711,#14733,#14755,#14777,#14799,#14821,#14843,#14865,#14887,#14909,#14931,#14953));
#40=CARTESIAN_POINT('',(17.25,-2.200000047683716,253.1999969482422));
#41=VERTEX_POINT('',#40);
#42=CARTESIAN_POINT('',(17.25,-2.200000047683716,249.8000030517578));
#43=VERTEX_POINT('',#42);
#44=CARTESIAN_POINT('',(17.25,-4.199999809265137,253.1999969482422));
#45=VERTEX_POINT('',#44);
#46=CARTESIAN_POINT('',(17.25,-2.1999990940093994,247.6999969482422));
#47=VERTEX_POINT('',#46);
#48=CARTESIAN_POINT('',(17.25,-2.1999990940093994,244.29998779296875));
#49=VERTEX_POINT('',#48);
#50=CARTESIAN_POINT('',(17.25,18.200000762939453,249.8000030517578));
#51=VERTEX_POINT('',#50);
#52=CARTESIAN_POINT('',(17.25,18.200000762939453,247.6999969482422));
#53=VERTEX_POINT('',#52);
#54=CARTESIAN_POINT('',(17.25,20.200000762939453,253.1999969482422));
#55=VERTEX_POINT('',#54);
#56=CARTESIAN_POINT('',(17.25,18.200000762939453,244.29998779296875));
#57=VERTEX_POINT('',#56);
#58=CARTESIAN_POINT('',(17.25,20.200000762939453,194.3000030517578));
#59=VERTEX_POINT('',#58);
#60=CARTESIAN_POINT('',(17.25,18.200000762939453,202));
#61=VERTEX_POINT('',#60);
#62=CARTESIAN_POINT('',(17.25,18.200000762939453,196.59999084472656));
#63=VERTEX_POINT('',#62);
#64=CARTESIAN_POINT('',(17.25,6.800000190734863,196.59999084472656));
#65=VERTEX_POINT('',#64);
#66=CARTESIAN_POINT('',(17.25,-4.199999809265137,194.3000030517578));
#67=VERTEX_POINT('',#66);
#68=CARTESIAN_POINT('',(17.25,6.800000190734863,202));
#69=VERTEX_POINT('',#68);
#70=CARTESIAN_POINT('',(17.25,9.200000762939453,202));
#71=VERTEX_POINT('',#70);
#72=CARTESIAN_POINT('',(17.25,18.200000762939453,253.1999969482422));
#73=VERTEX_POINT('',#72);
#74=CARTESIAN_POINT('',(31,6.800000190734863,196.59999084472656));
#75=VERTEX_POINT('',#74);
#76=CARTESIAN_POINT('',(31,18.200000762939453,196.59999084472656));
#77=VERTEX_POINT('',#76);
#78=CARTESIAN_POINT('',(31,20.200000762939453,194.3000030517578));
#79=VERTEX_POINT('',#78);
#80=CARTESIAN_POINT('',(31,-4.199999809265137,194.3000030517578));
#81=VERTEX_POINT('',#80);
#82=CARTESIAN_POINT('',(31,-4.199999809265137,213.3000030517578));
#83=VERTEX_POINT('',#82);
#84=CARTESIAN_POINT('',(29,-4.199999809265137,213.3000030517578));
#85=VERTEX_POINT('',#84);
#86=CARTESIAN_POINT('',(31,20.200000762939453,213.3000030517578));
#87=VERTEX_POINT('',#86);
#88=CARTESIAN_POINT('',(29,20.200000762939453,213.3000030517578));
#89=VERTEX_POINT('',#88);
#90=CARTESIAN_POINT('',(29,-4.199999809265137,211.3000030517578));
#91=VERTEX_POINT('',#90);
#92=CARTESIAN_POINT('',(29,20.200000762939453,211.3000030517578));
#93=VERTEX_POINT('',#92);
#94=CARTESIAN_POINT('',(31,20.200000762939453,211.3000030517578));
#95=VERTEX_POINT('',#94);
#96=CARTESIAN_POINT('',(31,-4.199999809265137,211.3000030517578));
#97=VERTEX_POINT('',#96);
#98=CARTESIAN_POINT('',(21,18.200000762939453,202));
#99=VERTEX_POINT('',#98);
#100=CARTESIAN_POINT('',(31,18.200000762939453,202));
#101=VERTEX_POINT('',#100);
#102=CARTESIAN_POINT('',(31,6.800000190734863,202));
#103=VERTEX_POINT('',#102);
#104=CARTESIAN_POINT('',(31,9.200000762939453,202));
#105=VERTEX_POINT('',#104);
#106=CARTESIAN_POINT('',(31,20.200000762939453,259.8000183105469));
#107=VERTEX_POINT('',#106);
#108=CARTESIAN_POINT('',(31,18.200000762939453,244.29998779296875));
#109=VERTEX_POINT('',#108);
#110=CARTESIAN_POINT('',(31,-2.1999990940093994,244.29998779296875));
#111=VERTEX_POINT('',#110);
#112=CARTESIAN_POINT('',(31,-4.199999809265137,259.8000183105469));
#113=VERTEX_POINT('',#112);
#114=CARTESIAN_POINT('',(31,-2.1999990940093994,247.6999969482422));
#115=VERTEX_POINT('',#114);
#116=CARTESIAN_POINT('',(31,-2.200000047683716,249.8000030517578));
#117=VERTEX_POINT('',#116);
#118=CARTESIAN_POINT('',(31,18.200000762939453,249.8000030517578));
#119=VERTEX_POINT('',#118);
#120=CARTESIAN_POINT('',(31,18.200000762939453,247.6999969482422));
#121=VERTEX_POINT('',#120);
#122=CARTESIAN_POINT('',(31,18.200000762939453,259.8000183105469));
#123=VERTEX_POINT('',#122);
#124=CARTESIAN_POINT('',(31,18.200000762939453,255.1999969482422));
#125=VERTEX_POINT('',#124);
#126=CARTESIAN_POINT('',(31,18.200000762939453,253.1999969482422));
#127=VERTEX_POINT('',#126);
#128=CARTESIAN_POINT('',(31,-2.200000047683716,253.1999969482422));
#129=VERTEX_POINT('',#128);
#130=CARTESIAN_POINT('',(31,-2.200000047683716,255.1999969482422));
#131=VERTEX_POINT('',#130);
#132=CARTESIAN_POINT('',(31,-2.200000047683716,259.8000183105469));
#133=VERTEX_POINT('',#132);
#134=CARTESIAN_POINT('',(25.5,16,242.3000030517578));
#135=VERTEX_POINT('',#134);
#136=CARTESIAN_POINT('',(26.5,1.4901160305669237E-08,242.3000030517578));
#137=VERTEX_POINT('',#136);
#138=CARTESIAN_POINT('',(26.5,16,242.3000030517578));
#139=VERTEX_POINT('',#138);
#140=CARTESIAN_POINT('',(26.62940788269043,0.017037101089954376,242.3000030517578));
#141=VERTEX_POINT('',#140);
#142=CARTESIAN_POINT('',(26.62940788269043,15.982963562011719,242.3000030517578));
#143=VERTEX_POINT('',#142);
#144=CARTESIAN_POINT('',(26.75,0.06698731333017349,242.3000030517578));
#145=VERTEX_POINT('',#144);
#146=CARTESIAN_POINT('',(26.75,15.933012962341309,242.3000030517578));
#147=VERTEX_POINT('',#146);
#148=CARTESIAN_POINT('',(27,0.5,242.3000030517578));
#149=VERTEX_POINT('',#148);
#150=CARTESIAN_POINT('',(27,15.5,242.3000030517578));
#151=VERTEX_POINT('',#150);
#152=CARTESIAN_POINT('',(25.370590209960938,15.982963562011719,242.3000030517578));
#153=VERTEX_POINT('',#152);
#154=CARTESIAN_POINT('',(25.370590209960938,0.017037101089954376,242.3000030517578));
#155=VERTEX_POINT('',#154);
#156=CARTESIAN_POINT('',(25.5,1.4901162970204496E-08,242.3000030517578));
#157=VERTEX_POINT('',#156);
#158=CARTESIAN_POINT('',(25.25,0.06698731333017349,242.3000030517578));
#159=VERTEX_POINT('',#158);
#160=CARTESIAN_POINT('',(25.25,15.933012962341309,242.3000030517578));
#161=VERTEX_POINT('',#160);
#162=CARTESIAN_POINT('',(25,0.5,242.3000030517578));
#163=VERTEX_POINT('',#162);
#164=CARTESIAN_POINT('',(25,15.5,242.3000030517578));
#165=VERTEX_POINT('',#164);
#166=CARTESIAN_POINT('',(25.146446228027344,15.853553771972656,242.3000030517578));
#167=VERTEX_POINT('',#166);
#168=CARTESIAN_POINT('',(25.066986083984375,15.75,242.3000030517578));
#169=VERTEX_POINT('',#168);
#170=CARTESIAN_POINT('',(25.01703643798828,15.629409790039062,242.3000030517578));
#171=VERTEX_POINT('',#170);
#172=CARTESIAN_POINT('',(25.01703643798828,0.370590478181839,242.3000030517578));
#173=VERTEX_POINT('',#172);
#174=CARTESIAN_POINT('',(25.066986083984375,0.2500000298023224,242.3000030517578));
#175=VERTEX_POINT('',#174);
#176=CARTESIAN_POINT('',(25.146446228027344,0.14644663035869598,242.3000030517578));
#177=VERTEX_POINT('',#176);
#178=CARTESIAN_POINT('',(26.853551864624023,0.14644663035869598,242.3000030517578));
#179=VERTEX_POINT('',#178);
#180=CARTESIAN_POINT('',(26.933012008666992,0.25,242.3000030517578));
#181=VERTEX_POINT('',#180);
#182=CARTESIAN_POINT('',(26.982961654663086,0.370590478181839,242.3000030517578));
#183=VERTEX_POINT('',#182);
#184=CARTESIAN_POINT('',(26.982961654663086,15.629409790039062,242.3000030517578));
#185=VERTEX_POINT('',#184);
#186=CARTESIAN_POINT('',(26.933012008666992,15.75,242.3000030517578));
#187=VERTEX_POINT('',#186);
#188=CARTESIAN_POINT('',(26.853551864624023,15.853553771972656,242.3000030517578));
#189=VERTEX_POINT('',#188);
#190=CARTESIAN_POINT('',(26.5,16,255.1999969482422));
#191=VERTEX_POINT('',#190);
#192=CARTESIAN_POINT('',(25.5,16,255.1999969482422));
#193=VERTEX_POINT('',#192);
#194=CARTESIAN_POINT('',(26.5,16,253.1999969482422));
#195=VERTEX_POINT('',#194);
#196=CARTESIAN_POINT('',(25.5,16,253.1999969482422));
#197=VERTEX_POINT('',#196);
#198=CARTESIAN_POINT('',(26.5,16,244.3000030517578));
#199=VERTEX_POINT('',#198);
#200=CARTESIAN_POINT('',(25.5,16,244.3000030517578));
#201=VERTEX_POINT('',#200);
#202=CARTESIAN_POINT('',(25.370590209960938,15.982963562011719,253.1999969482422));
#203=VERTEX_POINT('',#202);
#204=CARTESIAN_POINT('',(25.370590209960938,15.982963562011719,255.1999969482422));
#205=VERTEX_POINT('',#204);
#206=CARTESIAN_POINT('',(25.25,15.933012962341309,253.1999969482422));
#207=VERTEX_POINT('',#206);
#208=CARTESIAN_POINT('',(25.25,15.933012962341309,255.1999969482422));
#209=VERTEX_POINT('',#208);
#210=CARTESIAN_POINT('',(25.146446228027344,15.853553771972656,253.1999969482422));
#211=VERTEX_POINT('',#210);
#212=CARTESIAN_POINT('',(25.146446228027344,15.853553771972656,255.1999969482422));
#213=VERTEX_POINT('',#212);
#214=CARTESIAN_POINT('',(25.066986083984375,15.75,253.1999969482422));
#215=VERTEX_POINT('',#214);
#216=CARTESIAN_POINT('',(25.066986083984375,15.75,255.1999969482422));
#217=VERTEX_POINT('',#216);
#218=CARTESIAN_POINT('',(25.01703643798828,15.629409790039062,253.1999969482422));
#219=VERTEX_POINT('',#218);
#220=CARTESIAN_POINT('',(25.01703643798828,15.629409790039062,255.1999969482422));
#221=VERTEX_POINT('',#220);
#222=CARTESIAN_POINT('',(25,15.5,253.1999969482422));
#223=VERTEX_POINT('',#222);
#224=CARTESIAN_POINT('',(25,15.5,255.1999969482422));
#225=VERTEX_POINT('',#224);
#226=CARTESIAN_POINT('',(25.370590209960938,15.982963562011719,244.3000030517578));
#227=VERTEX_POINT('',#226);
#228=CARTESIAN_POINT('',(25.25,15.933012962341309,244.3000030517578));
#229=VERTEX_POINT('',#228);
#230=CARTESIAN_POINT('',(25.146446228027344,15.853553771972656,244.3000030517578));
#231=VERTEX_POINT('',#230);
#232=CARTESIAN_POINT('',(25.066986083984375,15.75,244.3000030517578));
#233=VERTEX_POINT('',#232);
#234=CARTESIAN_POINT('',(25.01703643798828,15.629409790039062,244.3000030517578));
#235=VERTEX_POINT('',#234);
#236=CARTESIAN_POINT('',(25,15.5,244.3000030517578));
#237=VERTEX_POINT('',#236);
#238=CARTESIAN_POINT('',(27,15.5,253.1999969482422));
#239=VERTEX_POINT('',#238);
#240=CARTESIAN_POINT('',(27,15.5,255.1999969482422));
#241=VERTEX_POINT('',#240);
#242=CARTESIAN_POINT('',(26.982961654663086,15.629409790039062,253.1999969482422));
#243=VERTEX_POINT('',#242);
#244=CARTESIAN_POINT('',(26.982961654663086,15.629409790039062,255.1999969482422));
#245=VERTEX_POINT('',#244);
#246=CARTESIAN_POINT('',(26.933012008666992,15.75,253.1999969482422));
#247=VERTEX_POINT('',#246);
#248=CARTESIAN_POINT('',(26.933012008666992,15.75,255.1999969482422));
#249=VERTEX_POINT('',#248);
#250=CARTESIAN_POINT('',(26.853551864624023,15.853553771972656,253.1999969482422));
#251=VERTEX_POINT('',#250);
#252=CARTESIAN_POINT('',(26.853551864624023,15.853553771972656,255.1999969482422));
#253=VERTEX_POINT('',#252);
#254=CARTESIAN_POINT('',(26.75,15.933012962341309,253.1999969482422));
#255=VERTEX_POINT('',#254);
#256=CARTESIAN_POINT('',(26.75,15.933012962341309,255.1999969482422));
#257=VERTEX_POINT('',#256);
#258=CARTESIAN_POINT('',(26.62940788269043,15.982963562011719,253.1999969482422));
#259=VERTEX_POINT('',#258);
#260=CARTESIAN_POINT('',(26.62940788269043,15.982963562011719,255.1999969482422));
#261=VERTEX_POINT('',#260);
#262=CARTESIAN_POINT('',(27,15.5,244.3000030517578));
#263=VERTEX_POINT('',#262);
#264=CARTESIAN_POINT('',(26.982961654663086,15.629409790039062,244.3000030517578));
#265=VERTEX_POINT('',#264);
#266=CARTESIAN_POINT('',(26.933012008666992,15.75,244.3000030517578));
#267=VERTEX_POINT('',#266);
#268=CARTESIAN_POINT('',(26.853551864624023,15.853553771972656,244.3000030517578));
#269=VERTEX_POINT('',#268);
#270=CARTESIAN_POINT('',(26.75,15.933012962341309,244.3000030517578));
#271=VERTEX_POINT('',#270);
#272=CARTESIAN_POINT('',(26.62940788269043,15.982963562011719,244.3000030517578));
#273=VERTEX_POINT('',#272);
#274=CARTESIAN_POINT('',(25,0.5,255.1999969482422));
#275=VERTEX_POINT('',#274);
#276=CARTESIAN_POINT('',(25,0.5,253.1999969482422));
#277=VERTEX_POINT('',#276);
#278=CARTESIAN_POINT('',(25,0.5,244.3000030517578));
#279=VERTEX_POINT('',#278);
#280=CARTESIAN_POINT('',(27,0.5,255.1999969482422));
#281=VERTEX_POINT('',#280);
#282=CARTESIAN_POINT('',(27,0.5,253.1999969482422));
#283=VERTEX_POINT('',#282);
#284=CARTESIAN_POINT('',(25.01703643798828,0.370590478181839,253.1999969482422));
#285=VERTEX_POINT('',#284);
#286=CARTESIAN_POINT('',(25.01703643798828,0.370590478181839,255.1999969482422));
#287=VERTEX_POINT('',#286);
#288=CARTESIAN_POINT('',(25.066986083984375,0.2500000298023224,253.1999969482422));
#289=VERTEX_POINT('',#288);
#290=CARTESIAN_POINT('',(25.066986083984375,0.2500000298023224,255.1999969482422));
#291=VERTEX_POINT('',#290);
#292=CARTESIAN_POINT('',(25.146446228027344,0.14644663035869598,253.1999969482422));
#293=VERTEX_POINT('',#292);
#294=CARTESIAN_POINT('',(25.146446228027344,0.14644663035869598,255.1999969482422));
#295=VERTEX_POINT('',#294);
#296=CARTESIAN_POINT('',(25.25,0.06698731333017349,253.1999969482422));
#297=VERTEX_POINT('',#296);
#298=CARTESIAN_POINT('',(25.25,0.06698731333017349,255.1999969482422));
#299=VERTEX_POINT('',#298);
#300=CARTESIAN_POINT('',(25.370590209960938,0.017037101089954376,253.1999969482422));
#301=VERTEX_POINT('',#300);
#302=CARTESIAN_POINT('',(25.370590209960938,0.017037101089954376,255.1999969482422));
#303=VERTEX_POINT('',#302);
#304=CARTESIAN_POINT('',(25.5,1.4901162970204496E-08,253.1999969482422));
#305=VERTEX_POINT('',#304);
#306=CARTESIAN_POINT('',(25.5,1.4901162970204496E-08,255.1999969482422));
#307=VERTEX_POINT('',#306);
#308=CARTESIAN_POINT('',(26.5,1.4901160305669237E-08,253.1999969482422));
#309=VERTEX_POINT('',#308);
#310=CARTESIAN_POINT('',(26.5,1.4901160305669237E-08,255.1999969482422));
#311=VERTEX_POINT('',#310);
#312=CARTESIAN_POINT('',(26.62940788269043,0.017037101089954376,253.1999969482422));
#313=VERTEX_POINT('',#312);
#314=CARTESIAN_POINT('',(26.62940788269043,0.017037101089954376,255.1999969482422));
#315=VERTEX_POINT('',#314);
#316=CARTESIAN_POINT('',(26.75,0.06698731333017349,253.1999969482422));
#317=VERTEX_POINT('',#316);
#318=CARTESIAN_POINT('',(26.75,0.06698731333017349,255.1999969482422));
#319=VERTEX_POINT('',#318);
#320=CARTESIAN_POINT('',(26.853551864624023,0.14644663035869598,253.1999969482422));
#321=VERTEX_POINT('',#320);
#322=CARTESIAN_POINT('',(26.853551864624023,0.14644663035869598,255.1999969482422));
#323=VERTEX_POINT('',#322);
#324=CARTESIAN_POINT('',(26.933012008666992,0.25,253.1999969482422));
#325=VERTEX_POINT('',#324);
#326=CARTESIAN_POINT('',(26.933012008666992,0.25,255.1999969482422));
#327=VERTEX_POINT('',#326);
#328=CARTESIAN_POINT('',(26.982961654663086,0.370590478181839,253.1999969482422));
#329=VERTEX_POINT('',#328);
#330=CARTESIAN_POINT('',(26.982961654663086,0.370590478181839,255.1999969482422));
#331=VERTEX_POINT('',#330);
#332=CARTESIAN_POINT('',(27,0.5,244.3000030517578));
#333=VERTEX_POINT('',#332);
#334=CARTESIAN_POINT('',(25.01703643798828,0.370590478181839,244.3000030517578));
#335=VERTEX_POINT('',#334);
#336=CARTESIAN_POINT('',(25.066986083984375,0.2500000298023224,244.3000030517578));
#337=VERTEX_POINT('',#336);
#338=CARTESIAN_POINT('',(25.146446228027344,0.14644663035869598,244.3000030517578));
#339=VERTEX_POINT('',#338);
#340=CARTESIAN_POINT('',(25.25,0.06698731333017349,244.3000030517578));
#341=VERTEX_POINT('',#340);
#342=CARTESIAN_POINT('',(25.370590209960938,0.017037101089954376,244.3000030517578));
#343=VERTEX_POINT('',#342);
#344=CARTESIAN_POINT('',(25.5,1.4901162970204496E-08,244.3000030517578));
#345=VERTEX_POINT('',#344);
#346=CARTESIAN_POINT('',(26.5,1.4901160305669237E-08,244.3000030517578));
#347=VERTEX_POINT('',#346);
#348=CARTESIAN_POINT('',(26.62940788269043,0.017037101089954376,244.3000030517578));
#349=VERTEX_POINT('',#348);
#350=CARTESIAN_POINT('',(26.75,0.06698731333017349,244.3000030517578));
#351=VERTEX_POINT('',#350);
#352=CARTESIAN_POINT('',(26.853551864624023,0.14644663035869598,244.3000030517578));
#353=VERTEX_POINT('',#352);
#354=CARTESIAN_POINT('',(26.933012008666992,0.25,244.3000030517578));
#355=VERTEX_POINT('',#354);
#356=CARTESIAN_POINT('',(26.982961654663086,0.370590478181839,244.3000030517578));
#357=VERTEX_POINT('',#356);
#358=CARTESIAN_POINT('',(21,18.200000762939453,244.29998779296875));
#359=VERTEX_POINT('',#358);
#360=CARTESIAN_POINT('',(21,-2.1999990940093994,244.29998779296875));
#361=VERTEX_POINT('',#360);
#362=CARTESIAN_POINT('',(26.982961654663086,0.370590478181839,247.6999969482422));
#363=VERTEX_POINT('',#362);
#364=CARTESIAN_POINT('',(27,0.5,247.6999969482422));
#365=VERTEX_POINT('',#364);
#366=CARTESIAN_POINT('',(27,15.5,247.6999969482422));
#367=VERTEX_POINT('',#366);
#368=CARTESIAN_POINT('',(26.982961654663086,15.629409790039062,247.6999969482422));
#369=VERTEX_POINT('',#368);
#370=CARTESIAN_POINT('',(26.933012008666992,15.75,247.6999969482422));
#371=VERTEX_POINT('',#370);
#372=CARTESIAN_POINT('',(26.853551864624023,15.853553771972656,247.6999969482422));
#373=VERTEX_POINT('',#372);
#374=CARTESIAN_POINT('',(26.75,15.933012962341309,247.6999969482422));
#375=VERTEX_POINT('',#374);
#376=CARTESIAN_POINT('',(26.62940788269043,15.982963562011719,247.6999969482422));
#377=VERTEX_POINT('',#376);
#378=CARTESIAN_POINT('',(26.5,16,247.6999969482422));
#379=VERTEX_POINT('',#378);
#380=CARTESIAN_POINT('',(25.5,16,247.6999969482422));
#381=VERTEX_POINT('',#380);
#382=CARTESIAN_POINT('',(25.370590209960938,15.982963562011719,247.6999969482422));
#383=VERTEX_POINT('',#382);
#384=CARTESIAN_POINT('',(25.25,15.933012962341309,247.6999969482422));
#385=VERTEX_POINT('',#384);
#386=CARTESIAN_POINT('',(25.146446228027344,15.853553771972656,247.6999969482422));
#387=VERTEX_POINT('',#386);
#388=CARTESIAN_POINT('',(25.066986083984375,15.75,247.6999969482422));
#389=VERTEX_POINT('',#388);
#390=CARTESIAN_POINT('',(25.01703643798828,15.629409790039062,247.6999969482422));
#391=VERTEX_POINT('',#390);
#392=CARTESIAN_POINT('',(25,15.5,247.6999969482422));
#393=VERTEX_POINT('',#392);
#394=CARTESIAN_POINT('',(25,0.5,247.6999969482422));
#395=VERTEX_POINT('',#394);
#396=CARTESIAN_POINT('',(25.01703643798828,0.370590478181839,247.6999969482422));
#397=VERTEX_POINT('',#396);
#398=CARTESIAN_POINT('',(25.066986083984375,0.2500000298023224,247.6999969482422));
#399=VERTEX_POINT('',#398);
#400=CARTESIAN_POINT('',(25.146446228027344,0.14644663035869598,247.6999969482422));
#401=VERTEX_POINT('',#400);
#402=CARTESIAN_POINT('',(25.25,0.06698731333017349,247.6999969482422));
#403=VERTEX_POINT('',#402);
#404=CARTESIAN_POINT('',(25.370590209960938,0.017037101089954376,247.6999969482422));
#405=VERTEX_POINT('',#404);
#406=CARTESIAN_POINT('',(25.5,1.4901162970204496E-08,247.6999969482422));
#407=VERTEX_POINT('',#406);
#408=CARTESIAN_POINT('',(26.5,1.4901160305669237E-08,247.6999969482422));
#409=VERTEX_POINT('',#408);
#410=CARTESIAN_POINT('',(26.62940788269043,0.017037101089954376,247.6999969482422));
#411=VERTEX_POINT('',#410);
#412=CARTESIAN_POINT('',(26.75,0.06698731333017349,247.6999969482422));
#413=VERTEX_POINT('',#412);
#414=CARTESIAN_POINT('',(26.853551864624023,0.14644663035869598,247.6999969482422));
#415=VERTEX_POINT('',#414);
#416=CARTESIAN_POINT('',(26.933012008666992,0.25,247.6999969482422));
#417=VERTEX_POINT('',#416);
#418=CARTESIAN_POINT('',(22.928361892700195,-2.200000047683716,281.5934143066406));
#419=VERTEX_POINT('',#418);
#420=CARTESIAN_POINT('',(22.928361892700195,-2.200000047683716,255.1999969482422));
#421=VERTEX_POINT('',#420);
#422=CARTESIAN_POINT('',(22.928361892700195,18.200000762939453,281.5934143066406));
#423=VERTEX_POINT('',#422);
#424=CARTESIAN_POINT('',(22.928361892700195,18.200000762939453,255.1999969482422));
#425=VERTEX_POINT('',#424);
#426=CARTESIAN_POINT('',(21,20.200000762939453,286.8000183105469));
#427=VERTEX_POINT('',#426);
#428=CARTESIAN_POINT('',(21,-4.199999809265137,286.8000183105469));
#429=VERTEX_POINT('',#428);
#430=CARTESIAN_POINT('',(26.982961654663086,15.629409790039062,249.8000030517578));
#431=VERTEX_POINT('',#430);
#432=CARTESIAN_POINT('',(27,15.5,249.8000030517578));
#433=VERTEX_POINT('',#432);
#434=CARTESIAN_POINT('',(27,0.5,249.8000030517578));
#435=VERTEX_POINT('',#434);
#436=CARTESIAN_POINT('',(26.982961654663086,0.370590478181839,249.8000030517578));
#437=VERTEX_POINT('',#436);
#438=CARTESIAN_POINT('',(26.933012008666992,0.25,249.8000030517578));
#439=VERTEX_POINT('',#438);
#440=CARTESIAN_POINT('',(26.853551864624023,0.14644663035869598,249.8000030517578));
#441=VERTEX_POINT('',#440);
#442=CARTESIAN_POINT('',(26.75,0.06698731333017349,249.8000030517578));
#443=VERTEX_POINT('',#442);
#444=CARTESIAN_POINT('',(26.62940788269043,0.017037101089954376,249.8000030517578));
#445=VERTEX_POINT('',#444);
#446=CARTESIAN_POINT('',(26.5,1.4901160305669237E-08,249.8000030517578));
#447=VERTEX_POINT('',#446);
#448=CARTESIAN_POINT('',(25.5,1.4901160305669237E-08,249.8000030517578));
#449=VERTEX_POINT('',#448);
#450=CARTESIAN_POINT('',(25.370590209960938,0.017037101089954376,249.8000030517578));
#451=VERTEX_POINT('',#450);
#452=CARTESIAN_POINT('',(25.25,0.06698731333017349,249.8000030517578));
#453=VERTEX_POINT('',#452);
#454=CARTESIAN_POINT('',(25.146446228027344,0.14644663035869598,249.8000030517578));
#455=VERTEX_POINT('',#454);
#456=CARTESIAN_POINT('',(25.066986083984375,0.2500000298023224,249.8000030517578));
#457=VERTEX_POINT('',#456);
#458=CARTESIAN_POINT('',(25.01703643798828,0.370590478181839,249.8000030517578));
#459=VERTEX_POINT('',#458);
#460=CARTESIAN_POINT('',(25,0.5,249.8000030517578));
#461=VERTEX_POINT('',#460);
#462=CARTESIAN_POINT('',(25,15.5,249.8000030517578));
#463=VERTEX_POINT('',#462);
#464=CARTESIAN_POINT('',(25.01703643798828,15.629409790039062,249.8000030517578));
#465=VERTEX_POINT('',#464);
#466=CARTESIAN_POINT('',(25.066986083984375,15.75,249.8000030517578));
#467=VERTEX_POINT('',#466);
#468=CARTESIAN_POINT('',(25.146446228027344,15.853553771972656,249.8000030517578));
#469=VERTEX_POINT('',#468);
#470=CARTESIAN_POINT('',(25.25,15.933012962341309,249.8000030517578));
#471=VERTEX_POINT('',#470);
#472=CARTESIAN_POINT('',(25.370590209960938,15.982963562011719,249.8000030517578));
#473=VERTEX_POINT('',#472);
#474=CARTESIAN_POINT('',(25.5,16,249.8000030517578));
#475=VERTEX_POINT('',#474);
#476=CARTESIAN_POINT('',(26.5,16,249.8000030517578));
#477=VERTEX_POINT('',#476);
#478=CARTESIAN_POINT('',(26.62940788269043,15.982963562011719,249.8000030517578));
#479=VERTEX_POINT('',#478);
#480=CARTESIAN_POINT('',(26.75,15.933012962341309,249.8000030517578));
#481=VERTEX_POINT('',#480);
#482=CARTESIAN_POINT('',(26.853551864624023,15.853553771972656,249.8000030517578));
#483=VERTEX_POINT('',#482);
#484=CARTESIAN_POINT('',(26.933012008666992,15.75,249.8000030517578));
#485=VERTEX_POINT('',#484);
#486=CARTESIAN_POINT('',(10.999999046325684,19.686168670654297,253.1999969482422));
#487=VERTEX_POINT('',#486);
#488=CARTESIAN_POINT('',(10.999999046325684,18.246570587158203,253.1999969482422));
#489=VERTEX_POINT('',#488);
#490=CARTESIAN_POINT('',(10.999999046325684,-4.199999809265137,277.086181640625));
#491=VERTEX_POINT('',#490);
#492=CARTESIAN_POINT('',(10.999999046325684,-4.199999809265137,275.6465759277344));
#493=VERTEX_POINT('',#492);
#494=CARTESIAN_POINT('',(10.999999046325684,20.200000762939453,256.57525634765625));
#495=VERTEX_POINT('',#494);
#496=CARTESIAN_POINT('',(10.999999046325684,-4.199999809265137,280.9752502441406));
#497=VERTEX_POINT('',#496);
#498=CARTESIAN_POINT('',(12.499999046325684,20.200000762939453,257.8000183105469));
#499=VERTEX_POINT('',#498);
#500=CARTESIAN_POINT('',(12.499999046325684,-4.199999809265137,282.20001220703125));
#501=VERTEX_POINT('',#500);
#502=CARTESIAN_POINT('',(10.999999046325684,20.200000762939453,259.0247497558594));
#503=VERTEX_POINT('',#502);
#504=CARTESIAN_POINT('',(10.999999046325684,-4.199999809265137,283.42474365234375));
#505=VERTEX_POINT('',#504);
#506=CARTESIAN_POINT('',(10.999999046325684,15.797080993652344,253.1999969482422));
#507=VERTEX_POINT('',#506);
#508=CARTESIAN_POINT('',(10.999999046325684,14.35748291015625,253.1999969482422));
#509=VERTEX_POINT('',#508);
#510=CARTESIAN_POINT('',(10.999999046325684,-4.199999809265137,273.19708251953125));
#511=VERTEX_POINT('',#510);
#512=CARTESIAN_POINT('',(10.999999046325684,-4.199999809265137,271.7574768066406));
#513=VERTEX_POINT('',#512);
#514=CARTESIAN_POINT('',(10.999999046325684,11.90799331665039,253.1999969482422));
#515=VERTEX_POINT('',#514);
#516=CARTESIAN_POINT('',(10.999999046325684,10.468396186828613,253.1999969482422));
#517=VERTEX_POINT('',#516);
#518=CARTESIAN_POINT('',(10.999999046325684,-4.199999809265137,269.3079833984375));
#519=VERTEX_POINT('',#518);
#520=CARTESIAN_POINT('',(10.999999046325684,-4.199999809265137,267.868408203125));
#521=VERTEX_POINT('',#520);
#522=CARTESIAN_POINT('',(10.999999046325684,8.018905639648438,253.1999969482422));
#523=VERTEX_POINT('',#522);
#524=CARTESIAN_POINT('',(10.999999046325684,6.57930850982666,253.1999969482422));
#525=VERTEX_POINT('',#524);
#526=CARTESIAN_POINT('',(10.999999046325684,-4.199999809265137,265.4189147949219));
#527=VERTEX_POINT('',#526);
#528=CARTESIAN_POINT('',(10.999999046325684,-4.199999809265137,263.97930908203125));
#529=VERTEX_POINT('',#528);
#530=CARTESIAN_POINT('',(10.999999046325684,4.129818916320801,253.1999969482422));
#531=VERTEX_POINT('',#530);
#532=CARTESIAN_POINT('',(10.999999046325684,2.6902213096618652,253.1999969482422));
#533=VERTEX_POINT('',#532);
#534=CARTESIAN_POINT('',(10.999999046325684,-4.199999809265137,261.5298156738281));
#535=VERTEX_POINT('',#534);
#536=CARTESIAN_POINT('',(10.999999046325684,-4.199999809265137,260.0902099609375));
#537=VERTEX_POINT('',#536);
#538=CARTESIAN_POINT('',(10.999999046325684,0.24073150753974915,253.1999969482422));
#539=VERTEX_POINT('',#538);
#540=CARTESIAN_POINT('',(10.999999046325684,-1.1988660097122192,253.1999969482422));
#541=VERTEX_POINT('',#540);
#542=CARTESIAN_POINT('',(10.999999046325684,-4.199999809265137,257.6407470703125));
#543=VERTEX_POINT('',#542);
#544=CARTESIAN_POINT('',(10.999999046325684,-4.199999809265137,256.2011413574219));
#545=VERTEX_POINT('',#544);
#546=CARTESIAN_POINT('',(10.999999046325684,-4.199999809265137,253.75164794921875));
#547=VERTEX_POINT('',#546);
#548=CARTESIAN_POINT('',(10.999999046325684,-3.648355722427368,253.1999969482422));
#549=VERTEX_POINT('',#548);
#550=CARTESIAN_POINT('',(10.999999046325684,-4.199999809265137,253.1999969482422));
#551=VERTEX_POINT('',#550);
#552=CARTESIAN_POINT('',(10.999999046325684,20.200000762939453,255.1356658935547));
#553=VERTEX_POINT('',#552);
#554=CARTESIAN_POINT('',(10.999999046325684,-4.199999809265137,279.5356750488281));
#555=VERTEX_POINT('',#554);
#556=CARTESIAN_POINT('',(10.999999046325684,20.200000762939453,283.7988586425781));
#557=VERTEX_POINT('',#556);
#558=CARTESIAN_POINT('',(10.999999046325684,20.200000762939453,282.3592834472656));
#559=VERTEX_POINT('',#558);
#560=CARTESIAN_POINT('',(10.999999046325684,17.19886589050293,286.8000183105469));
#561=VERTEX_POINT('',#560);
#562=CARTESIAN_POINT('',(10.999999046325684,15.759268760681152,286.8000183105469));
#563=VERTEX_POINT('',#562);
#564=CARTESIAN_POINT('',(10.999999046325684,20.200000762939453,279.9097900390625));
#565=VERTEX_POINT('',#564);
#566=CARTESIAN_POINT('',(10.999999046325684,20.200000762939453,278.4701843261719));
#567=VERTEX_POINT('',#566);
#568=CARTESIAN_POINT('',(10.999999046325684,13.309779167175293,286.8000183105469));
#569=VERTEX_POINT('',#568);
#570=CARTESIAN_POINT('',(10.999999046325684,11.8701810836792,286.8000183105469));
#571=VERTEX_POINT('',#570);
#572=CARTESIAN_POINT('',(10.999999046325684,20.200000762939453,276.02069091796875));
#573=VERTEX_POINT('',#572);
#574=CARTESIAN_POINT('',(10.999999046325684,20.200000762939453,274.5810852050781));
#575=VERTEX_POINT('',#574);
#576=CARTESIAN_POINT('',(10.999999046325684,9.42069149017334,286.8000183105469));
#577=VERTEX_POINT('',#576);
#578=CARTESIAN_POINT('',(10.999999046325684,7.9810943603515625,286.8000183105469));
#579=VERTEX_POINT('',#578);
#580=CARTESIAN_POINT('',(10.999999046325684,20.200000762939453,272.1316223144531));
#581=VERTEX_POINT('',#580);
#582=CARTESIAN_POINT('',(10.999999046325684,20.200000762939453,270.6920166015625));
#583=VERTEX_POINT('',#582);
#584=CARTESIAN_POINT('',(10.999999046325684,5.531604290008545,286.8000183105469));
#585=VERTEX_POINT('',#584);
#586=CARTESIAN_POINT('',(10.999999046325684,4.092007160186768,286.8000183105469));
#587=VERTEX_POINT('',#586);
#588=CARTESIAN_POINT('',(10.999999046325684,20.200000762939453,268.2425231933594));
#589=VERTEX_POINT('',#588);
#590=CARTESIAN_POINT('',(10.999999046325684,20.200000762939453,266.80291748046875));
#591=VERTEX_POINT('',#590);
#592=CARTESIAN_POINT('',(10.999999046325684,1.6425172090530396,286.8000183105469));
#593=VERTEX_POINT('',#592);
#594=CARTESIAN_POINT('',(10.999999046325684,0.2029196321964264,286.8000183105469));
#595=VERTEX_POINT('',#594);
#596=CARTESIAN_POINT('',(10.999999046325684,20.200000762939453,264.3534240722656));
#597=VERTEX_POINT('',#596);
#598=CARTESIAN_POINT('',(10.999999046325684,20.200000762939453,262.9138488769531));
#599=VERTEX_POINT('',#598);
#600=CARTESIAN_POINT('',(10.999999046325684,-2.246570110321045,286.8000183105469));
#601=VERTEX_POINT('',#600);
#602=CARTESIAN_POINT('',(10.999999046325684,-3.6861677169799805,286.8000183105469));
#603=VERTEX_POINT('',#602);
#604=CARTESIAN_POINT('',(10.999999046325684,20.200000762939453,286.24835205078125));
#605=VERTEX_POINT('',#604);
#606=CARTESIAN_POINT('',(10.999999046325684,19.64835548400879,286.8000183105469));
#607=VERTEX_POINT('',#606);
#608=CARTESIAN_POINT('',(10.999999046325684,20.200000762939453,286.8000183105469));
#609=VERTEX_POINT('',#608);
#610=CARTESIAN_POINT('',(10.999999046325684,-4.199999809265137,284.8643493652344));
#611=VERTEX_POINT('',#610);
#612=CARTESIAN_POINT('',(10.999999046325684,20.200000762939453,260.46435546875));
#613=VERTEX_POINT('',#612);
#614=CARTESIAN_POINT('',(12.499999046325684,18.42361068725586,286.8000183105469));
#615=VERTEX_POINT('',#614);
#616=CARTESIAN_POINT('',(12.499999046325684,14.534523963928223,286.8000183105469));
#617=VERTEX_POINT('',#616);
#618=CARTESIAN_POINT('',(12.499999046325684,10.64543628692627,286.8000183105469));
#619=VERTEX_POINT('',#618);
#620=CARTESIAN_POINT('',(12.499999046325684,6.756349563598633,286.8000183105469));
#621=VERTEX_POINT('',#620);
#622=CARTESIAN_POINT('',(12.499999046325684,2.867262125015259,286.8000183105469));
#623=VERTEX_POINT('',#622);
#624=CARTESIAN_POINT('',(12.499999046325684,-1.0218251943588257,286.8000183105469));
#625=VERTEX_POINT('',#624);
#626=CARTESIAN_POINT('',(11.629312515258789,-4.199999809265137,286.8000183105469));
#627=VERTEX_POINT('',#626);
#628=CARTESIAN_POINT('',(12.499999046325684,-2.4236109256744385,253.1999969482422));
#629=VERTEX_POINT('',#628);
#630=CARTESIAN_POINT('',(12.499999046325684,-4.199999809265137,254.9763946533203));
#631=VERTEX_POINT('',#630);
#632=CARTESIAN_POINT('',(12.499999046325684,1.465476393699646,253.1999969482422));
#633=VERTEX_POINT('',#632);
#634=CARTESIAN_POINT('',(12.499999046325684,-4.199999809265137,258.865478515625));
#635=VERTEX_POINT('',#634);
#636=CARTESIAN_POINT('',(12.499999046325684,5.3545637130737305,253.1999969482422));
#637=VERTEX_POINT('',#636);
#638=CARTESIAN_POINT('',(12.499999046325684,-4.199999809265137,262.75457763671875));
#639=VERTEX_POINT('',#638);
#640=CARTESIAN_POINT('',(12.499999046325684,9.243651390075684,253.1999969482422));
#641=VERTEX_POINT('',#640);
#642=CARTESIAN_POINT('',(12.499999046325684,-4.199999809265137,266.6436462402344));
#643=VERTEX_POINT('',#642);
#644=CARTESIAN_POINT('',(12.499999046325684,13.13273811340332,253.1999969482422));
#645=VERTEX_POINT('',#644);
#646=CARTESIAN_POINT('',(12.499999046325684,-4.199999809265137,270.5327453613281));
#647=VERTEX_POINT('',#646);
#648=CARTESIAN_POINT('',(12.499999046325684,17.021825790405273,253.1999969482422));
#649=VERTEX_POINT('',#648);
#650=CARTESIAN_POINT('',(12.499999046325684,-4.199999809265137,274.4218444824219));
#651=VERTEX_POINT('',#650);
#652=CARTESIAN_POINT('',(12.499999046325684,20.200000762939453,253.91091918945312));
#653=VERTEX_POINT('',#652);
#654=CARTESIAN_POINT('',(11.629312515258789,20.200000762939453,253.1999969482422));
#655=VERTEX_POINT('',#654);
#656=CARTESIAN_POINT('',(12.499999046325684,-4.199999809265137,278.3109130859375));
#657=VERTEX_POINT('',#656);
#658=CARTESIAN_POINT('',(12.499999046325684,-4.199999809265137,286.0890808105469));
#659=VERTEX_POINT('',#658);
#660=CARTESIAN_POINT('',(12.499999046325684,20.200000762939453,261.6890869140625));
#661=VERTEX_POINT('',#660);
#662=CARTESIAN_POINT('',(12.499999046325684,20.200000762939453,265.57818603515625));
#663=VERTEX_POINT('',#662);
#664=CARTESIAN_POINT('',(12.499999046325684,20.200000762939453,269.4672546386719));
#665=VERTEX_POINT('',#664);
#666=CARTESIAN_POINT('',(12.499999046325684,20.200000762939453,273.3563537597656));
#667=VERTEX_POINT('',#666);
#668=CARTESIAN_POINT('',(12.499999046325684,20.200000762939453,277.2454528808594));
#669=VERTEX_POINT('',#668);
#670=CARTESIAN_POINT('',(12.499999046325684,20.200000762939453,281.134521484375));
#671=VERTEX_POINT('',#670);
#672=CARTESIAN_POINT('',(12.499999046325684,20.200000762939453,285.02362060546875));
#673=VERTEX_POINT('',#672);
#674=STYLED_ITEM('',(#25),#675);
#675=FACE_SURFACE('',(#680),#676,.T.);
#676=PLANE('',#677);
#677=AXIS2_PLACEMENT_3D('',#40,#678,#679);
#678=DIRECTION('',(-1,-0,-0));
#679=DIRECTION('',(0,0,-1));
#680=FACE_BOUND('',#681,.T.);
#681=EDGE_LOOP('',(#682,#683,#684));
#682=ORIENTED_EDGE('',*,*,#685,.T.);
#683=ORIENTED_EDGE('',*,*,#686,.T.);
#684=ORIENTED_EDGE('',*,*,#687,.T.);
#685=EDGE_CURVE('',#41,#43,#688,.F.);
#686=EDGE_CURVE('',#43,#45,#689,.T.);
#687=EDGE_CURVE('',#45,#41,#690,.T.);
#688=LINE('',#40,#691);
#689=LINE('',#42,#692);
#690=LINE('',#44,#693);
#691=VECTOR('',#694,1.0);
#692=VECTOR('',#695,1.0);
#693=VECTOR('',#696,1.0);
#694=DIRECTION('',(0,0,-1));
#695=DIRECTION('',(0,-0.5070207578593668,0.861933843806886));
#696=DIRECTION('',(0,1,0));
#697=FACE_SURFACE('',(#702),#698,.T.);
#698=PLANE('',#699);
#699=AXIS2_PLACEMENT_3D('',#44,#700,#701);
#700=DIRECTION('',(-1,0,0));
#701=DIRECTION('',(0,0.5070207578593668,-0.861933843806886));
#702=FACE_BOUND('',#703,.T.);
#703=EDGE_LOOP('',(#704,#705,#706));
#704=ORIENTED_EDGE('',*,*,#707,.T.);
#705=ORIENTED_EDGE('',*,*,#708,.T.);
#706=ORIENTED_EDGE('',*,*,#709,.T.);
#707=EDGE_CURVE('',#45,#43,#710,.F.);
#708=EDGE_CURVE('',#43,#47,#711,.T.);
#709=EDGE_CURVE('',#47,#45,#712,.T.);
#710=LINE('',#44,#713);
#711=LINE('',#42,#714);
#712=LINE('',#46,#715);
#713=VECTOR('',#716,1.0);
#714=VECTOR('',#717,1.0);
#715=VECTOR('',#718,1.0);
#716=DIRECTION('',(0,0.5070207578593668,-0.861933843806886));
#717=DIRECTION('',(0,4.5412930696230034E-07,-0.9999999999998967));
#718=DIRECTION('',(0,-0.341743171030041,0.9397933842363076));
#719=FACE_SURFACE('',(#724),#720,.T.);
#720=PLANE('',#721);
#721=AXIS2_PLACEMENT_3D('',#44,#722,#723);
#722=DIRECTION('',(-1,0,0));
#723=DIRECTION('',(0,0.341743171030041,-0.9397933842363076));
#724=FACE_BOUND('',#725,.T.);
#725=EDGE_LOOP('',(#726,#727,#728));
#726=ORIENTED_EDGE('',*,*,#729,.T.);
#727=ORIENTED_EDGE('',*,*,#730,.T.);
#728=ORIENTED_EDGE('',*,*,#731,.T.);
#729=EDGE_CURVE('',#45,#47,#732,.F.);
#730=EDGE_CURVE('',#47,#49,#733,.T.);
#731=EDGE_CURVE('',#49,#45,#734,.T.);
#732=LINE('',#44,#735);
#733=LINE('',#46,#736);
#734=LINE('',#48,#737);
#735=VECTOR('',#738,1.0);
#736=VECTOR('',#739,1.0);
#737=VECTOR('',#740,1.0);
#738=DIRECTION('',(0,0.341743171030041,-0.9397933842363076));
#739=DIRECTION('',(0,0,-1));
#740=DIRECTION('',(0,-0.2192511890042755,0.9756684457950926));
#741=FACE_SURFACE('',(#746),#742,.T.);
#742=PLANE('',#743);
#743=AXIS2_PLACEMENT_3D('',#42,#744,#745);
#744=DIRECTION('',(-1,0,0));
#745=DIRECTION('',(0,1,0));
#746=FACE_BOUND('',#747,.T.);
#747=EDGE_LOOP('',(#748,#749,#750));
#748=ORIENTED_EDGE('',*,*,#751,.T.);
#749=ORIENTED_EDGE('',*,*,#752,.T.);
#750=ORIENTED_EDGE('',*,*,#753,.T.);
#751=EDGE_CURVE('',#43,#51,#754,.F.);
#752=EDGE_CURVE('',#51,#47,#755,.T.);
#753=EDGE_CURVE('',#47,#43,#756,.T.);
#754=LINE('',#42,#757);
#755=LINE('',#50,#758);
#756=LINE('',#46,#759);
#757=VECTOR('',#760,1.0);
#758=VECTOR('',#761,1.0);
#759=VECTOR('',#762,1.0);
#760=DIRECTION('',(0,1,0));
#761=DIRECTION('',(0,-0.9947432685009843,-0.10240034068292331));
#762=DIRECTION('',(0,-4.5412930696230034E-07,0.9999999999998967));
#763=FACE_SURFACE('',(#768),#764,.T.);
#764=PLANE('',#765);
#765=AXIS2_PLACEMENT_3D('',#46,#766,#767);
#766=DIRECTION('',(-1,0,0));
#767=DIRECTION('',(0,0.9947432685009843,0.10240034068292331));
#768=FACE_BOUND('',#769,.T.);
#769=EDGE_LOOP('',(#770,#771,#772));
#770=ORIENTED_EDGE('',*,*,#773,.T.);
#771=ORIENTED_EDGE('',*,*,#774,.T.);
#772=ORIENTED_EDGE('',*,*,#775,.T.);
#773=EDGE_CURVE('',#47,#51,#776,.F.);
#774=EDGE_CURVE('',#51,#53,#777,.T.);
#775=EDGE_CURVE('',#53,#47,#778,.T.);
#776=LINE('',#46,#779);
#777=LINE('',#50,#780);
#778=LINE('',#52,#781);
#779=VECTOR('',#782,1.0);
#780=VECTOR('',#783,1.0);
#781=VECTOR('',#784,1.0);
#782=DIRECTION('',(0,0.9947432685009843,0.10240034068292331));
#783=DIRECTION('',(0,0,-1));
#784=DIRECTION('',(0,-1,0));
#785=FACE_SURFACE('',(#790),#786,.T.);
#786=PLANE('',#787);
#787=AXIS2_PLACEMENT_3D('',#52,#788,#789);
#788=DIRECTION('',(-1,0,0));
#789=DIRECTION('',(0,0,1));
#790=FACE_BOUND('',#791,.T.);
#791=EDGE_LOOP('',(#792,#793,#794));
#792=ORIENTED_EDGE('',*,*,#795,.T.);
#793=ORIENTED_EDGE('',*,*,#796,.T.);
#794=ORIENTED_EDGE('',*,*,#797,.T.);
#795=EDGE_CURVE('',#53,#51,#798,.F.);
#796=EDGE_CURVE('',#51,#55,#799,.T.);
#797=EDGE_CURVE('',#55,#53,#800,.T.);
#798=LINE('',#52,#801);
#799=LINE('',#50,#802);
#800=LINE('',#54,#803);
#801=VECTOR('',#804,1.0);
#802=VECTOR('',#805,1.0);
#803=VECTOR('',#806,1.0);
#804=DIRECTION('',(0,0,1));
#805=DIRECTION('',(0,0.5070208027632335,0.861933817392801));
#806=DIRECTION('',(0,-0.3417430630867044,-0.939793423488437));
#807=FACE_SURFACE('',(#812),#808,.T.);
#808=PLANE('',#809);
#809=AXIS2_PLACEMENT_3D('',#52,#810,#811);
#810=DIRECTION('',(-1,0,0));
#811=DIRECTION('',(0,0.3417430630867044,0.939793423488437));
#812=FACE_BOUND('',#813,.T.);
#813=EDGE_LOOP('',(#814,#815,#816));
#814=ORIENTED_EDGE('',*,*,#817,.T.);
#815=ORIENTED_EDGE('',*,*,#818,.T.);
#816=ORIENTED_EDGE('',*,*,#819,.T.);
#817=EDGE_CURVE('',#53,#55,#820,.F.);
#818=EDGE_CURVE('',#55,#57,#821,.T.);
#819=EDGE_CURVE('',#57,#53,#822,.T.);
#820=LINE('',#52,#823);
#821=LINE('',#54,#824);
#822=LINE('',#56,#825);
#823=VECTOR('',#826,1.0);
#824=VECTOR('',#827,1.0);
#825=VECTOR('',#828,1.0);
#826=DIRECTION('',(0,0.3417430630867044,0.939793423488437));
#827=DIRECTION('',(0,-0.21925111436323463,-0.9756684625683459));
#828=DIRECTION('',(0,0,1));
#829=FACE_SURFACE('',(#834),#830,.T.);
#830=PLANE('',#831);
#831=AXIS2_PLACEMENT_3D('',#56,#832,#833);
#832=DIRECTION('',(-1,0,0));
#833=DIRECTION('',(0,0.21925111436323463,0.9756684625683459));
#834=FACE_BOUND('',#835,.T.);
#835=EDGE_LOOP('',(#836,#837,#838));
#836=ORIENTED_EDGE('',*,*,#839,.T.);
#837=ORIENTED_EDGE('',*,*,#840,.T.);
#838=ORIENTED_EDGE('',*,*,#841,.T.);
#839=EDGE_CURVE('',#57,#55,#842,.F.);
#840=EDGE_CURVE('',#55,#59,#843,.T.);
#841=EDGE_CURVE('',#59,#57,#844,.T.);
#842=LINE('',#56,#845);
#843=LINE('',#54,#846);
#844=LINE('',#58,#847);
#845=VECTOR('',#848,1.0);
#846=VECTOR('',#849,1.0);
#847=VECTOR('',#850,1.0);
#848=DIRECTION('',(0,0.21925111436323463,0.9756684625683459));
#849=DIRECTION('',(0,0,-1));
#850=DIRECTION('',(0,-0.039968050526668145,0.9992009582346776));
#851=FACE_SURFACE('',(#856),#852,.T.);
#852=PLANE('',#853);
#853=AXIS2_PLACEMENT_3D('',#56,#854,#855);
#854=DIRECTION('',(-1,0,0));
#855=DIRECTION('',(0,0.039968050526668145,-0.9992009582346776));
#856=FACE_BOUND('',#857,.T.);
#857=EDGE_LOOP('',(#858,#859,#860));
#858=ORIENTED_EDGE('',*,*,#861,.T.);
#859=ORIENTED_EDGE('',*,*,#862,.T.);
#860=ORIENTED_EDGE('',*,*,#863,.T.);
#861=EDGE_CURVE('',#57,#59,#864,.F.);
#862=EDGE_CURVE('',#59,#61,#865,.T.);
#863=EDGE_CURVE('',#61,#57,#866,.T.);
#864=LINE('',#56,#867);
#865=LINE('',#58,#868);
#866=LINE('',#60,#869);
#867=VECTOR('',#870,1.0);
#868=VECTOR('',#871,1.0);
#869=VECTOR('',#872,1.0);
#870=DIRECTION('',(0,0.039968050526668145,-0.9992009582346776));
#871=DIRECTION('',(0,-0.2513984577350998,0.9678836786765305));
#872=DIRECTION('',(0,0,1));
#873=FACE_SURFACE('',(#878),#874,.T.);
#874=PLANE('',#875);
#875=AXIS2_PLACEMENT_3D('',#60,#876,#877);
#876=DIRECTION('',(-1,0,0));
#877=DIRECTION('',(0,0.2513984577350998,-0.9678836786765305));
#878=FACE_BOUND('',#879,.T.);
#879=EDGE_LOOP('',(#880,#881,#882));
#880=ORIENTED_EDGE('',*,*,#883,.T.);
#881=ORIENTED_EDGE('',*,*,#884,.T.);
#882=ORIENTED_EDGE('',*,*,#885,.T.);
#883=EDGE_CURVE('',#61,#59,#886,.F.);
#884=EDGE_CURVE('',#59,#63,#887,.T.);
#885=EDGE_CURVE('',#63,#61,#888,.T.);
#886=LINE('',#60,#889);
#887=LINE('',#58,#890);
#888=LINE('',#62,#891);
#889=VECTOR('',#892,1.0);
#890=VECTOR('',#893,1.0);
#891=VECTOR('',#894,1.0);
#892=DIRECTION('',(0,0.2513984577350998,-0.9678836786765305));
#893=DIRECTION('',(0,-0.6561806980271557,0.7546037977220859));
#894=DIRECTION('',(0,0,1));
#895=FACE_SURFACE('',(#900),#896,.T.);
#896=PLANE('',#897);
#897=AXIS2_PLACEMENT_3D('',#62,#898,#899);
#898=DIRECTION('',(-1,-0,-0));
#899=DIRECTION('',(0,0.6561806980271557,-0.7546037977220859));
#900=FACE_BOUND('',#901,.T.);
#901=EDGE_LOOP('',(#902,#903,#904));
#902=ORIENTED_EDGE('',*,*,#905,.T.);
#903=ORIENTED_EDGE('',*,*,#906,.T.);
#904=ORIENTED_EDGE('',*,*,#907,.T.);
#905=EDGE_CURVE('',#63,#59,#908,.F.);
#906=EDGE_CURVE('',#59,#65,#909,.T.);
#907=EDGE_CURVE('',#65,#63,#910,.T.);
#908=LINE('',#62,#911);
#909=LINE('',#58,#912);
#910=LINE('',#64,#913);
#911=VECTOR('',#914,1.0);
#912=VECTOR('',#915,1.0);
#913=VECTOR('',#916,1.0);
#914=DIRECTION('',(0,0.6561806980271557,-0.7546037977220859));
#915=DIRECTION('',(0,-0.985587387925505,0.16916707942794315));
#916=DIRECTION('',(0,1,0));
#917=FACE_SURFACE('',(#922),#918,.T.);
#918=PLANE('',#919);
#919=AXIS2_PLACEMENT_3D('',#64,#920,#921);
#920=DIRECTION('',(-1,0,-0));
#921=DIRECTION('',(0,0.985587387925505,-0.16916707942794315));
#922=FACE_BOUND('',#923,.T.);
#923=EDGE_LOOP('',(#924,#925,#926));
#924=ORIENTED_EDGE('',*,*,#927,.T.);
#925=ORIENTED_EDGE('',*,*,#928,.T.);
#926=ORIENTED_EDGE('',*,*,#929,.T.);
#927=EDGE_CURVE('',#65,#59,#930,.F.);
#928=EDGE_CURVE('',#59,#67,#931,.T.);
#929=EDGE_CURVE('',#67,#65,#932,.T.);
#930=LINE('',#64,#933);
#931=LINE('',#58,#934);
#932=LINE('',#66,#935);
#933=VECTOR('',#936,1.0);
#934=VECTOR('',#937,1.0);
#935=VECTOR('',#938,1.0);
#936=DIRECTION('',(0,0.985587387925505,-0.16916707942794315));
#937=DIRECTION('',(0,-1,0));
#938=DIRECTION('',(0,0.9788323182558418,0.20466385303197626));
#939=FACE_SURFACE('',(#944),#940,.T.);
#940=PLANE('',#941);
#941=AXIS2_PLACEMENT_3D('',#64,#942,#943);
#942=DIRECTION('',(-1,-0,0));
#943=DIRECTION('',(0,-0.9788323182558418,-0.20466385303197626));
#944=FACE_BOUND('',#945,.T.);
#945=EDGE_LOOP('',(#946,#947,#948));
#946=ORIENTED_EDGE('',*,*,#949,.T.);
#947=ORIENTED_EDGE('',*,*,#950,.T.);
#948=ORIENTED_EDGE('',*,*,#951,.T.);
#949=EDGE_CURVE('',#65,#67,#952,.F.);
#950=EDGE_CURVE('',#67,#69,#953,.T.);
#951=EDGE_CURVE('',#69,#65,#954,.T.);
#952=LINE('',#64,#955);
#953=LINE('',#66,#956);
#954=LINE('',#68,#957);
#955=VECTOR('',#958,1.0);
#956=VECTOR('',#959,1.0);
#957=VECTOR('',#960,1.0);
#958=DIRECTION('',(0,-0.9788323182558418,-0.20466385303197626));
#959=DIRECTION('',(0,0.8192320272956228,0.5734621918253233));
#960=DIRECTION('',(0,0,-1));
#961=FACE_SURFACE('',(#966),#962,.T.);
#962=PLANE('',#963);
#963=AXIS2_PLACEMENT_3D('',#68,#964,#965);
#964=DIRECTION('',(-1,-0,0));
#965=DIRECTION('',(0,-0.8192320272956228,-0.5734621918253233));
#966=FACE_BOUND('',#967,.T.);
#967=EDGE_LOOP('',(#968,#969,#970));
#968=ORIENTED_EDGE('',*,*,#971,.T.);
#969=ORIENTED_EDGE('',*,*,#972,.T.);
#970=ORIENTED_EDGE('',*,*,#973,.T.);
#971=EDGE_CURVE('',#69,#67,#974,.F.);
#972=EDGE_CURVE('',#67,#49,#975,.T.);
#973=EDGE_CURVE('',#49,#69,#976,.T.);
#974=LINE('',#68,#977);
#975=LINE('',#66,#978);
#976=LINE('',#48,#979);
#977=VECTOR('',#980,1.0);
#978=VECTOR('',#981,1.0);
#979=VECTOR('',#982,1.0);
#980=DIRECTION('',(0,-0.8192320272956228,-0.5734621918253233));
#981=DIRECTION('',(0,0.039968064797523475,0.999200957663843));
#982=DIRECTION('',(0,0.2081076860974624,-0.9781059201268337));
#983=FACE_SURFACE('',(#988),#984,.T.);
#984=PLANE('',#985);
#985=AXIS2_PLACEMENT_3D('',#68,#986,#987);
#986=DIRECTION('',(-1,0,0));
#987=DIRECTION('',(0,-0.2081076860974624,0.9781059201268337));
#988=FACE_BOUND('',#989,.T.);
#989=EDGE_LOOP('',(#990,#991,#992));
#990=ORIENTED_EDGE('',*,*,#993,.T.);
#991=ORIENTED_EDGE('',*,*,#994,.T.);
#992=ORIENTED_EDGE('',*,*,#995,.T.);
#993=EDGE_CURVE('',#69,#49,#996,.F.);
#994=EDGE_CURVE('',#49,#71,#997,.T.);
#995=EDGE_CURVE('',#71,#69,#998,.T.);
#996=LINE('',#68,#999);
#997=LINE('',#48,#1000);
#998=LINE('',#70,#1001);
#999=VECTOR('',#1002,1.0);
#1000=VECTOR('',#1003,1.0);
#1001=VECTOR('',#1004,1.0);
#1002=DIRECTION('',(0,-0.2081076860974624,0.9781059201268337));
#1003=DIRECTION('',(0,0.2602191107766659,-0.9655495918836077));
#1004=DIRECTION('',(0,-1,0));
#1005=FACE_SURFACE('',(#1010),#1006,.T.);
#1006=PLANE('',#1007);
#1007=AXIS2_PLACEMENT_3D('',#70,#1008,#1009);
#1008=DIRECTION('',(-1,0,0));
#1009=DIRECTION('',(0,-0.2602191107766659,0.9655495918836077));
#1010=FACE_BOUND('',#1011,.T.);
#1011=EDGE_LOOP('',(#1012,#1013,#1014));
#1012=ORIENTED_EDGE('',*,*,#1015,.T.);
#1013=ORIENTED_EDGE('',*,*,#1016,.T.);
#1014=ORIENTED_EDGE('',*,*,#1017,.T.);
#1015=EDGE_CURVE('',#71,#49,#1018,.F.);
#1016=EDGE_CURVE('',#49,#57,#1019,.T.);
#1017=EDGE_CURVE('',#57,#71,#1020,.T.);
#1018=LINE('',#70,#1021);
#1019=LINE('',#48,#1022);
#1020=LINE('',#56,#1023);
#1021=VECTOR('',#1024,1.0);
#1022=VECTOR('',#1025,1.0);
#1023=VECTOR('',#1026,1.0);
#1024=DIRECTION('',(0,-0.2602191107766659,0.9655495918836077));
#1025=DIRECTION('',(0,1,0));
#1026=DIRECTION('',(0,-0.20810770192009592,-0.9781059167603152));
#1027=FACE_SURFACE('',(#1032),#1028,.T.);
#1028=PLANE('',#1029);
#1029=AXIS2_PLACEMENT_3D('',#70,#1030,#1031);
#1030=DIRECTION('',(-1,0,0));
#1031=DIRECTION('',(0,0.20810770192009592,0.9781059167603152));
#1032=FACE_BOUND('',#1033,.T.);
#1033=EDGE_LOOP('',(#1034,#1035,#1036));
#1034=ORIENTED_EDGE('',*,*,#1037,.T.);
#1035=ORIENTED_EDGE('',*,*,#1038,.T.);
#1036=ORIENTED_EDGE('',*,*,#1039,.T.);
#1037=EDGE_CURVE('',#71,#57,#1040,.F.);
#1038=EDGE_CURVE('',#57,#61,#1041,.T.);
#1039=EDGE_CURVE('',#61,#71,#1042,.T.);
#1040=LINE('',#70,#1043);
#1041=LINE('',#56,#1044);
#1042=LINE('',#60,#1045);
#1043=VECTOR('',#1046,1.0);
#1044=VECTOR('',#1047,1.0);
#1045=VECTOR('',#1048,1.0);
#1046=DIRECTION('',(0,0.20810770192009592,0.9781059167603152));
#1047=DIRECTION('',(0,0,-1));
#1048=DIRECTION('',(0,-1,0));
#1049=FACE_SURFACE('',(#1054),#1050,.T.);
#1050=PLANE('',#1051);
#1051=AXIS2_PLACEMENT_3D('',#50,#1052,#1053);
#1052=DIRECTION('',(-1,0,0));
#1053=DIRECTION('',(0,0,1));
#1054=FACE_BOUND('',#1055,.T.);
#1055=EDGE_LOOP('',(#1056,#1057,#1058));
#1056=ORIENTED_EDGE('',*,*,#1059,.T.);
#1057=ORIENTED_EDGE('',*,*,#1060,.T.);
#1058=ORIENTED_EDGE('',*,*,#1061,.T.);
#1059=EDGE_CURVE('',#51,#73,#1062,.F.);
#1060=EDGE_CURVE('',#73,#55,#1063,.T.);
#1061=EDGE_CURVE('',#55,#51,#1064,.T.);
#1062=LINE('',#50,#1065);
#1063=LINE('',#72,#1066);
#1064=LINE('',#54,#1067);
#1065=VECTOR('',#1068,1.0);
#1066=VECTOR('',#1069,1.0);
#1067=VECTOR('',#1070,1.0);
#1068=DIRECTION('',(0,0,1));
#1069=DIRECTION('',(0,1,0));
#1070=DIRECTION('',(0,-0.5070208027632335,-0.861933817392801));
#1071=FACE_SURFACE('',(#1076),#1072,.T.);
#1072=PLANE('',#1073);
#1073=AXIS2_PLACEMENT_3D('',#66,#1074,#1075);
#1074=DIRECTION('',(-1,0,0));
#1075=DIRECTION('',(0,0,1));
#1076=FACE_BOUND('',#1077,.T.);
#1077=EDGE_LOOP('',(#1078,#1079,#1080));
#1078=ORIENTED_EDGE('',*,*,#1081,.T.);
#1079=ORIENTED_EDGE('',*,*,#1082,.T.);
#1080=ORIENTED_EDGE('',*,*,#1083,.T.);
#1081=EDGE_CURVE('',#67,#45,#1084,.F.);
#1082=EDGE_CURVE('',#45,#49,#1085,.T.);
#1083=EDGE_CURVE('',#49,#67,#1086,.T.);
#1084=LINE('',#66,#1087);
#1085=LINE('',#44,#1088);
#1086=LINE('',#48,#1089);
#1087=VECTOR('',#1090,1.0);
#1088=VECTOR('',#1091,1.0);
#1089=VECTOR('',#1092,1.0);
#1090=DIRECTION('',(0,0,1));
#1091=DIRECTION('',(0,0.2192511890042755,-0.9756684457950926));
#1092=DIRECTION('',(0,-0.039968064797523475,-0.999200957663843));
#1093=FACE_SURFACE('',(#1098),#1094,.T.);
#1094=PLANE('',#1095);
#1095=AXIS2_PLACEMENT_3D('',#64,#1096,#1097);
#1096=DIRECTION('',(0,0,1));
#1097=DIRECTION('',(1,0,0));
#1098=FACE_BOUND('',#1099,.T.);
#1099=EDGE_LOOP('',(#1100,#1101,#1102));
#1100=ORIENTED_EDGE('',*,*,#1103,.T.);
#1101=ORIENTED_EDGE('',*,*,#1104,.T.);
#1102=ORIENTED_EDGE('',*,*,#1105,.T.);
#1103=EDGE_CURVE('',#65,#75,#1106,.F.);
#1104=EDGE_CURVE('',#75,#63,#1107,.T.);
#1105=EDGE_CURVE('',#63,#65,#1108,.T.);
#1106=LINE('',#64,#1109);
#1107=LINE('',#74,#1110);
#1108=LINE('',#62,#1111);
#1109=VECTOR('',#1112,1.0);
#1110=VECTOR('',#1113,1.0);
#1111=VECTOR('',#1114,1.0);
#1112=DIRECTION('',(1,0,0));
#1113=DIRECTION('',(-0.7698250382995138,0.6382549728808639,0));
#1114=DIRECTION('',(0,-1,0));
#1115=FACE_SURFACE('',(#1120),#1116,.T.);
#1116=PLANE('',#1117);
#1117=AXIS2_PLACEMENT_3D('',#62,#1118,#1119);
#1118=DIRECTION('',(-0,0,1));
#1119=DIRECTION('',(0.7698250382995138,-0.6382549728808639,0));
#1120=FACE_BOUND('',#1121,.T.);
#1121=EDGE_LOOP('',(#1122,#1123,#1124));
#1122=ORIENTED_EDGE('',*,*,#1125,.T.);
#1123=ORIENTED_EDGE('',*,*,#1126,.T.);
#1124=ORIENTED_EDGE('',*,*,#1127,.T.);
#1125=EDGE_CURVE('',#63,#75,#1128,.F.);
#1126=EDGE_CURVE('',#75,#77,#1129,.T.);
#1127=EDGE_CURVE('',#77,#63,#1130,.T.);
#1128=LINE('',#62,#1131);
#1129=LINE('',#74,#1132);
#1130=LINE('',#76,#1133);
#1131=VECTOR('',#1134,1.0);
#1132=VECTOR('',#1135,1.0);
#1133=VECTOR('',#1136,1.0);
#1134=DIRECTION('',(0.7698250382995138,-0.6382549728808639,0));
#1135=DIRECTION('',(0,1,0));
#1136=DIRECTION('',(-1,0,0));
#1137=FACE_SURFACE('',(#1142),#1138,.T.);
#1138=PLANE('',#1139);
#1139=AXIS2_PLACEMENT_3D('',#58,#1140,#1141);
#1140=DIRECTION('',(0,0,-1));
#1141=DIRECTION('',(1,0,0));
#1142=FACE_BOUND('',#1143,.T.);
#1143=EDGE_LOOP('',(#1144,#1145,#1146));
#1144=ORIENTED_EDGE('',*,*,#1147,.T.);
#1145=ORIENTED_EDGE('',*,*,#1148,.T.);
#1146=ORIENTED_EDGE('',*,*,#1149,.T.);
#1147=EDGE_CURVE('',#59,#79,#1150,.F.);
#1148=EDGE_CURVE('',#79,#67,#1151,.T.);
#1149=EDGE_CURVE('',#67,#59,#1152,.T.);
#1150=LINE('',#58,#1153);
#1151=LINE('',#78,#1154);
#1152=LINE('',#66,#1155);
#1153=VECTOR('',#1156,1.0);
#1154=VECTOR('',#1157,1.0);
#1155=VECTOR('',#1158,1.0);
#1156=DIRECTION('',(1,0,0));
#1157=DIRECTION('',(-0.4909391533419369,-0.8711938634517016,0));
#1158=DIRECTION('',(0,1,0));
#1159=FACE_SURFACE('',(#1164),#1160,.T.);
#1160=PLANE('',#1161);
#1161=AXIS2_PLACEMENT_3D('',#66,#1162,#1163);
#1162=DIRECTION('',(0,0,-1));
#1163=DIRECTION('',(0.4909391533419369,0.8711938634517016,0));
#1164=FACE_BOUND('',#1165,.T.);
#1165=EDGE_LOOP('',(#1166,#1167,#1168));
#1166=ORIENTED_EDGE('',*,*,#1169,.T.);
#1167=ORIENTED_EDGE('',*,*,#1170,.T.);
#1168=ORIENTED_EDGE('',*,*,#1171,.T.);
#1169=EDGE_CURVE('',#67,#79,#1172,.F.);
#1170=EDGE_CURVE('',#79,#81,#1173,.T.);
#1171=EDGE_CURVE('',#81,#67,#1174,.T.);
#1172=LINE('',#66,#1175);
#1173=LINE('',#78,#1176);
#1174=LINE('',#80,#1177);
#1175=VECTOR('',#1178,1.0);
#1176=VECTOR('',#1179,1.0);
#1177=VECTOR('',#1180,1.0);
#1178=DIRECTION('',(0.4909391533419369,0.8711938634517016,0));
#1179=DIRECTION('',(0,-1,0));
#1180=DIRECTION('',(-1,0,0));
#1181=FACE_SURFACE('',(#1186),#1182,.T.);
#1182=PLANE('',#1183);
#1183=AXIS2_PLACEMENT_3D('',#82,#1184,#1185);
#1184=DIRECTION('',(0,0,-1));
#1185=DIRECTION('',(-1,0,0));
#1186=FACE_BOUND('',#1187,.T.);
#1187=EDGE_LOOP('',(#1188,#1189,#1190));
#1188=ORIENTED_EDGE('',*,*,#1191,.T.);
#1189=ORIENTED_EDGE('',*,*,#1192,.T.);
#1190=ORIENTED_EDGE('',*,*,#1193,.T.);
#1191=EDGE_CURVE('',#83,#85,#1194,.F.);
#1192=EDGE_CURVE('',#85,#87,#1195,.T.);
#1193=EDGE_CURVE('',#87,#83,#1196,.T.);
#1194=LINE('',#82,#1197);
#1195=LINE('',#84,#1198);
#1196=LINE('',#86,#1199);
#1197=VECTOR('',#1200,1.0);
#1198=VECTOR('',#1201,1.0);
#1199=VECTOR('',#1202,1.0);
#1200=DIRECTION('',(-1,0,0));
#1201=DIRECTION('',(0.08169323754226833,0.9966575213882964,0));
#1202=DIRECTION('',(0,-1,0));
#1203=FACE_SURFACE('',(#1208),#1204,.T.);
#1204=PLANE('',#1205);
#1205=AXIS2_PLACEMENT_3D('',#86,#1206,#1207);
#1206=DIRECTION('',(-0,0,-1));
#1207=DIRECTION('',(-0.08169323754226833,-0.9966575213882964,0));
#1208=FACE_BOUND('',#1209,.T.);
#1209=EDGE_LOOP('',(#1210,#1211,#1212));
#1210=ORIENTED_EDGE('',*,*,#1213,.T.);
#1211=ORIENTED_EDGE('',*,*,#1214,.T.);
#1212=ORIENTED_EDGE('',*,*,#1215,.T.);
#1213=EDGE_CURVE('',#87,#85,#1216,.F.);
#1214=EDGE_CURVE('',#85,#89,#1217,.T.);
#1215=EDGE_CURVE('',#89,#87,#1218,.T.);
#1216=LINE('',#86,#1219);
#1217=LINE('',#84,#1220);
#1218=LINE('',#88,#1221);
#1219=VECTOR('',#1222,1.0);
#1220=VECTOR('',#1223,1.0);
#1221=VECTOR('',#1224,1.0);
#1222=DIRECTION('',(-0.08169323754226833,-0.9966575213882964,0));
#1223=DIRECTION('',(0,1,0));
#1224=DIRECTION('',(1,0,0));
#1225=FACE_SURFACE('',(#1230),#1226,.T.);
#1226=PLANE('',#1227);
#1227=AXIS2_PLACEMENT_3D('',#84,#1228,#1229);
#1228=DIRECTION('',(1,-0,0));
#1229=DIRECTION('',(0,0,-1));
#1230=FACE_BOUND('',#1231,.T.);
#1231=EDGE_LOOP('',(#1232,#1233,#1234));
#1232=ORIENTED_EDGE('',*,*,#1235,.T.);
#1233=ORIENTED_EDGE('',*,*,#1236,.T.);
#1234=ORIENTED_EDGE('',*,*,#1237,.T.);
#1235=EDGE_CURVE('',#85,#91,#1238,.F.);
#1236=EDGE_CURVE('',#91,#89,#1239,.T.);
#1237=EDGE_CURVE('',#89,#85,#1240,.T.);
#1238=LINE('',#84,#1241);
#1239=LINE('',#90,#1242);
#1240=LINE('',#88,#1243);
#1241=VECTOR('',#1244,1.0);
#1242=VECTOR('',#1245,1.0);
#1243=VECTOR('',#1246,1.0);
#1244=DIRECTION('',(0,0,-1));
#1245=DIRECTION('',(0,0.9966575213882964,0.08169323754226833));
#1246=DIRECTION('',(0,-1,0));
#1247=FACE_SURFACE('',(#1252),#1248,.T.);
#1248=PLANE('',#1249);
#1249=AXIS2_PLACEMENT_3D('',#88,#1250,#1251);
#1250=DIRECTION('',(1,0,0));
#1251=DIRECTION('',(0,-0.9966575213882964,-0.08169323754226833));
#1252=FACE_BOUND('',#1253,.T.);
#1253=EDGE_LOOP('',(#1254,#1255,#1256));
#1254=ORIENTED_EDGE('',*,*,#1257,.T.);
#1255=ORIENTED_EDGE('',*,*,#1258,.T.);
#1256=ORIENTED_EDGE('',*,*,#1259,.T.);
#1257=EDGE_CURVE('',#89,#91,#1260,.F.);
#1258=EDGE_CURVE('',#91,#93,#1261,.T.);
#1259=EDGE_CURVE('',#93,#89,#1262,.T.);
#1260=LINE('',#88,#1263);
#1261=LINE('',#90,#1264);
#1262=LINE('',#92,#1265);
#1263=VECTOR('',#1266,1.0);
#1264=VECTOR('',#1267,1.0);
#1265=VECTOR('',#1268,1.0);
#1266=DIRECTION('',(0,-0.9966575213882964,-0.08169323754226833));
#1267=DIRECTION('',(0,1,0));
#1268=DIRECTION('',(0,0,1));
#1269=FACE_SURFACE('',(#1274),#1270,.T.);
#1270=PLANE('',#1271);
#1271=AXIS2_PLACEMENT_3D('',#94,#1272,#1273);
#1272=DIRECTION('',(0,0,1));
#1273=DIRECTION('',(-1,0,0));
#1274=FACE_BOUND('',#1275,.T.);
#1275=EDGE_LOOP('',(#1276,#1277,#1278));
#1276=ORIENTED_EDGE('',*,*,#1279,.T.);
#1277=ORIENTED_EDGE('',*,*,#1280,.T.);
#1278=ORIENTED_EDGE('',*,*,#1281,.T.);
#1279=EDGE_CURVE('',#95,#93,#1282,.F.);
#1280=EDGE_CURVE('',#93,#97,#1283,.T.);
#1281=EDGE_CURVE('',#97,#95,#1284,.T.);
#1282=LINE('',#94,#1285);
#1283=LINE('',#92,#1286);
#1284=LINE('',#96,#1287);
#1285=VECTOR('',#1288,1.0);
#1286=VECTOR('',#1289,1.0);
#1287=VECTOR('',#1290,1.0);
#1288=DIRECTION('',(-1,0,0));
#1289=DIRECTION('',(0.08169323754226833,-0.9966575213882964,0));
#1290=DIRECTION('',(0,1,0));
#1291=FACE_SURFACE('',(#1296),#1292,.T.);
#1292=PLANE('',#1293);
#1293=AXIS2_PLACEMENT_3D('',#96,#1294,#1295);
#1294=DIRECTION('',(0,0,1));
#1295=DIRECTION('',(-0.08169323754226833,0.9966575213882964,0));
#1296=FACE_BOUND('',#1297,.T.);
#1297=EDGE_LOOP('',(#1298,#1299,#1300));
#1298=ORIENTED_EDGE('',*,*,#1301,.T.);
#1299=ORIENTED_EDGE('',*,*,#1302,.T.);
#1300=ORIENTED_EDGE('',*,*,#1303,.T.);
#1301=EDGE_CURVE('',#97,#93,#1304,.F.);
#1302=EDGE_CURVE('',#93,#91,#1305,.T.);
#1303=EDGE_CURVE('',#91,#97,#1306,.T.);
#1304=LINE('',#96,#1307);
#1305=LINE('',#92,#1308);
#1306=LINE('',#90,#1309);
#1307=VECTOR('',#1310,1.0);
#1308=VECTOR('',#1311,1.0);
#1309=VECTOR('',#1312,1.0);
#1310=DIRECTION('',(-0.08169323754226833,0.9966575213882964,0));
#1311=DIRECTION('',(0,-1,0));
#1312=DIRECTION('',(1,0,0));
#1313=FACE_SURFACE('',(#1318),#1314,.T.);
#1314=PLANE('',#1315);
#1315=AXIS2_PLACEMENT_3D('',#60,#1316,#1317);
#1316=DIRECTION('',(0,-1,0));
#1317=DIRECTION('',(0,0,-1));
#1318=FACE_BOUND('',#1319,.T.);
#1319=EDGE_LOOP('',(#1320,#1321,#1322));
#1320=ORIENTED_EDGE('',*,*,#1323,.T.);
#1321=ORIENTED_EDGE('',*,*,#1324,.T.);
#1322=ORIENTED_EDGE('',*,*,#1325,.T.);
#1323=EDGE_CURVE('',#61,#63,#1326,.F.);
#1324=EDGE_CURVE('',#63,#99,#1327,.T.);
#1325=EDGE_CURVE('',#99,#61,#1328,.T.);
#1326=LINE('',#60,#1329);
#1327=LINE('',#62,#1330);
#1328=LINE('',#98,#1331);
#1329=VECTOR('',#1332,1.0);
#1330=VECTOR('',#1333,1.0);
#1331=VECTOR('',#1334,1.0);
#1332=DIRECTION('',(0,0,-1));
#1333=DIRECTION('',(0.5703951570695155,0,0.8213704187464038));
#1334=DIRECTION('',(-1,0,0));
#1335=FACE_SURFACE('',(#1340),#1336,.T.);
#1336=PLANE('',#1337);
#1337=AXIS2_PLACEMENT_3D('',#98,#1338,#1339);
#1338=DIRECTION('',(0,-1,-0));
#1339=DIRECTION('',(-0.5703951570695155,0,-0.8213704187464038));
#1340=FACE_BOUND('',#1341,.T.);
#1341=EDGE_LOOP('',(#1342,#1343,#1344));
#1342=ORIENTED_EDGE('',*,*,#1345,.T.);
#1343=ORIENTED_EDGE('',*,*,#1346,.T.);
#1344=ORIENTED_EDGE('',*,*,#1347,.T.);
#1345=EDGE_CURVE('',#99,#63,#1348,.F.);
#1346=EDGE_CURVE('',#63,#77,#1349,.T.);
#1347=EDGE_CURVE('',#77,#99,#1350,.T.);
#1348=LINE('',#98,#1351);
#1349=LINE('',#62,#1352);
#1350=LINE('',#76,#1353);
#1351=VECTOR('',#1354,1.0);
#1352=VECTOR('',#1355,1.0);
#1353=VECTOR('',#1356,1.0);
#1354=DIRECTION('',(-0.5703951570695155,0,-0.8213704187464038));
#1355=DIRECTION('',(1,0,0));
#1356=DIRECTION('',(-0.8799050608563697,0,0.4751495384395827));
#1357=FACE_SURFACE('',(#1362),#1358,.T.);
#1358=PLANE('',#1359);
#1359=AXIS2_PLACEMENT_3D('',#98,#1360,#1361);
#1360=DIRECTION('',(0,-1,0));
#1361=DIRECTION('',(0.8799050608563697,0,-0.4751495384395827));
#1362=FACE_BOUND('',#1363,.T.);
#1363=EDGE_LOOP('',(#1364,#1365,#1366));
#1364=ORIENTED_EDGE('',*,*,#1367,.T.);
#1365=ORIENTED_EDGE('',*,*,#1368,.T.);
#1366=ORIENTED_EDGE('',*,*,#1369,.T.);
#1367=EDGE_CURVE('',#99,#77,#1370,.F.);
#1368=EDGE_CURVE('',#77,#101,#1371,.T.);
#1369=EDGE_CURVE('',#101,#99,#1372,.T.);
#1370=LINE('',#98,#1373);
#1371=LINE('',#76,#1374);
#1372=LINE('',#100,#1375);
#1373=VECTOR('',#1376,1.0);
#1374=VECTOR('',#1377,1.0);
#1375=VECTOR('',#1378,1.0);
#1376=DIRECTION('',(0.8799050608563697,0,-0.4751495384395827));
#1377=DIRECTION('',(0,0,1));
#1378=DIRECTION('',(-1,0,0));
#1379=FACE_SURFACE('',(#1384),#1380,.T.);
#1380=PLANE('',#1381);
#1381=AXIS2_PLACEMENT_3D('',#102,#1382,#1383);
#1382=DIRECTION('',(0,1,0));
#1383=DIRECTION('',(0,0,-1));
#1384=FACE_BOUND('',#1385,.T.);
#1385=EDGE_LOOP('',(#1386,#1387,#1388));
#1386=ORIENTED_EDGE('',*,*,#1389,.T.);
#1387=ORIENTED_EDGE('',*,*,#1390,.T.);
#1388=ORIENTED_EDGE('',*,*,#1391,.T.);
#1389=EDGE_CURVE('',#103,#75,#1392,.F.);
#1390=EDGE_CURVE('',#75,#69,#1393,.T.);
#1391=EDGE_CURVE('',#69,#103,#1394,.T.);
#1392=LINE('',#102,#1395);
#1393=LINE('',#74,#1396);
#1394=LINE('',#68,#1397);
#1395=VECTOR('',#1398,1.0);
#1396=VECTOR('',#1399,1.0);
#1397=VECTOR('',#1400,1.0);
#1398=DIRECTION('',(0,0,-1));
#1399=DIRECTION('',(-0.9307924166829964,0,0.36554818703616504));
#1400=DIRECTION('',(1,0,0));
#1401=FACE_SURFACE('',(#1406),#1402,.T.);
#1402=PLANE('',#1403);
#1403=AXIS2_PLACEMENT_3D('',#68,#1404,#1405);
#1404=DIRECTION('',(0,1,0));
#1405=DIRECTION('',(0.9307924166829964,0,-0.36554818703616504));
#1406=FACE_BOUND('',#1407,.T.);
#1407=EDGE_LOOP('',(#1408,#1409,#1410));
#1408=ORIENTED_EDGE('',*,*,#1411,.T.);
#1409=ORIENTED_EDGE('',*,*,#1412,.T.);
#1410=ORIENTED_EDGE('',*,*,#1413,.T.);
#1411=EDGE_CURVE('',#69,#75,#1414,.F.);
#1412=EDGE_CURVE('',#75,#65,#1415,.T.);
#1413=EDGE_CURVE('',#65,#69,#1416,.T.);
#1414=LINE('',#68,#1417);
#1415=LINE('',#74,#1418);
#1416=LINE('',#64,#1419);
#1417=VECTOR('',#1420,1.0);
#1418=VECTOR('',#1421,1.0);
#1419=VECTOR('',#1422,1.0);
#1420=DIRECTION('',(0.9307924166829964,0,-0.36554818703616504));
#1421=DIRECTION('',(-1,0,0));
#1422=DIRECTION('',(0,0,1));
#1423=FACE_SURFACE('',(#1428),#1424,.T.);
#1424=PLANE('',#1425);
#1425=AXIS2_PLACEMENT_3D('',#102,#1426,#1427);
#1426=DIRECTION('',(1,0,0));
#1427=DIRECTION('',(0,-0.8192320272956228,-0.5734621918253233));
#1428=FACE_BOUND('',#1429,.T.);
#1429=EDGE_LOOP('',(#1430,#1431,#1432));
#1430=ORIENTED_EDGE('',*,*,#1433,.T.);
#1431=ORIENTED_EDGE('',*,*,#1434,.T.);
#1432=ORIENTED_EDGE('',*,*,#1435,.T.);
#1433=EDGE_CURVE('',#103,#81,#1436,.F.);
#1434=EDGE_CURVE('',#81,#75,#1437,.T.);
#1435=EDGE_CURVE('',#75,#103,#1438,.T.);
#1436=LINE('',#102,#1439);
#1437=LINE('',#80,#1440);
#1438=LINE('',#74,#1441);
#1439=VECTOR('',#1442,1.0);
#1440=VECTOR('',#1443,1.0);
#1441=VECTOR('',#1444,1.0);
#1442=DIRECTION('',(0,-0.8192320272956228,-0.5734621918253233));
#1443=DIRECTION('',(0,0.9788323182558418,0.20466385303197626));
#1444=DIRECTION('',(0,0,1));
#1445=FACE_SURFACE('',(#1450),#1446,.T.);
#1446=PLANE('',#1447);
#1447=AXIS2_PLACEMENT_3D('',#74,#1448,#1449);
#1448=DIRECTION('',(1,0,0));
#1449=DIRECTION('',(0,-0.9788323182558418,-0.20466385303197626));
#1450=FACE_BOUND('',#1451,.T.);
#1451=EDGE_LOOP('',(#1452,#1453,#1454));
#1452=ORIENTED_EDGE('',*,*,#1455,.T.);
#1453=ORIENTED_EDGE('',*,*,#1456,.T.);
#1454=ORIENTED_EDGE('',*,*,#1457,.T.);
#1455=EDGE_CURVE('',#75,#81,#1458,.F.);
#1456=EDGE_CURVE('',#81,#79,#1459,.T.);
#1457=EDGE_CURVE('',#79,#75,#1460,.T.);
#1458=LINE('',#74,#1461);
#1459=LINE('',#80,#1462);
#1460=LINE('',#78,#1463);
#1461=VECTOR('',#1464,1.0);
#1462=VECTOR('',#1465,1.0);
#1463=VECTOR('',#1466,1.0);
#1464=DIRECTION('',(0,-0.9788323182558418,-0.20466385303197626));
#1465=DIRECTION('',(0,1,0));
#1466=DIRECTION('',(0,-0.985587387925505,0.16916707942794315));
#1467=FACE_SURFACE('',(#1472),#1468,.T.);
#1468=PLANE('',#1469);
#1469=AXIS2_PLACEMENT_3D('',#74,#1470,#1471);
#1470=DIRECTION('',(1,-0,0));
#1471=DIRECTION('',(0,0.985587387925505,-0.16916707942794315));
#1472=FACE_BOUND('',#1473,.T.);
#1473=EDGE_LOOP('',(#1474,#1475,#1476));
#1474=ORIENTED_EDGE('',*,*,#1477,.T.);
#1475=ORIENTED_EDGE('',*,*,#1478,.T.);
#1476=ORIENTED_EDGE('',*,*,#1479,.T.);
#1477=EDGE_CURVE('',#75,#79,#1480,.F.);
#1478=EDGE_CURVE('',#79,#77,#1481,.T.);
#1479=EDGE_CURVE('',#77,#75,#1482,.T.);
#1480=LINE('',#74,#1483);
#1481=LINE('',#78,#1484);
#1482=LINE('',#76,#1485);
#1483=VECTOR('',#1486,1.0);
#1484=VECTOR('',#1487,1.0);
#1485=VECTOR('',#1488,1.0);
#1486=DIRECTION('',(0,0.985587387925505,-0.16916707942794315));
#1487=DIRECTION('',(0,-0.6561806980271557,0.7546037977220859));
#1488=DIRECTION('',(0,-1,0));
#1489=FACE_SURFACE('',(#1494),#1490,.T.);
#1490=PLANE('',#1491);
#1491=AXIS2_PLACEMENT_3D('',#76,#1492,#1493);
#1492=DIRECTION('',(1,-0,0));
#1493=DIRECTION('',(0,0.6561806980271557,-0.7546037977220859));
#1494=FACE_BOUND('',#1495,.T.);
#1495=EDGE_LOOP('',(#1496,#1497,#1498));
#1496=ORIENTED_EDGE('',*,*,#1499,.T.);
#1497=ORIENTED_EDGE('',*,*,#1500,.T.);
#1498=ORIENTED_EDGE('',*,*,#1501,.T.);
#1499=EDGE_CURVE('',#77,#79,#1502,.F.);
#1500=EDGE_CURVE('',#79,#101,#1503,.T.);
#1501=EDGE_CURVE('',#101,#77,#1504,.T.);
#1502=LINE('',#76,#1505);
#1503=LINE('',#78,#1506);
#1504=LINE('',#100,#1507);
#1505=VECTOR('',#1508,1.0);
#1506=VECTOR('',#1509,1.0);
#1507=VECTOR('',#1510,1.0);
#1508=DIRECTION('',(0,0.6561806980271557,-0.7546037977220859));
#1509=DIRECTION('',(0,-0.2513984577350998,0.9678836786765305));
#1510=DIRECTION('',(0,0,-1));
#1511=FACE_SURFACE('',(#1516),#1512,.T.);
#1512=PLANE('',#1513);
#1513=AXIS2_PLACEMENT_3D('',#100,#1514,#1515);
#1514=DIRECTION('',(1,-0,0));
#1515=DIRECTION('',(0,0.2513984577350998,-0.9678836786765305));
#1516=FACE_BOUND('',#1517,.T.);
#1517=EDGE_LOOP('',(#1518,#1519,#1520));
#1518=ORIENTED_EDGE('',*,*,#1521,.T.);
#1519=ORIENTED_EDGE('',*,*,#1522,.T.);
#1520=ORIENTED_EDGE('',*,*,#1523,.T.);
#1521=EDGE_CURVE('',#101,#79,#1524,.F.);
#1522=EDGE_CURVE('',#79,#95,#1525,.T.);
#1523=EDGE_CURVE('',#95,#101,#1526,.T.);
#1524=LINE('',#100,#1527);
#1525=LINE('',#78,#1528);
#1526=LINE('',#94,#1529);
#1527=VECTOR('',#1530,1.0);
#1528=VECTOR('',#1531,1.0);
#1529=VECTOR('',#1532,1.0);
#1530=DIRECTION('',(0,0.2513984577350998,-0.9678836786765305));
#1531=DIRECTION('',(0,0,1));
#1532=DIRECTION('',(0,-0.21024688272348815,-0.9776483254755033));
#1533=FACE_SURFACE('',(#1538),#1534,.T.);
#1534=PLANE('',#1535);
#1535=AXIS2_PLACEMENT_3D('',#100,#1536,#1537);
#1536=DIRECTION('',(1,0,-0));
#1537=DIRECTION('',(0,0.21024688272348815,0.9776483254755033));
#1538=FACE_BOUND('',#1539,.T.);
#1539=EDGE_LOOP('',(#1540,#1541,#1542));
#1540=ORIENTED_EDGE('',*,*,#1543,.T.);
#1541=ORIENTED_EDGE('',*,*,#1544,.T.);
#1542=ORIENTED_EDGE('',*,*,#1545,.T.);
#1543=EDGE_CURVE('',#101,#95,#1546,.F.);
#1544=EDGE_CURVE('',#95,#105,#1547,.T.);
#1545=EDGE_CURVE('',#105,#101,#1548,.T.);
#1546=LINE('',#100,#1549);
#1547=LINE('',#94,#1550);
#1548=LINE('',#104,#1551);
#1549=VECTOR('',#1552,1.0);
#1550=VECTOR('',#1553,1.0);
#1551=VECTOR('',#1554,1.0);
#1552=DIRECTION('',(0,0.21024688272348815,0.9776483254755033));
#1553=DIRECTION('',(0,-0.7636494449111865,-0.6456311061951995));
#1554=DIRECTION('',(0,1,0));
#1555=FACE_SURFACE('',(#1560),#1556,.T.);
#1556=PLANE('',#1557);
#1557=AXIS2_PLACEMENT_3D('',#104,#1558,#1559);
#1558=DIRECTION('',(1,0,-0));
#1559=DIRECTION('',(0,0.7636494449111865,0.6456311061951995));
#1560=FACE_BOUND('',#1561,.T.);
#1561=EDGE_LOOP('',(#1562,#1563,#1564));
#1562=ORIENTED_EDGE('',*,*,#1565,.T.);
#1563=ORIENTED_EDGE('',*,*,#1566,.T.);
#1564=ORIENTED_EDGE('',*,*,#1567,.T.);
#1565=EDGE_CURVE('',#105,#95,#1568,.F.);
#1566=EDGE_CURVE('',#95,#97,#1569,.T.);
#1567=EDGE_CURVE('',#97,#105,#1570,.T.);
#1568=LINE('',#104,#1571);
#1569=LINE('',#94,#1572);
#1570=LINE('',#96,#1573);
#1571=VECTOR('',#1574,1.0);
#1572=VECTOR('',#1575,1.0);
#1573=VECTOR('',#1576,1.0);
#1574=DIRECTION('',(0,0.7636494449111865,0.6456311061951995));
#1575=DIRECTION('',(0,-1,0));
#1576=DIRECTION('',(0,0.821529430884335,-0.5701661110508589));
#1577=FACE_SURFACE('',(#1582),#1578,.T.);
#1578=PLANE('',#1579);
#1579=AXIS2_PLACEMENT_3D('',#104,#1580,#1581);
#1580=DIRECTION('',(1,0,0));
#1581=DIRECTION('',(0,-0.821529430884335,0.5701661110508589));
#1582=FACE_BOUND('',#1583,.T.);
#1583=EDGE_LOOP('',(#1584,#1585,#1586));
#1584=ORIENTED_EDGE('',*,*,#1587,.T.);
#1585=ORIENTED_EDGE('',*,*,#1588,.T.);
#1586=ORIENTED_EDGE('',*,*,#1589,.T.);
#1587=EDGE_CURVE('',#105,#97,#1590,.F.);
#1588=EDGE_CURVE('',#97,#103,#1591,.T.);
#1589=EDGE_CURVE('',#103,#105,#1592,.T.);
#1590=LINE('',#104,#1593);
#1591=LINE('',#96,#1594);
#1592=LINE('',#102,#1595);
#1593=VECTOR('',#1596,1.0);
#1594=VECTOR('',#1597,1.0);
#1595=VECTOR('',#1598,1.0);
#1596=DIRECTION('',(0,-0.821529430884335,0.5701661110508589));
#1597=DIRECTION('',(0,0.7636494449111865,-0.6456311061951995));
#1598=DIRECTION('',(0,1,0));
#1599=FACE_SURFACE('',(#1604),#1600,.T.);
#1600=PLANE('',#1601);
#1601=AXIS2_PLACEMENT_3D('',#102,#1602,#1603);
#1602=DIRECTION('',(1,0,0));
#1603=DIRECTION('',(0,-0.7636494449111865,0.6456311061951995));
#1604=FACE_BOUND('',#1605,.T.);
#1605=EDGE_LOOP('',(#1606,#1607,#1608));
#1606=ORIENTED_EDGE('',*,*,#1609,.T.);
#1607=ORIENTED_EDGE('',*,*,#1610,.T.);
#1608=ORIENTED_EDGE('',*,*,#1611,.T.);
#1609=EDGE_CURVE('',#103,#97,#1612,.F.);
#1610=EDGE_CURVE('',#97,#81,#1613,.T.);
#1611=EDGE_CURVE('',#81,#103,#1614,.T.);
#1612=LINE('',#102,#1615);
#1613=LINE('',#96,#1616);
#1614=LINE('',#80,#1617);
#1615=VECTOR('',#1618,1.0);
#1616=VECTOR('',#1619,1.0);
#1617=VECTOR('',#1620,1.0);
#1618=DIRECTION('',(0,-0.7636494449111865,0.6456311061951995));
#1619=DIRECTION('',(0,0,-1));
#1620=DIRECTION('',(0,0.8192320272956228,0.5734621918253233));
#1621=FACE_SURFACE('',(#1626),#1622,.T.);
#1622=PLANE('',#1623);
#1623=AXIS2_PLACEMENT_3D('',#102,#1624,#1625);
#1624=DIRECTION('',(0,0,-1));
#1625=DIRECTION('',(-1,0,0));
#1626=FACE_BOUND('',#1627,.T.);
#1627=EDGE_LOOP('',(#1628,#1629,#1630));
#1628=ORIENTED_EDGE('',*,*,#1631,.T.);
#1629=ORIENTED_EDGE('',*,*,#1632,.T.);
#1630=ORIENTED_EDGE('',*,*,#1633,.T.);
#1631=EDGE_CURVE('',#103,#69,#1634,.F.);
#1632=EDGE_CURVE('',#69,#105,#1635,.T.);
#1633=EDGE_CURVE('',#105,#103,#1636,.T.);
#1634=LINE('',#102,#1637);
#1635=LINE('',#68,#1638);
#1636=LINE('',#104,#1639);
#1637=VECTOR('',#1640,1.0);
#1638=VECTOR('',#1641,1.0);
#1639=VECTOR('',#1642,1.0);
#1640=DIRECTION('',(-1,0,0));
#1641=DIRECTION('',(0.9851063966443561,0.17194588477300773,0));
#1642=DIRECTION('',(0,-1,0));
#1643=FACE_SURFACE('',(#1648),#1644,.T.);
#1644=PLANE('',#1645);
#1645=AXIS2_PLACEMENT_3D('',#104,#1646,#1647);
#1646=DIRECTION('',(-0,0,-1));
#1647=DIRECTION('',(-0.9851063966443561,-0.17194588477300773,0));
#1648=FACE_BOUND('',#1649,.T.);
#1649=EDGE_LOOP('',(#1650,#1651,#1652));
#1650=ORIENTED_EDGE('',*,*,#1653,.T.);
#1651=ORIENTED_EDGE('',*,*,#1654,.T.);
#1652=ORIENTED_EDGE('',*,*,#1655,.T.);
#1653=EDGE_CURVE('',#105,#69,#1656,.F.);
#1654=EDGE_CURVE('',#69,#71,#1657,.T.);
#1655=EDGE_CURVE('',#71,#105,#1658,.T.);
#1656=LINE('',#104,#1659);
#1657=LINE('',#68,#1660);
#1658=LINE('',#70,#1661);
#1659=VECTOR('',#1662,1.0);
#1660=VECTOR('',#1663,1.0);
#1661=VECTOR('',#1664,1.0);
#1662=DIRECTION('',(-0.9851063966443561,-0.17194588477300773,0));
#1663=DIRECTION('',(0,1,0));
#1664=DIRECTION('',(1,0,0));
#1665=FACE_SURFACE('',(#1670),#1666,.T.);
#1666=PLANE('',#1667);
#1667=AXIS2_PLACEMENT_3D('',#104,#1668,#1669);
#1668=DIRECTION('',(0,0,-1));
#1669=DIRECTION('',(-1,0,0));
#1670=FACE_BOUND('',#1671,.T.);
#1671=EDGE_LOOP('',(#1672,#1673,#1674));
#1672=ORIENTED_EDGE('',*,*,#1675,.T.);
#1673=ORIENTED_EDGE('',*,*,#1676,.T.);
#1674=ORIENTED_EDGE('',*,*,#1677,.T.);
#1675=EDGE_CURVE('',#105,#71,#1678,.F.);
#1676=EDGE_CURVE('',#71,#99,#1679,.T.);
#1677=EDGE_CURVE('',#99,#105,#1680,.T.);
#1678=LINE('',#104,#1681);
#1679=LINE('',#70,#1682);
#1680=LINE('',#98,#1683);
#1681=VECTOR('',#1684,1.0);
#1682=VECTOR('',#1685,1.0);
#1683=VECTOR('',#1686,1.0);
#1684=DIRECTION('',(-1,0,0));
#1685=DIRECTION('',(0.38461538461538464,0.9230769230769231,0));
#1686=DIRECTION('',(0.7432941462471664,-0.6689647316224497,0));
#1687=FACE_SURFACE('',(#1692),#1688,.T.);
#1688=PLANE('',#1689);
#1689=AXIS2_PLACEMENT_3D('',#98,#1690,#1691);
#1690=DIRECTION('',(-0,0,-1));
#1691=DIRECTION('',(-0.38461538461538464,-0.9230769230769231,0));
#1692=FACE_BOUND('',#1693,.T.);
#1693=EDGE_LOOP('',(#1694,#1695,#1696));
#1694=ORIENTED_EDGE('',*,*,#1697,.T.);
#1695=ORIENTED_EDGE('',*,*,#1698,.T.);
#1696=ORIENTED_EDGE('',*,*,#1699,.T.);
#1697=EDGE_CURVE('',#99,#71,#1700,.F.);
#1698=EDGE_CURVE('',#71,#61,#1701,.T.);
#1699=EDGE_CURVE('',#61,#99,#1702,.T.);
#1700=LINE('',#98,#1703);
#1701=LINE('',#70,#1704);
#1702=LINE('',#60,#1705);
#1703=VECTOR('',#1706,1.0);
#1704=VECTOR('',#1707,1.0);
#1705=VECTOR('',#1708,1.0);
#1706=DIRECTION('',(-0.38461538461538464,-0.9230769230769231,0));
#1707=DIRECTION('',(0,1,0));
#1708=DIRECTION('',(1,0,0));
#1709=FACE_SURFACE('',(#1714),#1710,.T.);
#1710=PLANE('',#1711);
#1711=AXIS2_PLACEMENT_3D('',#98,#1712,#1713);
#1712=DIRECTION('',(0,0,-1));
#1713=DIRECTION('',(1,0,0));
#1714=FACE_BOUND('',#1715,.T.);
#1715=EDGE_LOOP('',(#1716,#1717,#1718));
#1716=ORIENTED_EDGE('',*,*,#1719,.T.);
#1717=ORIENTED_EDGE('',*,*,#1720,.T.);
#1718=ORIENTED_EDGE('',*,*,#1721,.T.);
#1719=EDGE_CURVE('',#99,#101,#1722,.F.);
#1720=EDGE_CURVE('',#101,#105,#1723,.T.);
#1721=EDGE_CURVE('',#105,#99,#1724,.T.);
#1722=LINE('',#98,#1725);
#1723=LINE('',#100,#1726);
#1724=LINE('',#104,#1727);
#1725=VECTOR('',#1728,1.0);
#1726=VECTOR('',#1729,1.0);
#1727=VECTOR('',#1730,1.0);
#1728=DIRECTION('',(1,0,0));
#1729=DIRECTION('',(0,-1,0));
#1730=DIRECTION('',(-0.7432941462471664,0.6689647316224497,0));
#1731=FACE_SURFACE('',(#1736),#1732,.T.);
#1732=PLANE('',#1733);
#1733=AXIS2_PLACEMENT_3D('',#106,#1734,#1735);
#1734=DIRECTION('',(1,0,0));
#1735=DIRECTION('',(0,-0.12797108979723548,-0.9917778986124403));
#1736=FACE_BOUND('',#1737,.T.);
#1737=EDGE_LOOP('',(#1738,#1739,#1740));
#1738=ORIENTED_EDGE('',*,*,#1741,.T.);
#1739=ORIENTED_EDGE('',*,*,#1742,.T.);
#1740=ORIENTED_EDGE('',*,*,#1743,.T.);
#1741=EDGE_CURVE('',#107,#109,#1744,.F.);
#1742=EDGE_CURVE('',#109,#87,#1745,.T.);
#1743=EDGE_CURVE('',#87,#107,#1746,.T.);
#1744=LINE('',#106,#1747);
#1745=LINE('',#108,#1748);
#1746=LINE('',#86,#1749);
#1747=VECTOR('',#1750,1.0);
#1748=VECTOR('',#1751,1.0);
#1749=VECTOR('',#1752,1.0);
#1750=DIRECTION('',(0,-0.12797108979723548,-0.9917778986124403));
#1751=DIRECTION('',(0,0.06438230955680284,-0.9979253069324036));
#1752=DIRECTION('',(0,0,1));
#1753=FACE_SURFACE('',(#1758),#1754,.T.);
#1754=PLANE('',#1755);
#1755=AXIS2_PLACEMENT_3D('',#86,#1756,#1757);
#1756=DIRECTION('',(1,0,0));
#1757=DIRECTION('',(0,-0.06438230955680284,0.9979253069324036));
#1758=FACE_BOUND('',#1759,.T.);
#1759=EDGE_LOOP('',(#1760,#1761,#1762));
#1760=ORIENTED_EDGE('',*,*,#1763,.T.);
#1761=ORIENTED_EDGE('',*,*,#1764,.T.);
#1762=ORIENTED_EDGE('',*,*,#1765,.T.);
#1763=EDGE_CURVE('',#87,#109,#1766,.F.);
#1764=EDGE_CURVE('',#109,#111,#1767,.T.);
#1765=EDGE_CURVE('',#111,#87,#1768,.T.);
#1766=LINE('',#86,#1769);
#1767=LINE('',#108,#1770);
#1768=LINE('',#110,#1771);
#1769=VECTOR('',#1772,1.0);
#1770=VECTOR('',#1773,1.0);
#1771=VECTOR('',#1774,1.0);
#1772=DIRECTION('',(0,-0.06438230955680284,0.9979253069324036));
#1773=DIRECTION('',(0,-1,0));
#1774=DIRECTION('',(0,0.5856816522900953,-0.8105411785780807));
#1775=FACE_SURFACE('',(#1780),#1776,.T.);
#1776=PLANE('',#1777);
#1777=AXIS2_PLACEMENT_3D('',#86,#1778,#1779);
#1778=DIRECTION('',(1,0,0));
#1779=DIRECTION('',(0,-0.5856816522900953,0.8105411785780807));
#1780=FACE_BOUND('',#1781,.T.);
#1781=EDGE_LOOP('',(#1782,#1783,#1784));
#1782=ORIENTED_EDGE('',*,*,#1785,.T.);
#1783=ORIENTED_EDGE('',*,*,#1786,.T.);
#1784=ORIENTED_EDGE('',*,*,#1787,.T.);
#1785=EDGE_CURVE('',#87,#111,#1788,.F.);
#1786=EDGE_CURVE('',#111,#83,#1789,.T.);
#1787=EDGE_CURVE('',#83,#87,#1790,.T.);
#1788=LINE('',#86,#1791);
#1789=LINE('',#110,#1792);
#1790=LINE('',#82,#1793);
#1791=VECTOR('',#1794,1.0);
#1792=VECTOR('',#1795,1.0);
#1793=VECTOR('',#1796,1.0);
#1794=DIRECTION('',(0,-0.5856816522900953,0.8105411785780807));
#1795=DIRECTION('',(0,-0.06438233248627082,-0.9979253054530821));
#1796=DIRECTION('',(0,1,0));
#1797=FACE_SURFACE('',(#1802),#1798,.T.);
#1798=PLANE('',#1799);
#1799=AXIS2_PLACEMENT_3D('',#82,#1800,#1801);
#1800=DIRECTION('',(1,0,0));
#1801=DIRECTION('',(0,0.06438233248627082,0.9979253054530821));
#1802=FACE_BOUND('',#1803,.T.);
#1803=EDGE_LOOP('',(#1804,#1805,#1806));
#1804=ORIENTED_EDGE('',*,*,#1807,.T.);
#1805=ORIENTED_EDGE('',*,*,#1808,.T.);
#1806=ORIENTED_EDGE('',*,*,#1809,.T.);
#1807=EDGE_CURVE('',#83,#111,#1810,.F.);
#1808=EDGE_CURVE('',#111,#113,#1811,.T.);
#1809=EDGE_CURVE('',#113,#83,#1812,.T.);
#1810=LINE('',#82,#1813);
#1811=LINE('',#110,#1814);
#1812=LINE('',#112,#1815);
#1813=VECTOR('',#1816,1.0);
#1814=VECTOR('',#1817,1.0);
#1815=VECTOR('',#1818,1.0);
#1816=DIRECTION('',(0,0.06438233248627082,0.9979253054530821));
#1817=DIRECTION('',(0,-0.12797113481377126,0.9917778928038655));
#1818=DIRECTION('',(0,0,-1));
#1819=FACE_SURFACE('',(#1824),#1820,.T.);
#1820=PLANE('',#1821);
#1821=AXIS2_PLACEMENT_3D('',#112,#1822,#1823);
#1822=DIRECTION('',(1,0,0));
#1823=DIRECTION('',(0,0.12797113481377126,-0.9917778928038655));
#1824=FACE_BOUND('',#1825,.T.);
#1825=EDGE_LOOP('',(#1826,#1827,#1828));
#1826=ORIENTED_EDGE('',*,*,#1829,.T.);
#1827=ORIENTED_EDGE('',*,*,#1830,.T.);
#1828=ORIENTED_EDGE('',*,*,#1831,.T.);
#1829=EDGE_CURVE('',#113,#111,#1832,.F.);
#1830=EDGE_CURVE('',#111,#115,#1833,.T.);
#1831=EDGE_CURVE('',#115,#113,#1834,.T.);
#1832=LINE('',#112,#1835);
#1833=LINE('',#110,#1836);
#1834=LINE('',#114,#1837);
#1835=VECTOR('',#1838,1.0);
#1836=VECTOR('',#1839,1.0);
#1837=VECTOR('',#1840,1.0);
#1838=DIRECTION('',(0,0.12797113481377126,-0.9917778928038655));
#1839=DIRECTION('',(0,0,1));
#1840=DIRECTION('',(0,-0.1630763734423971,0.9866134483296262));
#1841=FACE_SURFACE('',(#1846),#1842,.T.);
#1842=PLANE('',#1843);
#1843=AXIS2_PLACEMENT_3D('',#112,#1844,#1845);
#1844=DIRECTION('',(1,0,0));
#1845=DIRECTION('',(0,0.1630763734423971,-0.9866134483296262));
#1846=FACE_BOUND('',#1847,.T.);
#1847=EDGE_LOOP('',(#1848,#1849,#1850));
#1848=ORIENTED_EDGE('',*,*,#1851,.T.);
#1849=ORIENTED_EDGE('',*,*,#1852,.T.);
#1850=ORIENTED_EDGE('',*,*,#1853,.T.);
#1851=EDGE_CURVE('',#113,#115,#1854,.F.);
#1852=EDGE_CURVE('',#115,#117,#1855,.T.);
#1853=EDGE_CURVE('',#117,#113,#1856,.T.);
#1854=LINE('',#112,#1857);
#1855=LINE('',#114,#1858);
#1856=LINE('',#116,#1859);
#1857=VECTOR('',#1860,1.0);
#1858=VECTOR('',#1861,1.0);
#1859=VECTOR('',#1862,1.0);
#1860=DIRECTION('',(0,0.1630763734423971,-0.9866134483296262));
#1861=DIRECTION('',(0,-4.5412930696230034E-07,0.9999999999998967));
#1862=DIRECTION('',(0,-0.19611582491907129,0.9805807377346917));
#1863=FACE_SURFACE('',(#1868),#1864,.T.);
#1864=PLANE('',#1865);
#1865=AXIS2_PLACEMENT_3D('',#116,#1866,#1867);
#1866=DIRECTION('',(1,-0,0));
#1867=DIRECTION('',(0,4.5412930696230034E-07,-0.9999999999998967));
#1868=FACE_BOUND('',#1869,.T.);
#1869=EDGE_LOOP('',(#1870,#1871,#1872));
#1870=ORIENTED_EDGE('',*,*,#1873,.T.);
#1871=ORIENTED_EDGE('',*,*,#1874,.T.);
#1872=ORIENTED_EDGE('',*,*,#1875,.T.);
#1873=EDGE_CURVE('',#117,#115,#1876,.F.);
#1874=EDGE_CURVE('',#115,#119,#1877,.T.);
#1875=EDGE_CURVE('',#119,#117,#1878,.T.);
#1876=LINE('',#116,#1879);
#1877=LINE('',#114,#1880);
#1878=LINE('',#118,#1881);
#1879=VECTOR('',#1882,1.0);
#1880=VECTOR('',#1883,1.0);
#1881=VECTOR('',#1884,1.0);
#1882=DIRECTION('',(0,4.5412930696230034E-07,-0.9999999999998967));
#1883=DIRECTION('',(0,0.9947432685009843,0.10240034068292331));
#1884=DIRECTION('',(0,-1,0));
#1885=FACE_SURFACE('',(#1890),#1886,.T.);
#1886=PLANE('',#1887);
#1887=AXIS2_PLACEMENT_3D('',#118,#1888,#1889);
#1888=DIRECTION('',(1,0,0));
#1889=DIRECTION('',(0,-0.9947432685009843,-0.10240034068292331));
#1890=FACE_BOUND('',#1891,.T.);
#1891=EDGE_LOOP('',(#1892,#1893,#1894));
#1892=ORIENTED_EDGE('',*,*,#1895,.T.);
#1893=ORIENTED_EDGE('',*,*,#1896,.T.);
#1894=ORIENTED_EDGE('',*,*,#1897,.T.);
#1895=EDGE_CURVE('',#119,#115,#1898,.F.);
#1896=EDGE_CURVE('',#115,#121,#1899,.T.);
#1897=EDGE_CURVE('',#121,#119,#1900,.T.);
#1898=LINE('',#118,#1901);
#1899=LINE('',#114,#1902);
#1900=LINE('',#120,#1903);
#1901=VECTOR('',#1904,1.0);
#1902=VECTOR('',#1905,1.0);
#1903=VECTOR('',#1906,1.0);
#1904=DIRECTION('',(0,-0.9947432685009843,-0.10240034068292331));
#1905=DIRECTION('',(0,1,0));
#1906=DIRECTION('',(0,0,1));
#1907=FACE_SURFACE('',(#1912),#1908,.T.);
#1908=PLANE('',#1909);
#1909=AXIS2_PLACEMENT_3D('',#118,#1910,#1911);
#1910=DIRECTION('',(1,-0,0));
#1911=DIRECTION('',(0,0,-1));
#1912=FACE_BOUND('',#1913,.T.);
#1913=EDGE_LOOP('',(#1914,#1915,#1916));
#1914=ORIENTED_EDGE('',*,*,#1917,.T.);
#1915=ORIENTED_EDGE('',*,*,#1918,.T.);
#1916=ORIENTED_EDGE('',*,*,#1919,.T.);
#1917=EDGE_CURVE('',#119,#121,#1920,.F.);
#1918=EDGE_CURVE('',#121,#107,#1921,.T.);
#1919=EDGE_CURVE('',#107,#119,#1922,.T.);
#1920=LINE('',#118,#1923);
#1921=LINE('',#120,#1924);
#1922=LINE('',#106,#1925);
#1923=VECTOR('',#1926,1.0);
#1924=VECTOR('',#1927,1.0);
#1925=VECTOR('',#1928,1.0);
#1926=DIRECTION('',(0,0,-1));
#1927=DIRECTION('',(0,0.16307631667273464,0.9866134577130266));
#1928=DIRECTION('',(0,-0.19611584739871912,-0.9805807332387693));
#1929=FACE_SURFACE('',(#1934),#1930,.T.);
#1930=PLANE('',#1931);
#1931=AXIS2_PLACEMENT_3D('',#106,#1932,#1933);
#1932=DIRECTION('',(1,0,0));
#1933=DIRECTION('',(0,-0.16307631667273464,-0.9866134577130266));
#1934=FACE_BOUND('',#1935,.T.);
#1935=EDGE_LOOP('',(#1936,#1937,#1938));
#1936=ORIENTED_EDGE('',*,*,#1939,.T.);
#1937=ORIENTED_EDGE('',*,*,#1940,.T.);
#1938=ORIENTED_EDGE('',*,*,#1941,.T.);
#1939=EDGE_CURVE('',#107,#121,#1942,.F.);
#1940=EDGE_CURVE('',#121,#109,#1943,.T.);
#1941=EDGE_CURVE('',#109,#107,#1944,.T.);
#1942=LINE('',#106,#1945);
#1943=LINE('',#120,#1946);
#1944=LINE('',#108,#1947);
#1945=VECTOR('',#1948,1.0);
#1946=VECTOR('',#1949,1.0);
#1947=VECTOR('',#1950,1.0);
#1948=DIRECTION('',(0,-0.16307631667273464,-0.9866134577130266));
#1949=DIRECTION('',(0,0,-1));
#1950=DIRECTION('',(0,0.12797108979723548,0.9917778986124403));
#1951=FACE_SURFACE('',(#1956),#1952,.T.);
#1952=PLANE('',#1953);
#1953=AXIS2_PLACEMENT_3D('',#122,#1954,#1955);
#1954=DIRECTION('',(1,-0,0));
#1955=DIRECTION('',(0,0,-1));
#1956=FACE_BOUND('',#1957,.T.);
#1957=EDGE_LOOP('',(#1958,#1959,#1960));
#1958=ORIENTED_EDGE('',*,*,#1961,.T.);
#1959=ORIENTED_EDGE('',*,*,#1962,.T.);
#1960=ORIENTED_EDGE('',*,*,#1963,.T.);
#1961=EDGE_CURVE('',#123,#125,#1964,.F.);
#1962=EDGE_CURVE('',#125,#107,#1965,.T.);
#1963=EDGE_CURVE('',#107,#123,#1966,.T.);
#1964=LINE('',#122,#1967);
#1965=LINE('',#124,#1968);
#1966=LINE('',#106,#1969);
#1967=VECTOR('',#1970,1.0);
#1968=VECTOR('',#1971,1.0);
#1969=VECTOR('',#1972,1.0);
#1970=DIRECTION('',(0,0,-1));
#1971=DIRECTION('',(0,0.39872455412822755,0.9170707333326292));
#1972=DIRECTION('',(0,-1,0));
#1973=FACE_SURFACE('',(#1978),#1974,.T.);
#1974=PLANE('',#1975);
#1975=AXIS2_PLACEMENT_3D('',#106,#1976,#1977);
#1976=DIRECTION('',(1,0,0));
#1977=DIRECTION('',(0,-0.39872455412822755,-0.9170707333326292));
#1978=FACE_BOUND('',#1979,.T.);
#1979=EDGE_LOOP('',(#1980,#1981,#1982));
#1980=ORIENTED_EDGE('',*,*,#1983,.T.);
#1981=ORIENTED_EDGE('',*,*,#1984,.T.);
#1982=ORIENTED_EDGE('',*,*,#1985,.T.);
#1983=EDGE_CURVE('',#107,#125,#1986,.F.);
#1984=EDGE_CURVE('',#125,#127,#1987,.T.);
#1985=EDGE_CURVE('',#127,#107,#1988,.T.);
#1986=LINE('',#106,#1989);
#1987=LINE('',#124,#1990);
#1988=LINE('',#126,#1991);
#1989=VECTOR('',#1992,1.0);
#1990=VECTOR('',#1993,1.0);
#1991=VECTOR('',#1994,1.0);
#1992=DIRECTION('',(0,-0.39872455412822755,-0.9170707333326292));
#1993=DIRECTION('',(0,0,-1));
#1994=DIRECTION('',(0,0.2900065355608734,0.9570246649548693));
#1995=FACE_SURFACE('',(#2000),#1996,.T.);
#1996=PLANE('',#1997);
#1997=AXIS2_PLACEMENT_3D('',#106,#1998,#1999);
#1998=DIRECTION('',(1,0,0));
#1999=DIRECTION('',(0,-0.2900065355608734,-0.9570246649548693));
#2000=FACE_BOUND('',#2001,.T.);
#2001=EDGE_LOOP('',(#2002,#2003,#2004));
#2002=ORIENTED_EDGE('',*,*,#2005,.T.);
#2003=ORIENTED_EDGE('',*,*,#2006,.T.);
#2004=ORIENTED_EDGE('',*,*,#2007,.T.);
#2005=EDGE_CURVE('',#107,#127,#2008,.F.);
#2006=EDGE_CURVE('',#127,#119,#2009,.T.);
#2007=EDGE_CURVE('',#119,#107,#2010,.T.);
#2008=LINE('',#106,#2011);
#2009=LINE('',#126,#2012);
#2010=LINE('',#118,#2013);
#2011=VECTOR('',#2014,1.0);
#2012=VECTOR('',#2015,1.0);
#2013=VECTOR('',#2016,1.0);
#2014=DIRECTION('',(0,-0.2900065355608734,-0.9570246649548693));
#2015=DIRECTION('',(0,0,-1));
#2016=DIRECTION('',(0,0.19611584739871912,0.9805807332387693));
#2017=FACE_SURFACE('',(#2022),#2018,.T.);
#2018=PLANE('',#2019);
#2019=AXIS2_PLACEMENT_3D('',#126,#2020,#2021);
#2020=DIRECTION('',(1,0,-0));
#2021=DIRECTION('',(0,0,1));
#2022=FACE_BOUND('',#2023,.T.);
#2023=EDGE_LOOP('',(#2024,#2025,#2026));
#2024=ORIENTED_EDGE('',*,*,#2027,.T.);
#2025=ORIENTED_EDGE('',*,*,#2028,.T.);
#2026=ORIENTED_EDGE('',*,*,#2029,.T.);
#2027=EDGE_CURVE('',#127,#125,#2030,.F.);
#2028=EDGE_CURVE('',#125,#129,#2031,.T.);
#2029=EDGE_CURVE('',#129,#127,#2032,.T.);
#2030=LINE('',#126,#2033);
#2031=LINE('',#124,#2034);
#2032=LINE('',#128,#2035);
#2033=VECTOR('',#2036,1.0);
#2034=VECTOR('',#2037,1.0);
#2035=VECTOR('',#2038,1.0);
#2036=DIRECTION('',(0,0,1));
#2037=DIRECTION('',(0,-0.9952285254964729,-0.09757142019114176));
#2038=DIRECTION('',(0,1,0));
#2039=FACE_SURFACE('',(#2044),#2040,.T.);
#2040=PLANE('',#2041);
#2041=AXIS2_PLACEMENT_3D('',#128,#2042,#2043);
#2042=DIRECTION('',(1,0,0));
#2043=DIRECTION('',(0,0.9952285254964729,0.09757142019114176));
#2044=FACE_BOUND('',#2045,.T.);
#2045=EDGE_LOOP('',(#2046,#2047,#2048));
#2046=ORIENTED_EDGE('',*,*,#2049,.T.);
#2047=ORIENTED_EDGE('',*,*,#2050,.T.);
#2048=ORIENTED_EDGE('',*,*,#2051,.T.);
#2049=EDGE_CURVE('',#129,#125,#2052,.F.);
#2050=EDGE_CURVE('',#125,#131,#2053,.T.);
#2051=EDGE_CURVE('',#131,#129,#2054,.T.);
#2052=LINE('',#128,#2055);
#2053=LINE('',#124,#2056);
#2054=LINE('',#130,#2057);
#2055=VECTOR('',#2058,1.0);
#2056=VECTOR('',#2059,1.0);
#2057=VECTOR('',#2060,1.0);
#2058=DIRECTION('',(0,0.9952285254964729,0.09757142019114176));
#2059=DIRECTION('',(0,-1,0));
#2060=DIRECTION('',(0,0,-1));
#2061=FACE_SURFACE('',(#2066),#2062,.T.);
#2062=PLANE('',#2063);
#2063=AXIS2_PLACEMENT_3D('',#128,#2064,#2065);
#2064=DIRECTION('',(1,0,-0));
#2065=DIRECTION('',(0,0,1));
#2066=FACE_BOUND('',#2067,.T.);
#2067=EDGE_LOOP('',(#2068,#2069,#2070));
#2068=ORIENTED_EDGE('',*,*,#2071,.T.);
#2069=ORIENTED_EDGE('',*,*,#2072,.T.);
#2070=ORIENTED_EDGE('',*,*,#2073,.T.);
#2071=EDGE_CURVE('',#129,#131,#2074,.F.);
#2072=EDGE_CURVE('',#131,#113,#2075,.T.);
#2073=EDGE_CURVE('',#113,#129,#2076,.T.);
#2074=LINE('',#128,#2077);
#2075=LINE('',#130,#2078);
#2076=LINE('',#112,#2079);
#2077=VECTOR('',#2080,1.0);
#2078=VECTOR('',#2081,1.0);
#2079=VECTOR('',#2082,1.0);
#2080=DIRECTION('',(0,0,1));
#2081=DIRECTION('',(0,-0.398724514153201,0.9170707507129937));
#2082=DIRECTION('',(0,0.2900065038969918,-0.9570246745499533));
#2083=FACE_SURFACE('',(#2088),#2084,.T.);
#2084=PLANE('',#2085);
#2085=AXIS2_PLACEMENT_3D('',#112,#2086,#2087);
#2086=DIRECTION('',(1,-0,0));
#2087=DIRECTION('',(0,0.398724514153201,-0.9170707507129937));
#2088=FACE_BOUND('',#2089,.T.);
#2089=EDGE_LOOP('',(#2090,#2091,#2092));
#2090=ORIENTED_EDGE('',*,*,#2093,.T.);
#2091=ORIENTED_EDGE('',*,*,#2094,.T.);
#2092=ORIENTED_EDGE('',*,*,#2095,.T.);
#2093=EDGE_CURVE('',#113,#131,#2096,.F.);
#2094=EDGE_CURVE('',#131,#133,#2097,.T.);
#2095=EDGE_CURVE('',#133,#113,#2098,.T.);
#2096=LINE('',#112,#2099);
#2097=LINE('',#130,#2100);
#2098=LINE('',#132,#2101);
#2099=VECTOR('',#2102,1.0);
#2100=VECTOR('',#2103,1.0);
#2101=VECTOR('',#2104,1.0);
#2102=DIRECTION('',(0,0.398724514153201,-0.9170707507129937));
#2103=DIRECTION('',(0,0,1));
#2104=DIRECTION('',(0,-1,0));
#2105=FACE_SURFACE('',(#2110),#2106,.T.);
#2106=PLANE('',#2107);
#2107=AXIS2_PLACEMENT_3D('',#116,#2108,#2109);
#2108=DIRECTION('',(1,0,-0));
#2109=DIRECTION('',(0,0,1));
#2110=FACE_BOUND('',#2111,.T.);
#2111=EDGE_LOOP('',(#2112,#2113,#2114));
#2112=ORIENTED_EDGE('',*,*,#2115,.T.);
#2113=ORIENTED_EDGE('',*,*,#2116,.T.);
#2114=ORIENTED_EDGE('',*,*,#2117,.T.);
#2115=EDGE_CURVE('',#117,#129,#2118,.F.);
#2116=EDGE_CURVE('',#129,#113,#2119,.T.);
#2117=EDGE_CURVE('',#113,#117,#2120,.T.);
#2118=LINE('',#116,#2121);
#2119=LINE('',#128,#2122);
#2120=LINE('',#112,#2123);
#2121=VECTOR('',#2124,1.0);
#2122=VECTOR('',#2125,1.0);
#2123=VECTOR('',#2126,1.0);
#2124=DIRECTION('',(0,0,1));
#2125=DIRECTION('',(0,-0.2900065038969918,0.9570246745499533));
#2126=DIRECTION('',(0,0.19611582491907129,-0.9805807377346917));
#2127=FACE_SURFACE('',(#2132),#2128,.T.);
#2128=PLANE('',#2129);
#2129=AXIS2_PLACEMENT_3D('',#134,#2130,#2131);
#2130=DIRECTION('',(-0,0,1));
#2131=DIRECTION('',(0.06237828621304879,-0.9980525784792718,0));
#2132=FACE_BOUND('',#2133,.T.);
#2133=EDGE_LOOP('',(#2134,#2135,#2136));
#2134=ORIENTED_EDGE('',*,*,#2137,.T.);
#2135=ORIENTED_EDGE('',*,*,#2138,.T.);
#2136=ORIENTED_EDGE('',*,*,#2139,.T.);
#2137=EDGE_CURVE('',#135,#137,#2140,.F.);
#2138=EDGE_CURVE('',#137,#139,#2141,.T.);
#2139=EDGE_CURVE('',#139,#135,#2142,.T.);
#2140=LINE('',#134,#2143);
#2141=LINE('',#136,#2144);
#2142=LINE('',#138,#2145);
#2143=VECTOR('',#2146,1.0);
#2144=VECTOR('',#2147,1.0);
#2145=VECTOR('',#2148,1.0);
#2146=DIRECTION('',(0.06237828621304879,-0.9980525784792718,0));
#2147=DIRECTION('',(0,1,0));
#2148=DIRECTION('',(-1,0,0));
#2149=FACE_SURFACE('',(#2154),#2150,.T.);
#2150=PLANE('',#2151);
#2151=AXIS2_PLACEMENT_3D('',#138,#2152,#2153);
#2152=DIRECTION('',(0,0,1));
#2153=DIRECTION('',(0,-1,0));
#2154=FACE_BOUND('',#2155,.T.);
#2155=EDGE_LOOP('',(#2156,#2157,#2158));
#2156=ORIENTED_EDGE('',*,*,#2159,.T.);
#2157=ORIENTED_EDGE('',*,*,#2160,.T.);
#2158=ORIENTED_EDGE('',*,*,#2161,.T.);
#2159=EDGE_CURVE('',#139,#137,#2162,.F.);
#2160=EDGE_CURVE('',#137,#141,#2163,.T.);
#2161=EDGE_CURVE('',#141,#139,#2164,.T.);
#2162=LINE('',#138,#2165);
#2163=LINE('',#136,#2166);
#2164=LINE('',#140,#2167);
#2165=VECTOR('',#2168,1.0);
#2166=VECTOR('',#2169,1.0);
#2167=VECTOR('',#2170,1.0);
#2168=DIRECTION('',(0,-1,0));
#2169=DIRECTION('',(0.9914446479860056,0.13052781305110842,0));
#2170=DIRECTION('',(-0.008096348720835473,0.9999672240315632,0));
#2171=FACE_SURFACE('',(#2176),#2172,.T.);
#2172=PLANE('',#2173);
#2173=AXIS2_PLACEMENT_3D('',#138,#2174,#2175);
#2174=DIRECTION('',(0,0,1));
#2175=DIRECTION('',(0.008096348720835473,-0.9999672240315632,0));
#2176=FACE_BOUND('',#2177,.T.);
#2177=EDGE_LOOP('',(#2178,#2179,#2180));
#2178=ORIENTED_EDGE('',*,*,#2181,.T.);
#2179=ORIENTED_EDGE('',*,*,#2182,.T.);
#2180=ORIENTED_EDGE('',*,*,#2183,.T.);
#2181=EDGE_CURVE('',#139,#141,#2184,.F.);
#2182=EDGE_CURVE('',#141,#143,#2185,.T.);
#2183=EDGE_CURVE('',#143,#139,#2186,.T.);
#2184=LINE('',#138,#2187);
#2185=LINE('',#140,#2188);
#2186=LINE('',#142,#2189);
#2187=VECTOR('',#2190,1.0);
#2188=VECTOR('',#2191,1.0);
#2189=VECTOR('',#2192,1.0);
#2190=DIRECTION('',(0.008096348720835473,-0.9999672240315632,0));
#2191=DIRECTION('',(0,1,0));
#2192=DIRECTION('',(-0.99144529064532,0.13052293153778352,0));
#2193=FACE_SURFACE('',(#2198),#2194,.T.);
#2194=PLANE('',#2195);
#2195=AXIS2_PLACEMENT_3D('',#142,#2196,#2197);
#2196=DIRECTION('',(0,0,1));
#2197=DIRECTION('',(0,-1,0));
#2198=FACE_BOUND('',#2199,.T.);
#2199=EDGE_LOOP('',(#2200,#2201,#2202));
#2200=ORIENTED_EDGE('',*,*,#2203,.T.);
#2201=ORIENTED_EDGE('',*,*,#2204,.T.);
#2202=ORIENTED_EDGE('',*,*,#2205,.T.);
#2203=EDGE_CURVE('',#143,#141,#2206,.F.);
#2204=EDGE_CURVE('',#141,#145,#2207,.T.);
#2205=EDGE_CURVE('',#145,#143,#2208,.T.);
#2206=LINE('',#142,#2209);
#2207=LINE('',#140,#2210);
#2208=LINE('',#144,#2211);
#2209=VECTOR('',#2212,1.0);
#2210=VECTOR('',#2213,1.0);
#2211=VECTOR('',#2214,1.0);
#2212=DIRECTION('',(0,-1,0));
#2213=DIRECTION('',(0.92388136967978,0.38267899701788377,0));
#2214=DIRECTION('',(-0.007576579287842797,0.9999712973112254,0));
#2215=FACE_SURFACE('',(#2220),#2216,.T.);
#2216=PLANE('',#2217);
#2217=AXIS2_PLACEMENT_3D('',#142,#2218,#2219);
#2218=DIRECTION('',(0,0,1));
#2219=DIRECTION('',(0.007576579287842797,-0.9999712973112254,0));
#2220=FACE_BOUND('',#2221,.T.);
#2221=EDGE_LOOP('',(#2222,#2223,#2224));
#2222=ORIENTED_EDGE('',*,*,#2225,.T.);
#2223=ORIENTED_EDGE('',*,*,#2226,.T.);
#2224=ORIENTED_EDGE('',*,*,#2227,.T.);
#2225=EDGE_CURVE('',#143,#145,#2228,.F.);
#2226=EDGE_CURVE('',#145,#147,#2229,.T.);
#2227=EDGE_CURVE('',#147,#143,#2230,.T.);
#2228=LINE('',#142,#2231);
#2229=LINE('',#144,#2232);
#2230=LINE('',#146,#2233);
#2231=VECTOR('',#2234,1.0);
#2232=VECTOR('',#2235,1.0);
#2233=VECTOR('',#2236,1.0);
#2234=DIRECTION('',(0.007576579287842797,-0.9999712973112254,0));
#2235=DIRECTION('',(0,1,0));
#2236=DIRECTION('',(-0.9238803202762261,0.3826815305267528,0));
#2237=FACE_SURFACE('',(#2242),#2238,.T.);
#2238=PLANE('',#2239);
#2239=AXIS2_PLACEMENT_3D('',#146,#2240,#2241);
#2240=DIRECTION('',(0,0,1));
#2241=DIRECTION('',(0,-1,0));
#2242=FACE_BOUND('',#2243,.T.);
#2243=EDGE_LOOP('',(#2244,#2245,#2246));
#2244=ORIENTED_EDGE('',*,*,#2247,.T.);
#2245=ORIENTED_EDGE('',*,*,#2248,.T.);
#2246=ORIENTED_EDGE('',*,*,#2249,.T.);
#2247=EDGE_CURVE('',#147,#145,#2250,.F.);
#2248=EDGE_CURVE('',#145,#149,#2251,.T.);
#2249=EDGE_CURVE('',#149,#147,#2252,.T.);
#2250=LINE('',#146,#2253);
#2251=LINE('',#144,#2254);
#2252=LINE('',#148,#2255);
#2253=VECTOR('',#2256,1.0);
#2254=VECTOR('',#2257,1.0);
#2255=VECTOR('',#2258,1.0);
#2256=DIRECTION('',(0,-1,0));
#2257=DIRECTION('',(0.5000000131829792,0.8660253961732419,0));
#2258=DIRECTION('',(-0.016196915401445595,0.9998688213618216,0));
#2259=FACE_SURFACE('',(#2264),#2260,.T.);
#2260=PLANE('',#2261);
#2261=AXIS2_PLACEMENT_3D('',#146,#2262,#2263);
#2262=DIRECTION('',(0,0,1));
#2263=DIRECTION('',(0.016196915401445595,-0.9998688213618216,0));
#2264=FACE_BOUND('',#2265,.T.);
#2265=EDGE_LOOP('',(#2266,#2267,#2268));
#2266=ORIENTED_EDGE('',*,*,#2269,.T.);
#2267=ORIENTED_EDGE('',*,*,#2270,.T.);
#2268=ORIENTED_EDGE('',*,*,#2271,.T.);
#2269=EDGE_CURVE('',#147,#149,#2272,.F.);
#2270=EDGE_CURVE('',#149,#151,#2273,.T.);
#2271=EDGE_CURVE('',#151,#147,#2274,.T.);
#2272=LINE('',#146,#2275);
#2273=LINE('',#148,#2276);
#2274=LINE('',#150,#2277);
#2275=VECTOR('',#2278,1.0);
#2276=VECTOR('',#2279,1.0);
#2277=VECTOR('',#2280,1.0);
#2278=DIRECTION('',(0.016196915401445595,-0.9998688213618216,0));
#2279=DIRECTION('',(0,1,0));
#2280=DIRECTION('',(-0.49999977444455707,0.8660255340088951,0));
#2281=FACE_SURFACE('',(#2286),#2282,.T.);
#2282=PLANE('',#2283);
#2283=AXIS2_PLACEMENT_3D('',#152,#2284,#2285);
#2284=DIRECTION('',(-0,0,1));
#2285=DIRECTION('',(0,-1,0));
#2286=FACE_BOUND('',#2287,.T.);
#2287=EDGE_LOOP('',(#2288,#2289,#2290));
#2288=ORIENTED_EDGE('',*,*,#2291,.T.);
#2289=ORIENTED_EDGE('',*,*,#2292,.T.);
#2290=ORIENTED_EDGE('',*,*,#2293,.T.);
#2291=EDGE_CURVE('',#153,#155,#2294,.F.);
#2292=EDGE_CURVE('',#155,#135,#2295,.T.);
#2293=EDGE_CURVE('',#135,#153,#2296,.T.);
#2294=LINE('',#152,#2297);
#2295=LINE('',#154,#2298);
#2296=LINE('',#134,#2299);
#2297=VECTOR('',#2300,1.0);
#2298=VECTOR('',#2301,1.0);
#2299=VECTOR('',#2302,1.0);
#2300=DIRECTION('',(0,-1,0));
#2301=DIRECTION('',(0.008096468045462744,0.9999672230654307,0));
#2302=DIRECTION('',(-0.9914455395896884,-0.13052104055558156,0));
#2303=FACE_SURFACE('',(#2308),#2304,.T.);
#2304=PLANE('',#2305);
#2305=AXIS2_PLACEMENT_3D('',#134,#2306,#2307);
#2306=DIRECTION('',(0,0,1));
#2307=DIRECTION('',(-0.008096468045462744,-0.9999672230654307,0));
#2308=FACE_BOUND('',#2309,.T.);
#2309=EDGE_LOOP('',(#2310,#2311,#2312));
#2310=ORIENTED_EDGE('',*,*,#2313,.T.);
#2311=ORIENTED_EDGE('',*,*,#2314,.T.);
#2312=ORIENTED_EDGE('',*,*,#2315,.T.);
#2313=EDGE_CURVE('',#135,#155,#2316,.F.);
#2314=EDGE_CURVE('',#155,#157,#2317,.T.);
#2315=EDGE_CURVE('',#157,#135,#2318,.T.);
#2316=LINE('',#134,#2319);
#2317=LINE('',#154,#2320);
#2318=LINE('',#156,#2321);
#2319=VECTOR('',#2322,1.0);
#2320=VECTOR('',#2323,1.0);
#2321=VECTOR('',#2324,1.0);
#2322=DIRECTION('',(-0.008096468045462744,-0.9999672230654307,0));
#2323=DIRECTION('',(0.9914448969488365,-0.1305259220006158,0));
#2324=DIRECTION('',(0,1,0));
#2325=FACE_SURFACE('',(#2330),#2326,.T.);
#2326=PLANE('',#2327);
#2327=AXIS2_PLACEMENT_3D('',#134,#2328,#2329);
#2328=DIRECTION('',(0,0,1));
#2329=DIRECTION('',(0,-1,0));
#2330=FACE_BOUND('',#2331,.T.);
#2331=EDGE_LOOP('',(#2332,#2333,#2334));
#2332=ORIENTED_EDGE('',*,*,#2335,.T.);
#2333=ORIENTED_EDGE('',*,*,#2336,.T.);
#2334=ORIENTED_EDGE('',*,*,#2337,.T.);
#2335=EDGE_CURVE('',#135,#157,#2338,.F.);
#2336=EDGE_CURVE('',#157,#137,#2339,.T.);
#2337=EDGE_CURVE('',#137,#135,#2340,.T.);
#2338=LINE('',#134,#2341);
#2339=LINE('',#156,#2342);
#2340=LINE('',#136,#2343);
#2341=VECTOR('',#2344,1.0);
#2342=VECTOR('',#2345,1.0);
#2343=VECTOR('',#2346,1.0);
#2344=DIRECTION('',(0,-1,0));
#2345=DIRECTION('',(1,-2.6645352591003757E-15,0));
#2346=DIRECTION('',(-0.06237828621304879,0.9980525784792718,0));
#2347=FACE_SURFACE('',(#2352),#2348,.T.);
#2348=PLANE('',#2349);
#2349=AXIS2_PLACEMENT_3D('',#154,#2350,#2351);
#2350=DIRECTION('',(0,-0,1));
#2351=DIRECTION('',(0,1,0));
#2352=FACE_BOUND('',#2353,.T.);
#2353=EDGE_LOOP('',(#2354,#2355,#2356));
#2354=ORIENTED_EDGE('',*,*,#2357,.T.);
#2355=ORIENTED_EDGE('',*,*,#2358,.T.);
#2356=ORIENTED_EDGE('',*,*,#2359,.T.);
#2357=EDGE_CURVE('',#155,#153,#2360,.F.);
#2358=EDGE_CURVE('',#153,#159,#2361,.T.);
#2359=EDGE_CURVE('',#159,#155,#2362,.T.);
#2360=LINE('',#154,#2363);
#2361=LINE('',#152,#2364);
#2362=LINE('',#158,#2365);
#2363=VECTOR('',#2366,1.0);
#2364=VECTOR('',#2367,1.0);
#2365=VECTOR('',#2368,1.0);
#2366=DIRECTION('',(0,1,0));
#2367=DIRECTION('',(-0.007576459459541207,-0.9999712982191328,0));
#2368=DIRECTION('',(0.9238792297209396,-0.3826841633648344,0));
#2369=FACE_SURFACE('',(#2374),#2370,.T.);
#2370=PLANE('',#2371);
#2371=AXIS2_PLACEMENT_3D('',#158,#2372,#2373);
#2372=DIRECTION('',(0,0,1));
#2373=DIRECTION('',(0.007576459459541207,0.9999712982191328,0));
#2374=FACE_BOUND('',#2375,.T.);
#2375=EDGE_LOOP('',(#2376,#2377,#2378));
#2376=ORIENTED_EDGE('',*,*,#2379,.T.);
#2377=ORIENTED_EDGE('',*,*,#2380,.T.);
#2378=ORIENTED_EDGE('',*,*,#2381,.T.);
#2379=EDGE_CURVE('',#159,#153,#2382,.F.);
#2380=EDGE_CURVE('',#153,#161,#2383,.T.);
#2381=EDGE_CURVE('',#161,#159,#2384,.T.);
#2382=LINE('',#158,#2385);
#2383=LINE('',#152,#2386);
#2384=LINE('',#160,#2387);
#2385=VECTOR('',#2388,1.0);
#2386=VECTOR('',#2389,1.0);
#2387=VECTOR('',#2390,1.0);
#2388=DIRECTION('',(0.007576459459541207,0.9999712982191328,0));
#2389=DIRECTION('',(-0.9238781802914813,-0.3826866968961701,0));
#2390=DIRECTION('',(0,-1,0));
#2391=FACE_SURFACE('',(#2396),#2392,.T.);
#2392=PLANE('',#2393);
#2393=AXIS2_PLACEMENT_3D('',#158,#2394,#2395);
#2394=DIRECTION('',(0,-0,1));
#2395=DIRECTION('',(0,1,0));
#2396=FACE_BOUND('',#2397,.T.);
#2397=EDGE_LOOP('',(#2398,#2399,#2400));
#2398=ORIENTED_EDGE('',*,*,#2401,.T.);
#2399=ORIENTED_EDGE('',*,*,#2402,.T.);
#2400=ORIENTED_EDGE('',*,*,#2403,.T.);
#2401=EDGE_CURVE('',#159,#161,#2404,.F.);
#2402=EDGE_CURVE('',#161,#163,#2405,.T.);
#2403=EDGE_CURVE('',#163,#159,#2406,.T.);
#2404=LINE('',#158,#2407);
#2405=LINE('',#160,#2408);
#2406=LINE('',#162,#2409);
#2407=VECTOR('',#2410,1.0);
#2408=VECTOR('',#2411,1.0);
#2409=VECTOR('',#2412,1.0);
#2410=DIRECTION('',(0,1,0));
#2411=DIRECTION('',(-0.016196915401445595,-0.9998688213618216,0));
#2412=DIRECTION('',(0.5000000131829792,-0.8660253961732419,0));
#2413=FACE_SURFACE('',(#2418),#2414,.T.);
#2414=PLANE('',#2415);
#2415=AXIS2_PLACEMENT_3D('',#162,#2416,#2417);
#2416=DIRECTION('',(0,0,1));
#2417=DIRECTION('',(0.016196915401445595,0.9998688213618216,0));
#2418=FACE_BOUND('',#2419,.T.);
#2419=EDGE_LOOP('',(#2420,#2421,#2422));
#2420=ORIENTED_EDGE('',*,*,#2423,.T.);
#2421=ORIENTED_EDGE('',*,*,#2424,.T.);
#2422=ORIENTED_EDGE('',*,*,#2425,.T.);
#2423=EDGE_CURVE('',#163,#161,#2426,.F.);
#2424=EDGE_CURVE('',#161,#165,#2427,.T.);
#2425=EDGE_CURVE('',#165,#163,#2428,.T.);
#2426=LINE('',#162,#2429);
#2427=LINE('',#160,#2430);
#2428=LINE('',#164,#2431);
#2429=VECTOR('',#2432,1.0);
#2430=VECTOR('',#2433,1.0);
#2431=VECTOR('',#2434,1.0);
#2432=DIRECTION('',(0.016196915401445595,0.9998688213618216,0));
#2433=DIRECTION('',(-0.49999977444455707,-0.8660255340088951,0));
#2434=DIRECTION('',(0,-1,0));
#2435=FACE_SURFACE('',(#2440),#2436,.T.);
#2436=PLANE('',#2437);
#2437=AXIS2_PLACEMENT_3D('',#164,#2438,#2439);
#2438=DIRECTION('',(0,0,1));
#2439=DIRECTION('',(0.49999977444455707,0.8660255340088951,0));
#2440=FACE_BOUND('',#2441,.T.);
#2441=EDGE_LOOP('',(#2442,#2443,#2444));
#2442=ORIENTED_EDGE('',*,*,#2445,.T.);
#2443=ORIENTED_EDGE('',*,*,#2446,.T.);
#2444=ORIENTED_EDGE('',*,*,#2447,.T.);
#2445=EDGE_CURVE('',#165,#161,#2448,.F.);
#2446=EDGE_CURVE('',#161,#167,#2449,.T.);
#2447=EDGE_CURVE('',#167,#165,#2450,.T.);
#2448=LINE('',#164,#2451);
#2449=LINE('',#160,#2452);
#2450=LINE('',#166,#2453);
#2451=VECTOR('',#2454,1.0);
#2452=VECTOR('',#2455,1.0);
#2453=VECTOR('',#2456,1.0);
#2454=DIRECTION('',(0.49999977444455707,0.8660255340088951,0));
#2455=DIRECTION('',(-0.793354870556795,-0.6087594347226258,0));
#2456=DIRECTION('',(-0.38268222937202623,-0.9238800308064115,0));
#2457=FACE_SURFACE('',(#2462),#2458,.T.);
#2458=PLANE('',#2459);
#2459=AXIS2_PLACEMENT_3D('',#164,#2460,#2461);
#2460=DIRECTION('',(0,0,1));
#2461=DIRECTION('',(0.38268222937202623,0.9238800308064115,0));
#2462=FACE_BOUND('',#2463,.T.);
#2463=EDGE_LOOP('',(#2464,#2465,#2466));
#2464=ORIENTED_EDGE('',*,*,#2467,.T.);
#2465=ORIENTED_EDGE('',*,*,#2468,.T.);
#2466=ORIENTED_EDGE('',*,*,#2469,.T.);
#2467=EDGE_CURVE('',#165,#167,#2470,.F.);
#2468=EDGE_CURVE('',#167,#169,#2471,.T.);
#2469=EDGE_CURVE('',#169,#165,#2472,.T.);
#2470=LINE('',#164,#2473);
#2471=LINE('',#166,#2474);
#2472=LINE('',#168,#2475);
#2473=VECTOR('',#2476,1.0);
#2474=VECTOR('',#2477,1.0);
#2475=VECTOR('',#2478,1.0);
#2476=DIRECTION('',(0.38268222937202623,0.9238800308064115,0));
#2477=DIRECTION('',(-0.6087640334084832,-0.7933513418582181,0));
#2478=DIRECTION('',(-0.25881466832019495,-0.9659269990337299,0));
#2479=FACE_SURFACE('',(#2484),#2480,.T.);
#2480=PLANE('',#2481);
#2481=AXIS2_PLACEMENT_3D('',#168,#2482,#2483);
#2482=DIRECTION('',(0,0,1));
#2483=DIRECTION('',(-0.3826804604958138,-0.9238807634942466,0));
#2484=FACE_BOUND('',#2485,.T.);
#2485=EDGE_LOOP('',(#2486,#2487,#2488));
#2486=ORIENTED_EDGE('',*,*,#2489,.T.);
#2487=ORIENTED_EDGE('',*,*,#2490,.T.);
#2488=ORIENTED_EDGE('',*,*,#2491,.T.);
#2489=EDGE_CURVE('',#169,#171,#2492,.F.);
#2490=EDGE_CURVE('',#171,#165,#2493,.T.);
#2491=EDGE_CURVE('',#165,#169,#2494,.T.);
#2492=LINE('',#168,#2495);
#2493=LINE('',#170,#2496);
#2494=LINE('',#164,#2497);
#2495=VECTOR('',#2498,1.0);
#2496=VECTOR('',#2499,1.0);
#2497=VECTOR('',#2500,1.0);
#2498=DIRECTION('',(-0.3826804604958138,-0.9238807634942466,0));
#2499=DIRECTION('',(-0.13052104055558156,-0.9914455395896884,0));
#2500=DIRECTION('',(0.25881466832019495,0.9659269990337299,0));
#2501=FACE_SURFACE('',(#2506),#2502,.T.);
#2502=PLANE('',#2503);
#2503=AXIS2_PLACEMENT_3D('',#172,#2504,#2505);
#2504=DIRECTION('',(-0,-0,1));
#2505=DIRECTION('',(0.3826798146995753,-0.9238810309891089,0));
#2506=FACE_BOUND('',#2507,.T.);
#2507=EDGE_LOOP('',(#2508,#2509,#2510));
#2508=ORIENTED_EDGE('',*,*,#2511,.T.);
#2509=ORIENTED_EDGE('',*,*,#2512,.T.);
#2510=ORIENTED_EDGE('',*,*,#2513,.T.);
#2511=EDGE_CURVE('',#173,#175,#2514,.F.);
#2512=EDGE_CURVE('',#175,#163,#2515,.T.);
#2513=EDGE_CURVE('',#163,#173,#2516,.T.);
#2514=LINE('',#172,#2517);
#2515=LINE('',#174,#2518);
#2516=LINE('',#162,#2519);
#2517=VECTOR('',#2520,1.0);
#2518=VECTOR('',#2521,1.0);
#2519=VECTOR('',#2522,1.0);
#2520=DIRECTION('',(0.3826798146995753,-0.9238810309891089,0));
#2521=DIRECTION('',(-0.25881469710661403,0.9659269913205716,0));
#2522=DIRECTION('',(0.13052130647167157,-0.9914455045825402,0));
#2523=FACE_SURFACE('',(#2528),#2524,.T.);
#2524=PLANE('',#2525);
#2525=AXIS2_PLACEMENT_3D('',#162,#2526,#2527);
#2526=DIRECTION('',(0,0,1));
#2527=DIRECTION('',(0.25881469710661403,-0.9659269913205716,0));
#2528=FACE_BOUND('',#2529,.T.);
#2529=EDGE_LOOP('',(#2530,#2531,#2532));
#2530=ORIENTED_EDGE('',*,*,#2533,.T.);
#2531=ORIENTED_EDGE('',*,*,#2534,.T.);
#2532=ORIENTED_EDGE('',*,*,#2535,.T.);
#2533=EDGE_CURVE('',#163,#175,#2536,.F.);
#2534=EDGE_CURVE('',#175,#177,#2537,.T.);
#2535=EDGE_CURVE('',#177,#163,#2538,.T.);
#2536=LINE('',#162,#2539);
#2537=LINE('',#174,#2540);
#2538=LINE('',#176,#2541);
#2539=VECTOR('',#2542,1.0);
#2540=VECTOR('',#2543,1.0);
#2541=VECTOR('',#2544,1.0);
#2542=DIRECTION('',(0.25881469710661403,-0.9659269913205716,0));
#2543=DIRECTION('',(0.6087654118076424,-0.7933502841662512,0));
#2544=DIRECTION('',(-0.38268260107688945,0.9238798768416955,0));
#2545=FACE_SURFACE('',(#2550),#2546,.T.);
#2546=PLANE('',#2547);
#2547=AXIS2_PLACEMENT_3D('',#162,#2548,#2549);
#2548=DIRECTION('',(0,0,1));
#2549=DIRECTION('',(0.38268260107688945,-0.9238798768416955,0));
#2550=FACE_BOUND('',#2551,.T.);
#2551=EDGE_LOOP('',(#2552,#2553,#2554));
#2552=ORIENTED_EDGE('',*,*,#2555,.T.);
#2553=ORIENTED_EDGE('',*,*,#2556,.T.);
#2554=ORIENTED_EDGE('',*,*,#2557,.T.);
#2555=EDGE_CURVE('',#163,#177,#2558,.F.);
#2556=EDGE_CURVE('',#177,#159,#2559,.T.);
#2557=EDGE_CURVE('',#159,#163,#2560,.T.);
#2558=LINE('',#162,#2561);
#2559=LINE('',#176,#2562);
#2560=LINE('',#158,#2563);
#2561=VECTOR('',#2564,1.0);
#2562=VECTOR('',#2565,1.0);
#2563=VECTOR('',#2566,1.0);
#2564=DIRECTION('',(0.38268260107688945,-0.9238798768416955,0));
#2565=DIRECTION('',(0.7933544019012427,-0.608760045489125,0));
#2566=DIRECTION('',(-0.5000000131829792,0.8660253961732419,0));
#2567=FACE_SURFACE('',(#2572),#2568,.T.);
#2568=PLANE('',#2569);
#2569=AXIS2_PLACEMENT_3D('',#144,#2570,#2571);
#2570=DIRECTION('',(0,0,1));
#2571=DIRECTION('',(0.7933489864926565,0.6087671029474859,0));
#2572=FACE_BOUND('',#2573,.T.);
#2573=EDGE_LOOP('',(#2574,#2575,#2576));
#2574=ORIENTED_EDGE('',*,*,#2577,.T.);
#2575=ORIENTED_EDGE('',*,*,#2578,.T.);
#2576=ORIENTED_EDGE('',*,*,#2579,.T.);
#2577=EDGE_CURVE('',#145,#179,#2580,.F.);
#2578=EDGE_CURVE('',#179,#149,#2581,.T.);
#2579=EDGE_CURVE('',#149,#145,#2582,.T.);
#2580=LINE('',#144,#2583);
#2581=LINE('',#178,#2584);
#2582=LINE('',#148,#2585);
#2583=VECTOR('',#2586,1.0);
#2584=VECTOR('',#2587,1.0);
#2585=VECTOR('',#2588,1.0);
#2586=DIRECTION('',(0.7933489864926565,0.6087671029474859,0));
#2587=DIRECTION('',(0.38268685530117474,0.9238781146773084,0));
#2588=DIRECTION('',(-0.5000000131829792,-0.8660253961732419,0));
#2589=FACE_SURFACE('',(#2594),#2590,.T.);
#2590=PLANE('',#2591);
#2591=AXIS2_PLACEMENT_3D('',#148,#2592,#2593);
#2592=DIRECTION('',(0,0,1));
#2593=DIRECTION('',(-0.38268685530117474,-0.9238781146773084,0));
#2594=FACE_BOUND('',#2595,.T.);
#2595=EDGE_LOOP('',(#2596,#2597,#2598));
#2596=ORIENTED_EDGE('',*,*,#2599,.T.);
#2597=ORIENTED_EDGE('',*,*,#2600,.T.);
#2598=ORIENTED_EDGE('',*,*,#2601,.T.);
#2599=EDGE_CURVE('',#149,#179,#2602,.F.);
#2600=EDGE_CURVE('',#179,#181,#2603,.T.);
#2601=EDGE_CURVE('',#181,#149,#2604,.T.);
#2602=LINE('',#148,#2605);
#2603=LINE('',#178,#2606);
#2604=LINE('',#180,#2607);
#2605=VECTOR('',#2608,1.0);
#2606=VECTOR('',#2609,1.0);
#2607=VECTOR('',#2610,1.0);
#2608=DIRECTION('',(-0.38268685530117474,-0.9238781146773084,0));
#2609=DIRECTION('',(0.6087655220797654,0.7933501995505835,0));
#2610=DIRECTION('',(0.25882154409663216,0.9659251566821495,0));
#2611=FACE_SURFACE('',(#2616),#2612,.T.);
#2612=PLANE('',#2613);
#2613=AXIS2_PLACEMENT_3D('',#148,#2614,#2615);
#2614=DIRECTION('',(0,0,1));
#2615=DIRECTION('',(-0.25882154409663216,-0.9659251566821495,0));
#2616=FACE_BOUND('',#2617,.T.);
#2617=EDGE_LOOP('',(#2618,#2619,#2620));
#2618=ORIENTED_EDGE('',*,*,#2621,.T.);
#2619=ORIENTED_EDGE('',*,*,#2622,.T.);
#2620=ORIENTED_EDGE('',*,*,#2623,.T.);
#2621=EDGE_CURVE('',#149,#181,#2624,.F.);
#2622=EDGE_CURVE('',#181,#183,#2625,.T.);
#2623=EDGE_CURVE('',#183,#149,#2626,.T.);
#2624=LINE('',#148,#2627);
#2625=LINE('',#180,#2628);
#2626=LINE('',#182,#2629);
#2627=VECTOR('',#2630,1.0);
#2628=VECTOR('',#2631,1.0);
#2629=VECTOR('',#2632,1.0);
#2630=DIRECTION('',(-0.25882154409663216,-0.9659251566821495,0));
#2631=DIRECTION('',(0.3826797339751855,0.9238810644258714,0));
#2632=DIRECTION('',(0.13053567026511576,0.9914436135194159,0));
#2633=FACE_SURFACE('',(#2638),#2634,.T.);
#2634=PLANE('',#2635);
#2635=AXIS2_PLACEMENT_3D('',#184,#2636,#2637);
#2636=DIRECTION('',(0,0,1));
#2637=DIRECTION('',(-0.3826804604958138,0.9238807634942466,0));
#2638=FACE_BOUND('',#2639,.T.);
#2639=EDGE_LOOP('',(#2640,#2641,#2642));
#2640=ORIENTED_EDGE('',*,*,#2643,.T.);
#2641=ORIENTED_EDGE('',*,*,#2644,.T.);
#2642=ORIENTED_EDGE('',*,*,#2645,.T.);
#2643=EDGE_CURVE('',#185,#187,#2646,.F.);
#2644=EDGE_CURVE('',#187,#151,#2647,.T.);
#2645=EDGE_CURVE('',#151,#185,#2648,.T.);
#2646=LINE('',#184,#2649);
#2647=LINE('',#186,#2650);
#2648=LINE('',#150,#2651);
#2649=VECTOR('',#2652,1.0);
#2650=VECTOR('',#2653,1.0);
#2651=VECTOR('',#2654,1.0);
#2652=DIRECTION('',(-0.3826804604958138,0.9238807634942466,0));
#2653=DIRECTION('',(0.25882154409663216,-0.9659251566821495,0));
#2654=DIRECTION('',(-0.13053540432077632,0.9914436485342026,0));
#2655=FACE_SURFACE('',(#2660),#2656,.T.);
#2656=PLANE('',#2657);
#2657=AXIS2_PLACEMENT_3D('',#150,#2658,#2659);
#2658=DIRECTION('',(0,0,1));
#2659=DIRECTION('',(-0.25882154409663216,0.9659251566821495,0));
#2660=FACE_BOUND('',#2661,.T.);
#2661=EDGE_LOOP('',(#2662,#2663,#2664));
#2662=ORIENTED_EDGE('',*,*,#2665,.T.);
#2663=ORIENTED_EDGE('',*,*,#2666,.T.);
#2664=ORIENTED_EDGE('',*,*,#2667,.T.);
#2665=EDGE_CURVE('',#151,#187,#2668,.F.);
#2666=EDGE_CURVE('',#187,#189,#2669,.T.);
#2667=EDGE_CURVE('',#189,#151,#2670,.T.);
#2668=LINE('',#150,#2671);
#2669=LINE('',#186,#2672);
#2670=LINE('',#188,#2673);
#2671=VECTOR('',#2674,1.0);
#2672=VECTOR('',#2675,1.0);
#2673=VECTOR('',#2676,1.0);
#2674=DIRECTION('',(-0.25882154409663216,0.9659251566821495,0));
#2675=DIRECTION('',(-0.6087640334084832,0.7933513418582181,0));
#2676=DIRECTION('',(0.3826864835935973,-0.9238782686451541,0));
#2677=FACE_SURFACE('',(#2682),#2678,.T.);
#2678=PLANE('',#2679);
#2679=AXIS2_PLACEMENT_3D('',#150,#2680,#2681);
#2680=DIRECTION('',(0,0,1));
#2681=DIRECTION('',(-0.3826864835935973,0.9238782686451541,0));
#2682=FACE_BOUND('',#2683,.T.);
#2683=EDGE_LOOP('',(#2684,#2685,#2686));
#2684=ORIENTED_EDGE('',*,*,#2687,.T.);
#2685=ORIENTED_EDGE('',*,*,#2688,.T.);
#2686=ORIENTED_EDGE('',*,*,#2689,.T.);
#2687=EDGE_CURVE('',#151,#189,#2690,.F.);
#2688=EDGE_CURVE('',#189,#147,#2691,.T.);
#2689=EDGE_CURVE('',#147,#151,#2692,.T.);
#2690=LINE('',#150,#2693);
#2691=LINE('',#188,#2694);
#2692=LINE('',#146,#2695);
#2693=VECTOR('',#2696,1.0);
#2694=VECTOR('',#2697,1.0);
#2695=VECTOR('',#2698,1.0);
#2696=DIRECTION('',(-0.3826864835935973,0.9238782686451541,0));
#2697=DIRECTION('',(-0.7933494551558762,0.6087664921822442,0));
#2698=DIRECTION('',(0.49999977444455707,-0.8660255340088951,0));
#2699=FACE_SURFACE('',(#2704),#2700,.T.);
#2700=PLANE('',#2701);
#2701=AXIS2_PLACEMENT_3D('',#190,#2702,#2703);
#2702=DIRECTION('',(-0,-1,-0));
#2703=DIRECTION('',(-1,0,0));
#2704=FACE_BOUND('',#2705,.T.);
#2705=EDGE_LOOP('',(#2706,#2707,#2708));
#2706=ORIENTED_EDGE('',*,*,#2709,.T.);
#2707=ORIENTED_EDGE('',*,*,#2710,.T.);
#2708=ORIENTED_EDGE('',*,*,#2711,.T.);
#2709=EDGE_CURVE('',#191,#193,#2712,.F.);
#2710=EDGE_CURVE('',#193,#195,#2713,.T.);
#2711=EDGE_CURVE('',#195,#191,#2714,.T.);
#2712=LINE('',#190,#2715);
#2713=LINE('',#192,#2716);
#2714=LINE('',#194,#2717);
#2715=VECTOR('',#2718,1.0);
#2716=VECTOR('',#2719,1.0);
#2717=VECTOR('',#2720,1.0);
#2718=DIRECTION('',(-1,0,0));
#2719=DIRECTION('',(0.4472135954999579,0,-0.8944271909999159));
#2720=DIRECTION('',(0,0,1));
#2721=FACE_SURFACE('',(#2726),#2722,.T.);
#2722=PLANE('',#2723);
#2723=AXIS2_PLACEMENT_3D('',#194,#2724,#2725);
#2724=DIRECTION('',(0,-1,0));
#2725=DIRECTION('',(-0.4472135954999579,0,0.8944271909999159));
#2726=FACE_BOUND('',#2727,.T.);
#2727=EDGE_LOOP('',(#2728,#2729,#2730));
#2728=ORIENTED_EDGE('',*,*,#2731,.T.);
#2729=ORIENTED_EDGE('',*,*,#2732,.T.);
#2730=ORIENTED_EDGE('',*,*,#2733,.T.);
#2731=EDGE_CURVE('',#195,#193,#2734,.F.);
#2732=EDGE_CURVE('',#193,#197,#2735,.T.);
#2733=EDGE_CURVE('',#197,#195,#2736,.T.);
#2734=LINE('',#194,#2737);
#2735=LINE('',#192,#2738);
#2736=LINE('',#196,#2739);
#2737=VECTOR('',#2740,1.0);
#2738=VECTOR('',#2741,1.0);
#2739=VECTOR('',#2742,1.0);
#2740=DIRECTION('',(-0.4472135954999579,0,0.8944271909999159));
#2741=DIRECTION('',(0,0,-1));
#2742=DIRECTION('',(1,0,0));
#2743=FACE_SURFACE('',(#2748),#2744,.T.);
#2744=PLANE('',#2745);
#2745=AXIS2_PLACEMENT_3D('',#198,#2746,#2747);
#2746=DIRECTION('',(-0,-1,-0));
#2747=DIRECTION('',(-1,0,0));
#2748=FACE_BOUND('',#2749,.T.);
#2749=EDGE_LOOP('',(#2750,#2751,#2752));
#2750=ORIENTED_EDGE('',*,*,#2753,.T.);
#2751=ORIENTED_EDGE('',*,*,#2754,.T.);
#2752=ORIENTED_EDGE('',*,*,#2755,.T.);
#2753=EDGE_CURVE('',#199,#201,#2756,.F.);
#2754=EDGE_CURVE('',#201,#139,#2757,.T.);
#2755=EDGE_CURVE('',#139,#199,#2758,.T.);
#2756=LINE('',#198,#2759);
#2757=LINE('',#200,#2760);
#2758=LINE('',#138,#2761);
#2759=VECTOR('',#2762,1.0);
#2760=VECTOR('',#2763,1.0);
#2761=VECTOR('',#2764,1.0);
#2762=DIRECTION('',(-1,0,0));
#2763=DIRECTION('',(0.4472135954999579,0,-0.8944271909999159));
#2764=DIRECTION('',(0,0,1));
#2765=FACE_SURFACE('',(#2770),#2766,.T.);
#2766=PLANE('',#2767);
#2767=AXIS2_PLACEMENT_3D('',#138,#2768,#2769);
#2768=DIRECTION('',(0,-1,0));
#2769=DIRECTION('',(-0.4472135954999579,0,0.8944271909999159));
#2770=FACE_BOUND('',#2771,.T.);
#2771=EDGE_LOOP('',(#2772,#2773,#2774));
#2772=ORIENTED_EDGE('',*,*,#2775,.T.);
#2773=ORIENTED_EDGE('',*,*,#2776,.T.);
#2774=ORIENTED_EDGE('',*,*,#2777,.T.);
#2775=EDGE_CURVE('',#139,#201,#2778,.F.);
#2776=EDGE_CURVE('',#201,#135,#2779,.T.);
#2777=EDGE_CURVE('',#135,#139,#2780,.T.);
#2778=LINE('',#138,#2781);
#2779=LINE('',#200,#2782);
#2780=LINE('',#134,#2783);
#2781=VECTOR('',#2784,1.0);
#2782=VECTOR('',#2785,1.0);
#2783=VECTOR('',#2786,1.0);
#2784=DIRECTION('',(-0.4472135954999579,0,0.8944271909999159));
#2785=DIRECTION('',(0,0,-1));
#2786=DIRECTION('',(1,0,0));
#2787=FACE_SURFACE('',(#2792),#2788,.T.);
#2788=PLANE('',#2789);
#2789=AXIS2_PLACEMENT_3D('',#196,#2790,#2791);
#2790=DIRECTION('',(0.13052104055558156,-0.9914455395896884,0));
#2791=DIRECTION('',(0,0,1));
#2792=FACE_BOUND('',#2793,.T.);
#2793=EDGE_LOOP('',(#2794,#2795,#2796));
#2794=ORIENTED_EDGE('',*,*,#2797,.T.);
#2795=ORIENTED_EDGE('',*,*,#2798,.T.);
#2796=ORIENTED_EDGE('',*,*,#2799,.T.);
#2797=EDGE_CURVE('',#197,#193,#2800,.F.);
#2798=EDGE_CURVE('',#193,#203,#2801,.T.);
#2799=EDGE_CURVE('',#203,#197,#2802,.T.);
#2800=LINE('',#196,#2803);
#2801=LINE('',#192,#2804);
#2802=LINE('',#202,#2805);
#2803=VECTOR('',#2806,1.0);
#2804=VECTOR('',#2807,1.0);
#2805=VECTOR('',#2808,1.0);
#2806=DIRECTION('',(0,0,1));
#2807=DIRECTION('',(-0.0645675354085813,-0.008500135984398187,-0.9978771372566406));
#2808=DIRECTION('',(0.9914455395896884,0.13052104055558156,0));
#2809=FACE_SURFACE('',(#2814),#2810,.T.);
#2810=PLANE('',#2811);
#2811=AXIS2_PLACEMENT_3D('',#202,#2812,#2813);
#2812=DIRECTION('',(0.13052104055558156,-0.9914455395896884,0));
#2813=DIRECTION('',(0.0645675354085813,0.008500135984398187,0.9978771372566406));
#2814=FACE_BOUND('',#2815,.T.);
#2815=EDGE_LOOP('',(#2816,#2817,#2818));
#2816=ORIENTED_EDGE('',*,*,#2819,.T.);
#2817=ORIENTED_EDGE('',*,*,#2820,.T.);
#2818=ORIENTED_EDGE('',*,*,#2821,.T.);
#2819=EDGE_CURVE('',#203,#193,#2822,.F.);
#2820=EDGE_CURVE('',#193,#205,#2823,.T.);
#2821=EDGE_CURVE('',#205,#203,#2824,.T.);
#2822=LINE('',#202,#2825);
#2823=LINE('',#192,#2826);
#2824=LINE('',#204,#2827);
#2825=VECTOR('',#2828,1.0);
#2826=VECTOR('',#2829,1.0);
#2827=VECTOR('',#2830,1.0);
#2828=DIRECTION('',(0.0645675354085813,0.008500135984398187,0.9978771372566406));
#2829=DIRECTION('',(-0.9914455395896884,-0.13052104055558156,0));
#2830=DIRECTION('',(0,0,-1));
#2831=FACE_SURFACE('',(#2836),#2832,.T.);
#2832=PLANE('',#2833);
#2833=AXIS2_PLACEMENT_3D('',#202,#2834,#2835);
#2834=DIRECTION('',(0.3826866968961701,-0.9238781802914813,0));
#2835=DIRECTION('',(0,0,1));
#2836=FACE_BOUND('',#2837,.T.);
#2837=EDGE_LOOP('',(#2838,#2839,#2840));
#2838=ORIENTED_EDGE('',*,*,#2841,.T.);
#2839=ORIENTED_EDGE('',*,*,#2842,.T.);
#2840=ORIENTED_EDGE('',*,*,#2843,.T.);
#2841=EDGE_CURVE('',#203,#205,#2844,.F.);
#2842=EDGE_CURVE('',#205,#207,#2845,.T.);
#2843=EDGE_CURVE('',#207,#203,#2846,.T.);
#2844=LINE('',#202,#2847);
#2845=LINE('',#204,#2848);
#2846=LINE('',#206,#2849);
#2847=VECTOR('',#2850,1.0);
#2848=VECTOR('',#2851,1.0);
#2849=VECTOR('',#2852,1.0);
#2850=DIRECTION('',(0,0,1));
#2851=DIRECTION('',(-0.060167107293932647,-0.024922280927609057,-0.9978771463027128));
#2852=DIRECTION('',(0.9238781802914813,0.3826866968961701,0));
#2853=FACE_SURFACE('',(#2858),#2854,.T.);
#2854=PLANE('',#2855);
#2855=AXIS2_PLACEMENT_3D('',#206,#2856,#2857);
#2856=DIRECTION('',(0.3826866968961701,-0.9238781802914813,0));
#2857=DIRECTION('',(0.060167107293932647,0.024922280927609057,0.9978771463027128));
#2858=FACE_BOUND('',#2859,.T.);
#2859=EDGE_LOOP('',(#2860,#2861,#2862));
#2860=ORIENTED_EDGE('',*,*,#2863,.T.);
#2861=ORIENTED_EDGE('',*,*,#2864,.T.);
#2862=ORIENTED_EDGE('',*,*,#2865,.T.);
#2863=EDGE_CURVE('',#207,#205,#2866,.F.);
#2864=EDGE_CURVE('',#205,#209,#2867,.T.);
#2865=EDGE_CURVE('',#209,#207,#2868,.T.);
#2866=LINE('',#206,#2869);
#2867=LINE('',#204,#2870);
#2868=LINE('',#208,#2871);
#2869=VECTOR('',#2872,1.0);
#2870=VECTOR('',#2873,1.0);
#2871=VECTOR('',#2874,1.0);
#2872=DIRECTION('',(0.060167107293932647,0.024922280927609057,0.9978771463027128));
#2873=DIRECTION('',(-0.9238781802914813,-0.3826866968961701,0));
#2874=DIRECTION('',(0,0,-1));
#2875=FACE_SURFACE('',(#2880),#2876,.T.);
#2876=PLANE('',#2877);
#2877=AXIS2_PLACEMENT_3D('',#206,#2878,#2879);
#2878=DIRECTION('',(0.6087594347226258,-0.793354870556795,0));
#2879=DIRECTION('',(0,0,1));
#2880=FACE_BOUND('',#2881,.T.);
#2881=EDGE_LOOP('',(#2882,#2883,#2884));
#2882=ORIENTED_EDGE('',*,*,#2885,.T.);
#2883=ORIENTED_EDGE('',*,*,#2886,.T.);
#2884=ORIENTED_EDGE('',*,*,#2887,.T.);
#2885=EDGE_CURVE('',#207,#209,#2888,.F.);
#2886=EDGE_CURVE('',#209,#211,#2889,.T.);
#2887=EDGE_CURVE('',#211,#207,#2890,.T.);
#2888=LINE('',#206,#2891);
#2889=LINE('',#208,#2892);
#2890=LINE('',#210,#2893);
#2891=VECTOR('',#2894,1.0);
#2892=VECTOR('',#2895,1.0);
#2893=VECTOR('',#2896,1.0);
#2894=DIRECTION('',(0,0,1));
#2895=DIRECTION('',(-0.051666970682771034,-0.03964525464449459,-0.9978771356858712));
#2896=DIRECTION('',(0.793354870556795,0.6087594347226258,0));
#2897=FACE_SURFACE('',(#2902),#2898,.T.);
#2898=PLANE('',#2899);
#2899=AXIS2_PLACEMENT_3D('',#210,#2900,#2901);
#2900=DIRECTION('',(0.6087594347226258,-0.793354870556795,0));
#2901=DIRECTION('',(0.051666970682771034,0.03964525464449459,0.9978771356858712));
#2902=FACE_BOUND('',#2903,.T.);
#2903=EDGE_LOOP('',(#2904,#2905,#2906));
#2904=ORIENTED_EDGE('',*,*,#2907,.T.);
#2905=ORIENTED_EDGE('',*,*,#2908,.T.);
#2906=ORIENTED_EDGE('',*,*,#2909,.T.);
#2907=EDGE_CURVE('',#211,#209,#2910,.F.);
#2908=EDGE_CURVE('',#209,#213,#2911,.T.);
#2909=EDGE_CURVE('',#213,#211,#2912,.T.);
#2910=LINE('',#210,#2913);
#2911=LINE('',#208,#2914);
#2912=LINE('',#212,#2915);
#2913=VECTOR('',#2916,1.0);
#2914=VECTOR('',#2917,1.0);
#2915=VECTOR('',#2918,1.0);
#2916=DIRECTION('',(0.051666970682771034,0.03964525464449459,0.9978771356858712));
#2917=DIRECTION('',(-0.793354870556795,-0.6087594347226258,0));
#2918=DIRECTION('',(0,0,-1));
#2919=FACE_SURFACE('',(#2924),#2920,.T.);
#2920=PLANE('',#2921);
#2921=AXIS2_PLACEMENT_3D('',#210,#2922,#2923);
#2922=DIRECTION('',(0.7933513418582181,-0.6087640334084832,0));
#2923=DIRECTION('',(0,0,1));
#2924=FACE_BOUND('',#2925,.T.);
#2925=EDGE_LOOP('',(#2926,#2927,#2928));
#2926=ORIENTED_EDGE('',*,*,#2929,.T.);
#2927=ORIENTED_EDGE('',*,*,#2930,.T.);
#2928=ORIENTED_EDGE('',*,*,#2931,.T.);
#2929=EDGE_CURVE('',#211,#213,#2932,.F.);
#2930=EDGE_CURVE('',#213,#215,#2933,.T.);
#2931=EDGE_CURVE('',#215,#211,#2934,.T.);
#2932=LINE('',#210,#2935);
#2933=LINE('',#212,#2936);
#2934=LINE('',#214,#2937);
#2935=VECTOR('',#2938,1.0);
#2936=VECTOR('',#2939,1.0);
#2937=VECTOR('',#2940,1.0);
#2938=DIRECTION('',(0,0,1));
#2939=DIRECTION('',(-0.03964572972150278,-0.05166696970810919,-0.9978771168616057));
#2940=DIRECTION('',(0.6087640334084832,0.7933513418582181,0));
#2941=FACE_SURFACE('',(#2946),#2942,.T.);
#2942=PLANE('',#2943);
#2943=AXIS2_PLACEMENT_3D('',#214,#2944,#2945);
#2944=DIRECTION('',(0.7933513418582181,-0.6087640334084832,0));
#2945=DIRECTION('',(0.03964572972150278,0.05166696970810919,0.9978771168616057));
#2946=FACE_BOUND('',#2947,.T.);
#2947=EDGE_LOOP('',(#2948,#2949,#2950));
#2948=ORIENTED_EDGE('',*,*,#2951,.T.);
#2949=ORIENTED_EDGE('',*,*,#2952,.T.);
#2950=ORIENTED_EDGE('',*,*,#2953,.T.);
#2951=EDGE_CURVE('',#215,#213,#2954,.F.);
#2952=EDGE_CURVE('',#213,#217,#2955,.T.);
#2953=EDGE_CURVE('',#217,#215,#2956,.T.);
#2954=LINE('',#214,#2957);
#2955=LINE('',#212,#2958);
#2956=LINE('',#216,#2959);
#2957=VECTOR('',#2960,1.0);
#2958=VECTOR('',#2961,1.0);
#2959=VECTOR('',#2962,1.0);
#2960=DIRECTION('',(0.03964572972150278,0.05166696970810919,0.9978771168616057));
#2961=DIRECTION('',(-0.6087640334084832,-0.7933513418582181,0));
#2962=DIRECTION('',(0,0,-1));
#2963=FACE_SURFACE('',(#2968),#2964,.T.);
#2964=PLANE('',#2965);
#2965=AXIS2_PLACEMENT_3D('',#214,#2966,#2967);
#2966=DIRECTION('',(0.9238807634942466,-0.3826804604958138,0));
#2967=DIRECTION('',(0,0,1));
#2968=FACE_BOUND('',#2969,.T.);
#2969=EDGE_LOOP('',(#2970,#2971,#2972));
#2970=ORIENTED_EDGE('',*,*,#2973,.T.);
#2971=ORIENTED_EDGE('',*,*,#2974,.T.);
#2972=ORIENTED_EDGE('',*,*,#2975,.T.);
#2973=EDGE_CURVE('',#215,#217,#2976,.F.);
#2974=EDGE_CURVE('',#217,#219,#2977,.T.);
#2975=EDGE_CURVE('',#219,#215,#2978,.T.);
#2976=LINE('',#214,#2979);
#2977=LINE('',#216,#2980);
#2978=LINE('',#218,#2981);
#2979=VECTOR('',#2982,1.0);
#2980=VECTOR('',#2983,1.0);
#2981=VECTOR('',#2984,1.0);
#2982=DIRECTION('',(0,0,1));
#2983=DIRECTION('',(-0.024921805398242326,-0.06016710800742603,-0.9978771581360678));
#2984=DIRECTION('',(0.3826804604958138,0.9238807634942466,0));
#2985=FACE_SURFACE('',(#2990),#2986,.T.);
#2986=PLANE('',#2987);
#2987=AXIS2_PLACEMENT_3D('',#218,#2988,#2989);
#2988=DIRECTION('',(0.9238807634942466,-0.3826804604958138,0));
#2989=DIRECTION('',(0.024921805398242326,0.06016710800742603,0.9978771581360678));
#2990=FACE_BOUND('',#2991,.T.);
#2991=EDGE_LOOP('',(#2992,#2993,#2994));
#2992=ORIENTED_EDGE('',*,*,#2995,.T.);
#2993=ORIENTED_EDGE('',*,*,#2996,.T.);
#2994=ORIENTED_EDGE('',*,*,#2997,.T.);
#2995=EDGE_CURVE('',#219,#217,#2998,.F.);
#2996=EDGE_CURVE('',#217,#221,#2999,.T.);
#2997=EDGE_CURVE('',#221,#219,#3000,.T.);
#2998=LINE('',#218,#3001);
#2999=LINE('',#216,#3002);
#3000=LINE('',#220,#3003);
#3001=VECTOR('',#3004,1.0);
#3002=VECTOR('',#3005,1.0);
#3003=VECTOR('',#3006,1.0);
#3004=DIRECTION('',(0.024921805398242326,0.06016710800742603,0.9978771581360678));
#3005=DIRECTION('',(-0.3826804604958138,-0.9238807634942466,0));
#3006=DIRECTION('',(0,0,-1));
#3007=FACE_SURFACE('',(#3012),#3008,.T.);
#3008=PLANE('',#3009);
#3009=AXIS2_PLACEMENT_3D('',#218,#3010,#3011);
#3010=DIRECTION('',(0.9914455395896884,-0.13052104055558156,0));
#3011=DIRECTION('',(0,0,1));
#3012=FACE_BOUND('',#3013,.T.);
#3013=EDGE_LOOP('',(#3014,#3015,#3016));
#3014=ORIENTED_EDGE('',*,*,#3017,.T.);
#3015=ORIENTED_EDGE('',*,*,#3018,.T.);
#3016=ORIENTED_EDGE('',*,*,#3019,.T.);
#3017=EDGE_CURVE('',#219,#221,#3020,.F.);
#3018=EDGE_CURVE('',#221,#223,#3021,.T.);
#3019=EDGE_CURVE('',#223,#219,#3022,.T.);
#3020=LINE('',#218,#3023);
#3021=LINE('',#220,#3024);
#3022=LINE('',#222,#3025);
#3023=VECTOR('',#3026,1.0);
#3024=VECTOR('',#3027,1.0);
#3025=VECTOR('',#3028,1.0);
#3026=DIRECTION('',(0,0,1));
#3027=DIRECTION('',(-0.008500135984398187,-0.0645675354085813,-0.9978771372566406));
#3028=DIRECTION('',(0.13052104055558156,0.9914455395896884,0));
#3029=FACE_SURFACE('',(#3034),#3030,.T.);
#3030=PLANE('',#3031);
#3031=AXIS2_PLACEMENT_3D('',#222,#3032,#3033);
#3032=DIRECTION('',(0.9914455395896884,-0.13052104055558156,0));
#3033=DIRECTION('',(0.008500135984398187,0.0645675354085813,0.9978771372566406));
#3034=FACE_BOUND('',#3035,.T.);
#3035=EDGE_LOOP('',(#3036,#3037,#3038));
#3036=ORIENTED_EDGE('',*,*,#3039,.T.);
#3037=ORIENTED_EDGE('',*,*,#3040,.T.);
#3038=ORIENTED_EDGE('',*,*,#3041,.T.);
#3039=EDGE_CURVE('',#223,#221,#3042,.F.);
#3040=EDGE_CURVE('',#221,#225,#3043,.T.);
#3041=EDGE_CURVE('',#225,#223,#3044,.T.);
#3042=LINE('',#222,#3045);
#3043=LINE('',#220,#3046);
#3044=LINE('',#224,#3047);
#3045=VECTOR('',#3048,1.0);
#3046=VECTOR('',#3049,1.0);
#3047=VECTOR('',#3050,1.0);
#3048=DIRECTION('',(0.008500135984398187,0.0645675354085813,0.9978771372566406));
#3049=DIRECTION('',(-0.13052104055558156,-0.9914455395896884,0));
#3050=DIRECTION('',(0,0,-1));
#3051=FACE_SURFACE('',(#3056),#3052,.T.);
#3052=PLANE('',#3053);
#3053=AXIS2_PLACEMENT_3D('',#134,#3054,#3055);
#3054=DIRECTION('',(0.13052104055558156,-0.9914455395896884,0));
#3055=DIRECTION('',(0,0,1));
#3056=FACE_BOUND('',#3057,.T.);
#3057=EDGE_LOOP('',(#3058,#3059,#3060));
#3058=ORIENTED_EDGE('',*,*,#3061,.T.);
#3059=ORIENTED_EDGE('',*,*,#3062,.T.);
#3060=ORIENTED_EDGE('',*,*,#3063,.T.);
#3061=EDGE_CURVE('',#135,#201,#3064,.F.);
#3062=EDGE_CURVE('',#201,#153,#3065,.T.);
#3063=EDGE_CURVE('',#153,#135,#3066,.T.);
#3064=LINE('',#134,#3067);
#3065=LINE('',#200,#3068);
#3066=LINE('',#152,#3069);
#3067=VECTOR('',#3070,1.0);
#3068=VECTOR('',#3071,1.0);
#3069=VECTOR('',#3072,1.0);
#3070=DIRECTION('',(0,0,1));
#3071=DIRECTION('',(-0.0645675354085813,-0.008500135984398187,-0.9978771372566406));
#3072=DIRECTION('',(0.9914455395896884,0.13052104055558156,0));
#3073=FACE_SURFACE('',(#3078),#3074,.T.);
#3074=PLANE('',#3075);
#3075=AXIS2_PLACEMENT_3D('',#152,#3076,#3077);
#3076=DIRECTION('',(0.13052104055558156,-0.9914455395896884,0));
#3077=DIRECTION('',(0.0645675354085813,0.008500135984398187,0.9978771372566406));
#3078=FACE_BOUND('',#3079,.T.);
#3079=EDGE_LOOP('',(#3080,#3081,#3082));
#3080=ORIENTED_EDGE('',*,*,#3083,.T.);
#3081=ORIENTED_EDGE('',*,*,#3084,.T.);
#3082=ORIENTED_EDGE('',*,*,#3085,.T.);
#3083=EDGE_CURVE('',#153,#201,#3086,.F.);
#3084=EDGE_CURVE('',#201,#227,#3087,.T.);
#3085=EDGE_CURVE('',#227,#153,#3088,.T.);
#3086=LINE('',#152,#3089);
#3087=LINE('',#200,#3090);
#3088=LINE('',#226,#3091);
#3089=VECTOR('',#3092,1.0);
#3090=VECTOR('',#3093,1.0);
#3091=VECTOR('',#3094,1.0);
#3092=DIRECTION('',(0.0645675354085813,0.008500135984398187,0.9978771372566406));
#3093=DIRECTION('',(-0.9914455395896884,-0.13052104055558156,0));
#3094=DIRECTION('',(0,0,-1));
#3095=FACE_SURFACE('',(#3100),#3096,.T.);
#3096=PLANE('',#3097);
#3097=AXIS2_PLACEMENT_3D('',#152,#3098,#3099);
#3098=DIRECTION('',(0.3826866968961701,-0.9238781802914813,0));
#3099=DIRECTION('',(0,0,1));
#3100=FACE_BOUND('',#3101,.T.);
#3101=EDGE_LOOP('',(#3102,#3103,#3104));
#3102=ORIENTED_EDGE('',*,*,#3105,.T.);
#3103=ORIENTED_EDGE('',*,*,#3106,.T.);
#3104=ORIENTED_EDGE('',*,*,#3107,.T.);
#3105=EDGE_CURVE('',#153,#227,#3108,.F.);
#3106=EDGE_CURVE('',#227,#161,#3109,.T.);
#3107=EDGE_CURVE('',#161,#153,#3110,.T.);
#3108=LINE('',#152,#3111);
#3109=LINE('',#226,#3112);
#3110=LINE('',#160,#3113);
#3111=VECTOR('',#3114,1.0);
#3112=VECTOR('',#3115,1.0);
#3113=VECTOR('',#3116,1.0);
#3114=DIRECTION('',(0,0,1));
#3115=DIRECTION('',(-0.060167107293932647,-0.024922280927609057,-0.9978771463027128));
#3116=DIRECTION('',(0.9238781802914813,0.3826866968961701,0));
#3117=FACE_SURFACE('',(#3122),#3118,.T.);
#3118=PLANE('',#3119);
#3119=AXIS2_PLACEMENT_3D('',#160,#3120,#3121);
#3120=DIRECTION('',(0.3826866968961701,-0.9238781802914813,0));
#3121=DIRECTION('',(0.060167107293932647,0.024922280927609057,0.9978771463027128));
#3122=FACE_BOUND('',#3123,.T.);
#3123=EDGE_LOOP('',(#3124,#3125,#3126));
#3124=ORIENTED_EDGE('',*,*,#3127,.T.);
#3125=ORIENTED_EDGE('',*,*,#3128,.T.);
#3126=ORIENTED_EDGE('',*,*,#3129,.T.);
#3127=EDGE_CURVE('',#161,#227,#3130,.F.);
#3128=EDGE_CURVE('',#227,#229,#3131,.T.);
#3129=EDGE_CURVE('',#229,#161,#3132,.T.);
#3130=LINE('',#160,#3133);
#3131=LINE('',#226,#3134);
#3132=LINE('',#228,#3135);
#3133=VECTOR('',#3136,1.0);
#3134=VECTOR('',#3137,1.0);
#3135=VECTOR('',#3138,1.0);
#3136=DIRECTION('',(0.060167107293932647,0.024922280927609057,0.9978771463027128));
#3137=DIRECTION('',(-0.9238781802914813,-0.3826866968961701,0));
#3138=DIRECTION('',(0,0,-1));
#3139=FACE_SURFACE('',(#3144),#3140,.T.);
#3140=PLANE('',#3141);
#3141=AXIS2_PLACEMENT_3D('',#160,#3142,#3143);
#3142=DIRECTION('',(0.6087594347226258,-0.793354870556795,0));
#3143=DIRECTION('',(0,0,1));
#3144=FACE_BOUND('',#3145,.T.);
#3145=EDGE_LOOP('',(#3146,#3147,#3148));
#3146=ORIENTED_EDGE('',*,*,#3149,.T.);
#3147=ORIENTED_EDGE('',*,*,#3150,.T.);
#3148=ORIENTED_EDGE('',*,*,#3151,.T.);
#3149=EDGE_CURVE('',#161,#229,#3152,.F.);
#3150=EDGE_CURVE('',#229,#167,#3153,.T.);
#3151=EDGE_CURVE('',#167,#161,#3154,.T.);
#3152=LINE('',#160,#3155);
#3153=LINE('',#228,#3156);
#3154=LINE('',#166,#3157);
#3155=VECTOR('',#3158,1.0);
#3156=VECTOR('',#3159,1.0);
#3157=VECTOR('',#3160,1.0);
#3158=DIRECTION('',(0,0,1));
#3159=DIRECTION('',(-0.051666970682771034,-0.03964525464449459,-0.9978771356858712));
#3160=DIRECTION('',(0.793354870556795,0.6087594347226258,0));
#3161=FACE_SURFACE('',(#3166),#3162,.T.);
#3162=PLANE('',#3163);
#3163=AXIS2_PLACEMENT_3D('',#166,#3164,#3165);
#3164=DIRECTION('',(0.6087594347226258,-0.793354870556795,0));
#3165=DIRECTION('',(0.051666970682771034,0.03964525464449459,0.9978771356858712));
#3166=FACE_BOUND('',#3167,.T.);
#3167=EDGE_LOOP('',(#3168,#3169,#3170));
#3168=ORIENTED_EDGE('',*,*,#3171,.T.);
#3169=ORIENTED_EDGE('',*,*,#3172,.T.);
#3170=ORIENTED_EDGE('',*,*,#3173,.T.);
#3171=EDGE_CURVE('',#167,#229,#3174,.F.);
#3172=EDGE_CURVE('',#229,#231,#3175,.T.);
#3173=EDGE_CURVE('',#231,#167,#3176,.T.);
#3174=LINE('',#166,#3177);
#3175=LINE('',#228,#3178);
#3176=LINE('',#230,#3179);
#3177=VECTOR('',#3180,1.0);
#3178=VECTOR('',#3181,1.0);
#3179=VECTOR('',#3182,1.0);
#3180=DIRECTION('',(0.051666970682771034,0.03964525464449459,0.9978771356858712));
#3181=DIRECTION('',(-0.793354870556795,-0.6087594347226258,0));
#3182=DIRECTION('',(0,0,-1));
#3183=FACE_SURFACE('',(#3188),#3184,.T.);
#3184=PLANE('',#3185);
#3185=AXIS2_PLACEMENT_3D('',#166,#3186,#3187);
#3186=DIRECTION('',(0.7933513418582181,-0.6087640334084832,0));
#3187=DIRECTION('',(0,0,1));
#3188=FACE_BOUND('',#3189,.T.);
#3189=EDGE_LOOP('',(#3190,#3191,#3192));
#3190=ORIENTED_EDGE('',*,*,#3193,.T.);
#3191=ORIENTED_EDGE('',*,*,#3194,.T.);
#3192=ORIENTED_EDGE('',*,*,#3195,.T.);
#3193=EDGE_CURVE('',#167,#231,#3196,.F.);
#3194=EDGE_CURVE('',#231,#169,#3197,.T.);
#3195=EDGE_CURVE('',#169,#167,#3198,.T.);
#3196=LINE('',#166,#3199);
#3197=LINE('',#230,#3200);
#3198=LINE('',#168,#3201);
#3199=VECTOR('',#3202,1.0);
#3200=VECTOR('',#3203,1.0);
#3201=VECTOR('',#3204,1.0);
#3202=DIRECTION('',(0,0,1));
#3203=DIRECTION('',(-0.03964572972150278,-0.05166696970810919,-0.9978771168616057));
#3204=DIRECTION('',(0.6087640334084832,0.7933513418582181,0));
#3205=FACE_SURFACE('',(#3210),#3206,.T.);
#3206=PLANE('',#3207);
#3207=AXIS2_PLACEMENT_3D('',#168,#3208,#3209);
#3208=DIRECTION('',(0.7933513418582181,-0.6087640334084832,0));
#3209=DIRECTION('',(0.03964572972150278,0.05166696970810919,0.9978771168616057));
#3210=FACE_BOUND('',#3211,.T.);
#3211=EDGE_LOOP('',(#3212,#3213,#3214));
#3212=ORIENTED_EDGE('',*,*,#3215,.T.);
#3213=ORIENTED_EDGE('',*,*,#3216,.T.);
#3214=ORIENTED_EDGE('',*,*,#3217,.T.);
#3215=EDGE_CURVE('',#169,#231,#3218,.F.);
#3216=EDGE_CURVE('',#231,#233,#3219,.T.);
#3217=EDGE_CURVE('',#233,#169,#3220,.T.);
#3218=LINE('',#168,#3221);
#3219=LINE('',#230,#3222);
#3220=LINE('',#232,#3223);
#3221=VECTOR('',#3224,1.0);
#3222=VECTOR('',#3225,1.0);
#3223=VECTOR('',#3226,1.0);
#3224=DIRECTION('',(0.03964572972150278,0.05166696970810919,0.9978771168616057));
#3225=DIRECTION('',(-0.6087640334084832,-0.7933513418582181,0));
#3226=DIRECTION('',(0,0,-1));
#3227=FACE_SURFACE('',(#3232),#3228,.T.);
#3228=PLANE('',#3229);
#3229=AXIS2_PLACEMENT_3D('',#168,#3230,#3231);
#3230=DIRECTION('',(0.9238807634942466,-0.3826804604958138,0));
#3231=DIRECTION('',(0,0,1));
#3232=FACE_BOUND('',#3233,.T.);
#3233=EDGE_LOOP('',(#3234,#3235,#3236));
#3234=ORIENTED_EDGE('',*,*,#3237,.T.);
#3235=ORIENTED_EDGE('',*,*,#3238,.T.);
#3236=ORIENTED_EDGE('',*,*,#3239,.T.);
#3237=EDGE_CURVE('',#169,#233,#3240,.F.);
#3238=EDGE_CURVE('',#233,#171,#3241,.T.);
#3239=EDGE_CURVE('',#171,#169,#3242,.T.);
#3240=LINE('',#168,#3243);
#3241=LINE('',#232,#3244);
#3242=LINE('',#170,#3245);
#3243=VECTOR('',#3246,1.0);
#3244=VECTOR('',#3247,1.0);
#3245=VECTOR('',#3248,1.0);
#3246=DIRECTION('',(0,0,1));
#3247=DIRECTION('',(-0.024921805398242326,-0.06016710800742603,-0.9978771581360678));
#3248=DIRECTION('',(0.3826804604958138,0.9238807634942466,0));
#3249=FACE_SURFACE('',(#3254),#3250,.T.);
#3250=PLANE('',#3251);
#3251=AXIS2_PLACEMENT_3D('',#170,#3252,#3253);
#3252=DIRECTION('',(0.9238807634942466,-0.3826804604958138,0));
#3253=DIRECTION('',(0.024921805398242326,0.06016710800742603,0.9978771581360678));
#3254=FACE_BOUND('',#3255,.T.);
#3255=EDGE_LOOP('',(#3256,#3257,#3258));
#3256=ORIENTED_EDGE('',*,*,#3259,.T.);
#3257=ORIENTED_EDGE('',*,*,#3260,.T.);
#3258=ORIENTED_EDGE('',*,*,#3261,.T.);
#3259=EDGE_CURVE('',#171,#233,#3262,.F.);
#3260=EDGE_CURVE('',#233,#235,#3263,.T.);
#3261=EDGE_CURVE('',#235,#171,#3264,.T.);
#3262=LINE('',#170,#3265);
#3263=LINE('',#232,#3266);
#3264=LINE('',#234,#3267);
#3265=VECTOR('',#3268,1.0);
#3266=VECTOR('',#3269,1.0);
#3267=VECTOR('',#3270,1.0);
#3268=DIRECTION('',(0.024921805398242326,0.06016710800742603,0.9978771581360678));
#3269=DIRECTION('',(-0.3826804604958138,-0.9238807634942466,0));
#3270=DIRECTION('',(0,0,-1));
#3271=FACE_SURFACE('',(#3276),#3272,.T.);
#3272=PLANE('',#3273);
#3273=AXIS2_PLACEMENT_3D('',#170,#3274,#3275);
#3274=DIRECTION('',(0.9914455395896884,-0.13052104055558156,0));
#3275=DIRECTION('',(0,0,1));
#3276=FACE_BOUND('',#3277,.T.);
#3277=EDGE_LOOP('',(#3278,#3279,#3280));
#3278=ORIENTED_EDGE('',*,*,#3281,.T.);
#3279=ORIENTED_EDGE('',*,*,#3282,.T.);
#3280=ORIENTED_EDGE('',*,*,#3283,.T.);
#3281=EDGE_CURVE('',#171,#235,#3284,.F.);
#3282=EDGE_CURVE('',#235,#165,#3285,.T.);
#3283=EDGE_CURVE('',#165,#171,#3286,.T.);
#3284=LINE('',#170,#3287);
#3285=LINE('',#234,#3288);
#3286=LINE('',#164,#3289);
#3287=VECTOR('',#3290,1.0);
#3288=VECTOR('',#3291,1.0);
#3289=VECTOR('',#3292,1.0);
#3290=DIRECTION('',(0,0,1));
#3291=DIRECTION('',(-0.008500135984398187,-0.0645675354085813,-0.9978771372566406));
#3292=DIRECTION('',(0.13052104055558156,0.9914455395896884,0));
#3293=FACE_SURFACE('',(#3298),#3294,.T.);
#3294=PLANE('',#3295);
#3295=AXIS2_PLACEMENT_3D('',#164,#3296,#3297);
#3296=DIRECTION('',(0.9914455395896884,-0.13052104055558156,0));
#3297=DIRECTION('',(0.008500135984398187,0.0645675354085813,0.9978771372566406));
#3298=FACE_BOUND('',#3299,.T.);
#3299=EDGE_LOOP('',(#3300,#3301,#3302));
#3300=ORIENTED_EDGE('',*,*,#3303,.T.);
#3301=ORIENTED_EDGE('',*,*,#3304,.T.);
#3302=ORIENTED_EDGE('',*,*,#3305,.T.);
#3303=EDGE_CURVE('',#165,#235,#3306,.F.);
#3304=EDGE_CURVE('',#235,#237,#3307,.T.);
#3305=EDGE_CURVE('',#237,#165,#3308,.T.);
#3306=LINE('',#164,#3309);
#3307=LINE('',#234,#3310);
#3308=LINE('',#236,#3311);
#3309=VECTOR('',#3312,1.0);
#3310=VECTOR('',#3313,1.0);
#3311=VECTOR('',#3314,1.0);
#3312=DIRECTION('',(0.008500135984398187,0.0645675354085813,0.9978771372566406));
#3313=DIRECTION('',(-0.13052104055558156,-0.9914455395896884,0));
#3314=DIRECTION('',(0,0,-1));
#3315=FACE_SURFACE('',(#3320),#3316,.T.);
#3316=PLANE('',#3317);
#3317=AXIS2_PLACEMENT_3D('',#238,#3318,#3319);
#3318=DIRECTION('',(-0.9914436485342026,-0.13053540432077632,0));
#3319=DIRECTION('',(0,0,1));
#3320=FACE_BOUND('',#3321,.T.);
#3321=EDGE_LOOP('',(#3322,#3323,#3324));
#3322=ORIENTED_EDGE('',*,*,#3325,.T.);
#3323=ORIENTED_EDGE('',*,*,#3326,.T.);
#3324=ORIENTED_EDGE('',*,*,#3327,.T.);
#3325=EDGE_CURVE('',#239,#241,#3328,.F.);
#3326=EDGE_CURVE('',#241,#243,#3329,.T.);
#3327=EDGE_CURVE('',#243,#239,#3330,.T.);
#3328=LINE('',#238,#3331);
#3329=LINE('',#240,#3332);
#3330=LINE('',#242,#3333);
#3331=VECTOR('',#3334,1.0);
#3332=VECTOR('',#3335,1.0);
#3333=VECTOR('',#3336,1.0);
#3334=DIRECTION('',(0,0,1));
#3335=DIRECTION('',(-0.008501087565424474,0.06456753488625541,-0.9978771291842082));
#3336=DIRECTION('',(0.13053540432077632,-0.9914436485342026,0));
#3337=FACE_SURFACE('',(#3342),#3338,.T.);
#3338=PLANE('',#3339);
#3339=AXIS2_PLACEMENT_3D('',#242,#3340,#3341);
#3340=DIRECTION('',(-0.9914436485342026,-0.13053540432077632,0));
#3341=DIRECTION('',(0.008501087565424474,-0.06456753488625541,0.9978771291842082));
#3342=FACE_BOUND('',#3343,.T.);
#3343=EDGE_LOOP('',(#3344,#3345,#3346));
#3344=ORIENTED_EDGE('',*,*,#3347,.T.);
#3345=ORIENTED_EDGE('',*,*,#3348,.T.);
#3346=ORIENTED_EDGE('',*,*,#3349,.T.);
#3347=EDGE_CURVE('',#243,#241,#3350,.F.);
#3348=EDGE_CURVE('',#241,#245,#3351,.T.);
#3349=EDGE_CURVE('',#245,#243,#3352,.T.);
#3350=LINE('',#242,#3353);
#3351=LINE('',#240,#3354);
#3352=LINE('',#244,#3355);
#3353=VECTOR('',#3356,1.0);
#3354=VECTOR('',#3357,1.0);
#3355=VECTOR('',#3358,1.0);
#3356=DIRECTION('',(0.008501087565424474,-0.06456753488625541,0.9978771291842082));
#3357=DIRECTION('',(-0.13053540432077632,0.9914436485342026,0));
#3358=DIRECTION('',(0,0,-1));
#3359=FACE_SURFACE('',(#3364),#3360,.T.);
#3360=PLANE('',#3361);
#3361=AXIS2_PLACEMENT_3D('',#242,#3362,#3363);
#3362=DIRECTION('',(-0.9238807634942466,-0.3826804604958138,0));
#3363=DIRECTION('',(0,0,1));
#3364=FACE_BOUND('',#3365,.T.);
#3365=EDGE_LOOP('',(#3366,#3367,#3368));
#3366=ORIENTED_EDGE('',*,*,#3369,.T.);
#3367=ORIENTED_EDGE('',*,*,#3370,.T.);
#3368=ORIENTED_EDGE('',*,*,#3371,.T.);
#3369=EDGE_CURVE('',#243,#245,#3372,.F.);
#3370=EDGE_CURVE('',#245,#247,#3373,.T.);
#3371=EDGE_CURVE('',#247,#243,#3374,.T.);
#3372=LINE('',#242,#3375);
#3373=LINE('',#244,#3376);
#3374=LINE('',#246,#3377);
#3375=VECTOR('',#3378,1.0);
#3376=VECTOR('',#3379,1.0);
#3377=VECTOR('',#3380,1.0);
#3378=DIRECTION('',(0,0,1));
#3379=DIRECTION('',(-0.024921805398242326,0.06016710800742603,-0.9978771581360678));
#3380=DIRECTION('',(0.3826804604958138,-0.9238807634942466,0));
#3381=FACE_SURFACE('',(#3386),#3382,.T.);
#3382=PLANE('',#3383);
#3383=AXIS2_PLACEMENT_3D('',#246,#3384,#3385);
#3384=DIRECTION('',(-0.9238807634942466,-0.3826804604958138,0));
#3385=DIRECTION('',(0.024921805398242326,-0.06016710800742603,0.9978771581360678));
#3386=FACE_BOUND('',#3387,.T.);
#3387=EDGE_LOOP('',(#3388,#3389,#3390));
#3388=ORIENTED_EDGE('',*,*,#3391,.T.);
#3389=ORIENTED_EDGE('',*,*,#3392,.T.);
#3390=ORIENTED_EDGE('',*,*,#3393,.T.);
#3391=EDGE_CURVE('',#247,#245,#3394,.F.);
#3392=EDGE_CURVE('',#245,#249,#3395,.T.);
#3393=EDGE_CURVE('',#249,#247,#3396,.T.);
#3394=LINE('',#246,#3397);
#3395=LINE('',#244,#3398);
#3396=LINE('',#248,#3399);
#3397=VECTOR('',#3400,1.0);
#3398=VECTOR('',#3401,1.0);
#3399=VECTOR('',#3402,1.0);
#3400=DIRECTION('',(0.024921805398242326,-0.06016710800742603,0.9978771581360678));
#3401=DIRECTION('',(-0.3826804604958138,0.9238807634942466,0));
#3402=DIRECTION('',(0,0,-1));
#3403=FACE_SURFACE('',(#3408),#3404,.T.);
#3404=PLANE('',#3405);
#3405=AXIS2_PLACEMENT_3D('',#246,#3406,#3407);
#3406=DIRECTION('',(-0.7933513418582181,-0.6087640334084832,0));
#3407=DIRECTION('',(0,0,1));
#3408=FACE_BOUND('',#3409,.T.);
#3409=EDGE_LOOP('',(#3410,#3411,#3412));
#3410=ORIENTED_EDGE('',*,*,#3413,.T.);
#3411=ORIENTED_EDGE('',*,*,#3414,.T.);
#3412=ORIENTED_EDGE('',*,*,#3415,.T.);
#3413=EDGE_CURVE('',#247,#249,#3416,.F.);
#3414=EDGE_CURVE('',#249,#251,#3417,.T.);
#3415=EDGE_CURVE('',#251,#247,#3418,.T.);
#3416=LINE('',#246,#3419);
#3417=LINE('',#248,#3420);
#3418=LINE('',#250,#3421);
#3419=VECTOR('',#3422,1.0);
#3420=VECTOR('',#3423,1.0);
#3421=VECTOR('',#3424,1.0);
#3422=DIRECTION('',(0,0,1));
#3423=DIRECTION('',(-0.03964572972150278,0.05166696970810919,-0.9978771168616057));
#3424=DIRECTION('',(0.6087640334084832,-0.7933513418582181,0));
#3425=FACE_SURFACE('',(#3430),#3426,.T.);
#3426=PLANE('',#3427);
#3427=AXIS2_PLACEMENT_3D('',#250,#3428,#3429);
#3428=DIRECTION('',(-0.7933513418582181,-0.6087640334084832,0));
#3429=DIRECTION('',(0.03964572972150278,-0.05166696970810919,0.9978771168616057));
#3430=FACE_BOUND('',#3431,.T.);
#3431=EDGE_LOOP('',(#3432,#3433,#3434));
#3432=ORIENTED_EDGE('',*,*,#3435,.T.);
#3433=ORIENTED_EDGE('',*,*,#3436,.T.);
#3434=ORIENTED_EDGE('',*,*,#3437,.T.);
#3435=EDGE_CURVE('',#251,#249,#3438,.F.);
#3436=EDGE_CURVE('',#249,#253,#3439,.T.);
#3437=EDGE_CURVE('',#253,#251,#3440,.T.);
#3438=LINE('',#250,#3441);
#3439=LINE('',#248,#3442);
#3440=LINE('',#252,#3443);
#3441=VECTOR('',#3444,1.0);
#3442=VECTOR('',#3445,1.0);
#3443=VECTOR('',#3446,1.0);
#3444=DIRECTION('',(0.03964572972150278,-0.05166696970810919,0.9978771168616057));
#3445=DIRECTION('',(-0.6087640334084832,0.7933513418582181,0));
#3446=DIRECTION('',(0,0,-1));
#3447=FACE_SURFACE('',(#3452),#3448,.T.);
#3448=PLANE('',#3449);
#3449=AXIS2_PLACEMENT_3D('',#250,#3450,#3451);
#3450=DIRECTION('',(-0.6087664921822442,-0.7933494551558762,0));
#3451=DIRECTION('',(0,0,1));
#3452=FACE_BOUND('',#3453,.T.);
#3453=EDGE_LOOP('',(#3454,#3455,#3456));
#3454=ORIENTED_EDGE('',*,*,#3457,.T.);
#3455=ORIENTED_EDGE('',*,*,#3458,.T.);
#3456=ORIENTED_EDGE('',*,*,#3459,.T.);
#3457=EDGE_CURVE('',#251,#253,#3460,.F.);
#3458=EDGE_CURVE('',#253,#255,#3461,.T.);
#3459=EDGE_CURVE('',#255,#251,#3462,.T.);
#3460=LINE('',#250,#3463);
#3461=LINE('',#252,#3464);
#3462=LINE('',#254,#3465);
#3463=VECTOR('',#3466,1.0);
#3464=VECTOR('',#3467,1.0);
#3465=VECTOR('',#3468,1.0);
#3466=DIRECTION('',(0,0,1));
#3467=DIRECTION('',(-0.05166602157331196,0.039645256593788834,-0.9978771847499063));
#3468=DIRECTION('',(0.7933494551558762,-0.6087664921822442,0));
#3469=FACE_SURFACE('',(#3474),#3470,.T.);
#3470=PLANE('',#3471);
#3471=AXIS2_PLACEMENT_3D('',#254,#3472,#3473);
#3472=DIRECTION('',(-0.6087664921822442,-0.7933494551558762,0));
#3473=DIRECTION('',(0.05166602157331196,-0.039645256593788834,0.9978771847499063));
#3474=FACE_BOUND('',#3475,.T.);
#3475=EDGE_LOOP('',(#3476,#3477,#3478));
#3476=ORIENTED_EDGE('',*,*,#3479,.T.);
#3477=ORIENTED_EDGE('',*,*,#3480,.T.);
#3478=ORIENTED_EDGE('',*,*,#3481,.T.);
#3479=EDGE_CURVE('',#255,#253,#3482,.F.);
#3480=EDGE_CURVE('',#253,#257,#3483,.T.);
#3481=EDGE_CURVE('',#257,#255,#3484,.T.);
#3482=LINE('',#254,#3485);
#3483=LINE('',#252,#3486);
#3484=LINE('',#256,#3487);
#3485=VECTOR('',#3488,1.0);
#3486=VECTOR('',#3489,1.0);
#3487=VECTOR('',#3490,1.0);
#3488=DIRECTION('',(0.05166602157331196,-0.039645256593788834,0.9978771847499063));
#3489=DIRECTION('',(-0.7933494551558762,0.6087664921822442,0));
#3490=DIRECTION('',(0,0,-1));
#3491=FACE_SURFACE('',(#3496),#3492,.T.);
#3492=PLANE('',#3493);
#3493=AXIS2_PLACEMENT_3D('',#254,#3494,#3495);
#3494=DIRECTION('',(-0.3826815305267528,-0.9238803202762261,0));
#3495=DIRECTION('',(0,0,1));
#3496=FACE_BOUND('',#3497,.T.);
#3497=EDGE_LOOP('',(#3498,#3499,#3500));
#3498=ORIENTED_EDGE('',*,*,#3501,.T.);
#3499=ORIENTED_EDGE('',*,*,#3502,.T.);
#3500=ORIENTED_EDGE('',*,*,#3503,.T.);
#3501=EDGE_CURVE('',#255,#257,#3504,.F.);
#3502=EDGE_CURVE('',#257,#259,#3505,.T.);
#3503=EDGE_CURVE('',#259,#255,#3506,.T.);
#3504=LINE('',#254,#3507);
#3505=LINE('',#256,#3508);
#3506=LINE('',#258,#3509);
#3507=VECTOR('',#3510,1.0);
#3508=VECTOR('',#3511,1.0);
#3509=VECTOR('',#3512,1.0);
#3510=DIRECTION('',(0,0,1));
#3511=DIRECTION('',(-0.06016805549860737,0.024922279500597534,-0.9978770891658002));
#3512=DIRECTION('',(0.9238803202762261,-0.3826815305267528,0));
#3513=FACE_SURFACE('',(#3518),#3514,.T.);
#3514=PLANE('',#3515);
#3515=AXIS2_PLACEMENT_3D('',#258,#3516,#3517);
#3516=DIRECTION('',(-0.3826815305267528,-0.9238803202762261,0));
#3517=DIRECTION('',(0.06016805549860737,-0.024922279500597534,0.9978770891658002));
#3518=FACE_BOUND('',#3519,.T.);
#3519=EDGE_LOOP('',(#3520,#3521,#3522));
#3520=ORIENTED_EDGE('',*,*,#3523,.T.);
#3521=ORIENTED_EDGE('',*,*,#3524,.T.);
#3522=ORIENTED_EDGE('',*,*,#3525,.T.);
#3523=EDGE_CURVE('',#259,#257,#3526,.F.);
#3524=EDGE_CURVE('',#257,#261,#3527,.T.);
#3525=EDGE_CURVE('',#261,#259,#3528,.T.);
#3526=LINE('',#258,#3529);
#3527=LINE('',#256,#3530);
#3528=LINE('',#260,#3531);
#3529=VECTOR('',#3532,1.0);
#3530=VECTOR('',#3533,1.0);
#3531=VECTOR('',#3534,1.0);
#3532=DIRECTION('',(0.06016805549860737,-0.024922279500597534,0.9978770891658002));
#3533=DIRECTION('',(-0.9238803202762261,0.3826815305267528,0));
#3534=DIRECTION('',(0,0,-1));
#3535=FACE_SURFACE('',(#3540),#3536,.T.);
#3536=PLANE('',#3537);
#3537=AXIS2_PLACEMENT_3D('',#258,#3538,#3539);
#3538=DIRECTION('',(-0.13052293153778352,-0.99144529064532,0));
#3539=DIRECTION('',(0,0,1));
#3540=FACE_BOUND('',#3541,.T.);
#3541=EDGE_LOOP('',(#3542,#3543,#3544));
#3542=ORIENTED_EDGE('',*,*,#3545,.T.);
#3543=ORIENTED_EDGE('',*,*,#3546,.T.);
#3544=ORIENTED_EDGE('',*,*,#3547,.T.);
#3545=EDGE_CURVE('',#259,#261,#3548,.F.);
#3546=EDGE_CURVE('',#261,#195,#3549,.T.);
#3547=EDGE_CURVE('',#195,#259,#3550,.T.);
#3548=LINE('',#258,#3551);
#3549=LINE('',#260,#3552);
#3550=LINE('',#194,#3553);
#3551=VECTOR('',#3554,1.0);
#3552=VECTOR('',#3555,1.0);
#3553=VECTOR('',#3556,1.0);
#3554=DIRECTION('',(0,0,1));
#3555=DIRECTION('',(-0.06456658772609347,0.00850013650669104,-0.9978771985714356));
#3556=DIRECTION('',(0.99144529064532,-0.13052293153778352,0));
#3557=FACE_SURFACE('',(#3562),#3558,.T.);
#3558=PLANE('',#3559);
#3559=AXIS2_PLACEMENT_3D('',#194,#3560,#3561);
#3560=DIRECTION('',(-0.13052293153778352,-0.99144529064532,0));
#3561=DIRECTION('',(0.06456658772609347,-0.00850013650669104,0.9978771985714356));
#3562=FACE_BOUND('',#3563,.T.);
#3563=EDGE_LOOP('',(#3564,#3565,#3566));
#3564=ORIENTED_EDGE('',*,*,#3567,.T.);
#3565=ORIENTED_EDGE('',*,*,#3568,.T.);
#3566=ORIENTED_EDGE('',*,*,#3569,.T.);
#3567=EDGE_CURVE('',#195,#261,#3570,.F.);
#3568=EDGE_CURVE('',#261,#191,#3571,.T.);
#3569=EDGE_CURVE('',#191,#195,#3572,.T.);
#3570=LINE('',#194,#3573);
#3571=LINE('',#260,#3574);
#3572=LINE('',#190,#3575);
#3573=VECTOR('',#3576,1.0);
#3574=VECTOR('',#3577,1.0);
#3575=VECTOR('',#3578,1.0);
#3576=DIRECTION('',(0.06456658772609347,-0.00850013650669104,0.9978771985714356));
#3577=DIRECTION('',(-0.99144529064532,0.13052293153778352,0));
#3578=DIRECTION('',(0,0,-1));
#3579=FACE_SURFACE('',(#3584),#3580,.T.);
#3580=PLANE('',#3581);
#3581=AXIS2_PLACEMENT_3D('',#150,#3582,#3583);
#3582=DIRECTION('',(-0.9914436485342026,-0.13053540432077632,0));
#3583=DIRECTION('',(0,0,1));
#3584=FACE_BOUND('',#3585,.T.);
#3585=EDGE_LOOP('',(#3586,#3587,#3588));
#3586=ORIENTED_EDGE('',*,*,#3589,.T.);
#3587=ORIENTED_EDGE('',*,*,#3590,.T.);
#3588=ORIENTED_EDGE('',*,*,#3591,.T.);
#3589=EDGE_CURVE('',#151,#263,#3592,.F.);
#3590=EDGE_CURVE('',#263,#185,#3593,.T.);
#3591=EDGE_CURVE('',#185,#151,#3594,.T.);
#3592=LINE('',#150,#3595);
#3593=LINE('',#262,#3596);
#3594=LINE('',#184,#3597);
#3595=VECTOR('',#3598,1.0);
#3596=VECTOR('',#3599,1.0);
#3597=VECTOR('',#3600,1.0);
#3598=DIRECTION('',(0,0,1));
#3599=DIRECTION('',(-0.008501087565424474,0.06456753488625541,-0.9978771291842082));
#3600=DIRECTION('',(0.13053540432077632,-0.9914436485342026,0));
#3601=FACE_SURFACE('',(#3606),#3602,.T.);
#3602=PLANE('',#3603);
#3603=AXIS2_PLACEMENT_3D('',#184,#3604,#3605);
#3604=DIRECTION('',(-0.9914436485342026,-0.13053540432077632,0));
#3605=DIRECTION('',(0.008501087565424474,-0.06456753488625541,0.9978771291842082));
#3606=FACE_BOUND('',#3607,.T.);
#3607=EDGE_LOOP('',(#3608,#3609,#3610));
#3608=ORIENTED_EDGE('',*,*,#3611,.T.);
#3609=ORIENTED_EDGE('',*,*,#3612,.T.);
#3610=ORIENTED_EDGE('',*,*,#3613,.T.);
#3611=EDGE_CURVE('',#185,#263,#3614,.F.);
#3612=EDGE_CURVE('',#263,#265,#3615,.T.);
#3613=EDGE_CURVE('',#265,#185,#3616,.T.);
#3614=LINE('',#184,#3617);
#3615=LINE('',#262,#3618);
#3616=LINE('',#264,#3619);
#3617=VECTOR('',#3620,1.0);
#3618=VECTOR('',#3621,1.0);
#3619=VECTOR('',#3622,1.0);
#3620=DIRECTION('',(0.008501087565424474,-0.06456753488625541,0.9978771291842082));
#3621=DIRECTION('',(-0.13053540432077632,0.9914436485342026,0));
#3622=DIRECTION('',(0,0,-1));
#3623=FACE_SURFACE('',(#3628),#3624,.T.);
#3624=PLANE('',#3625);
#3625=AXIS2_PLACEMENT_3D('',#184,#3626,#3627);
#3626=DIRECTION('',(-0.9238807634942466,-0.3826804604958138,0));
#3627=DIRECTION('',(0,0,1));
#3628=FACE_BOUND('',#3629,.T.);
#3629=EDGE_LOOP('',(#3630,#3631,#3632));
#3630=ORIENTED_EDGE('',*,*,#3633,.T.);
#3631=ORIENTED_EDGE('',*,*,#3634,.T.);
#3632=ORIENTED_EDGE('',*,*,#3635,.T.);
#3633=EDGE_CURVE('',#185,#265,#3636,.F.);
#3634=EDGE_CURVE('',#265,#187,#3637,.T.);
#3635=EDGE_CURVE('',#187,#185,#3638,.T.);
#3636=LINE('',#184,#3639);
#3637=LINE('',#264,#3640);
#3638=LINE('',#186,#3641);
#3639=VECTOR('',#3642,1.0);
#3640=VECTOR('',#3643,1.0);
#3641=VECTOR('',#3644,1.0);
#3642=DIRECTION('',(0,0,1));
#3643=DIRECTION('',(-0.024921805398242326,0.06016710800742603,-0.9978771581360678));
#3644=DIRECTION('',(0.3826804604958138,-0.9238807634942466,0));
#3645=FACE_SURFACE('',(#3650),#3646,.T.);
#3646=PLANE('',#3647);
#3647=AXIS2_PLACEMENT_3D('',#186,#3648,#3649);
#3648=DIRECTION('',(-0.9238807634942466,-0.3826804604958138,0));
#3649=DIRECTION('',(0.024921805398242326,-0.06016710800742603,0.9978771581360678));
#3650=FACE_BOUND('',#3651,.T.);
#3651=EDGE_LOOP('',(#3652,#3653,#3654));
#3652=ORIENTED_EDGE('',*,*,#3655,.T.);
#3653=ORIENTED_EDGE('',*,*,#3656,.T.);
#3654=ORIENTED_EDGE('',*,*,#3657,.T.);
#3655=EDGE_CURVE('',#187,#265,#3658,.F.);
#3656=EDGE_CURVE('',#265,#267,#3659,.T.);
#3657=EDGE_CURVE('',#267,#187,#3660,.T.);
#3658=LINE('',#186,#3661);
#3659=LINE('',#264,#3662);
#3660=LINE('',#266,#3663);
#3661=VECTOR('',#3664,1.0);
#3662=VECTOR('',#3665,1.0);
#3663=VECTOR('',#3666,1.0);
#3664=DIRECTION('',(0.024921805398242326,-0.06016710800742603,0.9978771581360678));
#3665=DIRECTION('',(-0.3826804604958138,0.9238807634942466,0));
#3666=DIRECTION('',(0,0,-1));
#3667=FACE_SURFACE('',(#3672),#3668,.T.);
#3668=PLANE('',#3669);
#3669=AXIS2_PLACEMENT_3D('',#186,#3670,#3671);
#3670=DIRECTION('',(-0.7933513418582181,-0.6087640334084832,0));
#3671=DIRECTION('',(0,0,1));
#3672=FACE_BOUND('',#3673,.T.);
#3673=EDGE_LOOP('',(#3674,#3675,#3676));
#3674=ORIENTED_EDGE('',*,*,#3677,.T.);
#3675=ORIENTED_EDGE('',*,*,#3678,.T.);
#3676=ORIENTED_EDGE('',*,*,#3679,.T.);
#3677=EDGE_CURVE('',#187,#267,#3680,.F.);
#3678=EDGE_CURVE('',#267,#189,#3681,.T.);
#3679=EDGE_CURVE('',#189,#187,#3682,.T.);
#3680=LINE('',#186,#3683);
#3681=LINE('',#266,#3684);
#3682=LINE('',#188,#3685);
#3683=VECTOR('',#3686,1.0);
#3684=VECTOR('',#3687,1.0);
#3685=VECTOR('',#3688,1.0);
#3686=DIRECTION('',(0,0,1));
#3687=DIRECTION('',(-0.03964572972150278,0.05166696970810919,-0.9978771168616057));
#3688=DIRECTION('',(0.6087640334084832,-0.7933513418582181,0));
#3689=FACE_SURFACE('',(#3694),#3690,.T.);
#3690=PLANE('',#3691);
#3691=AXIS2_PLACEMENT_3D('',#188,#3692,#3693);
#3692=DIRECTION('',(-0.7933513418582181,-0.6087640334084832,0));
#3693=DIRECTION('',(0.03964572972150278,-0.05166696970810919,0.9978771168616057));
#3694=FACE_BOUND('',#3695,.T.);
#3695=EDGE_LOOP('',(#3696,#3697,#3698));
#3696=ORIENTED_EDGE('',*,*,#3699,.T.);
#3697=ORIENTED_EDGE('',*,*,#3700,.T.);
#3698=ORIENTED_EDGE('',*,*,#3701,.T.);
#3699=EDGE_CURVE('',#189,#267,#3702,.F.);
#3700=EDGE_CURVE('',#267,#269,#3703,.T.);
#3701=EDGE_CURVE('',#269,#189,#3704,.T.);
#3702=LINE('',#188,#3705);
#3703=LINE('',#266,#3706);
#3704=LINE('',#268,#3707);
#3705=VECTOR('',#3708,1.0);
#3706=VECTOR('',#3709,1.0);
#3707=VECTOR('',#3710,1.0);
#3708=DIRECTION('',(0.03964572972150278,-0.05166696970810919,0.9978771168616057));
#3709=DIRECTION('',(-0.6087640334084832,0.7933513418582181,0));
#3710=DIRECTION('',(0,0,-1));
#3711=FACE_SURFACE('',(#3716),#3712,.T.);
#3712=PLANE('',#3713);
#3713=AXIS2_PLACEMENT_3D('',#188,#3714,#3715);
#3714=DIRECTION('',(-0.6087664921822442,-0.7933494551558762,0));
#3715=DIRECTION('',(0,0,1));
#3716=FACE_BOUND('',#3717,.T.);
#3717=EDGE_LOOP('',(#3718,#3719,#3720));
#3718=ORIENTED_EDGE('',*,*,#3721,.T.);
#3719=ORIENTED_EDGE('',*,*,#3722,.T.);
#3720=ORIENTED_EDGE('',*,*,#3723,.T.);
#3721=EDGE_CURVE('',#189,#269,#3724,.F.);
#3722=EDGE_CURVE('',#269,#147,#3725,.T.);
#3723=EDGE_CURVE('',#147,#189,#3726,.T.);
#3724=LINE('',#188,#3727);
#3725=LINE('',#268,#3728);
#3726=LINE('',#146,#3729);
#3727=VECTOR('',#3730,1.0);
#3728=VECTOR('',#3731,1.0);
#3729=VECTOR('',#3732,1.0);
#3730=DIRECTION('',(0,0,1));
#3731=DIRECTION('',(-0.05166602157331196,0.039645256593788834,-0.9978771847499063));
#3732=DIRECTION('',(0.7933494551558762,-0.6087664921822442,0));
#3733=FACE_SURFACE('',(#3738),#3734,.T.);
#3734=PLANE('',#3735);
#3735=AXIS2_PLACEMENT_3D('',#146,#3736,#3737);
#3736=DIRECTION('',(-0.6087664921822442,-0.7933494551558762,0));
#3737=DIRECTION('',(0.05166602157331196,-0.039645256593788834,0.9978771847499063));
#3738=FACE_BOUND('',#3739,.T.);
#3739=EDGE_LOOP('',(#3740,#3741,#3742));
#3740=ORIENTED_EDGE('',*,*,#3743,.T.);
#3741=ORIENTED_EDGE('',*,*,#3744,.T.);
#3742=ORIENTED_EDGE('',*,*,#3745,.T.);
#3743=EDGE_CURVE('',#147,#269,#3746,.F.);
#3744=EDGE_CURVE('',#269,#271,#3747,.T.);
#3745=EDGE_CURVE('',#271,#147,#3748,.T.);
#3746=LINE('',#146,#3749);
#3747=LINE('',#268,#3750);
#3748=LINE('',#270,#3751);
#3749=VECTOR('',#3752,1.0);
#3750=VECTOR('',#3753,1.0);
#3751=VECTOR('',#3754,1.0);
#3752=DIRECTION('',(0.05166602157331196,-0.039645256593788834,0.9978771847499063));
#3753=DIRECTION('',(-0.7933494551558762,0.6087664921822442,0));
#3754=DIRECTION('',(0,0,-1));
#3755=FACE_SURFACE('',(#3760),#3756,.T.);
#3756=PLANE('',#3757);
#3757=AXIS2_PLACEMENT_3D('',#146,#3758,#3759);
#3758=DIRECTION('',(-0.3826815305267528,-0.9238803202762261,0));
#3759=DIRECTION('',(0,0,1));
#3760=FACE_BOUND('',#3761,.T.);
#3761=EDGE_LOOP('',(#3762,#3763,#3764));
#3762=ORIENTED_EDGE('',*,*,#3765,.T.);
#3763=ORIENTED_EDGE('',*,*,#3766,.T.);
#3764=ORIENTED_EDGE('',*,*,#3767,.T.);
#3765=EDGE_CURVE('',#147,#271,#3768,.F.);
#3766=EDGE_CURVE('',#271,#143,#3769,.T.);
#3767=EDGE_CURVE('',#143,#147,#3770,.T.);
#3768=LINE('',#146,#3771);
#3769=LINE('',#270,#3772);
#3770=LINE('',#142,#3773);
#3771=VECTOR('',#3774,1.0);
#3772=VECTOR('',#3775,1.0);
#3773=VECTOR('',#3776,1.0);
#3774=DIRECTION('',(0,0,1));
#3775=DIRECTION('',(-0.06016805549860737,0.024922279500597534,-0.9978770891658002));
#3776=DIRECTION('',(0.9238803202762261,-0.3826815305267528,0));
#3777=FACE_SURFACE('',(#3782),#3778,.T.);
#3778=PLANE('',#3779);
#3779=AXIS2_PLACEMENT_3D('',#142,#3780,#3781);
#3780=DIRECTION('',(-0.3826815305267528,-0.9238803202762261,0));
#3781=DIRECTION('',(0.06016805549860737,-0.024922279500597534,0.9978770891658002));
#3782=FACE_BOUND('',#3783,.T.);
#3783=EDGE_LOOP('',(#3784,#3785,#3786));
#3784=ORIENTED_EDGE('',*,*,#3787,.T.);
#3785=ORIENTED_EDGE('',*,*,#3788,.T.);
#3786=ORIENTED_EDGE('',*,*,#3789,.T.);
#3787=EDGE_CURVE('',#143,#271,#3790,.F.);
#3788=EDGE_CURVE('',#271,#273,#3791,.T.);
#3789=EDGE_CURVE('',#273,#143,#3792,.T.);
#3790=LINE('',#142,#3793);
#3791=LINE('',#270,#3794);
#3792=LINE('',#272,#3795);
#3793=VECTOR('',#3796,1.0);
#3794=VECTOR('',#3797,1.0);
#3795=VECTOR('',#3798,1.0);
#3796=DIRECTION('',(0.06016805549860737,-0.024922279500597534,0.9978770891658002));
#3797=DIRECTION('',(-0.9238803202762261,0.3826815305267528,0));
#3798=DIRECTION('',(0,0,-1));
#3799=FACE_SURFACE('',(#3804),#3800,.T.);
#3800=PLANE('',#3801);
#3801=AXIS2_PLACEMENT_3D('',#142,#3802,#3803);
#3802=DIRECTION('',(-0.13052293153778352,-0.99144529064532,0));
#3803=DIRECTION('',(0,0,1));
#3804=FACE_BOUND('',#3805,.T.);
#3805=EDGE_LOOP('',(#3806,#3807,#3808));
#3806=ORIENTED_EDGE('',*,*,#3809,.T.);
#3807=ORIENTED_EDGE('',*,*,#3810,.T.);
#3808=ORIENTED_EDGE('',*,*,#3811,.T.);
#3809=EDGE_CURVE('',#143,#273,#3812,.F.);
#3810=EDGE_CURVE('',#273,#139,#3813,.T.);
#3811=EDGE_CURVE('',#139,#143,#3814,.T.);
#3812=LINE('',#142,#3815);
#3813=LINE('',#272,#3816);
#3814=LINE('',#138,#3817);
#3815=VECTOR('',#3818,1.0);
#3816=VECTOR('',#3819,1.0);
#3817=VECTOR('',#3820,1.0);
#3818=DIRECTION('',(0,0,1));
#3819=DIRECTION('',(-0.06456658772609347,0.00850013650669104,-0.9978771985714356));
#3820=DIRECTION('',(0.99144529064532,-0.13052293153778352,0));
#3821=FACE_SURFACE('',(#3826),#3822,.T.);
#3822=PLANE('',#3823);
#3823=AXIS2_PLACEMENT_3D('',#138,#3824,#3825);
#3824=DIRECTION('',(-0.13052293153778352,-0.99144529064532,0));
#3825=DIRECTION('',(0.06456658772609347,-0.00850013650669104,0.9978771985714356));
#3826=FACE_BOUND('',#3827,.T.);
#3827=EDGE_LOOP('',(#3828,#3829,#3830));
#3828=ORIENTED_EDGE('',*,*,#3831,.T.);
#3829=ORIENTED_EDGE('',*,*,#3832,.T.);
#3830=ORIENTED_EDGE('',*,*,#3833,.T.);
#3831=EDGE_CURVE('',#139,#273,#3834,.F.);
#3832=EDGE_CURVE('',#273,#199,#3835,.T.);
#3833=EDGE_CURVE('',#199,#139,#3836,.T.);
#3834=LINE('',#138,#3837);
#3835=LINE('',#272,#3838);
#3836=LINE('',#198,#3839);
#3837=VECTOR('',#3840,1.0);
#3838=VECTOR('',#3841,1.0);
#3839=VECTOR('',#3842,1.0);
#3840=DIRECTION('',(0.06456658772609347,-0.00850013650669104,0.9978771985714356));
#3841=DIRECTION('',(-0.99144529064532,0.13052293153778352,0));
#3842=DIRECTION('',(0,0,-1));
#3843=FACE_SURFACE('',(#3848),#3844,.T.);
#3844=PLANE('',#3845);
#3845=AXIS2_PLACEMENT_3D('',#224,#3846,#3847);
#3846=DIRECTION('',(1,0,0));
#3847=DIRECTION('',(0,-1,0));
#3848=FACE_BOUND('',#3849,.T.);
#3849=EDGE_LOOP('',(#3850,#3851,#3852));
#3850=ORIENTED_EDGE('',*,*,#3853,.T.);
#3851=ORIENTED_EDGE('',*,*,#3854,.T.);
#3852=ORIENTED_EDGE('',*,*,#3855,.T.);
#3853=EDGE_CURVE('',#225,#275,#3856,.F.);
#3854=EDGE_CURVE('',#275,#223,#3857,.T.);
#3855=EDGE_CURVE('',#223,#225,#3858,.T.);
#3856=LINE('',#224,#3859);
#3857=LINE('',#274,#3860);
#3858=LINE('',#222,#3861);
#3859=VECTOR('',#3862,1.0);
#3860=VECTOR('',#3863,1.0);
#3861=VECTOR('',#3864,1.0);
#3862=DIRECTION('',(0,-1,0));
#3863=DIRECTION('',(0,0.9912279006826347,-0.13216372009101796));
#3864=DIRECTION('',(0,0,1));
#3865=FACE_SURFACE('',(#3870),#3866,.T.);
#3866=PLANE('',#3867);
#3867=AXIS2_PLACEMENT_3D('',#222,#3868,#3869);
#3868=DIRECTION('',(1,0,0));
#3869=DIRECTION('',(0,-0.9912279006826347,0.13216372009101796));
#3870=FACE_BOUND('',#3871,.T.);
#3871=EDGE_LOOP('',(#3872,#3873,#3874));
#3872=ORIENTED_EDGE('',*,*,#3875,.T.);
#3873=ORIENTED_EDGE('',*,*,#3876,.T.);
#3874=ORIENTED_EDGE('',*,*,#3877,.T.);
#3875=EDGE_CURVE('',#223,#275,#3878,.F.);
#3876=EDGE_CURVE('',#275,#277,#3879,.T.);
#3877=EDGE_CURVE('',#277,#223,#3880,.T.);
#3878=LINE('',#222,#3881);
#3879=LINE('',#274,#3882);
#3880=LINE('',#276,#3883);
#3881=VECTOR('',#3884,1.0);
#3882=VECTOR('',#3885,1.0);
#3883=VECTOR('',#3886,1.0);
#3884=DIRECTION('',(0,-0.9912279006826347,0.13216372009101796));
#3885=DIRECTION('',(0,0,-1));
#3886=DIRECTION('',(0,1,0));
#3887=FACE_SURFACE('',(#3892),#3888,.T.);
#3888=PLANE('',#3889);
#3889=AXIS2_PLACEMENT_3D('',#236,#3890,#3891);
#3890=DIRECTION('',(1,0,0));
#3891=DIRECTION('',(0,-1,0));
#3892=FACE_BOUND('',#3893,.T.);
#3893=EDGE_LOOP('',(#3894,#3895,#3896));
#3894=ORIENTED_EDGE('',*,*,#3897,.T.);
#3895=ORIENTED_EDGE('',*,*,#3898,.T.);
#3896=ORIENTED_EDGE('',*,*,#3899,.T.);
#3897=EDGE_CURVE('',#237,#279,#3900,.F.);
#3898=EDGE_CURVE('',#279,#165,#3901,.T.);
#3899=EDGE_CURVE('',#165,#237,#3902,.T.);
#3900=LINE('',#236,#3903);
#3901=LINE('',#278,#3904);
#3902=LINE('',#164,#3905);
#3903=VECTOR('',#3906,1.0);
#3904=VECTOR('',#3907,1.0);
#3905=VECTOR('',#3908,1.0);
#3906=DIRECTION('',(0,-1,0));
#3907=DIRECTION('',(0,0.9912279006826347,-0.13216372009101796));
#3908=DIRECTION('',(0,0,1));
#3909=FACE_SURFACE('',(#3914),#3910,.T.);
#3910=PLANE('',#3911);
#3911=AXIS2_PLACEMENT_3D('',#164,#3912,#3913);
#3912=DIRECTION('',(1,0,0));
#3913=DIRECTION('',(0,-0.9912279006826347,0.13216372009101796));
#3914=FACE_BOUND('',#3915,.T.);
#3915=EDGE_LOOP('',(#3916,#3917,#3918));
#3916=ORIENTED_EDGE('',*,*,#3919,.T.);
#3917=ORIENTED_EDGE('',*,*,#3920,.T.);
#3918=ORIENTED_EDGE('',*,*,#3921,.T.);
#3919=EDGE_CURVE('',#165,#279,#3922,.F.);
#3920=EDGE_CURVE('',#279,#163,#3923,.T.);
#3921=EDGE_CURVE('',#163,#165,#3924,.T.);
#3922=LINE('',#164,#3925);
#3923=LINE('',#278,#3926);
#3924=LINE('',#162,#3927);
#3925=VECTOR('',#3928,1.0);
#3926=VECTOR('',#3929,1.0);
#3927=VECTOR('',#3930,1.0);
#3928=DIRECTION('',(0,-0.9912279006826347,0.13216372009101796));
#3929=DIRECTION('',(0,0,-1));
#3930=DIRECTION('',(0,1,0));
#3931=FACE_SURFACE('',(#3936),#3932,.T.);
#3932=PLANE('',#3933);
#3933=AXIS2_PLACEMENT_3D('',#280,#3934,#3935);
#3934=DIRECTION('',(-1,0,0));
#3935=DIRECTION('',(0,1,0));
#3936=FACE_BOUND('',#3937,.T.);
#3937=EDGE_LOOP('',(#3938,#3939,#3940));
#3938=ORIENTED_EDGE('',*,*,#3941,.T.);
#3939=ORIENTED_EDGE('',*,*,#3942,.T.);
#3940=ORIENTED_EDGE('',*,*,#3943,.T.);
#3941=EDGE_CURVE('',#281,#241,#3944,.F.);
#3942=EDGE_CURVE('',#241,#283,#3945,.T.);
#3943=EDGE_CURVE('',#283,#281,#3946,.T.);
#3944=LINE('',#280,#3947);
#3945=LINE('',#240,#3948);
#3946=LINE('',#282,#3949);
#3947=VECTOR('',#3950,1.0);
#3948=VECTOR('',#3951,1.0);
#3949=VECTOR('',#3952,1.0);
#3950=DIRECTION('',(0,1,0));
#3951=DIRECTION('',(0,-0.9912279006826347,-0.13216372009101796));
#3952=DIRECTION('',(0,0,1));
#3953=FACE_SURFACE('',(#3958),#3954,.T.);
#3954=PLANE('',#3955);
#3955=AXIS2_PLACEMENT_3D('',#282,#3956,#3957);
#3956=DIRECTION('',(-1,0,0));
#3957=DIRECTION('',(0,0.9912279006826347,0.13216372009101796));
#3958=FACE_BOUND('',#3959,.T.);
#3959=EDGE_LOOP('',(#3960,#3961,#3962));
#3960=ORIENTED_EDGE('',*,*,#3963,.T.);
#3961=ORIENTED_EDGE('',*,*,#3964,.T.);
#3962=ORIENTED_EDGE('',*,*,#3965,.T.);
#3963=EDGE_CURVE('',#283,#241,#3966,.F.);
#3964=EDGE_CURVE('',#241,#239,#3967,.T.);
#3965=EDGE_CURVE('',#239,#283,#3968,.T.);
#3966=LINE('',#282,#3969);
#3967=LINE('',#240,#3970);
#3968=LINE('',#238,#3971);
#3969=VECTOR('',#3972,1.0);
#3970=VECTOR('',#3973,1.0);
#3971=VECTOR('',#3974,1.0);
#3972=DIRECTION('',(0,0.9912279006826347,0.13216372009101796));
#3973=DIRECTION('',(0,0,-1));
#3974=DIRECTION('',(0,-1,0));
#3975=FACE_SURFACE('',(#3980),#3976,.T.);
#3976=PLANE('',#3977);
#3977=AXIS2_PLACEMENT_3D('',#276,#3978,#3979);
#3978=DIRECTION('',(0.9914455045825402,0.13052130647167157,-0));
#3979=DIRECTION('',(0,0,1));
#3980=FACE_BOUND('',#3981,.T.);
#3981=EDGE_LOOP('',(#3982,#3983,#3984));
#3982=ORIENTED_EDGE('',*,*,#3985,.T.);
#3983=ORIENTED_EDGE('',*,*,#3986,.T.);
#3984=ORIENTED_EDGE('',*,*,#3987,.T.);
#3985=EDGE_CURVE('',#277,#275,#3988,.F.);
#3986=EDGE_CURVE('',#275,#285,#3989,.T.);
#3987=EDGE_CURVE('',#285,#277,#3990,.T.);
#3988=LINE('',#276,#3991);
#3989=LINE('',#274,#3992);
#3990=LINE('',#284,#3993);
#3991=VECTOR('',#3994,1.0);
#3992=VECTOR('',#3995,1.0);
#3993=VECTOR('',#3996,1.0);
#3994=DIRECTION('',(0,0,1));
#3995=DIRECTION('',(0.008500136057846079,-0.06456740214074201,-0.9978771458790875));
#3996=DIRECTION('',(-0.13052130647167157,0.9914455045825402,0));
#3997=FACE_SURFACE('',(#4002),#3998,.T.);
#3998=PLANE('',#3999);
#3999=AXIS2_PLACEMENT_3D('',#284,#4000,#4001);
#4000=DIRECTION('',(0.9914455045825402,0.13052130647167157,-0));
#4001=DIRECTION('',(-0.008500136057846079,0.06456740214074201,0.9978771458790875));
#4002=FACE_BOUND('',#4003,.T.);
#4003=EDGE_LOOP('',(#4004,#4005,#4006));
#4004=ORIENTED_EDGE('',*,*,#4007,.T.);
#4005=ORIENTED_EDGE('',*,*,#4008,.T.);
#4006=ORIENTED_EDGE('',*,*,#4009,.T.);
#4007=EDGE_CURVE('',#285,#275,#4010,.F.);
#4008=EDGE_CURVE('',#275,#287,#4011,.T.);
#4009=EDGE_CURVE('',#287,#285,#4012,.T.);
#4010=LINE('',#284,#4013);
#4011=LINE('',#274,#4014);
#4012=LINE('',#286,#4015);
#4013=VECTOR('',#4016,1.0);
#4014=VECTOR('',#4017,1.0);
#4015=VECTOR('',#4018,1.0);
#4016=DIRECTION('',(-0.008500136057846079,0.06456740214074201,0.9978771458790875));
#4017=DIRECTION('',(0.13052130647167157,-0.9914455045825402,0));
#4018=DIRECTION('',(0,0,-1));
#4019=FACE_SURFACE('',(#4024),#4020,.T.);
#4020=PLANE('',#4021);
#4021=AXIS2_PLACEMENT_3D('',#284,#4022,#4023);
#4022=DIRECTION('',(0.9238810309891089,0.3826798146995753,-0));
#4023=DIRECTION('',(0,0,1));
#4024=FACE_BOUND('',#4025,.T.);
#4025=EDGE_LOOP('',(#4026,#4027,#4028));
#4026=ORIENTED_EDGE('',*,*,#4029,.T.);
#4027=ORIENTED_EDGE('',*,*,#4030,.T.);
#4028=ORIENTED_EDGE('',*,*,#4031,.T.);
#4029=EDGE_CURVE('',#285,#287,#4032,.F.);
#4030=EDGE_CURVE('',#287,#289,#4033,.T.);
#4031=EDGE_CURVE('',#289,#285,#4034,.T.);
#4032=LINE('',#284,#4035);
#4033=LINE('',#286,#4036);
#4034=LINE('',#288,#4037);
#4035=VECTOR('',#4038,1.0);
#4036=VECTOR('',#4039,1.0);
#4037=VECTOR('',#4040,1.0);
#4038=DIRECTION('',(0,0,1));
#4039=DIRECTION('',(0.024921805219870505,-0.06016722653302067,-0.9978771509940024));
#4040=DIRECTION('',(-0.3826798146995753,0.9238810309891089,0));
#4041=FACE_SURFACE('',(#4046),#4042,.T.);
#4042=PLANE('',#4043);
#4043=AXIS2_PLACEMENT_3D('',#288,#4044,#4045);
#4044=DIRECTION('',(0.9238810309891089,0.3826798146995753,-0));
#4045=DIRECTION('',(-0.024921805219870505,0.06016722653302067,0.9978771509940024));
#4046=FACE_BOUND('',#4047,.T.);
#4047=EDGE_LOOP('',(#4048,#4049,#4050));
#4048=ORIENTED_EDGE('',*,*,#4051,.T.);
#4049=ORIENTED_EDGE('',*,*,#4052,.T.);
#4050=ORIENTED_EDGE('',*,*,#4053,.T.);
#4051=EDGE_CURVE('',#289,#287,#4054,.F.);
#4052=EDGE_CURVE('',#287,#291,#4055,.T.);
#4053=EDGE_CURVE('',#291,#289,#4056,.T.);
#4054=LINE('',#288,#4057);
#4055=LINE('',#286,#4058);
#4056=LINE('',#290,#4059);
#4057=VECTOR('',#4060,1.0);
#4058=VECTOR('',#4061,1.0);
#4059=VECTOR('',#4062,1.0);
#4060=DIRECTION('',(-0.024921805219870505,0.06016722653302067,0.9978771509940024));
#4061=DIRECTION('',(0.3826798146995753,-0.9238810309891089,0));
#4062=DIRECTION('',(0,0,-1));
#4063=FACE_SURFACE('',(#4068),#4064,.T.);
#4064=PLANE('',#4065);
#4065=AXIS2_PLACEMENT_3D('',#288,#4066,#4067);
#4066=DIRECTION('',(0.7933502841662512,0.6087654118076424,-0));
#4067=DIRECTION('',(0,0,1));
#4068=FACE_BOUND('',#4069,.T.);
#4069=EDGE_LOOP('',(#4070,#4071,#4072));
#4070=ORIENTED_EDGE('',*,*,#4073,.T.);
#4071=ORIENTED_EDGE('',*,*,#4074,.T.);
#4072=ORIENTED_EDGE('',*,*,#4075,.T.);
#4073=EDGE_CURVE('',#289,#291,#4076,.F.);
#4074=EDGE_CURVE('',#291,#293,#4077,.T.);
#4075=EDGE_CURVE('',#293,#289,#4078,.T.);
#4076=LINE('',#288,#4079);
#4077=LINE('',#290,#4080);
#4078=LINE('',#292,#4081);
#4079=VECTOR('',#4082,1.0);
#4080=VECTOR('',#4083,1.0);
#4081=VECTOR('',#4084,1.0);
#4082=DIRECTION('',(0,0,1));
#4083=DIRECTION('',(0.03964573010223166,-0.051666784335182445,-0.9978771264444951));
#4084=DIRECTION('',(-0.6087654118076424,0.7933502841662512,0));
#4085=FACE_SURFACE('',(#4090),#4086,.T.);
#4086=PLANE('',#4087);
#4087=AXIS2_PLACEMENT_3D('',#292,#4088,#4089);
#4088=DIRECTION('',(0.7933502841662512,0.6087654118076424,-0));
#4089=DIRECTION('',(-0.03964573010223166,0.051666784335182445,0.9978771264444951));
#4090=FACE_BOUND('',#4091,.T.);
#4091=EDGE_LOOP('',(#4092,#4093,#4094));
#4092=ORIENTED_EDGE('',*,*,#4095,.T.);
#4093=ORIENTED_EDGE('',*,*,#4096,.T.);
#4094=ORIENTED_EDGE('',*,*,#4097,.T.);
#4095=EDGE_CURVE('',#293,#291,#4098,.F.);
#4096=EDGE_CURVE('',#291,#295,#4099,.T.);
#4097=EDGE_CURVE('',#295,#293,#4100,.T.);
#4098=LINE('',#292,#4101);
#4099=LINE('',#290,#4102);
#4100=LINE('',#294,#4103);
#4101=VECTOR('',#4104,1.0);
#4102=VECTOR('',#4105,1.0);
#4103=VECTOR('',#4106,1.0);
#4104=DIRECTION('',(-0.03964573010223166,0.051666784335182445,0.9978771264444951));
#4105=DIRECTION('',(0.6087654118076424,-0.7933502841662512,0));
#4106=DIRECTION('',(0,0,-1));
#4107=FACE_SURFACE('',(#4112),#4108,.T.);
#4108=PLANE('',#4109);
#4109=AXIS2_PLACEMENT_3D('',#292,#4110,#4111);
#4110=DIRECTION('',(0.608760045489125,0.7933544019012427,-0));
#4111=DIRECTION('',(0,0,1));
#4112=FACE_BOUND('',#4113,.T.);
#4113=EDGE_LOOP('',(#4114,#4115,#4116));
#4114=ORIENTED_EDGE('',*,*,#4117,.T.);
#4115=ORIENTED_EDGE('',*,*,#4118,.T.);
#4116=ORIENTED_EDGE('',*,*,#4119,.T.);
#4117=EDGE_CURVE('',#293,#295,#4120,.F.);
#4118=EDGE_CURVE('',#295,#297,#4121,.T.);
#4119=EDGE_CURVE('',#297,#293,#4122,.T.);
#4120=LINE('',#292,#4123);
#4121=LINE('',#294,#4124);
#4122=LINE('',#296,#4125);
#4123=VECTOR('',#4126,1.0);
#4124=VECTOR('',#4127,1.0);
#4125=VECTOR('',#4128,1.0);
#4126=DIRECTION('',(0,0,1));
#4127=DIRECTION('',(0.05166697055332443,-0.03964531774066128,-0.9978771331857864));
#4128=DIRECTION('',(-0.7933544019012427,0.608760045489125,0));
#4129=FACE_SURFACE('',(#4134),#4130,.T.);
#4130=PLANE('',#4131);
#4131=AXIS2_PLACEMENT_3D('',#296,#4132,#4133);
#4132=DIRECTION('',(0.608760045489125,0.7933544019012427,-0));
#4133=DIRECTION('',(-0.05166697055332443,0.03964531774066128,0.9978771331857864));
#4134=FACE_BOUND('',#4135,.T.);
#4135=EDGE_LOOP('',(#4136,#4137,#4138));
#4136=ORIENTED_EDGE('',*,*,#4139,.T.);
#4137=ORIENTED_EDGE('',*,*,#4140,.T.);
#4138=ORIENTED_EDGE('',*,*,#4141,.T.);
#4139=EDGE_CURVE('',#297,#295,#4142,.F.);
#4140=EDGE_CURVE('',#295,#299,#4143,.T.);
#4141=EDGE_CURVE('',#299,#297,#4144,.T.);
#4142=LINE('',#296,#4145);
#4143=LINE('',#294,#4146);
#4144=LINE('',#298,#4147);
#4145=VECTOR('',#4148,1.0);
#4146=VECTOR('',#4149,1.0);
#4147=VECTOR('',#4150,1.0);
#4148=DIRECTION('',(-0.05166697055332443,0.03964531774066128,0.9978771331857864));
#4149=DIRECTION('',(0.7933544019012427,-0.608760045489125,0));
#4150=DIRECTION('',(0,0,-1));
#4151=FACE_SURFACE('',(#4156),#4152,.T.);
#4152=PLANE('',#4153);
#4153=AXIS2_PLACEMENT_3D('',#296,#4154,#4155);
#4154=DIRECTION('',(0.3826841633648344,0.9238792297209396,-0));
#4155=DIRECTION('',(0,0,1));
#4156=FACE_BOUND('',#4157,.T.);
#4157=EDGE_LOOP('',(#4158,#4159,#4160));
#4158=ORIENTED_EDGE('',*,*,#4161,.T.);
#4159=ORIENTED_EDGE('',*,*,#4162,.T.);
#4160=ORIENTED_EDGE('',*,*,#4163,.T.);
#4161=EDGE_CURVE('',#297,#299,#4164,.F.);
#4162=EDGE_CURVE('',#299,#301,#4165,.T.);
#4163=EDGE_CURVE('',#301,#297,#4166,.T.);
#4164=LINE('',#296,#4167);
#4165=LINE('',#298,#4168);
#4166=LINE('',#300,#4169);
#4167=VECTOR('',#4170,1.0);
#4168=VECTOR('',#4171,1.0);
#4169=VECTOR('',#4172,1.0);
#4170=DIRECTION('',(0,0,1));
#4171=DIRECTION('',(0.06016710758379097,-0.024922087743805863,-0.9978771511100405));
#4172=DIRECTION('',(-0.9238792297209396,0.3826841633648344,0));
#4173=FACE_SURFACE('',(#4178),#4174,.T.);
#4174=PLANE('',#4175);
#4175=AXIS2_PLACEMENT_3D('',#300,#4176,#4177);
#4176=DIRECTION('',(0.3826841633648344,0.9238792297209396,-0));
#4177=DIRECTION('',(-0.06016710758379097,0.024922087743805863,0.9978771511100405));
#4178=FACE_BOUND('',#4179,.T.);
#4179=EDGE_LOOP('',(#4180,#4181,#4182));
#4180=ORIENTED_EDGE('',*,*,#4183,.T.);
#4181=ORIENTED_EDGE('',*,*,#4184,.T.);
#4182=ORIENTED_EDGE('',*,*,#4185,.T.);
#4183=EDGE_CURVE('',#301,#299,#4186,.F.);
#4184=EDGE_CURVE('',#299,#303,#4187,.T.);
#4185=EDGE_CURVE('',#303,#301,#4188,.T.);
#4186=LINE('',#300,#4189);
#4187=LINE('',#298,#4190);
#4188=LINE('',#302,#4191);
#4189=VECTOR('',#4192,1.0);
#4190=VECTOR('',#4193,1.0);
#4191=VECTOR('',#4194,1.0);
#4192=DIRECTION('',(-0.06016710758379097,0.024922087743805863,0.9978771511100405));
#4193=DIRECTION('',(0.9238792297209396,-0.3826841633648344,0));
#4194=DIRECTION('',(0,0,-1));
#4195=FACE_SURFACE('',(#4200),#4196,.T.);
#4196=PLANE('',#4197);
#4197=AXIS2_PLACEMENT_3D('',#300,#4198,#4199);
#4198=DIRECTION('',(0.1305259220006158,0.9914448969488365,-0));
#4199=DIRECTION('',(0,0,1));
#4200=FACE_BOUND('',#4201,.T.);
#4201=EDGE_LOOP('',(#4202,#4203,#4204));
#4202=ORIENTED_EDGE('',*,*,#4205,.T.);
#4203=ORIENTED_EDGE('',*,*,#4206,.T.);
#4204=ORIENTED_EDGE('',*,*,#4207,.T.);
#4205=EDGE_CURVE('',#301,#303,#4208,.F.);
#4206=EDGE_CURVE('',#303,#305,#4209,.T.);
#4207=EDGE_CURVE('',#305,#301,#4210,.T.);
#4208=LINE('',#300,#4211);
#4209=LINE('',#302,#4212);
#4210=LINE('',#304,#4213);
#4211=VECTOR('',#4214,1.0);
#4212=VECTOR('',#4215,1.0);
#4213=VECTOR('',#4216,1.0);
#4214=DIRECTION('',(0,0,1));
#4215=DIRECTION('',(0.06456753523107868,-0.008500459373264293,-0.9978771345133762));
#4216=DIRECTION('',(-0.9914448969488365,0.1305259220006158,0));
#4217=FACE_SURFACE('',(#4222),#4218,.T.);
#4218=PLANE('',#4219);
#4219=AXIS2_PLACEMENT_3D('',#304,#4220,#4221);
#4220=DIRECTION('',(0.1305259220006158,0.9914448969488365,-0));
#4221=DIRECTION('',(-0.06456753523107868,0.008500459373264293,0.9978771345133762));
#4222=FACE_BOUND('',#4223,.T.);
#4223=EDGE_LOOP('',(#4224,#4225,#4226));
#4224=ORIENTED_EDGE('',*,*,#4227,.T.);
#4225=ORIENTED_EDGE('',*,*,#4228,.T.);
#4226=ORIENTED_EDGE('',*,*,#4229,.T.);
#4227=EDGE_CURVE('',#305,#303,#4230,.F.);
#4228=EDGE_CURVE('',#303,#307,#4231,.T.);
#4229=EDGE_CURVE('',#307,#305,#4232,.T.);
#4230=LINE('',#304,#4233);
#4231=LINE('',#302,#4234);
#4232=LINE('',#306,#4235);
#4233=VECTOR('',#4236,1.0);
#4234=VECTOR('',#4237,1.0);
#4235=VECTOR('',#4238,1.0);
#4236=DIRECTION('',(-0.06456753523107868,0.008500459373264293,0.9978771345133762));
#4237=DIRECTION('',(0.9914448969488365,-0.1305259220006158,0));
#4238=DIRECTION('',(0,0,-1));
#4239=FACE_SURFACE('',(#4244),#4240,.T.);
#4240=PLANE('',#4241);
#4241=AXIS2_PLACEMENT_3D('',#308,#4242,#4243);
#4242=DIRECTION('',(-0.13052781305110842,0.9914446479860056,0));
#4243=DIRECTION('',(0,0,1));
#4244=FACE_BOUND('',#4245,.T.);
#4245=EDGE_LOOP('',(#4246,#4247,#4248));
#4246=ORIENTED_EDGE('',*,*,#4249,.T.);
#4247=ORIENTED_EDGE('',*,*,#4250,.T.);
#4248=ORIENTED_EDGE('',*,*,#4251,.T.);
#4249=EDGE_CURVE('',#309,#311,#4252,.F.);
#4250=EDGE_CURVE('',#311,#313,#4253,.T.);
#4251=EDGE_CURVE('',#313,#309,#4254,.T.);
#4252=LINE('',#308,#4255);
#4253=LINE('',#310,#4256);
#4254=LINE('',#312,#4257);
#4255=VECTOR('',#4258,1.0);
#4256=VECTOR('',#4259,1.0);
#4257=VECTOR('',#4260,1.0);
#4258=DIRECTION('',(0,0,1));
#4259=DIRECTION('',(0.06456658754859343,0.008500459895578343,-0.9978771958281707));
#4260=DIRECTION('',(-0.9914446479860056,-0.13052781305110842,0));
#4261=FACE_SURFACE('',(#4266),#4262,.T.);
#4262=PLANE('',#4263);
#4263=AXIS2_PLACEMENT_3D('',#312,#4264,#4265);
#4264=DIRECTION('',(-0.13052781305110842,0.9914446479860056,0));
#4265=DIRECTION('',(-0.06456658754859343,-0.008500459895578343,0.9978771958281707));
#4266=FACE_BOUND('',#4267,.T.);
#4267=EDGE_LOOP('',(#4268,#4269,#4270));
#4268=ORIENTED_EDGE('',*,*,#4271,.T.);
#4269=ORIENTED_EDGE('',*,*,#4272,.T.);
#4270=ORIENTED_EDGE('',*,*,#4273,.T.);
#4271=EDGE_CURVE('',#313,#311,#4274,.F.);
#4272=EDGE_CURVE('',#311,#315,#4275,.T.);
#4273=EDGE_CURVE('',#315,#313,#4276,.T.);
#4274=LINE('',#312,#4277);
#4275=LINE('',#310,#4278);
#4276=LINE('',#314,#4279);
#4277=VECTOR('',#4280,1.0);
#4278=VECTOR('',#4281,1.0);
#4279=VECTOR('',#4282,1.0);
#4280=DIRECTION('',(-0.06456658754859343,-0.008500459895578343,0.9978771958281707));
#4281=DIRECTION('',(0.9914446479860056,0.13052781305110842,0));
#4282=DIRECTION('',(0,0,-1));
#4283=FACE_SURFACE('',(#4288),#4284,.T.);
#4284=PLANE('',#4285);
#4285=AXIS2_PLACEMENT_3D('',#312,#4286,#4287);
#4286=DIRECTION('',(-0.38267899701788377,0.92388136967978,0));
#4287=DIRECTION('',(0,0,1));
#4288=FACE_BOUND('',#4289,.T.);
#4289=EDGE_LOOP('',(#4290,#4291,#4292));
#4290=ORIENTED_EDGE('',*,*,#4293,.T.);
#4291=ORIENTED_EDGE('',*,*,#4294,.T.);
#4292=ORIENTED_EDGE('',*,*,#4295,.T.);
#4293=EDGE_CURVE('',#313,#315,#4296,.F.);
#4294=EDGE_CURVE('',#315,#317,#4297,.T.);
#4295=EDGE_CURVE('',#317,#313,#4298,.T.);
#4296=LINE('',#312,#4299);
#4297=LINE('',#314,#4300);
#4298=LINE('',#316,#4301);
#4299=VECTOR('',#4302,1.0);
#4300=VECTOR('',#4303,1.0);
#4301=VECTOR('',#4304,1.0);
#4302=DIRECTION('',(0,0,1));
#4303=DIRECTION('',(0.06016805578847023,0.024922086316805387,-0.9978770939731271));
#4304=DIRECTION('',(-0.92388136967978,-0.38267899701788377,0));
#4305=FACE_SURFACE('',(#4310),#4306,.T.);
#4306=PLANE('',#4307);
#4307=AXIS2_PLACEMENT_3D('',#316,#4308,#4309);
#4308=DIRECTION('',(-0.38267899701788377,0.92388136967978,0));
#4309=DIRECTION('',(-0.06016805578847023,-0.024922086316805387,0.9978770939731271));
#4310=FACE_BOUND('',#4311,.T.);
#4311=EDGE_LOOP('',(#4312,#4313,#4314));
#4312=ORIENTED_EDGE('',*,*,#4315,.T.);
#4313=ORIENTED_EDGE('',*,*,#4316,.T.);
#4314=ORIENTED_EDGE('',*,*,#4317,.T.);
#4315=EDGE_CURVE('',#317,#315,#4318,.F.);
#4316=EDGE_CURVE('',#315,#319,#4319,.T.);
#4317=EDGE_CURVE('',#319,#317,#4320,.T.);
#4318=LINE('',#316,#4321);
#4319=LINE('',#314,#4322);
#4320=LINE('',#318,#4323);
#4321=VECTOR('',#4324,1.0);
#4322=VECTOR('',#4325,1.0);
#4323=VECTOR('',#4326,1.0);
#4324=DIRECTION('',(-0.06016805578847023,-0.024922086316805387,0.9978770939731271));
#4325=DIRECTION('',(0.92388136967978,0.38267899701788377,0));
#4326=DIRECTION('',(0,0,-1));
#4327=FACE_SURFACE('',(#4332),#4328,.T.);
#4328=PLANE('',#4329);
#4329=AXIS2_PLACEMENT_3D('',#316,#4330,#4331);
#4330=DIRECTION('',(-0.6087671029474859,0.7933489864926565,0));
#4331=DIRECTION('',(0,0,1));
#4332=FACE_BOUND('',#4333,.T.);
#4333=EDGE_LOOP('',(#4334,#4335,#4336));
#4334=ORIENTED_EDGE('',*,*,#4337,.T.);
#4335=ORIENTED_EDGE('',*,*,#4338,.T.);
#4336=ORIENTED_EDGE('',*,*,#4339,.T.);
#4337=EDGE_CURVE('',#317,#319,#4340,.F.);
#4338=EDGE_CURVE('',#319,#321,#4341,.T.);
#4339=EDGE_CURVE('',#321,#317,#4342,.T.);
#4340=LINE('',#316,#4343);
#4341=LINE('',#318,#4344);
#4342=LINE('',#320,#4345);
#4343=VECTOR('',#4346,1.0);
#4344=VECTOR('',#4347,1.0);
#4345=VECTOR('',#4348,1.0);
#4346=DIRECTION('',(0,0,1));
#4347=DIRECTION('',(0.05166602144386772,0.03964531968995863,-0.9978771822498211));
#4348=DIRECTION('',(-0.7933489864926565,-0.6087671029474859,0));
#4349=FACE_SURFACE('',(#4354),#4350,.T.);
#4350=PLANE('',#4351);
#4351=AXIS2_PLACEMENT_3D('',#320,#4352,#4353);
#4352=DIRECTION('',(-0.6087671029474859,0.7933489864926565,0));
#4353=DIRECTION('',(-0.05166602144386772,-0.03964531968995863,0.9978771822498211));
#4354=FACE_BOUND('',#4355,.T.);
#4355=EDGE_LOOP('',(#4356,#4357,#4358));
#4356=ORIENTED_EDGE('',*,*,#4359,.T.);
#4357=ORIENTED_EDGE('',*,*,#4360,.T.);
#4358=ORIENTED_EDGE('',*,*,#4361,.T.);
#4359=EDGE_CURVE('',#321,#319,#4362,.F.);
#4360=EDGE_CURVE('',#319,#323,#4363,.T.);
#4361=EDGE_CURVE('',#323,#321,#4364,.T.);
#4362=LINE('',#320,#4365);
#4363=LINE('',#318,#4366);
#4364=LINE('',#322,#4367);
#4365=VECTOR('',#4368,1.0);
#4366=VECTOR('',#4369,1.0);
#4367=VECTOR('',#4370,1.0);
#4368=DIRECTION('',(-0.05166602144386772,-0.03964531968995863,0.9978771822498211));
#4369=DIRECTION('',(0.7933489864926565,0.6087671029474859,0));
#4370=DIRECTION('',(0,0,-1));
#4371=FACE_SURFACE('',(#4376),#4372,.T.);
#4372=PLANE('',#4373);
#4373=AXIS2_PLACEMENT_3D('',#320,#4374,#4375);
#4374=DIRECTION('',(-0.7933501995505835,0.6087655220797654,0));
#4375=DIRECTION('',(0,0,1));
#4376=FACE_BOUND('',#4377,.T.);
#4377=EDGE_LOOP('',(#4378,#4379,#4380));
#4378=ORIENTED_EDGE('',*,*,#4381,.T.);
#4379=ORIENTED_EDGE('',*,*,#4382,.T.);
#4380=ORIENTED_EDGE('',*,*,#4383,.T.);
#4381=EDGE_CURVE('',#321,#323,#4384,.F.);
#4382=EDGE_CURVE('',#323,#325,#4385,.T.);
#4383=EDGE_CURVE('',#325,#321,#4386,.T.);
#4384=LINE('',#320,#4387);
#4385=LINE('',#322,#4388);
#4386=LINE('',#324,#4389);
#4387=VECTOR('',#4390,1.0);
#4388=VECTOR('',#4391,1.0);
#4389=VECTOR('',#4392,1.0);
#4390=DIRECTION('',(0,0,1));
#4391=DIRECTION('',(0.03964573013268991,0.05166676950534808,-0.9978771272111248));
#4392=DIRECTION('',(-0.6087655220797654,-0.7933501995505835,0));
#4393=FACE_SURFACE('',(#4398),#4394,.T.);
#4394=PLANE('',#4395);
#4395=AXIS2_PLACEMENT_3D('',#324,#4396,#4397);
#4396=DIRECTION('',(-0.7933501995505835,0.6087655220797654,0));
#4397=DIRECTION('',(-0.03964573013268991,-0.05166676950534808,0.9978771272111248));
#4398=FACE_BOUND('',#4399,.T.);
#4399=EDGE_LOOP('',(#4400,#4401,#4402));
#4400=ORIENTED_EDGE('',*,*,#4403,.T.);
#4401=ORIENTED_EDGE('',*,*,#4404,.T.);
#4402=ORIENTED_EDGE('',*,*,#4405,.T.);
#4403=EDGE_CURVE('',#325,#323,#4406,.F.);
#4404=EDGE_CURVE('',#323,#327,#4407,.T.);
#4405=EDGE_CURVE('',#327,#325,#4408,.T.);
#4406=LINE('',#324,#4409);
#4407=LINE('',#322,#4410);
#4408=LINE('',#326,#4411);
#4409=VECTOR('',#4412,1.0);
#4410=VECTOR('',#4413,1.0);
#4411=VECTOR('',#4414,1.0);
#4412=DIRECTION('',(-0.03964573013268991,-0.05166676950534808,0.9978771272111248));
#4413=DIRECTION('',(0.6087655220797654,0.7933501995505835,0));
#4414=DIRECTION('',(0,0,-1));
#4415=FACE_SURFACE('',(#4420),#4416,.T.);
#4416=PLANE('',#4417);
#4417=AXIS2_PLACEMENT_3D('',#324,#4418,#4419);
#4418=DIRECTION('',(-0.9238810644258714,0.3826797339751855,0));
#4419=DIRECTION('',(0,0,1));
#4420=FACE_BOUND('',#4421,.T.);
#4421=EDGE_LOOP('',(#4422,#4423,#4424));
#4422=ORIENTED_EDGE('',*,*,#4425,.T.);
#4423=ORIENTED_EDGE('',*,*,#4426,.T.);
#4424=ORIENTED_EDGE('',*,*,#4427,.T.);
#4425=EDGE_CURVE('',#325,#327,#4428,.F.);
#4426=EDGE_CURVE('',#327,#329,#4429,.T.);
#4427=EDGE_CURVE('',#329,#325,#4430,.T.);
#4428=LINE('',#324,#4431);
#4429=LINE('',#326,#4432);
#4430=LINE('',#328,#4433);
#4431=VECTOR('',#4434,1.0);
#4432=VECTOR('',#4435,1.0);
#4433=VECTOR('',#4436,1.0);
#4434=DIRECTION('',(0,0,1));
#4435=DIRECTION('',(0.024921805197574,0.06016724134871982,-0.9978771501012431));
#4436=DIRECTION('',(-0.3826797339751855,-0.9238810644258714,0));
#4437=FACE_SURFACE('',(#4442),#4438,.T.);
#4438=PLANE('',#4439);
#4439=AXIS2_PLACEMENT_3D('',#328,#4440,#4441);
#4440=DIRECTION('',(-0.9238810644258714,0.3826797339751855,0));
#4441=DIRECTION('',(-0.024921805197574,-0.06016724134871982,0.9978771501012431));
#4442=FACE_BOUND('',#4443,.T.);
#4443=EDGE_LOOP('',(#4444,#4445,#4446));
#4444=ORIENTED_EDGE('',*,*,#4447,.T.);
#4445=ORIENTED_EDGE('',*,*,#4448,.T.);
#4446=ORIENTED_EDGE('',*,*,#4449,.T.);
#4447=EDGE_CURVE('',#329,#327,#4450,.F.);
#4448=EDGE_CURVE('',#327,#331,#4451,.T.);
#4449=EDGE_CURVE('',#331,#329,#4452,.T.);
#4450=LINE('',#328,#4453);
#4451=LINE('',#326,#4454);
#4452=LINE('',#330,#4455);
#4453=VECTOR('',#4456,1.0);
#4454=VECTOR('',#4457,1.0);
#4455=VECTOR('',#4458,1.0);
#4456=DIRECTION('',(-0.024921805197574,-0.06016724134871982,0.9978771501012431));
#4457=DIRECTION('',(0.3826797339751855,0.9238810644258714,0));
#4458=DIRECTION('',(0,0,-1));
#4459=FACE_SURFACE('',(#4464),#4460,.T.);
#4460=PLANE('',#4461);
#4461=AXIS2_PLACEMENT_3D('',#328,#4462,#4463);
#4462=DIRECTION('',(-0.9914436135194159,0.13053567026511576,0));
#4463=DIRECTION('',(0,0,1));
#4464=FACE_BOUND('',#4465,.T.);
#4465=EDGE_LOOP('',(#4466,#4467,#4468));
#4466=ORIENTED_EDGE('',*,*,#4469,.T.);
#4467=ORIENTED_EDGE('',*,*,#4470,.T.);
#4468=ORIENTED_EDGE('',*,*,#4471,.T.);
#4469=EDGE_CURVE('',#329,#331,#4472,.F.);
#4470=EDGE_CURVE('',#331,#283,#4473,.T.);
#4471=EDGE_CURVE('',#283,#329,#4474,.T.);
#4472=LINE('',#328,#4475);
#4473=LINE('',#330,#4476);
#4474=LINE('',#282,#4477);
#4475=VECTOR('',#4478,1.0);
#4476=VECTOR('',#4479,1.0);
#4477=VECTOR('',#4480,1.0);
#4478=DIRECTION('',(0,0,1));
#4479=DIRECTION('',(0.008501087638880587,0.06456740161841719,-0.997877137806655));
#4480=DIRECTION('',(-0.13053567026511576,-0.9914436135194159,0));
#4481=FACE_SURFACE('',(#4486),#4482,.T.);
#4482=PLANE('',#4483);
#4483=AXIS2_PLACEMENT_3D('',#282,#4484,#4485);
#4484=DIRECTION('',(-0.9914436135194159,0.13053567026511576,0));
#4485=DIRECTION('',(-0.008501087638880587,-0.06456740161841719,0.997877137806655));
#4486=FACE_BOUND('',#4487,.T.);
#4487=EDGE_LOOP('',(#4488,#4489,#4490));
#4488=ORIENTED_EDGE('',*,*,#4491,.T.);
#4489=ORIENTED_EDGE('',*,*,#4492,.T.);
#4490=ORIENTED_EDGE('',*,*,#4493,.T.);
#4491=EDGE_CURVE('',#283,#331,#4494,.F.);
#4492=EDGE_CURVE('',#331,#281,#4495,.T.);
#4493=EDGE_CURVE('',#281,#283,#4496,.T.);
#4494=LINE('',#282,#4497);
#4495=LINE('',#330,#4498);
#4496=LINE('',#280,#4499);
#4497=VECTOR('',#4500,1.0);
#4498=VECTOR('',#4501,1.0);
#4499=VECTOR('',#4502,1.0);
#4500=DIRECTION('',(-0.008501087638880587,-0.06456740161841719,0.997877137806655));
#4501=DIRECTION('',(0.13053567026511576,0.9914436135194159,0));
#4502=DIRECTION('',(0,0,-1));
#4503=FACE_SURFACE('',(#4508),#4504,.T.);
#4504=PLANE('',#4505);
#4505=AXIS2_PLACEMENT_3D('',#306,#4506,#4507);
#4506=DIRECTION('',(2.6645352591003757E-15,1,0));
#4507=DIRECTION('',(1,-2.6645352591003757E-15,0));
#4508=FACE_BOUND('',#4509,.T.);
#4509=EDGE_LOOP('',(#4510,#4511,#4512));
#4510=ORIENTED_EDGE('',*,*,#4513,.T.);
#4511=ORIENTED_EDGE('',*,*,#4514,.T.);
#4512=ORIENTED_EDGE('',*,*,#4515,.T.);
#4513=EDGE_CURVE('',#307,#311,#4516,.F.);
#4514=EDGE_CURVE('',#311,#305,#4517,.T.);
#4515=EDGE_CURVE('',#305,#307,#4518,.T.);
#4516=LINE('',#306,#4519);
#4517=LINE('',#310,#4520);
#4518=LINE('',#304,#4521);
#4519=VECTOR('',#4522,1.0);
#4520=VECTOR('',#4523,1.0);
#4521=VECTOR('',#4524,1.0);
#4522=DIRECTION('',(1,-2.6645352591003757E-15,0));
#4523=DIRECTION('',(-0.4472135954999579,1.191616393558691E-15,-0.8944271909999159));
#4524=DIRECTION('',(0,0,1));
#4525=FACE_SURFACE('',(#4530),#4526,.T.);
#4526=PLANE('',#4527);
#4527=AXIS2_PLACEMENT_3D('',#304,#4528,#4529);
#4528=DIRECTION('',(2.6645352591003757E-15,1,0));
#4529=DIRECTION('',(0.4472135954999579,-1.191616393558691E-15,0.8944271909999159));
#4530=FACE_BOUND('',#4531,.T.);
#4531=EDGE_LOOP('',(#4532,#4533,#4534));
#4532=ORIENTED_EDGE('',*,*,#4535,.T.);
#4533=ORIENTED_EDGE('',*,*,#4536,.T.);
#4534=ORIENTED_EDGE('',*,*,#4537,.T.);
#4535=EDGE_CURVE('',#305,#311,#4538,.F.);
#4536=EDGE_CURVE('',#311,#309,#4539,.T.);
#4537=EDGE_CURVE('',#309,#305,#4540,.T.);
#4538=LINE('',#304,#4541);
#4539=LINE('',#310,#4542);
#4540=LINE('',#308,#4543);
#4541=VECTOR('',#4544,1.0);
#4542=VECTOR('',#4545,1.0);
#4543=VECTOR('',#4546,1.0);
#4544=DIRECTION('',(0.4472135954999579,-1.191616393558691E-15,0.8944271909999159));
#4545=DIRECTION('',(0,0,-1));
#4546=DIRECTION('',(-1,2.6645352591003757E-15,0));
#4547=FACE_SURFACE('',(#4552),#4548,.T.);
#4548=PLANE('',#4549);
#4549=AXIS2_PLACEMENT_3D('',#332,#4550,#4551);
#4550=DIRECTION('',(-1,0,0));
#4551=DIRECTION('',(0,1,0));
#4552=FACE_BOUND('',#4553,.T.);
#4553=EDGE_LOOP('',(#4554,#4555,#4556));
#4554=ORIENTED_EDGE('',*,*,#4557,.T.);
#4555=ORIENTED_EDGE('',*,*,#4558,.T.);
#4556=ORIENTED_EDGE('',*,*,#4559,.T.);
#4557=EDGE_CURVE('',#333,#263,#4560,.F.);
#4558=EDGE_CURVE('',#263,#149,#4561,.T.);
#4559=EDGE_CURVE('',#149,#333,#4562,.T.);
#4560=LINE('',#332,#4563);
#4561=LINE('',#262,#4564);
#4562=LINE('',#148,#4565);
#4563=VECTOR('',#4566,1.0);
#4564=VECTOR('',#4567,1.0);
#4565=VECTOR('',#4568,1.0);
#4566=DIRECTION('',(0,1,0));
#4567=DIRECTION('',(0,-0.9912279006826347,-0.13216372009101796));
#4568=DIRECTION('',(0,0,1));
#4569=FACE_SURFACE('',(#4574),#4570,.T.);
#4570=PLANE('',#4571);
#4571=AXIS2_PLACEMENT_3D('',#148,#4572,#4573);
#4572=DIRECTION('',(-1,0,0));
#4573=DIRECTION('',(0,0.9912279006826347,0.13216372009101796));
#4574=FACE_BOUND('',#4575,.T.);
#4575=EDGE_LOOP('',(#4576,#4577,#4578));
#4576=ORIENTED_EDGE('',*,*,#4579,.T.);
#4577=ORIENTED_EDGE('',*,*,#4580,.T.);
#4578=ORIENTED_EDGE('',*,*,#4581,.T.);
#4579=EDGE_CURVE('',#149,#263,#4582,.F.);
#4580=EDGE_CURVE('',#263,#151,#4583,.T.);
#4581=EDGE_CURVE('',#151,#149,#4584,.T.);
#4582=LINE('',#148,#4585);
#4583=LINE('',#262,#4586);
#4584=LINE('',#150,#4587);
#4585=VECTOR('',#4588,1.0);
#4586=VECTOR('',#4589,1.0);
#4587=VECTOR('',#4590,1.0);
#4588=DIRECTION('',(0,0.9912279006826347,0.13216372009101796));
#4589=DIRECTION('',(0,0,-1));
#4590=DIRECTION('',(0,-1,0));
#4591=FACE_SURFACE('',(#4596),#4592,.T.);
#4592=PLANE('',#4593);
#4593=AXIS2_PLACEMENT_3D('',#162,#4594,#4595);
#4594=DIRECTION('',(0.9914455045825402,0.13052130647167157,-0));
#4595=DIRECTION('',(0,0,1));
#4596=FACE_BOUND('',#4597,.T.);
#4597=EDGE_LOOP('',(#4598,#4599,#4600));
#4598=ORIENTED_EDGE('',*,*,#4601,.T.);
#4599=ORIENTED_EDGE('',*,*,#4602,.T.);
#4600=ORIENTED_EDGE('',*,*,#4603,.T.);
#4601=EDGE_CURVE('',#163,#279,#4604,.F.);
#4602=EDGE_CURVE('',#279,#173,#4605,.T.);
#4603=EDGE_CURVE('',#173,#163,#4606,.T.);
#4604=LINE('',#162,#4607);
#4605=LINE('',#278,#4608);
#4606=LINE('',#172,#4609);
#4607=VECTOR('',#4610,1.0);
#4608=VECTOR('',#4611,1.0);
#4609=VECTOR('',#4612,1.0);
#4610=DIRECTION('',(0,0,1));
#4611=DIRECTION('',(0.008500136057846079,-0.06456740214074201,-0.9978771458790875));
#4612=DIRECTION('',(-0.13052130647167157,0.9914455045825402,0));
#4613=FACE_SURFACE('',(#4618),#4614,.T.);
#4614=PLANE('',#4615);
#4615=AXIS2_PLACEMENT_3D('',#172,#4616,#4617);
#4616=DIRECTION('',(0.9914455045825402,0.13052130647167157,-0));
#4617=DIRECTION('',(-0.008500136057846079,0.06456740214074201,0.9978771458790875));
#4618=FACE_BOUND('',#4619,.T.);
#4619=EDGE_LOOP('',(#4620,#4621,#4622));
#4620=ORIENTED_EDGE('',*,*,#4623,.T.);
#4621=ORIENTED_EDGE('',*,*,#4624,.T.);
#4622=ORIENTED_EDGE('',*,*,#4625,.T.);
#4623=EDGE_CURVE('',#173,#279,#4626,.F.);
#4624=EDGE_CURVE('',#279,#335,#4627,.T.);
#4625=EDGE_CURVE('',#335,#173,#4628,.T.);
#4626=LINE('',#172,#4629);
#4627=LINE('',#278,#4630);
#4628=LINE('',#334,#4631);
#4629=VECTOR('',#4632,1.0);
#4630=VECTOR('',#4633,1.0);
#4631=VECTOR('',#4634,1.0);
#4632=DIRECTION('',(-0.008500136057846079,0.06456740214074201,0.9978771458790875));
#4633=DIRECTION('',(0.13052130647167157,-0.9914455045825402,0));
#4634=DIRECTION('',(0,0,-1));
#4635=FACE_SURFACE('',(#4640),#4636,.T.);
#4636=PLANE('',#4637);
#4637=AXIS2_PLACEMENT_3D('',#172,#4638,#4639);
#4638=DIRECTION('',(0.9238810309891089,0.3826798146995753,-0));
#4639=DIRECTION('',(0,0,1));
#4640=FACE_BOUND('',#4641,.T.);
#4641=EDGE_LOOP('',(#4642,#4643,#4644));
#4642=ORIENTED_EDGE('',*,*,#4645,.T.);
#4643=ORIENTED_EDGE('',*,*,#4646,.T.);
#4644=ORIENTED_EDGE('',*,*,#4647,.T.);
#4645=EDGE_CURVE('',#173,#335,#4648,.F.);
#4646=EDGE_CURVE('',#335,#175,#4649,.T.);
#4647=EDGE_CURVE('',#175,#173,#4650,.T.);
#4648=LINE('',#172,#4651);
#4649=LINE('',#334,#4652);
#4650=LINE('',#174,#4653);
#4651=VECTOR('',#4654,1.0);
#4652=VECTOR('',#4655,1.0);
#4653=VECTOR('',#4656,1.0);
#4654=DIRECTION('',(0,0,1));
#4655=DIRECTION('',(0.024921805219870505,-0.06016722653302067,-0.9978771509940024));
#4656=DIRECTION('',(-0.3826798146995753,0.9238810309891089,0));
#4657=FACE_SURFACE('',(#4662),#4658,.T.);
#4658=PLANE('',#4659);
#4659=AXIS2_PLACEMENT_3D('',#174,#4660,#4661);
#4660=DIRECTION('',(0.9238810309891089,0.3826798146995753,-0));
#4661=DIRECTION('',(-0.024921805219870505,0.06016722653302067,0.9978771509940024));
#4662=FACE_BOUND('',#4663,.T.);
#4663=EDGE_LOOP('',(#4664,#4665,#4666));
#4664=ORIENTED_EDGE('',*,*,#4667,.T.);
#4665=ORIENTED_EDGE('',*,*,#4668,.T.);
#4666=ORIENTED_EDGE('',*,*,#4669,.T.);
#4667=EDGE_CURVE('',#175,#335,#4670,.F.);
#4668=EDGE_CURVE('',#335,#337,#4671,.T.);
#4669=EDGE_CURVE('',#337,#175,#4672,.T.);
#4670=LINE('',#174,#4673);
#4671=LINE('',#334,#4674);
#4672=LINE('',#336,#4675);
#4673=VECTOR('',#4676,1.0);
#4674=VECTOR('',#4677,1.0);
#4675=VECTOR('',#4678,1.0);
#4676=DIRECTION('',(-0.024921805219870505,0.06016722653302067,0.9978771509940024));
#4677=DIRECTION('',(0.3826798146995753,-0.9238810309891089,0));
#4678=DIRECTION('',(0,0,-1));
#4679=FACE_SURFACE('',(#4684),#4680,.T.);
#4680=PLANE('',#4681);
#4681=AXIS2_PLACEMENT_3D('',#174,#4682,#4683);
#4682=DIRECTION('',(0.7933502841662512,0.6087654118076424,-0));
#4683=DIRECTION('',(0,0,1));
#4684=FACE_BOUND('',#4685,.T.);
#4685=EDGE_LOOP('',(#4686,#4687,#4688));
#4686=ORIENTED_EDGE('',*,*,#4689,.T.);
#4687=ORIENTED_EDGE('',*,*,#4690,.T.);
#4688=ORIENTED_EDGE('',*,*,#4691,.T.);
#4689=EDGE_CURVE('',#175,#337,#4692,.F.);
#4690=EDGE_CURVE('',#337,#177,#4693,.T.);
#4691=EDGE_CURVE('',#177,#175,#4694,.T.);
#4692=LINE('',#174,#4695);
#4693=LINE('',#336,#4696);
#4694=LINE('',#176,#4697);
#4695=VECTOR('',#4698,1.0);
#4696=VECTOR('',#4699,1.0);
#4697=VECTOR('',#4700,1.0);
#4698=DIRECTION('',(0,0,1));
#4699=DIRECTION('',(0.03964573010223166,-0.051666784335182445,-0.9978771264444951));
#4700=DIRECTION('',(-0.6087654118076424,0.7933502841662512,0));
#4701=FACE_SURFACE('',(#4706),#4702,.T.);
#4702=PLANE('',#4703);
#4703=AXIS2_PLACEMENT_3D('',#176,#4704,#4705);
#4704=DIRECTION('',(0.7933502841662512,0.6087654118076424,-0));
#4705=DIRECTION('',(-0.03964573010223166,0.051666784335182445,0.9978771264444951));
#4706=FACE_BOUND('',#4707,.T.);
#4707=EDGE_LOOP('',(#4708,#4709,#4710));
#4708=ORIENTED_EDGE('',*,*,#4711,.T.);
#4709=ORIENTED_EDGE('',*,*,#4712,.T.);
#4710=ORIENTED_EDGE('',*,*,#4713,.T.);
#4711=EDGE_CURVE('',#177,#337,#4714,.F.);
#4712=EDGE_CURVE('',#337,#339,#4715,.T.);
#4713=EDGE_CURVE('',#339,#177,#4716,.T.);
#4714=LINE('',#176,#4717);
#4715=LINE('',#336,#4718);
#4716=LINE('',#338,#4719);
#4717=VECTOR('',#4720,1.0);
#4718=VECTOR('',#4721,1.0);
#4719=VECTOR('',#4722,1.0);
#4720=DIRECTION('',(-0.03964573010223166,0.051666784335182445,0.9978771264444951));
#4721=DIRECTION('',(0.6087654118076424,-0.7933502841662512,0));
#4722=DIRECTION('',(0,0,-1));
#4723=FACE_SURFACE('',(#4728),#4724,.T.);
#4724=PLANE('',#4725);
#4725=AXIS2_PLACEMENT_3D('',#176,#4726,#4727);
#4726=DIRECTION('',(0.608760045489125,0.7933544019012427,-0));
#4727=DIRECTION('',(0,0,1));
#4728=FACE_BOUND('',#4729,.T.);
#4729=EDGE_LOOP('',(#4730,#4731,#4732));
#4730=ORIENTED_EDGE('',*,*,#4733,.T.);
#4731=ORIENTED_EDGE('',*,*,#4734,.T.);
#4732=ORIENTED_EDGE('',*,*,#4735,.T.);
#4733=EDGE_CURVE('',#177,#339,#4736,.F.);
#4734=EDGE_CURVE('',#339,#159,#4737,.T.);
#4735=EDGE_CURVE('',#159,#177,#4738,.T.);
#4736=LINE('',#176,#4739);
#4737=LINE('',#338,#4740);
#4738=LINE('',#158,#4741);
#4739=VECTOR('',#4742,1.0);
#4740=VECTOR('',#4743,1.0);
#4741=VECTOR('',#4744,1.0);
#4742=DIRECTION('',(0,0,1));
#4743=DIRECTION('',(0.05166697055332443,-0.03964531774066128,-0.9978771331857864));
#4744=DIRECTION('',(-0.7933544019012427,0.608760045489125,0));
#4745=FACE_SURFACE('',(#4750),#4746,.T.);
#4746=PLANE('',#4747);
#4747=AXIS2_PLACEMENT_3D('',#158,#4748,#4749);
#4748=DIRECTION('',(0.608760045489125,0.7933544019012427,-0));
#4749=DIRECTION('',(-0.05166697055332443,0.03964531774066128,0.9978771331857864));
#4750=FACE_BOUND('',#4751,.T.);
#4751=EDGE_LOOP('',(#4752,#4753,#4754));
#4752=ORIENTED_EDGE('',*,*,#4755,.T.);
#4753=ORIENTED_EDGE('',*,*,#4756,.T.);
#4754=ORIENTED_EDGE('',*,*,#4757,.T.);
#4755=EDGE_CURVE('',#159,#339,#4758,.F.);
#4756=EDGE_CURVE('',#339,#341,#4759,.T.);
#4757=EDGE_CURVE('',#341,#159,#4760,.T.);
#4758=LINE('',#158,#4761);
#4759=LINE('',#338,#4762);
#4760=LINE('',#340,#4763);
#4761=VECTOR('',#4764,1.0);
#4762=VECTOR('',#4765,1.0);
#4763=VECTOR('',#4766,1.0);
#4764=DIRECTION('',(-0.05166697055332443,0.03964531774066128,0.9978771331857864));
#4765=DIRECTION('',(0.7933544019012427,-0.608760045489125,0));
#4766=DIRECTION('',(0,0,-1));
#4767=FACE_SURFACE('',(#4772),#4768,.T.);
#4768=PLANE('',#4769);
#4769=AXIS2_PLACEMENT_3D('',#158,#4770,#4771);
#4770=DIRECTION('',(0.3826841633648344,0.9238792297209396,-0));
#4771=DIRECTION('',(0,0,1));
#4772=FACE_BOUND('',#4773,.T.);
#4773=EDGE_LOOP('',(#4774,#4775,#4776));
#4774=ORIENTED_EDGE('',*,*,#4777,.T.);
#4775=ORIENTED_EDGE('',*,*,#4778,.T.);
#4776=ORIENTED_EDGE('',*,*,#4779,.T.);
#4777=EDGE_CURVE('',#159,#341,#4780,.F.);
#4778=EDGE_CURVE('',#341,#155,#4781,.T.);
#4779=EDGE_CURVE('',#155,#159,#4782,.T.);
#4780=LINE('',#158,#4783);
#4781=LINE('',#340,#4784);
#4782=LINE('',#154,#4785);
#4783=VECTOR('',#4786,1.0);
#4784=VECTOR('',#4787,1.0);
#4785=VECTOR('',#4788,1.0);
#4786=DIRECTION('',(0,0,1));
#4787=DIRECTION('',(0.06016710758379097,-0.024922087743805863,-0.9978771511100405));
#4788=DIRECTION('',(-0.9238792297209396,0.3826841633648344,0));
#4789=FACE_SURFACE('',(#4794),#4790,.T.);
#4790=PLANE('',#4791);
#4791=AXIS2_PLACEMENT_3D('',#154,#4792,#4793);
#4792=DIRECTION('',(0.3826841633648344,0.9238792297209396,-0));
#4793=DIRECTION('',(-0.06016710758379097,0.024922087743805863,0.9978771511100405));
#4794=FACE_BOUND('',#4795,.T.);
#4795=EDGE_LOOP('',(#4796,#4797,#4798));
#4796=ORIENTED_EDGE('',*,*,#4799,.T.);
#4797=ORIENTED_EDGE('',*,*,#4800,.T.);
#4798=ORIENTED_EDGE('',*,*,#4801,.T.);
#4799=EDGE_CURVE('',#155,#341,#4802,.F.);
#4800=EDGE_CURVE('',#341,#343,#4803,.T.);
#4801=EDGE_CURVE('',#343,#155,#4804,.T.);
#4802=LINE('',#154,#4805);
#4803=LINE('',#340,#4806);
#4804=LINE('',#342,#4807);
#4805=VECTOR('',#4808,1.0);
#4806=VECTOR('',#4809,1.0);
#4807=VECTOR('',#4810,1.0);
#4808=DIRECTION('',(-0.06016710758379097,0.024922087743805863,0.9978771511100405));
#4809=DIRECTION('',(0.9238792297209396,-0.3826841633648344,0));
#4810=DIRECTION('',(0,0,-1));
#4811=FACE_SURFACE('',(#4816),#4812,.T.);
#4812=PLANE('',#4813);
#4813=AXIS2_PLACEMENT_3D('',#154,#4814,#4815);
#4814=DIRECTION('',(0.1305259220006158,0.9914448969488365,-0));
#4815=DIRECTION('',(0,0,1));
#4816=FACE_BOUND('',#4817,.T.);
#4817=EDGE_LOOP('',(#4818,#4819,#4820));
#4818=ORIENTED_EDGE('',*,*,#4821,.T.);
#4819=ORIENTED_EDGE('',*,*,#4822,.T.);
#4820=ORIENTED_EDGE('',*,*,#4823,.T.);
#4821=EDGE_CURVE('',#155,#343,#4824,.F.);
#4822=EDGE_CURVE('',#343,#157,#4825,.T.);
#4823=EDGE_CURVE('',#157,#155,#4826,.T.);
#4824=LINE('',#154,#4827);
#4825=LINE('',#342,#4828);
#4826=LINE('',#156,#4829);
#4827=VECTOR('',#4830,1.0);
#4828=VECTOR('',#4831,1.0);
#4829=VECTOR('',#4832,1.0);
#4830=DIRECTION('',(0,0,1));
#4831=DIRECTION('',(0.06456753523107868,-0.008500459373264293,-0.9978771345133762));
#4832=DIRECTION('',(-0.9914448969488365,0.1305259220006158,0));
#4833=FACE_SURFACE('',(#4838),#4834,.T.);
#4834=PLANE('',#4835);
#4835=AXIS2_PLACEMENT_3D('',#156,#4836,#4837);
#4836=DIRECTION('',(0.1305259220006158,0.9914448969488365,-0));
#4837=DIRECTION('',(-0.06456753523107868,0.008500459373264293,0.9978771345133762));
#4838=FACE_BOUND('',#4839,.T.);
#4839=EDGE_LOOP('',(#4840,#4841,#4842));
#4840=ORIENTED_EDGE('',*,*,#4843,.T.);
#4841=ORIENTED_EDGE('',*,*,#4844,.T.);
#4842=ORIENTED_EDGE('',*,*,#4845,.T.);
#4843=EDGE_CURVE('',#157,#343,#4846,.F.);
#4844=EDGE_CURVE('',#343,#345,#4847,.T.);
#4845=EDGE_CURVE('',#345,#157,#4848,.T.);
#4846=LINE('',#156,#4849);
#4847=LINE('',#342,#4850);
#4848=LINE('',#344,#4851);
#4849=VECTOR('',#4852,1.0);
#4850=VECTOR('',#4853,1.0);
#4851=VECTOR('',#4854,1.0);
#4852=DIRECTION('',(-0.06456753523107868,0.008500459373264293,0.9978771345133762));
#4853=DIRECTION('',(0.9914448969488365,-0.1305259220006158,0));
#4854=DIRECTION('',(0,0,-1));
#4855=FACE_SURFACE('',(#4860),#4856,.T.);
#4856=PLANE('',#4857);
#4857=AXIS2_PLACEMENT_3D('',#344,#4858,#4859);
#4858=DIRECTION('',(2.6645352591003757E-15,1,0));
#4859=DIRECTION('',(1,-2.6645352591003757E-15,0));
#4860=FACE_BOUND('',#4861,.T.);
#4861=EDGE_LOOP('',(#4862,#4863,#4864));
#4862=ORIENTED_EDGE('',*,*,#4865,.T.);
#4863=ORIENTED_EDGE('',*,*,#4866,.T.);
#4864=ORIENTED_EDGE('',*,*,#4867,.T.);
#4865=EDGE_CURVE('',#345,#347,#4868,.F.);
#4866=EDGE_CURVE('',#347,#157,#4869,.T.);
#4867=EDGE_CURVE('',#157,#345,#4870,.T.);
#4868=LINE('',#344,#4871);
#4869=LINE('',#346,#4872);
#4870=LINE('',#156,#4873);
#4871=VECTOR('',#4874,1.0);
#4872=VECTOR('',#4875,1.0);
#4873=VECTOR('',#4876,1.0);
#4874=DIRECTION('',(1,-2.6645352591003757E-15,0));
#4875=DIRECTION('',(-0.4472135954999579,1.191616393558691E-15,-0.8944271909999159));
#4876=DIRECTION('',(0,0,1));
#4877=FACE_SURFACE('',(#4882),#4878,.T.);
#4878=PLANE('',#4879);
#4879=AXIS2_PLACEMENT_3D('',#156,#4880,#4881);
#4880=DIRECTION('',(2.6645352591003757E-15,1,0));
#4881=DIRECTION('',(0.4472135954999579,-1.191616393558691E-15,0.8944271909999159));
#4882=FACE_BOUND('',#4883,.T.);
#4883=EDGE_LOOP('',(#4884,#4885,#4886));
#4884=ORIENTED_EDGE('',*,*,#4887,.T.);
#4885=ORIENTED_EDGE('',*,*,#4888,.T.);
#4886=ORIENTED_EDGE('',*,*,#4889,.T.);
#4887=EDGE_CURVE('',#157,#347,#4890,.F.);
#4888=EDGE_CURVE('',#347,#137,#4891,.T.);
#4889=EDGE_CURVE('',#137,#157,#4892,.T.);
#4890=LINE('',#156,#4893);
#4891=LINE('',#346,#4894);
#4892=LINE('',#136,#4895);
#4893=VECTOR('',#4896,1.0);
#4894=VECTOR('',#4897,1.0);
#4895=VECTOR('',#4898,1.0);
#4896=DIRECTION('',(0.4472135954999579,-1.191616393558691E-15,0.8944271909999159));
#4897=DIRECTION('',(0,0,-1));
#4898=DIRECTION('',(-1,2.6645352591003757E-15,0));
#4899=FACE_SURFACE('',(#4904),#4900,.T.);
#4900=PLANE('',#4901);
#4901=AXIS2_PLACEMENT_3D('',#136,#4902,#4903);
#4902=DIRECTION('',(-0.13052781305110842,0.9914446479860056,0));
#4903=DIRECTION('',(0,0,1));
#4904=FACE_BOUND('',#4905,.T.);
#4905=EDGE_LOOP('',(#4906,#4907,#4908));
#4906=ORIENTED_EDGE('',*,*,#4909,.T.);
#4907=ORIENTED_EDGE('',*,*,#4910,.T.);
#4908=ORIENTED_EDGE('',*,*,#4911,.T.);
#4909=EDGE_CURVE('',#137,#347,#4912,.F.);
#4910=EDGE_CURVE('',#347,#141,#4913,.T.);
#4911=EDGE_CURVE('',#141,#137,#4914,.T.);
#4912=LINE('',#136,#4915);
#4913=LINE('',#346,#4916);
#4914=LINE('',#140,#4917);
#4915=VECTOR('',#4918,1.0);
#4916=VECTOR('',#4919,1.0);
#4917=VECTOR('',#4920,1.0);
#4918=DIRECTION('',(0,0,1));
#4919=DIRECTION('',(0.06456658754859343,0.008500459895578343,-0.9978771958281707));
#4920=DIRECTION('',(-0.9914446479860056,-0.13052781305110842,0));
#4921=FACE_SURFACE('',(#4926),#4922,.T.);
#4922=PLANE('',#4923);
#4923=AXIS2_PLACEMENT_3D('',#140,#4924,#4925);
#4924=DIRECTION('',(-0.13052781305110842,0.9914446479860056,0));
#4925=DIRECTION('',(-0.06456658754859343,-0.008500459895578343,0.9978771958281707));
#4926=FACE_BOUND('',#4927,.T.);
#4927=EDGE_LOOP('',(#4928,#4929,#4930));
#4928=ORIENTED_EDGE('',*,*,#4931,.T.);
#4929=ORIENTED_EDGE('',*,*,#4932,.T.);
#4930=ORIENTED_EDGE('',*,*,#4933,.T.);
#4931=EDGE_CURVE('',#141,#347,#4934,.F.);
#4932=EDGE_CURVE('',#347,#349,#4935,.T.);
#4933=EDGE_CURVE('',#349,#141,#4936,.T.);
#4934=LINE('',#140,#4937);
#4935=LINE('',#346,#4938);
#4936=LINE('',#348,#4939);
#4937=VECTOR('',#4940,1.0);
#4938=VECTOR('',#4941,1.0);
#4939=VECTOR('',#4942,1.0);
#4940=DIRECTION('',(-0.06456658754859343,-0.008500459895578343,0.9978771958281707));
#4941=DIRECTION('',(0.9914446479860056,0.13052781305110842,0));
#4942=DIRECTION('',(0,0,-1));
#4943=FACE_SURFACE('',(#4948),#4944,.T.);
#4944=PLANE('',#4945);
#4945=AXIS2_PLACEMENT_3D('',#140,#4946,#4947);
#4946=DIRECTION('',(-0.38267899701788377,0.92388136967978,0));
#4947=DIRECTION('',(0,0,1));
#4948=FACE_BOUND('',#4949,.T.);
#4949=EDGE_LOOP('',(#4950,#4951,#4952));
#4950=ORIENTED_EDGE('',*,*,#4953,.T.);
#4951=ORIENTED_EDGE('',*,*,#4954,.T.);
#4952=ORIENTED_EDGE('',*,*,#4955,.T.);
#4953=EDGE_CURVE('',#141,#349,#4956,.F.);
#4954=EDGE_CURVE('',#349,#145,#4957,.T.);
#4955=EDGE_CURVE('',#145,#141,#4958,.T.);
#4956=LINE('',#140,#4959);
#4957=LINE('',#348,#4960);
#4958=LINE('',#144,#4961);
#4959=VECTOR('',#4962,1.0);
#4960=VECTOR('',#4963,1.0);
#4961=VECTOR('',#4964,1.0);
#4962=DIRECTION('',(0,0,1));
#4963=DIRECTION('',(0.06016805578847023,0.024922086316805387,-0.9978770939731271));
#4964=DIRECTION('',(-0.92388136967978,-0.38267899701788377,0));
#4965=FACE_SURFACE('',(#4970),#4966,.T.);
#4966=PLANE('',#4967);
#4967=AXIS2_PLACEMENT_3D('',#144,#4968,#4969);
#4968=DIRECTION('',(-0.38267899701788377,0.92388136967978,0));
#4969=DIRECTION('',(-0.06016805578847023,-0.024922086316805387,0.9978770939731271));
#4970=FACE_BOUND('',#4971,.T.);
#4971=EDGE_LOOP('',(#4972,#4973,#4974));
#4972=ORIENTED_EDGE('',*,*,#4975,.T.);
#4973=ORIENTED_EDGE('',*,*,#4976,.T.);
#4974=ORIENTED_EDGE('',*,*,#4977,.T.);
#4975=EDGE_CURVE('',#145,#349,#4978,.F.);
#4976=EDGE_CURVE('',#349,#351,#4979,.T.);
#4977=EDGE_CURVE('',#351,#145,#4980,.T.);
#4978=LINE('',#144,#4981);
#4979=LINE('',#348,#4982);
#4980=LINE('',#350,#4983);
#4981=VECTOR('',#4984,1.0);
#4982=VECTOR('',#4985,1.0);
#4983=VECTOR('',#4986,1.0);
#4984=DIRECTION('',(-0.06016805578847023,-0.024922086316805387,0.9978770939731271));
#4985=DIRECTION('',(0.92388136967978,0.38267899701788377,0));
#4986=DIRECTION('',(0,0,-1));
#4987=FACE_SURFACE('',(#4992),#4988,.T.);
#4988=PLANE('',#4989);
#4989=AXIS2_PLACEMENT_3D('',#144,#4990,#4991);
#4990=DIRECTION('',(-0.6087671029474859,0.7933489864926565,0));
#4991=DIRECTION('',(0,0,1));
#4992=FACE_BOUND('',#4993,.T.);
#4993=EDGE_LOOP('',(#4994,#4995,#4996));
#4994=ORIENTED_EDGE('',*,*,#4997,.T.);
#4995=ORIENTED_EDGE('',*,*,#4998,.T.);
#4996=ORIENTED_EDGE('',*,*,#4999,.T.);
#4997=EDGE_CURVE('',#145,#351,#5000,.F.);
#4998=EDGE_CURVE('',#351,#179,#5001,.T.);
#4999=EDGE_CURVE('',#179,#145,#5002,.T.);
#5000=LINE('',#144,#5003);
#5001=LINE('',#350,#5004);
#5002=LINE('',#178,#5005);
#5003=VECTOR('',#5006,1.0);
#5004=VECTOR('',#5007,1.0);
#5005=VECTOR('',#5008,1.0);
#5006=DIRECTION('',(0,0,1));
#5007=DIRECTION('',(0.05166602144386772,0.03964531968995863,-0.9978771822498211));
#5008=DIRECTION('',(-0.7933489864926565,-0.6087671029474859,0));
#5009=FACE_SURFACE('',(#5014),#5010,.T.);
#5010=PLANE('',#5011);
#5011=AXIS2_PLACEMENT_3D('',#178,#5012,#5013);
#5012=DIRECTION('',(-0.6087671029474859,0.7933489864926565,0));
#5013=DIRECTION('',(-0.05166602144386772,-0.03964531968995863,0.9978771822498211));
#5014=FACE_BOUND('',#5015,.T.);
#5015=EDGE_LOOP('',(#5016,#5017,#5018));
#5016=ORIENTED_EDGE('',*,*,#5019,.T.);
#5017=ORIENTED_EDGE('',*,*,#5020,.T.);
#5018=ORIENTED_EDGE('',*,*,#5021,.T.);
#5019=EDGE_CURVE('',#179,#351,#5022,.F.);
#5020=EDGE_CURVE('',#351,#353,#5023,.T.);
#5021=EDGE_CURVE('',#353,#179,#5024,.T.);
#5022=LINE('',#178,#5025);
#5023=LINE('',#350,#5026);
#5024=LINE('',#352,#5027);
#5025=VECTOR('',#5028,1.0);
#5026=VECTOR('',#5029,1.0);
#5027=VECTOR('',#5030,1.0);
#5028=DIRECTION('',(-0.05166602144386772,-0.03964531968995863,0.9978771822498211));
#5029=DIRECTION('',(0.7933489864926565,0.6087671029474859,0));
#5030=DIRECTION('',(0,0,-1));
#5031=FACE_SURFACE('',(#5036),#5032,.T.);
#5032=PLANE('',#5033);
#5033=AXIS2_PLACEMENT_3D('',#178,#5034,#5035);
#5034=DIRECTION('',(-0.7933501995505835,0.6087655220797654,0));
#5035=DIRECTION('',(0,0,1));
#5036=FACE_BOUND('',#5037,.T.);
#5037=EDGE_LOOP('',(#5038,#5039,#5040));
#5038=ORIENTED_EDGE('',*,*,#5041,.T.);
#5039=ORIENTED_EDGE('',*,*,#5042,.T.);
#5040=ORIENTED_EDGE('',*,*,#5043,.T.);
#5041=EDGE_CURVE('',#179,#353,#5044,.F.);
#5042=EDGE_CURVE('',#353,#181,#5045,.T.);
#5043=EDGE_CURVE('',#181,#179,#5046,.T.);
#5044=LINE('',#178,#5047);
#5045=LINE('',#352,#5048);
#5046=LINE('',#180,#5049);
#5047=VECTOR('',#5050,1.0);
#5048=VECTOR('',#5051,1.0);
#5049=VECTOR('',#5052,1.0);
#5050=DIRECTION('',(0,0,1));
#5051=DIRECTION('',(0.03964573013268991,0.05166676950534808,-0.9978771272111248));
#5052=DIRECTION('',(-0.6087655220797654,-0.7933501995505835,0));
#5053=FACE_SURFACE('',(#5058),#5054,.T.);
#5054=PLANE('',#5055);
#5055=AXIS2_PLACEMENT_3D('',#180,#5056,#5057);
#5056=DIRECTION('',(-0.7933501995505835,0.6087655220797654,0));
#5057=DIRECTION('',(-0.03964573013268991,-0.05166676950534808,0.9978771272111248));
#5058=FACE_BOUND('',#5059,.T.);
#5059=EDGE_LOOP('',(#5060,#5061,#5062));
#5060=ORIENTED_EDGE('',*,*,#5063,.T.);
#5061=ORIENTED_EDGE('',*,*,#5064,.T.);
#5062=ORIENTED_EDGE('',*,*,#5065,.T.);
#5063=EDGE_CURVE('',#181,#353,#5066,.F.);
#5064=EDGE_CURVE('',#353,#355,#5067,.T.);
#5065=EDGE_CURVE('',#355,#181,#5068,.T.);
#5066=LINE('',#180,#5069);
#5067=LINE('',#352,#5070);
#5068=LINE('',#354,#5071);
#5069=VECTOR('',#5072,1.0);
#5070=VECTOR('',#5073,1.0);
#5071=VECTOR('',#5074,1.0);
#5072=DIRECTION('',(-0.03964573013268991,-0.05166676950534808,0.9978771272111248));
#5073=DIRECTION('',(0.6087655220797654,0.7933501995505835,0));
#5074=DIRECTION('',(0,0,-1));
#5075=FACE_SURFACE('',(#5080),#5076,.T.);
#5076=PLANE('',#5077);
#5077=AXIS2_PLACEMENT_3D('',#180,#5078,#5079);
#5078=DIRECTION('',(-0.9238810644258714,0.3826797339751855,0));
#5079=DIRECTION('',(0,0,1));
#5080=FACE_BOUND('',#5081,.T.);
#5081=EDGE_LOOP('',(#5082,#5083,#5084));
#5082=ORIENTED_EDGE('',*,*,#5085,.T.);
#5083=ORIENTED_EDGE('',*,*,#5086,.T.);
#5084=ORIENTED_EDGE('',*,*,#5087,.T.);
#5085=EDGE_CURVE('',#181,#355,#5088,.F.);
#5086=EDGE_CURVE('',#355,#183,#5089,.T.);
#5087=EDGE_CURVE('',#183,#181,#5090,.T.);
#5088=LINE('',#180,#5091);
#5089=LINE('',#354,#5092);
#5090=LINE('',#182,#5093);
#5091=VECTOR('',#5094,1.0);
#5092=VECTOR('',#5095,1.0);
#5093=VECTOR('',#5096,1.0);
#5094=DIRECTION('',(0,0,1));
#5095=DIRECTION('',(0.024921805197574,0.06016724134871982,-0.9978771501012431));
#5096=DIRECTION('',(-0.3826797339751855,-0.9238810644258714,0));
#5097=FACE_SURFACE('',(#5102),#5098,.T.);
#5098=PLANE('',#5099);
#5099=AXIS2_PLACEMENT_3D('',#182,#5100,#5101);
#5100=DIRECTION('',(-0.9238810644258714,0.3826797339751855,0));
#5101=DIRECTION('',(-0.024921805197574,-0.06016724134871982,0.9978771501012431));
#5102=FACE_BOUND('',#5103,.T.);
#5103=EDGE_LOOP('',(#5104,#5105,#5106));
#5104=ORIENTED_EDGE('',*,*,#5107,.T.);
#5105=ORIENTED_EDGE('',*,*,#5108,.T.);
#5106=ORIENTED_EDGE('',*,*,#5109,.T.);
#5107=EDGE_CURVE('',#183,#355,#5110,.F.);
#5108=EDGE_CURVE('',#355,#357,#5111,.T.);
#5109=EDGE_CURVE('',#357,#183,#5112,.T.);
#5110=LINE('',#182,#5113);
#5111=LINE('',#354,#5114);
#5112=LINE('',#356,#5115);
#5113=VECTOR('',#5116,1.0);
#5114=VECTOR('',#5117,1.0);
#5115=VECTOR('',#5118,1.0);
#5116=DIRECTION('',(-0.024921805197574,-0.06016724134871982,0.9978771501012431));
#5117=DIRECTION('',(0.3826797339751855,0.9238810644258714,0));
#5118=DIRECTION('',(0,0,-1));
#5119=FACE_SURFACE('',(#5124),#5120,.T.);
#5120=PLANE('',#5121);
#5121=AXIS2_PLACEMENT_3D('',#182,#5122,#5123);
#5122=DIRECTION('',(-0.9914436135194159,0.13053567026511576,0));
#5123=DIRECTION('',(0,0,1));
#5124=FACE_BOUND('',#5125,.T.);
#5125=EDGE_LOOP('',(#5126,#5127,#5128));
#5126=ORIENTED_EDGE('',*,*,#5129,.T.);
#5127=ORIENTED_EDGE('',*,*,#5130,.T.);
#5128=ORIENTED_EDGE('',*,*,#5131,.T.);
#5129=EDGE_CURVE('',#183,#357,#5132,.F.);
#5130=EDGE_CURVE('',#357,#149,#5133,.T.);
#5131=EDGE_CURVE('',#149,#183,#5134,.T.);
#5132=LINE('',#182,#5135);
#5133=LINE('',#356,#5136);
#5134=LINE('',#148,#5137);
#5135=VECTOR('',#5138,1.0);
#5136=VECTOR('',#5139,1.0);
#5137=VECTOR('',#5140,1.0);
#5138=DIRECTION('',(0,0,1));
#5139=DIRECTION('',(0.008501087638880587,0.06456740161841719,-0.997877137806655));
#5140=DIRECTION('',(-0.13053567026511576,-0.9914436135194159,0));
#5141=FACE_SURFACE('',(#5146),#5142,.T.);
#5142=PLANE('',#5143);
#5143=AXIS2_PLACEMENT_3D('',#148,#5144,#5145);
#5144=DIRECTION('',(-0.9914436135194159,0.13053567026511576,0));
#5145=DIRECTION('',(-0.008501087638880587,-0.06456740161841719,0.997877137806655));
#5146=FACE_BOUND('',#5147,.T.);
#5147=EDGE_LOOP('',(#5148,#5149,#5150));
#5148=ORIENTED_EDGE('',*,*,#5151,.T.);
#5149=ORIENTED_EDGE('',*,*,#5152,.T.);
#5150=ORIENTED_EDGE('',*,*,#5153,.T.);
#5151=EDGE_CURVE('',#149,#357,#5154,.F.);
#5152=EDGE_CURVE('',#357,#333,#5155,.T.);
#5153=EDGE_CURVE('',#333,#149,#5156,.T.);
#5154=LINE('',#148,#5157);
#5155=LINE('',#356,#5158);
#5156=LINE('',#332,#5159);
#5157=VECTOR('',#5160,1.0);
#5158=VECTOR('',#5161,1.0);
#5159=VECTOR('',#5162,1.0);
#5160=DIRECTION('',(-0.008501087638880587,-0.06456740161841719,0.997877137806655));
#5161=DIRECTION('',(0.13053567026511576,0.9914436135194159,0));
#5162=DIRECTION('',(0,0,-1));
#5163=FACE_SURFACE('',(#5168),#5164,.T.);
#5164=PLANE('',#5165);
#5165=AXIS2_PLACEMENT_3D('',#108,#5166,#5167);
#5166=DIRECTION('',(0,-1,0));
#5167=DIRECTION('',(0,0,1));
#5168=FACE_BOUND('',#5169,.T.);
#5169=EDGE_LOOP('',(#5170,#5171,#5172));
#5170=ORIENTED_EDGE('',*,*,#5173,.T.);
#5171=ORIENTED_EDGE('',*,*,#5174,.T.);
#5172=ORIENTED_EDGE('',*,*,#5175,.T.);
#5173=EDGE_CURVE('',#109,#121,#5176,.F.);
#5174=EDGE_CURVE('',#121,#359,#5177,.T.);
#5175=EDGE_CURVE('',#359,#109,#5178,.T.);
#5176=LINE('',#108,#5179);
#5177=LINE('',#120,#5180);
#5178=LINE('',#358,#5181);
#5179=VECTOR('',#5182,1.0);
#5180=VECTOR('',#5183,1.0);
#5181=VECTOR('',#5184,1.0);
#5182=DIRECTION('',(0,0,1));
#5183=DIRECTION('',(-0.9467724806470453,0,-0.32190351021608976));
#5184=DIRECTION('',(1,0,0));
#5185=FACE_SURFACE('',(#5190),#5186,.T.);
#5186=PLANE('',#5187);
#5187=AXIS2_PLACEMENT_3D('',#358,#5188,#5189);
#5188=DIRECTION('',(0,-1,0));
#5189=DIRECTION('',(0.9467724806470453,0,0.32190351021608976));
#5190=FACE_BOUND('',#5191,.T.);
#5191=EDGE_LOOP('',(#5192,#5193,#5194));
#5192=ORIENTED_EDGE('',*,*,#5195,.T.);
#5193=ORIENTED_EDGE('',*,*,#5196,.T.);
#5194=ORIENTED_EDGE('',*,*,#5197,.T.);
#5195=EDGE_CURVE('',#359,#121,#5198,.F.);
#5196=EDGE_CURVE('',#121,#53,#5199,.T.);
#5197=EDGE_CURVE('',#53,#359,#5200,.T.);
#5198=LINE('',#358,#5201);
#5199=LINE('',#120,#5202);
#5200=LINE('',#52,#5203);
#5201=VECTOR('',#5204,1.0);
#5202=VECTOR('',#5205,1.0);
#5203=VECTOR('',#5206,1.0);
#5204=DIRECTION('',(0.9467724806470453,0,0.32190351021608976));
#5205=DIRECTION('',(-1,0,0));
#5206=DIRECTION('',(0.7408324365666513,0,-0.6716898844933714));
#5207=FACE_SURFACE('',(#5212),#5208,.T.);
#5208=PLANE('',#5209);
#5209=AXIS2_PLACEMENT_3D('',#358,#5210,#5211);
#5210=DIRECTION('',(0,-1,0));
#5211=DIRECTION('',(-0.7408324365666513,0,0.6716898844933714));
#5212=FACE_BOUND('',#5213,.T.);
#5213=EDGE_LOOP('',(#5214,#5215,#5216));
#5214=ORIENTED_EDGE('',*,*,#5217,.T.);
#5215=ORIENTED_EDGE('',*,*,#5218,.T.);
#5216=ORIENTED_EDGE('',*,*,#5219,.T.);
#5217=EDGE_CURVE('',#359,#53,#5220,.F.);
#5218=EDGE_CURVE('',#53,#57,#5221,.T.);
#5219=EDGE_CURVE('',#57,#359,#5222,.T.);
#5220=LINE('',#358,#5223);
#5221=LINE('',#52,#5224);
#5222=LINE('',#56,#5225);
#5223=VECTOR('',#5226,1.0);
#5224=VECTOR('',#5227,1.0);
#5225=VECTOR('',#5228,1.0);
#5226=DIRECTION('',(-0.7408324365666513,0,0.6716898844933714));
#5227=DIRECTION('',(0,0,-1));
#5228=DIRECTION('',(1,0,0));
#5229=FACE_SURFACE('',(#5234),#5230,.T.);
#5230=PLANE('',#5231);
#5231=AXIS2_PLACEMENT_3D('',#332,#5232,#5233);
#5232=DIRECTION('',(3.8146972655972444E-06,-0,0.999999999992724));
#5233=DIRECTION('',(0.828848761126403,-0.5594727260280253,-3.1618071026855585E-06));
#5234=FACE_BOUND('',#5235,.T.);
#5235=EDGE_LOOP('',(#5236,#5237,#5238));
#5236=ORIENTED_EDGE('',*,*,#5239,.T.);
#5237=ORIENTED_EDGE('',*,*,#5240,.T.);
#5238=ORIENTED_EDGE('',*,*,#5241,.T.);
#5239=EDGE_CURVE('',#333,#111,#5242,.F.);
#5240=EDGE_CURVE('',#111,#263,#5243,.T.);
#5241=EDGE_CURVE('',#263,#333,#5244,.T.);
#5242=LINE('',#332,#5245);
#5243=LINE('',#110,#5246);
#5244=LINE('',#262,#5247);
#5245=VECTOR('',#5248,1.0);
#5246=VECTOR('',#5249,1.0);
#5247=VECTOR('',#5250,1.0);
#5248=DIRECTION('',(0.828848761126403,-0.5594727260280253,-3.1618071026855585E-06));
#5249=DIRECTION('',(-0.2204300206972066,0.9754027916582575,8.408737972152962E-07));
#5250=DIRECTION('',(0,-1,0));
#5251=FACE_SURFACE('',(#5256),#5252,.T.);
#5252=PLANE('',#5253);
#5253=AXIS2_PLACEMENT_3D('',#262,#5254,#5255);
#5254=DIRECTION('',(3.8146972655972444E-06,0,0.999999999992724));
#5255=DIRECTION('',(0.2204300206972066,-0.9754027916582575,-8.408737972152962E-07));
#5256=FACE_BOUND('',#5257,.T.);
#5257=EDGE_LOOP('',(#5258,#5259,#5260));
#5258=ORIENTED_EDGE('',*,*,#5261,.T.);
#5259=ORIENTED_EDGE('',*,*,#5262,.T.);
#5260=ORIENTED_EDGE('',*,*,#5263,.T.);
#5261=EDGE_CURVE('',#263,#111,#5264,.F.);
#5262=EDGE_CURVE('',#111,#109,#5265,.T.);
#5263=EDGE_CURVE('',#109,#263,#5266,.T.);
#5264=LINE('',#262,#5267);
#5265=LINE('',#110,#5268);
#5266=LINE('',#108,#5269);
#5267=VECTOR('',#5270,1.0);
#5268=VECTOR('',#5271,1.0);
#5269=VECTOR('',#5272,1.0);
#5270=DIRECTION('',(0.2204300206972066,-0.9754027916582575,-8.408737972152962E-07));
#5271=DIRECTION('',(0,1,0));
#5272=DIRECTION('',(-0.8288486007621161,-0.559472963604753,3.1618064909443515E-06));
#5273=FACE_SURFACE('',(#5278),#5274,.T.);
#5274=PLANE('',#5275);
#5275=AXIS2_PLACEMENT_3D('',#262,#5276,#5277);
#5276=DIRECTION('',(3.5033482547001916E-06,4.612576635897419E-07,0.999999999993757));
#5277=DIRECTION('',(0.8288486007621161,0.559472963604753,-3.1618064909443515E-06));
#5278=FACE_BOUND('',#5279,.T.);
#5279=EDGE_LOOP('',(#5280,#5281,#5282));
#5280=ORIENTED_EDGE('',*,*,#5283,.T.);
#5281=ORIENTED_EDGE('',*,*,#5284,.T.);
#5282=ORIENTED_EDGE('',*,*,#5285,.T.);
#5283=EDGE_CURVE('',#263,#109,#5286,.F.);
#5284=EDGE_CURVE('',#109,#265,#5287,.T.);
#5285=EDGE_CURVE('',#265,#263,#5288,.T.);
#5286=LINE('',#262,#5289);
#5287=LINE('',#108,#5290);
#5288=LINE('',#264,#5291);
#5289=VECTOR('',#5292,1.0);
#5290=VECTOR('',#5293,1.0);
#5291=VECTOR('',#5294,1.0);
#5292=DIRECTION('',(0.8288486007621161,0.559472963604753,-3.1618064909443515E-06));
#5293=DIRECTION('',(-0.8423012516415708,-0.5390070514128794,3.1994957530833592E-06));
#5294=DIRECTION('',(0.13053540432077632,-0.9914436485342026,0));
#5295=FACE_SURFACE('',(#5300),#5296,.T.);
#5296=PLANE('',#5297);
#5297=AXIS2_PLACEMENT_3D('',#264,#5298,#5299);
#5298=DIRECTION('',(3.0026333484691767E-06,1.243720139973915E-06,0.9999999999947188));
#5299=DIRECTION('',(0.8423012516415708,0.5390070514128794,-3.1994957530833592E-06));
#5300=FACE_BOUND('',#5301,.T.);
#5301=EDGE_LOOP('',(#5302,#5303,#5304));
#5302=ORIENTED_EDGE('',*,*,#5305,.T.);
#5303=ORIENTED_EDGE('',*,*,#5306,.T.);
#5304=ORIENTED_EDGE('',*,*,#5307,.T.);
#5305=EDGE_CURVE('',#265,#109,#5308,.F.);
#5306=EDGE_CURVE('',#109,#267,#5309,.T.);
#5307=EDGE_CURVE('',#267,#265,#5310,.T.);
#5308=LINE('',#264,#5311);
#5309=LINE('',#108,#5312);
#5310=LINE('',#266,#5313);
#5311=VECTOR('',#5314,1.0);
#5312=VECTOR('',#5315,1.0);
#5313=VECTOR('',#5316,1.0);
#5314=DIRECTION('',(0.8423012516415708,0.5390070514128794,-3.1994957530833592E-06));
#5315=DIRECTION('',(-0.8565802276110562,-0.5160138696347829,3.2137731992519016E-06));
#5316=DIRECTION('',(0.3826804604958138,-0.9238807634942466,0));
#5317=FACE_SURFACE('',(#5322),#5318,.T.);
#5318=PLANE('',#5319);
#5319=AXIS2_PLACEMENT_3D('',#266,#5320,#5321);
#5320=DIRECTION('',(2.565816546344707E-06,1.968833664641577E-06,0.9999999999947701));
#5321=DIRECTION('',(0.8565802276110562,0.5160138696347829,-3.2137731992519016E-06));
#5322=FACE_BOUND('',#5323,.T.);
#5323=EDGE_LOOP('',(#5324,#5325,#5326));
#5324=ORIENTED_EDGE('',*,*,#5327,.T.);
#5325=ORIENTED_EDGE('',*,*,#5328,.T.);
#5326=ORIENTED_EDGE('',*,*,#5329,.T.);
#5327=EDGE_CURVE('',#267,#109,#5330,.F.);
#5328=EDGE_CURVE('',#109,#269,#5331,.T.);
#5329=EDGE_CURVE('',#269,#267,#5332,.T.);
#5330=LINE('',#266,#5333);
#5331=LINE('',#108,#5334);
#5332=LINE('',#268,#5335);
#5333=VECTOR('',#5336,1.0);
#5334=VECTOR('',#5337,1.0);
#5335=VECTOR('',#5338,1.0);
#5336=DIRECTION('',(0.8565802276110562,0.5160138696347829,-3.2137731992519016E-06));
#5337=DIRECTION('',(-0.8703107580376909,-0.4925029791113985,3.2027141886624506E-06));
#5338=DIRECTION('',(0.6087640334084832,-0.7933513418582181,0));
#5339=FACE_SURFACE('',(#5344),#5340,.T.);
#5340=PLANE('',#5341);
#5341=AXIS2_PLACEMENT_3D('',#268,#5342,#5343);
#5342=DIRECTION('',(2.11799458314006E-06,2.7601878062208383E-06,0.9999999999939478));
#5343=DIRECTION('',(0.8703107580376909,0.4925029791113985,-3.2027141886624506E-06));
#5344=FACE_BOUND('',#5345,.T.);
#5345=EDGE_LOOP('',(#5346,#5347,#5348));
#5346=ORIENTED_EDGE('',*,*,#5349,.T.);
#5347=ORIENTED_EDGE('',*,*,#5350,.T.);
#5348=ORIENTED_EDGE('',*,*,#5351,.T.);
#5349=EDGE_CURVE('',#269,#109,#5352,.F.);
#5350=EDGE_CURVE('',#109,#271,#5353,.T.);
#5351=EDGE_CURVE('',#271,#269,#5354,.T.);
#5352=LINE('',#268,#5355);
#5353=LINE('',#108,#5356);
#5354=LINE('',#270,#5357);
#5355=VECTOR('',#5358,1.0);
#5356=VECTOR('',#5359,1.0);
#5357=VECTOR('',#5360,1.0);
#5358=DIRECTION('',(0.8703107580376909,0.4925029791113985,-3.2027141886624506E-06));
#5359=DIRECTION('',(-0.8823252568857993,-0.47064013965170143,3.167815289255656E-06));
#5360=DIRECTION('',(0.7933494551558762,-0.6087664921822442,0));
#5361=FACE_SURFACE('',(#5366),#5362,.T.);
#5362=PLANE('',#5363);
#5363=AXIS2_PLACEMENT_3D('',#270,#5364,#5365);
#5364=DIRECTION('',(1.5693459342836912E-06,3.78875829830217E-06,0.9999999999915912));
#5365=DIRECTION('',(0.8823252568857993,0.47064013965170143,-3.167815289255656E-06));
#5366=FACE_BOUND('',#5367,.T.);
#5367=EDGE_LOOP('',(#5368,#5369,#5370));
#5368=ORIENTED_EDGE('',*,*,#5371,.T.);
#5369=ORIENTED_EDGE('',*,*,#5372,.T.);
#5370=ORIENTED_EDGE('',*,*,#5373,.T.);
#5371=EDGE_CURVE('',#271,#109,#5374,.F.);
#5372=EDGE_CURVE('',#109,#273,#5375,.T.);
#5373=EDGE_CURVE('',#273,#271,#5376,.T.);
#5374=LINE('',#270,#5377);
#5375=LINE('',#108,#5378);
#5376=LINE('',#272,#5379);
#5377=VECTOR('',#5380,1.0);
#5378=VECTOR('',#5381,1.0);
#5379=VECTOR('',#5382,1.0);
#5380=DIRECTION('',(0.8823252568857993,0.47064013965170143,-3.167815289255656E-06));
#5381=DIRECTION('',(-0.8918214645238134,-0.45238752790600484,3.1135633898858353E-06));
#5382=DIRECTION('',(0.9238803202762261,-0.3826815305267528,0));
#5383=FACE_SURFACE('',(#5388),#5384,.T.);
#5384=PLANE('',#5385);
#5385=AXIS2_PLACEMENT_3D('',#272,#5386,#5387);
#5386=DIRECTION('',(7.193779006093801E-07,5.464356518433118E-06,0.9999999999848116));
#5387=DIRECTION('',(0.8918214645238134,0.45238752790600484,-3.1135633898858353E-06));
#5388=FACE_BOUND('',#5389,.T.);
#5389=EDGE_LOOP('',(#5390,#5391,#5392));
#5390=ORIENTED_EDGE('',*,*,#5393,.T.);
#5391=ORIENTED_EDGE('',*,*,#5394,.T.);
#5392=ORIENTED_EDGE('',*,*,#5395,.T.);
#5393=EDGE_CURVE('',#273,#109,#5396,.F.);
#5394=EDGE_CURVE('',#109,#199,#5397,.T.);
#5395=EDGE_CURVE('',#199,#273,#5398,.T.);
#5396=LINE('',#272,#5399);
#5397=LINE('',#108,#5400);
#5398=LINE('',#198,#5401);
#5399=VECTOR('',#5402,1.0);
#5400=VECTOR('',#5403,1.0);
#5401=VECTOR('',#5404,1.0);
#5402=DIRECTION('',(0.8918214645238134,0.45238752790600484,-3.1135633898858353E-06));
#5403=DIRECTION('',(-0.8983843008150552,-0.4392102549346552,3.046279231821883E-06));
#5404=DIRECTION('',(0.99144529064532,-0.13052293153778352,0));
#5405=FACE_SURFACE('',(#5410),#5406,.T.);
#5406=PLANE('',#5407);
#5407=AXIS2_PLACEMENT_3D('',#198,#5408,#5409);
#5408=DIRECTION('',(0,6.935810804786038E-06,0.9999999999759474));
#5409=DIRECTION('',(0.8983843008150552,0.4392102549346552,-3.046279231821883E-06));
#5410=FACE_BOUND('',#5411,.T.);
#5411=EDGE_LOOP('',(#5412,#5413,#5414));
#5412=ORIENTED_EDGE('',*,*,#5415,.T.);
#5413=ORIENTED_EDGE('',*,*,#5416,.T.);
#5414=ORIENTED_EDGE('',*,*,#5417,.T.);
#5415=EDGE_CURVE('',#199,#109,#5418,.F.);
#5416=EDGE_CURVE('',#109,#359,#5419,.T.);
#5417=EDGE_CURVE('',#359,#199,#5420,.T.);
#5418=LINE('',#198,#5421);
#5419=LINE('',#108,#5422);
#5420=LINE('',#358,#5423);
#5421=VECTOR('',#5424,1.0);
#5422=VECTOR('',#5425,1.0);
#5423=VECTOR('',#5426,1.0);
#5424=DIRECTION('',(0.8983843008150552,0.4392102549346552,-3.046279231821883E-06));
#5425=DIRECTION('',(-1,0,0));
#5426=DIRECTION('',(0.9284766464701683,-0.3713907873828791,2.575896235990124E-06));
#5427=FACE_SURFACE('',(#5432),#5428,.T.);
#5428=PLANE('',#5429);
#5429=AXIS2_PLACEMENT_3D('',#198,#5430,#5431);
#5430=DIRECTION('',(0,6.935810804786038E-06,0.9999999999759474));
#5431=DIRECTION('',(-0.9284766464701683,0.3713907873828791,-2.575896235990124E-06));
#5432=FACE_BOUND('',#5433,.T.);
#5433=EDGE_LOOP('',(#5434,#5435,#5436));
#5434=ORIENTED_EDGE('',*,*,#5437,.T.);
#5435=ORIENTED_EDGE('',*,*,#5438,.T.);
#5436=ORIENTED_EDGE('',*,*,#5439,.T.);
#5437=EDGE_CURVE('',#199,#359,#5440,.F.);
#5438=EDGE_CURVE('',#359,#201,#5441,.T.);
#5439=EDGE_CURVE('',#201,#199,#5442,.T.);
#5440=LINE('',#198,#5443);
#5441=LINE('',#358,#5444);
#5442=LINE('',#200,#5445);
#5443=VECTOR('',#5446,1.0);
#5444=VECTOR('',#5447,1.0);
#5445=VECTOR('',#5448,1.0);
#5446=DIRECTION('',(-0.9284766464701683,0.3713907873828791,-2.575896235990124E-06));
#5447=DIRECTION('',(0.8983843008150552,-0.4392102549346552,3.046279231821883E-06));
#5448=DIRECTION('',(1,0,0));
#5449=FACE_SURFACE('',(#5454),#5450,.T.);
#5450=PLANE('',#5451);
#5451=AXIS2_PLACEMENT_3D('',#200,#5452,#5453);
#5452=DIRECTION('',(-7.193695472110946E-07,5.4643736049236845E-06,0.9999999999848115));
#5453=DIRECTION('',(-0.8983843008150552,0.4392102549346552,-3.046279231821883E-06));
#5454=FACE_BOUND('',#5455,.T.);
#5455=EDGE_LOOP('',(#5456,#5457,#5458));
#5456=ORIENTED_EDGE('',*,*,#5459,.T.);
#5457=ORIENTED_EDGE('',*,*,#5460,.T.);
#5458=ORIENTED_EDGE('',*,*,#5461,.T.);
#5459=EDGE_CURVE('',#201,#359,#5462,.F.);
#5460=EDGE_CURVE('',#359,#227,#5463,.T.);
#5461=EDGE_CURVE('',#227,#201,#5464,.T.);
#5462=LINE('',#200,#5465);
#5463=LINE('',#358,#5466);
#5464=LINE('',#226,#5467);
#5465=VECTOR('',#5468,1.0);
#5466=VECTOR('',#5469,1.0);
#5467=VECTOR('',#5470,1.0);
#5468=DIRECTION('',(-0.8983843008150552,0.4392102549346552,-3.046279231821883E-06));
#5469=DIRECTION('',(0.8918213848731866,-0.45238768492652087,3.113564470581699E-06));
#5470=DIRECTION('',(0.9914455395896884,0.13052104055558156,0));
#5471=FACE_SURFACE('',(#5476),#5472,.T.);
#5472=PLANE('',#5473);
#5473=AXIS2_PLACEMENT_3D('',#226,#5474,#5475);
#5474=DIRECTION('',(-1.5693599063207673E-06,3.7887321044437134E-06,0.9999999999915914));
#5475=DIRECTION('',(-0.8918213848731866,0.45238768492652087,-3.113564470581699E-06));
#5476=FACE_BOUND('',#5477,.T.);
#5477=EDGE_LOOP('',(#5478,#5479,#5480));
#5478=ORIENTED_EDGE('',*,*,#5481,.T.);
#5479=ORIENTED_EDGE('',*,*,#5482,.T.);
#5480=ORIENTED_EDGE('',*,*,#5483,.T.);
#5481=EDGE_CURVE('',#227,#359,#5484,.F.);
#5482=EDGE_CURVE('',#359,#229,#5485,.T.);
#5483=EDGE_CURVE('',#229,#227,#5486,.T.);
#5484=LINE('',#226,#5487);
#5485=LINE('',#358,#5488);
#5486=LINE('',#228,#5489);
#5487=VECTOR('',#5490,1.0);
#5488=VECTOR('',#5491,1.0);
#5489=VECTOR('',#5492,1.0);
#5490=DIRECTION('',(-0.8918213848731866,0.45238768492652087,-3.113564470581699E-06));
#5491=DIRECTION('',(0.8823252568857993,-0.47064013965170143,3.167815289255656E-06));
#5492=DIRECTION('',(0.9238781802914813,0.3826866968961701,0));
#5493=FACE_SURFACE('',(#5498),#5494,.T.);
#5494=PLANE('',#5495);
#5495=AXIS2_PLACEMENT_3D('',#228,#5496,#5497);
#5496=DIRECTION('',(-2.1179785852955938E-06,2.760217797930085E-06,0.9999999999939477));
#5497=DIRECTION('',(-0.8823252568857993,0.47064013965170143,-3.167815289255656E-06));
#5498=FACE_BOUND('',#5499,.T.);
#5499=EDGE_LOOP('',(#5500,#5501,#5502));
#5500=ORIENTED_EDGE('',*,*,#5503,.T.);
#5501=ORIENTED_EDGE('',*,*,#5504,.T.);
#5502=ORIENTED_EDGE('',*,*,#5505,.T.);
#5503=EDGE_CURVE('',#229,#359,#5506,.F.);
#5504=EDGE_CURVE('',#359,#231,#5507,.T.);
#5505=EDGE_CURVE('',#231,#229,#5508,.T.);
#5506=LINE('',#228,#5509);
#5507=LINE('',#358,#5510);
#5508=LINE('',#230,#5511);
#5509=VECTOR('',#5512,1.0);
#5510=VECTOR('',#5513,1.0);
#5511=VECTOR('',#5514,1.0);
#5512=DIRECTION('',(-0.8823252568857993,0.47064013965170143,-3.167815289255656E-06));
#5513=DIRECTION('',(0.8703106609316724,-0.4925031507091282,3.202715304551099E-06));
#5514=DIRECTION('',(0.793354870556795,0.6087594347226258,0));
#5515=FACE_SURFACE('',(#5520),#5516,.T.);
#5516=PLANE('',#5517);
#5517=AXIS2_PLACEMENT_3D('',#230,#5518,#5519);
#5518=DIRECTION('',(-2.5658173692717894E-06,1.9688342961000287E-06,0.9999999999947701));
#5519=DIRECTION('',(-0.8703106609316724,0.4925031507091282,-3.202715304551099E-06));
#5520=FACE_BOUND('',#5521,.T.);
#5521=EDGE_LOOP('',(#5522,#5523,#5524));
#5522=ORIENTED_EDGE('',*,*,#5525,.T.);
#5523=ORIENTED_EDGE('',*,*,#5526,.T.);
#5524=ORIENTED_EDGE('',*,*,#5527,.T.);
#5525=EDGE_CURVE('',#231,#359,#5528,.F.);
#5526=EDGE_CURVE('',#359,#233,#5529,.T.);
#5527=EDGE_CURVE('',#233,#231,#5530,.T.);
#5528=LINE('',#230,#5531);
#5529=LINE('',#358,#5532);
#5530=LINE('',#232,#5533);
#5531=VECTOR('',#5534,1.0);
#5532=VECTOR('',#5535,1.0);
#5533=VECTOR('',#5536,1.0);
#5534=DIRECTION('',(-0.8703106609316724,0.4925031507091282,-3.202715304551099E-06));
#5535=DIRECTION('',(0.8565801206444513,-0.5160140471987258,3.213774305133496E-06));
#5536=DIRECTION('',(0.6087640334084832,0.7933513418582181,0));
#5537=FACE_SURFACE('',(#5542),#5538,.T.);
#5538=PLANE('',#5539);
#5539=AXIS2_PLACEMENT_3D('',#232,#5540,#5541);
#5540=DIRECTION('',(-3.002634475445477E-06,1.243720606778536E-06,0.9999999999947186));
#5541=DIRECTION('',(-0.8565801206444513,0.5160140471987258,-3.213774305133496E-06));
#5542=FACE_BOUND('',#5543,.T.);
#5543=EDGE_LOOP('',(#5544,#5545,#5546));
#5544=ORIENTED_EDGE('',*,*,#5547,.T.);
#5545=ORIENTED_EDGE('',*,*,#5548,.T.);
#5546=ORIENTED_EDGE('',*,*,#5549,.T.);
#5547=EDGE_CURVE('',#233,#359,#5550,.F.);
#5548=EDGE_CURVE('',#359,#235,#5551,.T.);
#5549=EDGE_CURVE('',#235,#233,#5552,.T.);
#5550=LINE('',#232,#5553);
#5551=LINE('',#358,#5554);
#5552=LINE('',#234,#5555);
#5553=VECTOR('',#5556,1.0);
#5554=VECTOR('',#5557,1.0);
#5555=VECTOR('',#5558,1.0);
#5556=DIRECTION('',(-0.8565801206444513,0.5160140471987258,-3.213774305133496E-06));
#5557=DIRECTION('',(0.8423011354483838,-0.5390072329868373,3.1994968308894945E-06));
#5558=DIRECTION('',(0.3826804604958138,0.9238807634942466,0));
#5559=FACE_SURFACE('',(#5564),#5560,.T.);
#5560=PLANE('',#5561);
#5561=AXIS2_PLACEMENT_3D('',#234,#5562,#5563);
#5562=DIRECTION('',(-3.503380264087208E-06,4.6121024228904233E-07,0.9999999999937569));
#5563=DIRECTION('',(-0.8423011354483838,0.5390072329868373,-3.1994968308894945E-06));
#5564=FACE_BOUND('',#5565,.T.);
#5565=EDGE_LOOP('',(#5566,#5567,#5568));
#5566=ORIENTED_EDGE('',*,*,#5569,.T.);
#5567=ORIENTED_EDGE('',*,*,#5570,.T.);
#5568=ORIENTED_EDGE('',*,*,#5571,.T.);
#5569=EDGE_CURVE('',#235,#359,#5572,.F.);
#5570=EDGE_CURVE('',#359,#237,#5573,.T.);
#5571=EDGE_CURVE('',#237,#235,#5574,.T.);
#5572=LINE('',#234,#5575);
#5573=LINE('',#358,#5576);
#5574=LINE('',#236,#5577);
#5575=VECTOR('',#5578,1.0);
#5576=VECTOR('',#5579,1.0);
#5577=VECTOR('',#5580,1.0);
#5578=DIRECTION('',(-0.8423011354483838,0.5390072329868373,-3.1994968308894945E-06));
#5579=DIRECTION('',(0.8288486007621161,-0.559472963604753,3.1618064909443515E-06));
#5580=DIRECTION('',(0.13052104055558156,0.9914455395896884,0));
#5581=FACE_SURFACE('',(#5586),#5582,.T.);
#5582=PLANE('',#5583);
#5583=AXIS2_PLACEMENT_3D('',#236,#5584,#5585);
#5584=DIRECTION('',(-3.8146972655972444E-06,0,0.999999999992724));
#5585=DIRECTION('',(-0.8288486007621161,0.559472963604753,-3.1618064909443515E-06));
#5586=FACE_BOUND('',#5587,.T.);
#5587=EDGE_LOOP('',(#5588,#5589,#5590));
#5588=ORIENTED_EDGE('',*,*,#5591,.T.);
#5589=ORIENTED_EDGE('',*,*,#5592,.T.);
#5590=ORIENTED_EDGE('',*,*,#5593,.T.);
#5591=EDGE_CURVE('',#237,#359,#5594,.F.);
#5592=EDGE_CURVE('',#359,#361,#5595,.T.);
#5593=EDGE_CURVE('',#361,#237,#5596,.T.);
#5594=LINE('',#236,#5597);
#5595=LINE('',#358,#5598);
#5596=LINE('',#360,#5599);
#5597=VECTOR('',#5600,1.0);
#5598=VECTOR('',#5601,1.0);
#5599=VECTOR('',#5602,1.0);
#5600=DIRECTION('',(-0.8288486007621161,0.559472963604753,-3.1618064909443515E-06));
#5601=DIRECTION('',(0,-1,0));
#5602=DIRECTION('',(0.2204300206972066,0.9754027916582575,8.408737972152962E-07));
#5603=FACE_SURFACE('',(#5608),#5604,.T.);
#5604=PLANE('',#5605);
#5605=AXIS2_PLACEMENT_3D('',#236,#5606,#5607);
#5606=DIRECTION('',(-3.8146972655972444E-06,0,0.999999999992724));
#5607=DIRECTION('',(-0.2204300206972066,-0.9754027916582575,-8.408737972152962E-07));
#5608=FACE_BOUND('',#5609,.T.);
#5609=EDGE_LOOP('',(#5610,#5611,#5612));
#5610=ORIENTED_EDGE('',*,*,#5613,.T.);
#5611=ORIENTED_EDGE('',*,*,#5614,.T.);
#5612=ORIENTED_EDGE('',*,*,#5615,.T.);
#5613=EDGE_CURVE('',#237,#361,#5616,.F.);
#5614=EDGE_CURVE('',#361,#279,#5617,.T.);
#5615=EDGE_CURVE('',#279,#237,#5618,.T.);
#5616=LINE('',#236,#5619);
#5617=LINE('',#360,#5620);
#5618=LINE('',#278,#5621);
#5619=VECTOR('',#5622,1.0);
#5620=VECTOR('',#5623,1.0);
#5621=VECTOR('',#5624,1.0);
#5622=DIRECTION('',(-0.2204300206972066,-0.9754027916582575,-8.408737972152962E-07));
#5623=DIRECTION('',(0.828848761126403,0.5594727260280253,3.1618071026855585E-06));
#5624=DIRECTION('',(0,1,0));
#5625=FACE_SURFACE('',(#5630),#5626,.T.);
#5626=PLANE('',#5627);
#5627=AXIS2_PLACEMENT_3D('',#278,#5628,#5629);
#5628=DIRECTION('',(-3.5033798482223114E-06,-4.6121114346979624E-07,0.9999999999937567));
#5629=DIRECTION('',(-0.828848761126403,-0.5594727260280253,-3.1618071026855585E-06));
#5630=FACE_BOUND('',#5631,.T.);
#5631=EDGE_LOOP('',(#5632,#5633,#5634));
#5632=ORIENTED_EDGE('',*,*,#5635,.T.);
#5633=ORIENTED_EDGE('',*,*,#5636,.T.);
#5634=ORIENTED_EDGE('',*,*,#5637,.T.);
#5635=EDGE_CURVE('',#279,#361,#5638,.F.);
#5636=EDGE_CURVE('',#361,#335,#5639,.T.);
#5637=EDGE_CURVE('',#335,#279,#5640,.T.);
#5638=LINE('',#278,#5641);
#5639=LINE('',#360,#5642);
#5640=LINE('',#334,#5643);
#5641=VECTOR('',#5644,1.0);
#5642=VECTOR('',#5645,1.0);
#5643=VECTOR('',#5646,1.0);
#5644=DIRECTION('',(-0.828848761126403,-0.5594727260280253,-3.1618071026855585E-06));
#5645=DIRECTION('',(0.8423012687917901,0.539007024612392,3.1994973373969514E-06));
#5646=DIRECTION('',(-0.13052130647167157,0.9914455045825402,0));
#5647=FACE_SURFACE('',(#5652),#5648,.T.);
#5648=PLANE('',#5649);
#5649=AXIS2_PLACEMENT_3D('',#334,#5650,#5651);
#5650=DIRECTION('',(-3.0026360620979085E-06,-1.2437188050324149E-06,0.9999999999947188));
#5651=DIRECTION('',(-0.8423012687917901,-0.539007024612392,-3.1994973373969514E-06));
#5652=FACE_BOUND('',#5653,.T.);
#5653=EDGE_LOOP('',(#5654,#5655,#5656));
#5654=ORIENTED_EDGE('',*,*,#5657,.T.);
#5655=ORIENTED_EDGE('',*,*,#5658,.T.);
#5656=ORIENTED_EDGE('',*,*,#5659,.T.);
#5657=EDGE_CURVE('',#335,#361,#5660,.F.);
#5658=EDGE_CURVE('',#361,#337,#5661,.T.);
#5659=EDGE_CURVE('',#337,#335,#5662,.T.);
#5660=LINE('',#334,#5663);
#5661=LINE('',#360,#5664);
#5662=LINE('',#336,#5665);
#5663=VECTOR('',#5666,1.0);
#5664=VECTOR('',#5667,1.0);
#5665=VECTOR('',#5668,1.0);
#5666=DIRECTION('',(-0.8423012687917901,-0.539007024612392,-3.1994973373969514E-06));
#5667=DIRECTION('',(0.8565802732384976,0.5160137938934701,3.2137748776459946E-06));
#5668=DIRECTION('',(-0.3826798146995753,0.9238810309891089,0));
#5669=FACE_SURFACE('',(#5674),#5670,.T.);
#5670=PLANE('',#5671);
#5671=AXIS2_PLACEMENT_3D('',#336,#5672,#5673);
#5672=DIRECTION('',(-2.5658149939926287E-06,-1.9688395562644357E-06,0.9999999999947702));
#5673=DIRECTION('',(-0.8565802732384976,-0.5160137938934701,-3.2137748776459946E-06));
#5674=FACE_BOUND('',#5675,.T.);
#5675=EDGE_LOOP('',(#5676,#5677,#5678));
#5676=ORIENTED_EDGE('',*,*,#5679,.T.);
#5677=ORIENTED_EDGE('',*,*,#5680,.T.);
#5678=ORIENTED_EDGE('',*,*,#5681,.T.);
#5679=EDGE_CURVE('',#337,#361,#5682,.F.);
#5680=EDGE_CURVE('',#361,#339,#5683,.T.);
#5681=EDGE_CURVE('',#339,#337,#5684,.T.);
#5682=LINE('',#336,#5685);
#5683=LINE('',#360,#5686);
#5684=LINE('',#338,#5687);
#5685=VECTOR('',#5688,1.0);
#5686=VECTOR('',#5689,1.0);
#5687=VECTOR('',#5690,1.0);
#5688=DIRECTION('',(-0.8565802732384976,-0.5160137938934701,-3.2137748776459946E-06));
#5689=DIRECTION('',(0.8703107748833148,0.49250294934319616,3.2027157238894856E-06));
#5690=DIRECTION('',(-0.6087654118076424,0.7933502841662512,0));
#5691=FACE_SURFACE('',(#5696),#5692,.T.);
#5692=PLANE('',#5693);
#5693=AXIS2_PLACEMENT_3D('',#338,#5694,#5695);
#5694=DIRECTION('',(-2.1179805035789788E-06,-2.760215898047815E-06,0.9999999999939477));
#5695=DIRECTION('',(-0.8703107748833148,-0.49250294934319616,-3.2027157238894856E-06));
#5696=FACE_BOUND('',#5697,.T.);
#5697=EDGE_LOOP('',(#5698,#5699,#5700));
#5698=ORIENTED_EDGE('',*,*,#5701,.T.);
#5699=ORIENTED_EDGE('',*,*,#5702,.T.);
#5700=ORIENTED_EDGE('',*,*,#5703,.T.);
#5701=EDGE_CURVE('',#339,#361,#5704,.F.);
#5702=EDGE_CURVE('',#361,#341,#5705,.T.);
#5703=EDGE_CURVE('',#341,#339,#5706,.T.);
#5704=LINE('',#338,#5707);
#5705=LINE('',#360,#5708);
#5706=LINE('',#340,#5709);
#5707=VECTOR('',#5710,1.0);
#5708=VECTOR('',#5711,1.0);
#5709=VECTOR('',#5712,1.0);
#5710=DIRECTION('',(-0.8703107748833148,-0.49250294934319616,-3.2027157238894856E-06));
#5711=DIRECTION('',(0.8823253769985564,0.4706399144721157,3.167815720496885E-06));
#5712=DIRECTION('',(-0.7933544019012427,0.608760045489125,0));
#5713=FACE_SURFACE('',(#5718),#5714,.T.);
#5714=PLANE('',#5715);
#5715=AXIS2_PLACEMENT_3D('',#340,#5716,#5717);
#5716=DIRECTION('',(-1.5693535975078425E-06,-3.788746260302039E-06,0.9999999999915913));
#5717=DIRECTION('',(-0.8823253769985564,-0.4706399144721157,-3.167815720496885E-06));
#5718=FACE_BOUND('',#5719,.T.);
#5719=EDGE_LOOP('',(#5720,#5721,#5722));
#5720=ORIENTED_EDGE('',*,*,#5723,.T.);
#5721=ORIENTED_EDGE('',*,*,#5724,.T.);
#5722=ORIENTED_EDGE('',*,*,#5725,.T.);
#5723=EDGE_CURVE('',#341,#361,#5726,.F.);
#5724=EDGE_CURVE('',#361,#343,#5727,.T.);
#5725=EDGE_CURVE('',#343,#341,#5728,.T.);
#5726=LINE('',#340,#5729);
#5727=LINE('',#360,#5730);
#5728=LINE('',#342,#5731);
#5729=VECTOR('',#5732,1.0);
#5730=VECTOR('',#5733,1.0);
#5731=VECTOR('',#5734,1.0);
#5732=DIRECTION('',(-0.8823253769985564,-0.4706399144721157,-3.167815720496885E-06));
#5733=DIRECTION('',(0.8918214676769921,0.45238752168993474,3.1135647596698407E-06));
#5734=DIRECTION('',(-0.9238792297209396,0.3826841633648344,0));
#5735=FACE_SURFACE('',(#5740),#5736,.T.);
#5736=PLANE('',#5737);
#5737=AXIS2_PLACEMENT_3D('',#342,#5738,#5739);
#5738=DIRECTION('',(-7.193915369739299E-07,-5.464332734133975E-06,0.9999999999848117));
#5739=DIRECTION('',(-0.8918214676769921,-0.45238752168993474,-3.1135647596698407E-06));
#5740=FACE_BOUND('',#5741,.T.);
#5741=EDGE_LOOP('',(#5742,#5743,#5744));
#5742=ORIENTED_EDGE('',*,*,#5745,.T.);
#5743=ORIENTED_EDGE('',*,*,#5746,.T.);
#5744=ORIENTED_EDGE('',*,*,#5747,.T.);
#5745=EDGE_CURVE('',#343,#361,#5748,.F.);
#5746=EDGE_CURVE('',#361,#345,#5749,.T.);
#5747=EDGE_CURVE('',#345,#343,#5750,.T.);
#5748=LINE('',#342,#5751);
#5749=LINE('',#360,#5752);
#5750=LINE('',#344,#5753);
#5751=VECTOR('',#5754,1.0);
#5752=VECTOR('',#5755,1.0);
#5753=VECTOR('',#5756,1.0);
#5754=DIRECTION('',(-0.8918214676769921,-0.45238752168993474,-3.1135647596698407E-06));
#5755=DIRECTION('',(0.8983844311099165,0.43920998842243086,3.046279673631173E-06));
#5756=DIRECTION('',(-0.9914448969488365,0.1305259220006158,0));
#5757=FACE_SURFACE('',(#5762),#5758,.T.);
#5758=PLANE('',#5759);
#5759=AXIS2_PLACEMENT_3D('',#344,#5760,#5761);
#5760=DIRECTION('',(0,-6.9358160193479E-06,0.9999999999759471));
#5761=DIRECTION('',(-0.8983844311099165,-0.43920998842243086,-3.046279673631173E-06));
#5762=FACE_BOUND('',#5763,.T.);
#5763=EDGE_LOOP('',(#5764,#5765,#5766));
#5764=ORIENTED_EDGE('',*,*,#5767,.T.);
#5765=ORIENTED_EDGE('',*,*,#5768,.T.);
#5766=ORIENTED_EDGE('',*,*,#5769,.T.);
#5767=EDGE_CURVE('',#345,#361,#5770,.F.);
#5768=EDGE_CURVE('',#361,#111,#5771,.T.);
#5769=EDGE_CURVE('',#111,#345,#5772,.T.);
#5770=LINE('',#344,#5773);
#5771=LINE('',#360,#5774);
#5772=LINE('',#110,#5775);
#5773=VECTOR('',#5776,1.0);
#5774=VECTOR('',#5777,1.0);
#5775=VECTOR('',#5778,1.0);
#5776=DIRECTION('',(-0.8983844311099165,-0.43920998842243086,-3.046279673631173E-06));
#5777=DIRECTION('',(1,0,0));
#5778=DIRECTION('',(-0.928476742754008,0.3713905466732726,2.5758965031128154E-06));
#5779=FACE_SURFACE('',(#5784),#5780,.T.);
#5780=PLANE('',#5781);
#5781=AXIS2_PLACEMENT_3D('',#344,#5782,#5783);
#5782=DIRECTION('',(-1.8480726334185816E-20,-6.935816019347947E-06,0.9999999999759474));
#5783=DIRECTION('',(0.928476742754008,-0.3713905466732726,-2.5758965031128154E-06));
#5784=FACE_BOUND('',#5785,.T.);
#5785=EDGE_LOOP('',(#5786,#5787,#5788));
#5786=ORIENTED_EDGE('',*,*,#5789,.T.);
#5787=ORIENTED_EDGE('',*,*,#5790,.T.);
#5788=ORIENTED_EDGE('',*,*,#5791,.T.);
#5789=EDGE_CURVE('',#345,#111,#5792,.F.);
#5790=EDGE_CURVE('',#111,#347,#5793,.T.);
#5791=EDGE_CURVE('',#347,#345,#5794,.T.);
#5792=LINE('',#344,#5795);
#5793=LINE('',#110,#5796);
#5794=LINE('',#346,#5797);
#5795=VECTOR('',#5798,1.0);
#5796=VECTOR('',#5799,1.0);
#5797=VECTOR('',#5800,1.0);
#5798=DIRECTION('',(0.928476742754008,-0.3713905466732726,-2.5758965031128154E-06));
#5799=DIRECTION('',(-0.8983844311099167,0.4392099884224304,3.0462796736311736E-06));
#5800=DIRECTION('',(-1,2.6645352591003757E-15,0));
#5801=FACE_SURFACE('',(#5806),#5802,.T.);
#5802=PLANE('',#5803);
#5803=AXIS2_PLACEMENT_3D('',#346,#5804,#5805);
#5804=DIRECTION('',(7.193998905588897E-07,-5.464315647248735E-06,0.9999999999848119));
#5805=DIRECTION('',(0.8983844311099167,-0.4392099884224304,-3.0462796736311736E-06));
#5806=FACE_BOUND('',#5807,.T.);
#5807=EDGE_LOOP('',(#5808,#5809,#5810));
#5808=ORIENTED_EDGE('',*,*,#5811,.T.);
#5809=ORIENTED_EDGE('',*,*,#5812,.T.);
#5810=ORIENTED_EDGE('',*,*,#5813,.T.);
#5811=EDGE_CURVE('',#347,#111,#5814,.F.);
#5812=EDGE_CURVE('',#111,#349,#5815,.T.);
#5813=EDGE_CURVE('',#349,#347,#5816,.T.);
#5814=LINE('',#346,#5817);
#5815=LINE('',#110,#5818);
#5816=LINE('',#348,#5819);
#5817=VECTOR('',#5820,1.0);
#5818=VECTOR('',#5821,1.0);
#5819=VECTOR('',#5822,1.0);
#5820=DIRECTION('',(0.8983844311099167,-0.4392099884224304,-3.0462796736311736E-06));
#5821=DIRECTION('',(-0.8918215473275688,0.4523873646694462,3.113563678973676E-06));
#5822=DIRECTION('',(-0.9914446479860056,-0.13052781305110842,0));
#5823=FACE_SURFACE('',(#5828),#5824,.T.);
#5824=PLANE('',#5825);
#5825=AXIS2_PLACEMENT_3D('',#348,#5826,#5827);
#5826=DIRECTION('',(1.5693396254833179E-06,-3.788772454153064E-06,0.9999999999915912));
#5827=DIRECTION('',(0.8918215473275688,-0.4523873646694462,-3.113563678973676E-06));
#5828=FACE_BOUND('',#5829,.T.);
#5829=EDGE_LOOP('',(#5830,#5831,#5832));
#5830=ORIENTED_EDGE('',*,*,#5833,.T.);
#5831=ORIENTED_EDGE('',*,*,#5834,.T.);
#5832=ORIENTED_EDGE('',*,*,#5835,.T.);
#5833=EDGE_CURVE('',#349,#111,#5836,.F.);
#5834=EDGE_CURVE('',#111,#351,#5837,.T.);
#5835=EDGE_CURVE('',#351,#349,#5838,.T.);
#5836=LINE('',#348,#5839);
#5837=LINE('',#110,#5840);
#5838=LINE('',#350,#5841);
#5839=VECTOR('',#5842,1.0);
#5840=VECTOR('',#5843,1.0);
#5841=VECTOR('',#5844,1.0);
#5842=DIRECTION('',(0.8918215473275688,-0.4523873646694462,-3.113563678973676E-06));
#5843=DIRECTION('',(-0.8823253769985564,0.4706399144721157,3.167815720496885E-06));
#5844=DIRECTION('',(-0.92388136967978,-0.38267899701788377,0));
#5845=FACE_SURFACE('',(#5850),#5846,.T.);
#5846=PLANE('',#5847);
#5847=AXIS2_PLACEMENT_3D('',#350,#5848,#5849);
#5848=DIRECTION('',(2.117996501417091E-06,-2.7601859063320477E-06,0.9999999999939476));
#5849=DIRECTION('',(0.8823253769985564,-0.4706399144721157,-3.167815720496885E-06));
#5850=FACE_BOUND('',#5851,.T.);
#5851=EDGE_LOOP('',(#5852,#5853,#5854));
#5852=ORIENTED_EDGE('',*,*,#5855,.T.);
#5853=ORIENTED_EDGE('',*,*,#5856,.T.);
#5854=ORIENTED_EDGE('',*,*,#5857,.T.);
#5855=EDGE_CURVE('',#351,#111,#5858,.F.);
#5856=EDGE_CURVE('',#111,#353,#5859,.T.);
#5857=EDGE_CURVE('',#353,#351,#5860,.T.);
#5858=LINE('',#350,#5861);
#5859=LINE('',#110,#5862);
#5860=LINE('',#352,#5863);
#5861=VECTOR('',#5864,1.0);
#5862=VECTOR('',#5865,1.0);
#5863=VECTOR('',#5866,1.0);
#5864=DIRECTION('',(0.8823253769985564,-0.4706399144721157,-3.167815720496885E-06));
#5865=DIRECTION('',(-0.8703108719892665,0.4925027777454917,3.2027146080003993E-06));
#5866=DIRECTION('',(-0.7933489864926565,-0.6087671029474859,0));
#5867=FACE_SURFACE('',(#5872),#5868,.T.);
#5868=PLANE('',#5869);
#5869=AXIS2_PLACEMENT_3D('',#352,#5870,#5871);
#5870=DIRECTION('',(2.5658139474980278E-06,-1.968839319877917E-06,0.9999999999947702));
#5871=DIRECTION('',(0.8703108719892665,-0.4925027777454917,-3.2027146080003993E-06));
#5872=FACE_BOUND('',#5873,.T.);
#5873=EDGE_LOOP('',(#5874,#5875,#5876));
#5874=ORIENTED_EDGE('',*,*,#5877,.T.);
#5875=ORIENTED_EDGE('',*,*,#5878,.T.);
#5876=ORIENTED_EDGE('',*,*,#5879,.T.);
#5877=EDGE_CURVE('',#353,#111,#5880,.F.);
#5878=EDGE_CURVE('',#111,#355,#5881,.T.);
#5879=EDGE_CURVE('',#355,#353,#5882,.T.);
#5880=LINE('',#352,#5883);
#5881=LINE('',#110,#5884);
#5882=LINE('',#354,#5885);
#5883=VECTOR('',#5886,1.0);
#5884=VECTOR('',#5887,1.0);
#5885=VECTOR('',#5888,1.0);
#5886=DIRECTION('',(0.8703108719892665,-0.4925027777454917,-3.2027146080003993E-06));
#5887=DIRECTION('',(-0.8565803829794518,0.5160136117240001,3.2137737821731153E-06));
#5888=DIRECTION('',(-0.6087655220797654,-0.7933501995505835,0));
#5889=FACE_SURFACE('',(#5894),#5890,.T.);
#5890=PLANE('',#5891);
#5891=AXIS2_PLACEMENT_3D('',#354,#5892,#5893);
#5892=DIRECTION('',(3.0026350906003535E-06,-1.2437180952610544E-06,0.9999999999947188));
#5893=DIRECTION('',(0.8565803829794518,-0.5160136117240001,-3.2137737821731153E-06));
#5894=FACE_BOUND('',#5895,.T.);
#5895=EDGE_LOOP('',(#5896,#5897,#5898));
#5896=ORIENTED_EDGE('',*,*,#5899,.T.);
#5897=ORIENTED_EDGE('',*,*,#5900,.T.);
#5898=ORIENTED_EDGE('',*,*,#5901,.T.);
#5899=EDGE_CURVE('',#355,#111,#5902,.F.);
#5900=EDGE_CURVE('',#111,#357,#5903,.T.);
#5901=EDGE_CURVE('',#357,#355,#5904,.T.);
#5902=LINE('',#354,#5905);
#5903=LINE('',#110,#5906);
#5904=LINE('',#356,#5907);
#5905=VECTOR('',#5908,1.0);
#5906=VECTOR('',#5909,1.0);
#5907=VECTOR('',#5910,1.0);
#5908=DIRECTION('',(0.8565803829794518,-0.5160136117240001,-3.2137737821731153E-06));
#5909=DIRECTION('',(-0.8423013849849057,0.5390068430384469,3.199496259590304E-06));
#5910=DIRECTION('',(-0.3826797339751855,-0.9238810644258714,0));
#5911=FACE_SURFACE('',(#5916),#5912,.T.);
#5912=PLANE('',#5913);
#5913=AXIS2_PLACEMENT_3D('',#356,#5914,#5915);
#5914=DIRECTION('',(3.5033478387963364E-06,-4.61258564857525E-07,0.9999999999937569));
#5915=DIRECTION('',(0.8423013849849057,-0.5390068430384469,-3.199496259590304E-06));
#5916=FACE_BOUND('',#5917,.T.);
#5917=EDGE_LOOP('',(#5918,#5919,#5920));
#5918=ORIENTED_EDGE('',*,*,#5921,.T.);
#5919=ORIENTED_EDGE('',*,*,#5922,.T.);
#5920=ORIENTED_EDGE('',*,*,#5923,.T.);
#5921=EDGE_CURVE('',#357,#111,#5924,.F.);
#5922=EDGE_CURVE('',#111,#333,#5925,.T.);
#5923=EDGE_CURVE('',#333,#357,#5926,.T.);
#5924=LINE('',#356,#5927);
#5925=LINE('',#110,#5928);
#5926=LINE('',#332,#5929);
#5927=VECTOR('',#5930,1.0);
#5928=VECTOR('',#5931,1.0);
#5929=VECTOR('',#5932,1.0);
#5930=DIRECTION('',(0.8423013849849057,-0.5390068430384469,-3.199496259590304E-06));
#5931=DIRECTION('',(-0.828848761126403,0.5594727260280253,3.1618071026855585E-06));
#5932=DIRECTION('',(-0.13053567026511576,-0.9914436135194159,0));
#5933=FACE_SURFACE('',(#5938),#5934,.T.);
#5934=PLANE('',#5935);
#5935=AXIS2_PLACEMENT_3D('',#358,#5936,#5937);
#5936=DIRECTION('',(0,0,1));
#5937=DIRECTION('',(-1,0,0));
#5938=FACE_BOUND('',#5939,.T.);
#5939=EDGE_LOOP('',(#5940,#5941,#5942));
#5940=ORIENTED_EDGE('',*,*,#5943,.T.);
#5941=ORIENTED_EDGE('',*,*,#5944,.T.);
#5942=ORIENTED_EDGE('',*,*,#5945,.T.);
#5943=EDGE_CURVE('',#359,#57,#5946,.F.);
#5944=EDGE_CURVE('',#57,#361,#5947,.T.);
#5945=EDGE_CURVE('',#361,#359,#5948,.T.);
#5946=LINE('',#358,#5949);
#5947=LINE('',#56,#5950);
#5948=LINE('',#360,#5951);
#5949=VECTOR('',#5952,1.0);
#5950=VECTOR('',#5953,1.0);
#5951=VECTOR('',#5954,1.0);
#5952=DIRECTION('',(-1,0,0));
#5953=DIRECTION('',(0.18079429032290026,-0.9835209324598225,0));
#5954=DIRECTION('',(0,1,0));
#5955=FACE_SURFACE('',(#5960),#5956,.T.);
#5956=PLANE('',#5957);
#5957=AXIS2_PLACEMENT_3D('',#360,#5958,#5959);
#5958=DIRECTION('',(0,0,1));
#5959=DIRECTION('',(-0.18079429032290026,0.9835209324598225,0));
#5960=FACE_BOUND('',#5961,.T.);
#5961=EDGE_LOOP('',(#5962,#5963,#5964));
#5962=ORIENTED_EDGE('',*,*,#5965,.T.);
#5963=ORIENTED_EDGE('',*,*,#5966,.T.);
#5964=ORIENTED_EDGE('',*,*,#5967,.T.);
#5965=EDGE_CURVE('',#361,#57,#5968,.F.);
#5966=EDGE_CURVE('',#57,#49,#5969,.T.);
#5967=EDGE_CURVE('',#49,#361,#5970,.T.);
#5968=LINE('',#360,#5971);
#5969=LINE('',#56,#5972);
#5970=LINE('',#48,#5973);
#5971=VECTOR('',#5974,1.0);
#5972=VECTOR('',#5975,1.0);
#5973=VECTOR('',#5976,1.0);
#5974=DIRECTION('',(-0.18079429032290026,0.9835209324598225,0));
#5975=DIRECTION('',(0,-1,0));
#5976=DIRECTION('',(1,0,0));
#5977=FACE_SURFACE('',(#5982),#5978,.T.);
#5978=PLANE('',#5979);
#5979=AXIS2_PLACEMENT_3D('',#48,#5980,#5981);
#5980=DIRECTION('',(0,1,0));
#5981=DIRECTION('',(0,0,1));
#5982=FACE_BOUND('',#5983,.T.);
#5983=EDGE_LOOP('',(#5984,#5985,#5986));
#5984=ORIENTED_EDGE('',*,*,#5987,.T.);
#5985=ORIENTED_EDGE('',*,*,#5988,.T.);
#5986=ORIENTED_EDGE('',*,*,#5989,.T.);
#5987=EDGE_CURVE('',#49,#47,#5990,.F.);
#5988=EDGE_CURVE('',#47,#361,#5991,.T.);
#5989=EDGE_CURVE('',#361,#49,#5992,.T.);
#5990=LINE('',#48,#5993);
#5991=LINE('',#46,#5994);
#5992=LINE('',#360,#5995);
#5993=VECTOR('',#5996,1.0);
#5994=VECTOR('',#5997,1.0);
#5995=VECTOR('',#5998,1.0);
#5996=DIRECTION('',(0,0,1));
#5997=DIRECTION('',(0.7408324365666513,0,-0.6716898844933714));
#5998=DIRECTION('',(-1,0,0));
#5999=FACE_SURFACE('',(#6004),#6000,.T.);
#6000=PLANE('',#6001);
#6001=AXIS2_PLACEMENT_3D('',#360,#6002,#6003);
#6002=DIRECTION('',(0,1,-0));
#6003=DIRECTION('',(-0.7408324365666513,0,0.6716898844933714));
#6004=FACE_BOUND('',#6005,.T.);
#6005=EDGE_LOOP('',(#6006,#6007,#6008));
#6006=ORIENTED_EDGE('',*,*,#6009,.T.);
#6007=ORIENTED_EDGE('',*,*,#6010,.T.);
#6008=ORIENTED_EDGE('',*,*,#6011,.T.);
#6009=EDGE_CURVE('',#361,#47,#6012,.F.);
#6010=EDGE_CURVE('',#47,#115,#6013,.T.);
#6011=EDGE_CURVE('',#115,#361,#6014,.T.);
#6012=LINE('',#360,#6015);
#6013=LINE('',#46,#6016);
#6014=LINE('',#114,#6017);
#6015=VECTOR('',#6018,1.0);
#6016=VECTOR('',#6019,1.0);
#6017=VECTOR('',#6020,1.0);
#6018=DIRECTION('',(-0.7408324365666513,0,0.6716898844933714));
#6019=DIRECTION('',(1,0,0));
#6020=DIRECTION('',(-0.9467724806470453,0,-0.32190351021608976));
#6021=FACE_SURFACE('',(#6026),#6022,.T.);
#6022=PLANE('',#6023);
#6023=AXIS2_PLACEMENT_3D('',#360,#6024,#6025);
#6024=DIRECTION('',(0,1,0));
#6025=DIRECTION('',(0.9467724806470453,0,0.32190351021608976));
#6026=FACE_BOUND('',#6027,.T.);
#6027=EDGE_LOOP('',(#6028,#6029,#6030));
#6028=ORIENTED_EDGE('',*,*,#6031,.T.);
#6029=ORIENTED_EDGE('',*,*,#6032,.T.);
#6030=ORIENTED_EDGE('',*,*,#6033,.T.);
#6031=EDGE_CURVE('',#361,#115,#6034,.F.);
#6032=EDGE_CURVE('',#115,#111,#6035,.T.);
#6033=EDGE_CURVE('',#111,#361,#6036,.T.);
#6034=LINE('',#360,#6037);
#6035=LINE('',#114,#6038);
#6036=LINE('',#110,#6039);
#6037=VECTOR('',#6040,1.0);
#6038=VECTOR('',#6041,1.0);
#6039=VECTOR('',#6042,1.0);
#6040=DIRECTION('',(0.9467724806470453,0,0.32190351021608976));
#6041=DIRECTION('',(0,0,-1));
#6042=DIRECTION('',(-1,0,0));
#6043=FACE_SURFACE('',(#6048),#6044,.T.);
#6044=PLANE('',#6045);
#6045=AXIS2_PLACEMENT_3D('',#362,#6046,#6047);
#6046=DIRECTION('',(0,0,-1));
#6047=DIRECTION('',(0.13053567026511576,0.9914436135194159,0));
#6048=FACE_BOUND('',#6049,.T.);
#6049=EDGE_LOOP('',(#6050,#6051,#6052));
#6050=ORIENTED_EDGE('',*,*,#6053,.T.);
#6051=ORIENTED_EDGE('',*,*,#6054,.T.);
#6052=ORIENTED_EDGE('',*,*,#6055,.T.);
#6053=EDGE_CURVE('',#363,#365,#6056,.F.);
#6054=EDGE_CURVE('',#365,#115,#6057,.T.);
#6055=EDGE_CURVE('',#115,#363,#6058,.T.);
#6056=LINE('',#362,#6059);
#6057=LINE('',#364,#6060);
#6058=LINE('',#114,#6061);
#6059=VECTOR('',#6062,1.0);
#6060=VECTOR('',#6063,1.0);
#6061=VECTOR('',#6064,1.0);
#6062=DIRECTION('',(0.13053567026511576,0.9914436135194159,0));
#6063=DIRECTION('',(0.828848761130546,-0.5594727260308218,0));
#6064=DIRECTION('',(-0.8423013849892169,0.5390068430412057,0));
#6065=FACE_SURFACE('',(#6070),#6066,.T.);
#6066=PLANE('',#6067);
#6067=AXIS2_PLACEMENT_3D('',#114,#6068,#6069);
#6068=DIRECTION('',(0,0,-1));
#6069=DIRECTION('',(-0.828848761130546,0.5594727260308218,0));
#6070=FACE_BOUND('',#6071,.T.);
#6071=EDGE_LOOP('',(#6072,#6073,#6074));
#6072=ORIENTED_EDGE('',*,*,#6075,.T.);
#6073=ORIENTED_EDGE('',*,*,#6076,.T.);
#6074=ORIENTED_EDGE('',*,*,#6077,.T.);
#6075=EDGE_CURVE('',#115,#365,#6078,.F.);
#6076=EDGE_CURVE('',#365,#367,#6079,.T.);
#6077=EDGE_CURVE('',#367,#115,#6080,.T.);
#6078=LINE('',#114,#6081);
#6079=LINE('',#364,#6082);
#6080=LINE('',#366,#6083);
#6081=VECTOR('',#6084,1.0);
#6082=VECTOR('',#6085,1.0);
#6083=VECTOR('',#6086,1.0);
#6084=DIRECTION('',(-0.828848761130546,0.5594727260308218,0));
#6085=DIRECTION('',(0,1,0));
#6086=DIRECTION('',(0.22043002069728454,-0.9754027916586023,0));
#6087=FACE_SURFACE('',(#6092),#6088,.T.);
#6088=PLANE('',#6089);
#6089=AXIS2_PLACEMENT_3D('',#114,#6090,#6091);
#6090=DIRECTION('',(0,0,-1));
#6091=DIRECTION('',(-0.22043002069728454,0.9754027916586023,0));
#6092=FACE_BOUND('',#6093,.T.);
#6093=EDGE_LOOP('',(#6094,#6095,#6096));
#6094=ORIENTED_EDGE('',*,*,#6097,.T.);
#6095=ORIENTED_EDGE('',*,*,#6098,.T.);
#6096=ORIENTED_EDGE('',*,*,#6099,.T.);
#6097=EDGE_CURVE('',#115,#367,#6100,.F.);
#6098=EDGE_CURVE('',#367,#121,#6101,.T.);
#6099=EDGE_CURVE('',#121,#115,#6102,.T.);
#6100=LINE('',#114,#6103);
#6101=LINE('',#366,#6104);
#6102=LINE('',#120,#6105);
#6103=VECTOR('',#6106,1.0);
#6104=VECTOR('',#6107,1.0);
#6105=VECTOR('',#6108,1.0);
#6106=DIRECTION('',(-0.22043002069728454,0.9754027916586023,0));
#6107=DIRECTION('',(0.8288486007662591,0.5594729636075495,0));
#6108=DIRECTION('',(0,-1,0));
#6109=FACE_SURFACE('',(#6114),#6110,.T.);
#6110=PLANE('',#6111);
#6111=AXIS2_PLACEMENT_3D('',#120,#6112,#6113);
#6112=DIRECTION('',(0,0,-1));
#6113=DIRECTION('',(-0.8288486007662591,-0.5594729636075495,0));
#6114=FACE_BOUND('',#6115,.T.);
#6115=EDGE_LOOP('',(#6116,#6117,#6118));
#6116=ORIENTED_EDGE('',*,*,#6119,.T.);
#6117=ORIENTED_EDGE('',*,*,#6120,.T.);
#6118=ORIENTED_EDGE('',*,*,#6121,.T.);
#6119=EDGE_CURVE('',#121,#367,#6122,.F.);
#6120=EDGE_CURVE('',#367,#369,#6123,.T.);
#6121=EDGE_CURVE('',#369,#121,#6124,.T.);
#6122=LINE('',#120,#6125);
#6123=LINE('',#366,#6126);
#6124=LINE('',#368,#6127);
#6125=VECTOR('',#6128,1.0);
#6126=VECTOR('',#6129,1.0);
#6127=VECTOR('',#6130,1.0);
#6128=DIRECTION('',(-0.8288486007662591,-0.5594729636075495,0));
#6129=DIRECTION('',(-0.13053540432077632,0.9914436485342026,0));
#6130=DIRECTION('',(0.842301251645882,0.5390070514156382,0));
#6131=FACE_SURFACE('',(#6136),#6132,.T.);
#6132=PLANE('',#6133);
#6133=AXIS2_PLACEMENT_3D('',#120,#6134,#6135);
#6134=DIRECTION('',(0,0,-1));
#6135=DIRECTION('',(-0.842301251645882,-0.5390070514156382,0));
#6136=FACE_BOUND('',#6137,.T.);
#6137=EDGE_LOOP('',(#6138,#6139,#6140));
#6138=ORIENTED_EDGE('',*,*,#6141,.T.);
#6139=ORIENTED_EDGE('',*,*,#6142,.T.);
#6140=ORIENTED_EDGE('',*,*,#6143,.T.);
#6141=EDGE_CURVE('',#121,#369,#6144,.F.);
#6142=EDGE_CURVE('',#369,#371,#6145,.T.);
#6143=EDGE_CURVE('',#371,#121,#6146,.T.);
#6144=LINE('',#120,#6147);
#6145=LINE('',#368,#6148);
#6146=LINE('',#370,#6149);
#6147=VECTOR('',#6150,1.0);
#6148=VECTOR('',#6151,1.0);
#6149=VECTOR('',#6152,1.0);
#6150=DIRECTION('',(-0.842301251645882,-0.5390070514156382,0));
#6151=DIRECTION('',(-0.3826804604958138,0.9238807634942466,0));
#6152=DIRECTION('',(0.8565802276154798,0.5160138696374477,0));
#6153=FACE_SURFACE('',(#6158),#6154,.T.);
#6154=PLANE('',#6155);
#6155=AXIS2_PLACEMENT_3D('',#370,#6156,#6157);
#6156=DIRECTION('',(0,0,-1));
#6157=DIRECTION('',(-0.6087640334084832,0.7933513418582181,0));
#6158=FACE_BOUND('',#6159,.T.);
#6159=EDGE_LOOP('',(#6160,#6161,#6162));
#6160=ORIENTED_EDGE('',*,*,#6163,.T.);
#6161=ORIENTED_EDGE('',*,*,#6164,.T.);
#6162=ORIENTED_EDGE('',*,*,#6165,.T.);
#6163=EDGE_CURVE('',#371,#373,#6166,.F.);
#6164=EDGE_CURVE('',#373,#121,#6167,.T.);
#6165=EDGE_CURVE('',#121,#371,#6168,.T.);
#6166=LINE('',#370,#6169);
#6167=LINE('',#372,#6170);
#6168=LINE('',#120,#6171);
#6169=VECTOR('',#6172,1.0);
#6170=VECTOR('',#6173,1.0);
#6171=VECTOR('',#6174,1.0);
#6172=DIRECTION('',(-0.6087640334084832,0.7933513418582181,0));
#6173=DIRECTION('',(0.8703107580421544,0.4925029791139244,0));
#6174=DIRECTION('',(-0.8565802276154798,-0.5160138696374477,0));
#6175=FACE_SURFACE('',(#6180),#6176,.T.);
#6176=PLANE('',#6177);
#6177=AXIS2_PLACEMENT_3D('',#120,#6178,#6179);
#6178=DIRECTION('',(0,0,-1));
#6179=DIRECTION('',(-0.8703107580421544,-0.4925029791139244,0));
#6180=FACE_BOUND('',#6181,.T.);
#6181=EDGE_LOOP('',(#6182,#6183,#6184));
#6182=ORIENTED_EDGE('',*,*,#6185,.T.);
#6183=ORIENTED_EDGE('',*,*,#6186,.T.);
#6184=ORIENTED_EDGE('',*,*,#6187,.T.);
#6185=EDGE_CURVE('',#121,#373,#6188,.F.);
#6186=EDGE_CURVE('',#373,#375,#6189,.T.);
#6187=EDGE_CURVE('',#375,#121,#6190,.T.);
#6188=LINE('',#120,#6191);
#6189=LINE('',#372,#6192);
#6190=LINE('',#374,#6193);
#6191=VECTOR('',#6194,1.0);
#6192=VECTOR('',#6195,1.0);
#6193=VECTOR('',#6196,1.0);
#6194=DIRECTION('',(-0.8703107580421544,-0.4925029791139244,0));
#6195=DIRECTION('',(-0.7933494551558762,0.6087664921822442,0));
#6196=DIRECTION('',(0.8823252568902266,0.47064013965406293,0));
#6197=FACE_SURFACE('',(#6202),#6198,.T.);
#6198=PLANE('',#6199);
#6199=AXIS2_PLACEMENT_3D('',#120,#6200,#6201);
#6200=DIRECTION('',(0,0,-1));
#6201=DIRECTION('',(-0.8823252568902266,-0.47064013965406293,0));
#6202=FACE_BOUND('',#6203,.T.);
#6203=EDGE_LOOP('',(#6204,#6205,#6206));
#6204=ORIENTED_EDGE('',*,*,#6207,.T.);
#6205=ORIENTED_EDGE('',*,*,#6208,.T.);
#6206=ORIENTED_EDGE('',*,*,#6209,.T.);
#6207=EDGE_CURVE('',#121,#375,#6210,.F.);
#6208=EDGE_CURVE('',#375,#377,#6211,.T.);
#6209=EDGE_CURVE('',#377,#121,#6212,.T.);
#6210=LINE('',#120,#6213);
#6211=LINE('',#374,#6214);
#6212=LINE('',#376,#6215);
#6213=VECTOR('',#6216,1.0);
#6214=VECTOR('',#6217,1.0);
#6215=VECTOR('',#6218,1.0);
#6216=DIRECTION('',(-0.8823252568902266,-0.47064013965406293,0));
#6217=DIRECTION('',(-0.9238803202762261,0.3826815305267528,0));
#6218=DIRECTION('',(0.8918214645281362,0.45238752790819764,0));
#6219=FACE_SURFACE('',(#6224),#6220,.T.);
#6220=PLANE('',#6221);
#6221=AXIS2_PLACEMENT_3D('',#376,#6222,#6223);
#6222=DIRECTION('',(0,0,-1));
#6223=DIRECTION('',(-0.99144529064532,0.13052293153778352,0));
#6224=FACE_BOUND('',#6225,.T.);
#6225=EDGE_LOOP('',(#6226,#6227,#6228));
#6226=ORIENTED_EDGE('',*,*,#6229,.T.);
#6227=ORIENTED_EDGE('',*,*,#6230,.T.);
#6228=ORIENTED_EDGE('',*,*,#6231,.T.);
#6229=EDGE_CURVE('',#377,#379,#6232,.F.);
#6230=EDGE_CURVE('',#379,#121,#6233,.T.);
#6231=EDGE_CURVE('',#121,#377,#6234,.T.);
#6232=LINE('',#376,#6235);
#6233=LINE('',#378,#6236);
#6234=LINE('',#120,#6237);
#6235=VECTOR('',#6238,1.0);
#6236=VECTOR('',#6239,1.0);
#6237=VECTOR('',#6240,1.0);
#6238=DIRECTION('',(-0.99144529064532,0.13052293153778352,0));
#6239=DIRECTION('',(0.8983843008192235,0.4392102549366931,0));
#6240=DIRECTION('',(-0.8918214645281362,-0.45238752790819764,0));
#6241=FACE_SURFACE('',(#6246),#6242,.T.);
#6242=PLANE('',#6243);
#6243=AXIS2_PLACEMENT_3D('',#120,#6244,#6245);
#6244=DIRECTION('',(0,0,-1));
#6245=DIRECTION('',(-0.8983843008192235,-0.4392102549366931,0));
#6246=FACE_BOUND('',#6247,.T.);
#6247=EDGE_LOOP('',(#6248,#6249,#6250));
#6248=ORIENTED_EDGE('',*,*,#6251,.T.);
#6249=ORIENTED_EDGE('',*,*,#6252,.T.);
#6250=ORIENTED_EDGE('',*,*,#6253,.T.);
#6251=EDGE_CURVE('',#121,#379,#6254,.F.);
#6252=EDGE_CURVE('',#379,#381,#6255,.T.);
#6253=EDGE_CURVE('',#381,#121,#6256,.T.);
#6254=LINE('',#120,#6257);
#6255=LINE('',#378,#6258);
#6256=LINE('',#380,#6259);
#6257=VECTOR('',#6260,1.0);
#6258=VECTOR('',#6261,1.0);
#6259=VECTOR('',#6262,1.0);
#6260=DIRECTION('',(-0.8983843008192235,-0.4392102549366931,0));
#6261=DIRECTION('',(-1,0,0));
#6262=DIRECTION('',(0.9284766464732487,0.37139078738411124,0));
#6263=FACE_SURFACE('',(#6268),#6264,.T.);
#6264=PLANE('',#6265);
#6265=AXIS2_PLACEMENT_3D('',#120,#6266,#6267);
#6266=DIRECTION('',(-0,0,-1));
#6267=DIRECTION('',(-0.9284766464732487,-0.37139078738411124,0));
#6268=FACE_BOUND('',#6269,.T.);
#6269=EDGE_LOOP('',(#6270,#6271,#6272));
#6270=ORIENTED_EDGE('',*,*,#6273,.T.);
#6271=ORIENTED_EDGE('',*,*,#6274,.T.);
#6272=ORIENTED_EDGE('',*,*,#6275,.T.);
#6273=EDGE_CURVE('',#121,#381,#6276,.F.);
#6274=EDGE_CURVE('',#381,#53,#6277,.T.);
#6275=EDGE_CURVE('',#53,#121,#6278,.T.);
#6276=LINE('',#120,#6279);
#6277=LINE('',#380,#6280);
#6278=LINE('',#52,#6281);
#6279=VECTOR('',#6282,1.0);
#6280=VECTOR('',#6283,1.0);
#6281=VECTOR('',#6284,1.0);
#6282=DIRECTION('',(-0.9284766464732487,-0.37139078738411124,0));
#6283=DIRECTION('',(-0.9662349173551849,0.257662733983048,0));
#6284=DIRECTION('',(1,0,0));
#6285=FACE_SURFACE('',(#6290),#6286,.T.);
#6286=PLANE('',#6287);
#6287=AXIS2_PLACEMENT_3D('',#52,#6288,#6289);
#6288=DIRECTION('',(0,0,-1));
#6289=DIRECTION('',(0.9662349173551849,-0.257662733983048,0));
#6290=FACE_BOUND('',#6291,.T.);
#6291=EDGE_LOOP('',(#6292,#6293,#6294));
#6292=ORIENTED_EDGE('',*,*,#6295,.T.);
#6293=ORIENTED_EDGE('',*,*,#6296,.T.);
#6294=ORIENTED_EDGE('',*,*,#6297,.T.);
#6295=EDGE_CURVE('',#53,#381,#6298,.F.);
#6296=EDGE_CURVE('',#381,#383,#6299,.T.);
#6297=EDGE_CURVE('',#383,#53,#6300,.T.);
#6298=LINE('',#52,#6301);
#6299=LINE('',#380,#6302);
#6300=LINE('',#382,#6303);
#6301=VECTOR('',#6304,1.0);
#6302=VECTOR('',#6305,1.0);
#6303=VECTOR('',#6306,1.0);
#6304=DIRECTION('',(0.9662349173551849,-0.257662733983048,0));
#6305=DIRECTION('',(-0.9914455395896884,-0.13052104055558156,0));
#6306=DIRECTION('',(-0.9646935000378802,0.2633751145888015,0));
#6307=FACE_SURFACE('',(#6312),#6308,.T.);
#6308=PLANE('',#6309);
#6309=AXIS2_PLACEMENT_3D('',#52,#6310,#6311);
#6310=DIRECTION('',(0,0,-1));
#6311=DIRECTION('',(0.9646935000378802,-0.2633751145888015,0));
#6312=FACE_BOUND('',#6313,.T.);
#6313=EDGE_LOOP('',(#6314,#6315,#6316));
#6314=ORIENTED_EDGE('',*,*,#6317,.T.);
#6315=ORIENTED_EDGE('',*,*,#6318,.T.);
#6316=ORIENTED_EDGE('',*,*,#6319,.T.);
#6317=EDGE_CURVE('',#53,#383,#6320,.F.);
#6318=EDGE_CURVE('',#383,#385,#6321,.T.);
#6319=EDGE_CURVE('',#385,#53,#6322,.T.);
#6320=LINE('',#52,#6323);
#6321=LINE('',#382,#6324);
#6322=LINE('',#384,#6325);
#6323=VECTOR('',#6326,1.0);
#6324=VECTOR('',#6327,1.0);
#6325=VECTOR('',#6328,1.0);
#6326=DIRECTION('',(0.9646935000378802,-0.2633751145888015,0));
#6327=DIRECTION('',(-0.9238781802914813,-0.3826866968961701,0));
#6328=DIRECTION('',(-0.9621165961946547,0.2726383232907867,0));
#6329=FACE_SURFACE('',(#6334),#6330,.T.);
#6330=PLANE('',#6331);
#6331=AXIS2_PLACEMENT_3D('',#384,#6332,#6333);
#6332=DIRECTION('',(-0,0,-1));
#6333=DIRECTION('',(-0.793354870556795,-0.6087594347226258,0));
#6334=FACE_BOUND('',#6335,.T.);
#6335=EDGE_LOOP('',(#6336,#6337,#6338));
#6336=ORIENTED_EDGE('',*,*,#6339,.T.);
#6337=ORIENTED_EDGE('',*,*,#6340,.T.);
#6338=ORIENTED_EDGE('',*,*,#6341,.T.);
#6339=EDGE_CURVE('',#385,#387,#6342,.F.);
#6340=EDGE_CURVE('',#387,#53,#6343,.T.);
#6341=EDGE_CURVE('',#53,#385,#6344,.T.);
#6342=LINE('',#384,#6345);
#6343=LINE('',#386,#6346);
#6344=LINE('',#52,#6347);
#6345=VECTOR('',#6348,1.0);
#6346=VECTOR('',#6349,1.0);
#6347=VECTOR('',#6350,1.0);
#6348=DIRECTION('',(-0.793354870556795,-0.6087594347226258,0));
#6349=DIRECTION('',(-0.9585743192365733,0.2848425433465656,0));
#6350=DIRECTION('',(0.9621165961946547,-0.2726383232907867,0));
#6351=FACE_SURFACE('',(#6356),#6352,.T.);
#6352=PLANE('',#6353);
#6353=AXIS2_PLACEMENT_3D('',#52,#6354,#6355);
#6354=DIRECTION('',(0,0,-1));
#6355=DIRECTION('',(0.9585743192365733,-0.2848425433465656,0));
#6356=FACE_BOUND('',#6357,.T.);
#6357=EDGE_LOOP('',(#6358,#6359,#6360));
#6358=ORIENTED_EDGE('',*,*,#6361,.T.);
#6359=ORIENTED_EDGE('',*,*,#6362,.T.);
#6360=ORIENTED_EDGE('',*,*,#6363,.T.);
#6361=EDGE_CURVE('',#53,#387,#6364,.F.);
#6362=EDGE_CURVE('',#387,#389,#6365,.T.);
#6363=EDGE_CURVE('',#389,#53,#6366,.T.);
#6364=LINE('',#52,#6367);
#6365=LINE('',#386,#6368);
#6366=LINE('',#388,#6369);
#6367=VECTOR('',#6370,1.0);
#6368=VECTOR('',#6371,1.0);
#6369=VECTOR('',#6372,1.0);
#6370=DIRECTION('',(0.9585743192365733,-0.2848425433465656,0));
#6371=DIRECTION('',(-0.6087640334084832,-0.7933513418582181,0));
#6372=DIRECTION('',(-0.9542296751794148,0.29907478497357215,0));
#6373=FACE_SURFACE('',(#6378),#6374,.T.);
#6374=PLANE('',#6375);
#6375=AXIS2_PLACEMENT_3D('',#52,#6376,#6377);
#6376=DIRECTION('',(0,0,-1));
#6377=DIRECTION('',(0.9542296751794148,-0.29907478497357215,0));
#6378=FACE_BOUND('',#6379,.T.);
#6379=EDGE_LOOP('',(#6380,#6381,#6382));
#6380=ORIENTED_EDGE('',*,*,#6383,.T.);
#6381=ORIENTED_EDGE('',*,*,#6384,.T.);
#6382=ORIENTED_EDGE('',*,*,#6385,.T.);
#6383=EDGE_CURVE('',#53,#389,#6386,.F.);
#6384=EDGE_CURVE('',#389,#391,#6387,.T.);
#6385=EDGE_CURVE('',#391,#53,#6388,.T.);
#6386=LINE('',#52,#6389);
#6387=LINE('',#388,#6390);
#6388=LINE('',#390,#6391);
#6389=VECTOR('',#6392,1.0);
#6390=VECTOR('',#6393,1.0);
#6391=VECTOR('',#6394,1.0);
#6392=DIRECTION('',(0.9542296751794148,-0.29907478497357215,0));
#6393=DIRECTION('',(-0.3826804604958138,-0.9238807634942466,0));
#6394=DIRECTION('',(-0.9493566138795754,0.31420060420550844,0));
#6395=FACE_SURFACE('',(#6400),#6396,.T.);
#6396=PLANE('',#6397);
#6397=AXIS2_PLACEMENT_3D('',#390,#6398,#6399);
#6398=DIRECTION('',(-0,0,-1));
#6399=DIRECTION('',(-0.13052104055558156,-0.9914455395896884,0));
#6400=FACE_BOUND('',#6401,.T.);
#6401=EDGE_LOOP('',(#6402,#6403,#6404));
#6402=ORIENTED_EDGE('',*,*,#6405,.T.);
#6403=ORIENTED_EDGE('',*,*,#6406,.T.);
#6404=ORIENTED_EDGE('',*,*,#6407,.T.);
#6405=EDGE_CURVE('',#391,#393,#6408,.F.);
#6406=EDGE_CURVE('',#393,#53,#6409,.T.);
#6407=EDGE_CURVE('',#53,#391,#6410,.T.);
#6408=LINE('',#390,#6411);
#6409=LINE('',#392,#6412);
#6410=LINE('',#52,#6413);
#6411=VECTOR('',#6414,1.0);
#6412=VECTOR('',#6415,1.0);
#6413=VECTOR('',#6416,1.0);
#6414=DIRECTION('',(-0.13052104055558156,-0.9914455395896884,0));
#6415=DIRECTION('',(-0.9443322660053476,0.3289932695074556,0));
#6416=DIRECTION('',(0.9493566138795754,-0.31420060420550844,0));
#6417=FACE_SURFACE('',(#6422),#6418,.T.);
#6418=PLANE('',#6419);
#6419=AXIS2_PLACEMENT_3D('',#52,#6420,#6421);
#6420=DIRECTION('',(0,0,-1));
#6421=DIRECTION('',(0.9443322660053476,-0.3289932695074556,0));
#6422=FACE_BOUND('',#6423,.T.);
#6423=EDGE_LOOP('',(#6424,#6425,#6426));
#6424=ORIENTED_EDGE('',*,*,#6427,.T.);
#6425=ORIENTED_EDGE('',*,*,#6428,.T.);
#6426=ORIENTED_EDGE('',*,*,#6429,.T.);
#6427=EDGE_CURVE('',#53,#393,#6430,.F.);
#6428=EDGE_CURVE('',#393,#47,#6431,.T.);
#6429=EDGE_CURVE('',#47,#53,#6432,.T.);
#6430=LINE('',#52,#6433);
#6431=LINE('',#392,#6434);
#6432=LINE('',#46,#6435);
#6433=VECTOR('',#6436,1.0);
#6434=VECTOR('',#6437,1.0);
#6435=VECTOR('',#6438,1.0);
#6436=DIRECTION('',(0.9443322660053476,-0.3289932695074556,0));
#6437=DIRECTION('',(-0.401090327882271,-0.9160385084041458,0));
#6438=DIRECTION('',(0,1,0));
#6439=FACE_SURFACE('',(#6444),#6440,.T.);
#6440=PLANE('',#6441);
#6441=AXIS2_PLACEMENT_3D('',#46,#6442,#6443);
#6442=DIRECTION('',(0,0,-1));
#6443=DIRECTION('',(0.401090327882271,0.9160385084041458,0));
#6444=FACE_BOUND('',#6445,.T.);
#6445=EDGE_LOOP('',(#6446,#6447,#6448));
#6446=ORIENTED_EDGE('',*,*,#6449,.T.);
#6447=ORIENTED_EDGE('',*,*,#6450,.T.);
#6448=ORIENTED_EDGE('',*,*,#6451,.T.);
#6449=EDGE_CURVE('',#47,#393,#6452,.F.);
#6450=EDGE_CURVE('',#393,#395,#6453,.T.);
#6451=EDGE_CURVE('',#395,#47,#6454,.T.);
#6452=LINE('',#46,#6455);
#6453=LINE('',#392,#6456);
#6454=LINE('',#394,#6457);
#6455=VECTOR('',#6458,1.0);
#6456=VECTOR('',#6459,1.0);
#6457=VECTOR('',#6460,1.0);
#6458=DIRECTION('',(0.401090327882271,0.9160385084041458,0));
#6459=DIRECTION('',(0,-1,0));
#6460=DIRECTION('',(-0.9443323291843863,-0.32899308816021017,0));
#6461=FACE_SURFACE('',(#6466),#6462,.T.);
#6462=PLANE('',#6463);
#6463=AXIS2_PLACEMENT_3D('',#46,#6464,#6465);
#6464=DIRECTION('',(0,0,-1));
#6465=DIRECTION('',(0.9443323291843863,0.32899308816021017,0));
#6466=FACE_BOUND('',#6467,.T.);
#6467=EDGE_LOOP('',(#6468,#6469,#6470));
#6468=ORIENTED_EDGE('',*,*,#6471,.T.);
#6469=ORIENTED_EDGE('',*,*,#6472,.T.);
#6470=ORIENTED_EDGE('',*,*,#6473,.T.);
#6471=EDGE_CURVE('',#47,#395,#6474,.F.);
#6472=EDGE_CURVE('',#395,#397,#6475,.T.);
#6473=EDGE_CURVE('',#397,#47,#6476,.T.);
#6474=LINE('',#46,#6477);
#6475=LINE('',#394,#6478);
#6476=LINE('',#396,#6479);
#6477=VECTOR('',#6480,1.0);
#6478=VECTOR('',#6481,1.0);
#6479=VECTOR('',#6482,1.0);
#6480=DIRECTION('',(0.9443323291843863,0.32899308816021017,0));
#6481=DIRECTION('',(0.13052130647167157,-0.9914455045825402,0));
#6482=DIRECTION('',(-0.9493566649486889,-0.31420044990022394,0));
#6483=FACE_SURFACE('',(#6488),#6484,.T.);
#6484=PLANE('',#6485);
#6485=AXIS2_PLACEMENT_3D('',#396,#6486,#6487);
#6486=DIRECTION('',(0,-0,-1));
#6487=DIRECTION('',(0.3826798146995753,-0.9238810309891089,0));
#6488=FACE_BOUND('',#6489,.T.);
#6489=EDGE_LOOP('',(#6490,#6491,#6492));
#6490=ORIENTED_EDGE('',*,*,#6493,.T.);
#6491=ORIENTED_EDGE('',*,*,#6494,.T.);
#6492=ORIENTED_EDGE('',*,*,#6495,.T.);
#6493=EDGE_CURVE('',#397,#399,#6496,.F.);
#6494=EDGE_CURVE('',#399,#47,#6497,.T.);
#6495=EDGE_CURVE('',#47,#397,#6498,.T.);
#6496=LINE('',#396,#6499);
#6497=LINE('',#398,#6500);
#6498=LINE('',#46,#6501);
#6499=VECTOR('',#6502,1.0);
#6500=VECTOR('',#6503,1.0);
#6501=VECTOR('',#6504,1.0);
#6502=DIRECTION('',(0.3826798146995753,-0.9238810309891089,0));
#6503=DIRECTION('',(-0.9542297322824232,-0.29907460278033465,0));
#6504=DIRECTION('',(0.9493566649486889,0.31420044990022394,0));
#6505=FACE_SURFACE('',(#6510),#6506,.T.);
#6506=PLANE('',#6507);
#6507=AXIS2_PLACEMENT_3D('',#46,#6508,#6509);
#6508=DIRECTION('',(0,0,-1));
#6509=DIRECTION('',(0.9542297322824232,0.29907460278033465,0));
#6510=FACE_BOUND('',#6511,.T.);
#6511=EDGE_LOOP('',(#6512,#6513,#6514));
#6512=ORIENTED_EDGE('',*,*,#6515,.T.);
#6513=ORIENTED_EDGE('',*,*,#6516,.T.);
#6514=ORIENTED_EDGE('',*,*,#6517,.T.);
#6515=EDGE_CURVE('',#47,#399,#6518,.F.);
#6516=EDGE_CURVE('',#399,#401,#6519,.T.);
#6517=EDGE_CURVE('',#401,#47,#6520,.T.);
#6518=LINE('',#46,#6521);
#6519=LINE('',#398,#6522);
#6520=LINE('',#400,#6523);
#6521=VECTOR('',#6524,1.0);
#6522=VECTOR('',#6525,1.0);
#6523=VECTOR('',#6526,1.0);
#6524=DIRECTION('',(0.9542297322824232,0.29907460278033465,0));
#6525=DIRECTION('',(0.6087654118076424,-0.7933502841662512,0));
#6526=DIRECTION('',(-0.9585743612186292,-0.2848424020652423,0));
#6527=FACE_SURFACE('',(#6532),#6528,.T.);
#6528=PLANE('',#6529);
#6529=AXIS2_PLACEMENT_3D('',#46,#6530,#6531);
#6530=DIRECTION('',(0,0,-1));
#6531=DIRECTION('',(0.9585743612186292,0.2848424020652423,0));
#6532=FACE_BOUND('',#6533,.T.);
#6533=EDGE_LOOP('',(#6534,#6535,#6536));
#6534=ORIENTED_EDGE('',*,*,#6537,.T.);
#6535=ORIENTED_EDGE('',*,*,#6538,.T.);
#6536=ORIENTED_EDGE('',*,*,#6539,.T.);
#6537=EDGE_CURVE('',#47,#401,#6540,.F.);
#6538=EDGE_CURVE('',#401,#403,#6541,.T.);
#6539=EDGE_CURVE('',#403,#47,#6542,.T.);
#6540=LINE('',#46,#6543);
#6541=LINE('',#400,#6544);
#6542=LINE('',#402,#6545);
#6543=VECTOR('',#6546,1.0);
#6544=VECTOR('',#6547,1.0);
#6545=VECTOR('',#6548,1.0);
#6546=DIRECTION('',(0.9585743612186292,0.2848424020652423,0));
#6547=DIRECTION('',(0.7933544019012427,-0.608760045489125,0));
#6548=DIRECTION('',(-0.9621166401471917,-0.27263816818611286,0));
#6549=FACE_SURFACE('',(#6554),#6550,.T.);
#6550=PLANE('',#6551);
#6551=AXIS2_PLACEMENT_3D('',#402,#6552,#6553);
#6552=DIRECTION('',(0,-0,-1));
#6553=DIRECTION('',(0.9238792297209396,-0.3826841633648344,0));
#6554=FACE_BOUND('',#6555,.T.);
#6555=EDGE_LOOP('',(#6556,#6557,#6558));
#6556=ORIENTED_EDGE('',*,*,#6559,.T.);
#6557=ORIENTED_EDGE('',*,*,#6560,.T.);
#6558=ORIENTED_EDGE('',*,*,#6561,.T.);
#6559=EDGE_CURVE('',#403,#405,#6562,.F.);
#6560=EDGE_CURVE('',#405,#47,#6563,.T.);
#6561=EDGE_CURVE('',#47,#403,#6564,.T.);
#6562=LINE('',#402,#6565);
#6563=LINE('',#404,#6566);
#6564=LINE('',#46,#6567);
#6565=VECTOR('',#6568,1.0);
#6566=VECTOR('',#6569,1.0);
#6567=VECTOR('',#6570,1.0);
#6568=DIRECTION('',(0.9238792297209396,-0.3826841633648344,0));
#6569=DIRECTION('',(-0.9646935303970336,-0.2633750033889089,0));
#6570=DIRECTION('',(0.9621166401471917,0.27263816818611286,0));
#6571=FACE_SURFACE('',(#6576),#6572,.T.);
#6572=PLANE('',#6573);
#6573=AXIS2_PLACEMENT_3D('',#46,#6574,#6575);
#6574=DIRECTION('',(0,0,-1));
#6575=DIRECTION('',(0.9646935303970336,0.2633750033889089,0));
#6576=FACE_BOUND('',#6577,.T.);
#6577=EDGE_LOOP('',(#6578,#6579,#6580));
#6578=ORIENTED_EDGE('',*,*,#6581,.T.);
#6579=ORIENTED_EDGE('',*,*,#6582,.T.);
#6580=ORIENTED_EDGE('',*,*,#6583,.T.);
#6581=EDGE_CURVE('',#47,#405,#6584,.F.);
#6582=EDGE_CURVE('',#405,#407,#6585,.T.);
#6583=EDGE_CURVE('',#407,#47,#6586,.T.);
#6584=LINE('',#46,#6587);
#6585=LINE('',#404,#6588);
#6586=LINE('',#406,#6589);
#6587=VECTOR('',#6590,1.0);
#6588=VECTOR('',#6591,1.0);
#6589=VECTOR('',#6592,1.0);
#6590=DIRECTION('',(0.9646935303970336,0.2633750033889089,0));
#6591=DIRECTION('',(0.9914448969488365,-0.1305259220006158,0));
#6592=DIRECTION('',(-0.9662349655839431,-0.2576625531252003,0));
#6593=FACE_SURFACE('',(#6598),#6594,.T.);
#6594=PLANE('',#6595);
#6595=AXIS2_PLACEMENT_3D('',#46,#6596,#6597);
#6596=DIRECTION('',(0,0,-1));
#6597=DIRECTION('',(0.9662349655839431,0.2576625531252003,0));
#6598=FACE_BOUND('',#6599,.T.);
#6599=EDGE_LOOP('',(#6600,#6601,#6602));
#6600=ORIENTED_EDGE('',*,*,#6603,.T.);
#6601=ORIENTED_EDGE('',*,*,#6604,.T.);
#6602=ORIENTED_EDGE('',*,*,#6605,.T.);
#6603=EDGE_CURVE('',#47,#407,#6606,.F.);
#6604=EDGE_CURVE('',#407,#115,#6607,.T.);
#6605=EDGE_CURVE('',#115,#47,#6608,.T.);
#6606=LINE('',#46,#6609);
#6607=LINE('',#406,#6610);
#6608=LINE('',#114,#6611);
#6609=VECTOR('',#6612,1.0);
#6610=VECTOR('',#6613,1.0);
#6611=VECTOR('',#6614,1.0);
#6612=DIRECTION('',(0.9662349655839431,0.2576625531252003,0));
#6613=DIRECTION('',(0.9284767427570885,-0.3713905466745047,0));
#6614=DIRECTION('',(-1,0,0));
#6615=FACE_SURFACE('',(#6620),#6616,.T.);
#6616=PLANE('',#6617);
#6617=AXIS2_PLACEMENT_3D('',#114,#6618,#6619);
#6618=DIRECTION('',(0,0,-1));
#6619=DIRECTION('',(-0.9284767427570885,0.3713905466745047,0));
#6620=FACE_BOUND('',#6621,.T.);
#6621=EDGE_LOOP('',(#6622,#6623,#6624));
#6622=ORIENTED_EDGE('',*,*,#6625,.T.);
#6623=ORIENTED_EDGE('',*,*,#6626,.T.);
#6624=ORIENTED_EDGE('',*,*,#6627,.T.);
#6625=EDGE_CURVE('',#115,#407,#6628,.F.);
#6626=EDGE_CURVE('',#407,#409,#6629,.T.);
#6627=EDGE_CURVE('',#409,#115,#6630,.T.);
#6628=LINE('',#114,#6631);
#6629=LINE('',#406,#6632);
#6630=LINE('',#408,#6633);
#6631=VECTOR('',#6634,1.0);
#6632=VECTOR('',#6635,1.0);
#6633=VECTOR('',#6636,1.0);
#6634=DIRECTION('',(-0.9284767427570885,0.3713905466745047,0));
#6635=DIRECTION('',(1,-2.6645352591003757E-15,0));
#6636=DIRECTION('',(0.8983844311140851,-0.4392099884244683,0));
#6637=FACE_SURFACE('',(#6642),#6638,.T.);
#6638=PLANE('',#6639);
#6639=AXIS2_PLACEMENT_3D('',#114,#6640,#6641);
#6640=DIRECTION('',(0,0,-1));
#6641=DIRECTION('',(-0.8983844311140851,0.4392099884244683,0));
#6642=FACE_BOUND('',#6643,.T.);
#6643=EDGE_LOOP('',(#6644,#6645,#6646));
#6644=ORIENTED_EDGE('',*,*,#6647,.T.);
#6645=ORIENTED_EDGE('',*,*,#6648,.T.);
#6646=ORIENTED_EDGE('',*,*,#6649,.T.);
#6647=EDGE_CURVE('',#115,#409,#6650,.F.);
#6648=EDGE_CURVE('',#409,#411,#6651,.T.);
#6649=EDGE_CURVE('',#411,#115,#6652,.T.);
#6650=LINE('',#114,#6653);
#6651=LINE('',#408,#6654);
#6652=LINE('',#410,#6655);
#6653=VECTOR('',#6656,1.0);
#6654=VECTOR('',#6657,1.0);
#6655=VECTOR('',#6658,1.0);
#6656=DIRECTION('',(-0.8983844311140851,0.4392099884244683,0));
#6657=DIRECTION('',(0.9914446479860056,0.13052781305110842,0));
#6658=DIRECTION('',(0.8918215473318916,-0.4523873646716389,0));
#6659=FACE_SURFACE('',(#6664),#6660,.T.);
#6660=PLANE('',#6661);
#6661=AXIS2_PLACEMENT_3D('',#410,#6662,#6663);
#6662=DIRECTION('',(0,0,-1));
#6663=DIRECTION('',(0.92388136967978,0.38267899701788377,0));
#6664=FACE_BOUND('',#6665,.T.);
#6665=EDGE_LOOP('',(#6666,#6667,#6668));
#6666=ORIENTED_EDGE('',*,*,#6669,.T.);
#6667=ORIENTED_EDGE('',*,*,#6670,.T.);
#6668=ORIENTED_EDGE('',*,*,#6671,.T.);
#6669=EDGE_CURVE('',#411,#413,#6672,.F.);
#6670=EDGE_CURVE('',#413,#115,#6673,.T.);
#6671=EDGE_CURVE('',#115,#411,#6674,.T.);
#6672=LINE('',#410,#6675);
#6673=LINE('',#412,#6676);
#6674=LINE('',#114,#6677);
#6675=VECTOR('',#6678,1.0);
#6676=VECTOR('',#6679,1.0);
#6677=VECTOR('',#6680,1.0);
#6678=DIRECTION('',(0.92388136967978,0.38267899701788377,0));
#6679=DIRECTION('',(0.8823253770029835,-0.4706399144744771,0));
#6680=DIRECTION('',(-0.8918215473318916,0.4523873646716389,0));
#6681=FACE_SURFACE('',(#6686),#6682,.T.);
#6682=PLANE('',#6683);
#6683=AXIS2_PLACEMENT_3D('',#114,#6684,#6685);
#6684=DIRECTION('',(0,0,-1));
#6685=DIRECTION('',(-0.8823253770029835,0.4706399144744771,0));
#6686=FACE_BOUND('',#6687,.T.);
#6687=EDGE_LOOP('',(#6688,#6689,#6690));
#6688=ORIENTED_EDGE('',*,*,#6691,.T.);
#6689=ORIENTED_EDGE('',*,*,#6692,.T.);
#6690=ORIENTED_EDGE('',*,*,#6693,.T.);
#6691=EDGE_CURVE('',#115,#413,#6694,.F.);
#6692=EDGE_CURVE('',#413,#415,#6695,.T.);
#6693=EDGE_CURVE('',#415,#115,#6696,.T.);
#6694=LINE('',#114,#6697);
#6695=LINE('',#412,#6698);
#6696=LINE('',#414,#6699);
#6697=VECTOR('',#6700,1.0);
#6698=VECTOR('',#6701,1.0);
#6699=VECTOR('',#6702,1.0);
#6700=DIRECTION('',(-0.8823253770029835,0.4706399144744771,0));
#6701=DIRECTION('',(0.7933489864926565,0.6087671029474859,0));
#6702=DIRECTION('',(0.87031087199373,-0.4925027777480176,0));
#6703=FACE_SURFACE('',(#6708),#6704,.T.);
#6704=PLANE('',#6705);
#6705=AXIS2_PLACEMENT_3D('',#114,#6706,#6707);
#6706=DIRECTION('',(0,0,-1));
#6707=DIRECTION('',(-0.87031087199373,0.4925027777480176,0));
#6708=FACE_BOUND('',#6709,.T.);
#6709=EDGE_LOOP('',(#6710,#6711,#6712));
#6710=ORIENTED_EDGE('',*,*,#6713,.T.);
#6711=ORIENTED_EDGE('',*,*,#6714,.T.);
#6712=ORIENTED_EDGE('',*,*,#6715,.T.);
#6713=EDGE_CURVE('',#115,#415,#6716,.F.);
#6714=EDGE_CURVE('',#415,#417,#6717,.T.);
#6715=EDGE_CURVE('',#417,#115,#6718,.T.);
#6716=LINE('',#114,#6719);
#6717=LINE('',#414,#6720);
#6718=LINE('',#416,#6721);
#6719=VECTOR('',#6722,1.0);
#6720=VECTOR('',#6723,1.0);
#6721=VECTOR('',#6724,1.0);
#6722=DIRECTION('',(-0.87031087199373,0.4925027777480176,0));
#6723=DIRECTION('',(0.6087655220797654,0.7933501995505835,0));
#6724=DIRECTION('',(0.8565803829838755,-0.5160136117266649,0));
#6725=FACE_SURFACE('',(#6730),#6726,.T.);
#6726=PLANE('',#6727);
#6727=AXIS2_PLACEMENT_3D('',#416,#6728,#6729);
#6728=DIRECTION('',(0,0,-1));
#6729=DIRECTION('',(0.3826797339751855,0.9238810644258714,0));
#6730=FACE_BOUND('',#6731,.T.);
#6731=EDGE_LOOP('',(#6732,#6733,#6734));
#6732=ORIENTED_EDGE('',*,*,#6735,.T.);
#6733=ORIENTED_EDGE('',*,*,#6736,.T.);
#6734=ORIENTED_EDGE('',*,*,#6737,.T.);
#6735=EDGE_CURVE('',#417,#363,#6738,.F.);
#6736=EDGE_CURVE('',#363,#115,#6739,.T.);
#6737=EDGE_CURVE('',#115,#417,#6740,.T.);
#6738=LINE('',#416,#6741);
#6739=LINE('',#362,#6742);
#6740=LINE('',#114,#6743);
#6741=VECTOR('',#6744,1.0);
#6742=VECTOR('',#6745,1.0);
#6743=VECTOR('',#6746,1.0);
#6744=DIRECTION('',(0.3826797339751855,0.9238810644258714,0));
#6745=DIRECTION('',(0.8423013849892169,-0.5390068430412057,0));
#6746=DIRECTION('',(-0.8565803829838755,0.5160136117266649,0));
#6747=FACE_SURFACE('',(#6752),#6748,.T.);
#6748=PLANE('',#6749);
#6749=AXIS2_PLACEMENT_3D('',#418,#6750,#6751);
#6750=DIRECTION('',(1,-0,0));
#6751=DIRECTION('',(0,0,-1));
#6752=FACE_BOUND('',#6753,.T.);
#6753=EDGE_LOOP('',(#6754,#6755,#6756));
#6754=ORIENTED_EDGE('',*,*,#6757,.T.);
#6755=ORIENTED_EDGE('',*,*,#6758,.T.);
#6756=ORIENTED_EDGE('',*,*,#6759,.T.);
#6757=EDGE_CURVE('',#419,#421,#6760,.F.);
#6758=EDGE_CURVE('',#421,#423,#6761,.T.);
#6759=EDGE_CURVE('',#423,#419,#6762,.T.);
#6760=LINE('',#418,#6763);
#6761=LINE('',#420,#6764);
#6762=LINE('',#422,#6765);
#6763=VECTOR('',#6766,1.0);
#6764=VECTOR('',#6767,1.0);
#6765=VECTOR('',#6768,1.0);
#6766=DIRECTION('',(0,0,-1));
#6767=DIRECTION('',(0,0.6115429867194064,0.7912112078290524));
#6768=DIRECTION('',(0,-1,0));
#6769=FACE_SURFACE('',(#6774),#6770,.T.);
#6770=PLANE('',#6771);
#6771=AXIS2_PLACEMENT_3D('',#422,#6772,#6773);
#6772=DIRECTION('',(1,0,0));
#6773=DIRECTION('',(0,-0.6115429867194064,-0.7912112078290524));
#6774=FACE_BOUND('',#6775,.T.);
#6775=EDGE_LOOP('',(#6776,#6777,#6778));
#6776=ORIENTED_EDGE('',*,*,#6779,.T.);
#6777=ORIENTED_EDGE('',*,*,#6780,.T.);
#6778=ORIENTED_EDGE('',*,*,#6781,.T.);
#6779=EDGE_CURVE('',#423,#421,#6782,.F.);
#6780=EDGE_CURVE('',#421,#425,#6783,.T.);
#6781=EDGE_CURVE('',#425,#423,#6784,.T.);
#6782=LINE('',#422,#6785);
#6783=LINE('',#420,#6786);
#6784=LINE('',#424,#6787);
#6785=VECTOR('',#6788,1.0);
#6786=VECTOR('',#6789,1.0);
#6787=VECTOR('',#6790,1.0);
#6788=DIRECTION('',(0,-0.6115429867194064,-0.7912112078290524));
#6789=DIRECTION('',(0,1,0));
#6790=DIRECTION('',(0,0,1));
#6791=FACE_SURFACE('',(#6796),#6792,.T.);
#6792=PLANE('',#6793);
#6793=AXIS2_PLACEMENT_3D('',#422,#6794,#6795);
#6794=DIRECTION('',(0,-1,0));
#6795=DIRECTION('',(0,0,-1));
#6796=FACE_BOUND('',#6797,.T.);
#6797=EDGE_LOOP('',(#6798,#6799,#6800));
#6798=ORIENTED_EDGE('',*,*,#6801,.T.);
#6799=ORIENTED_EDGE('',*,*,#6802,.T.);
#6800=ORIENTED_EDGE('',*,*,#6803,.T.);
#6801=EDGE_CURVE('',#423,#425,#6804,.F.);
#6802=EDGE_CURVE('',#425,#123,#6805,.T.);
#6803=EDGE_CURVE('',#123,#423,#6806,.T.);
#6804=LINE('',#422,#6807);
#6805=LINE('',#424,#6808);
#6806=LINE('',#122,#6809);
#6807=VECTOR('',#6810,1.0);
#6808=VECTOR('',#6811,1.0);
#6809=VECTOR('',#6812,1.0);
#6810=DIRECTION('',(0,0,-1));
#6811=DIRECTION('',(0.8688148865125868,0,0.4951370446392806));
#6812=DIRECTION('',(-0.34731473271819846,0,0.9377486211330232));
#6813=FACE_SURFACE('',(#6818),#6814,.T.);
#6814=PLANE('',#6815);
#6815=AXIS2_PLACEMENT_3D('',#122,#6816,#6817);
#6816=DIRECTION('',(0,-1,-0));
#6817=DIRECTION('',(-0.8688148865125868,0,-0.4951370446392806));
#6818=FACE_BOUND('',#6819,.T.);
#6819=EDGE_LOOP('',(#6820,#6821,#6822));
#6820=ORIENTED_EDGE('',*,*,#6823,.T.);
#6821=ORIENTED_EDGE('',*,*,#6824,.T.);
#6822=ORIENTED_EDGE('',*,*,#6825,.T.);
#6823=EDGE_CURVE('',#123,#425,#6826,.F.);
#6824=EDGE_CURVE('',#425,#125,#6827,.T.);
#6825=EDGE_CURVE('',#125,#123,#6828,.T.);
#6826=LINE('',#122,#6829);
#6827=LINE('',#424,#6830);
#6828=LINE('',#124,#6831);
#6829=VECTOR('',#6832,1.0);
#6830=VECTOR('',#6833,1.0);
#6831=VECTOR('',#6834,1.0);
#6832=DIRECTION('',(-0.8688148865125868,0,-0.4951370446392806));
#6833=DIRECTION('',(1,0,0));
#6834=DIRECTION('',(0,0,1));
#6835=FACE_SURFACE('',(#6840),#6836,.T.);
#6836=PLANE('',#6837);
#6837=AXIS2_PLACEMENT_3D('',#306,#6838,#6839);
#6838=DIRECTION('',(0,0,1));
#6839=DIRECTION('',(-0.7598784034097577,-0.6500652367504647,0));
#6840=FACE_BOUND('',#6841,.T.);
#6841=EDGE_LOOP('',(#6842,#6843,#6844));
#6842=ORIENTED_EDGE('',*,*,#6845,.T.);
#6843=ORIENTED_EDGE('',*,*,#6846,.T.);
#6844=ORIENTED_EDGE('',*,*,#6847,.T.);
#6845=EDGE_CURVE('',#307,#421,#6848,.F.);
#6846=EDGE_CURVE('',#421,#311,#6849,.T.);
#6847=EDGE_CURVE('',#311,#307,#6850,.T.);
#6848=LINE('',#306,#6851);
#6849=LINE('',#420,#6852);
#6850=LINE('',#310,#6853);
#6851=VECTOR('',#6854,1.0);
#6852=VECTOR('',#6855,1.0);
#6853=VECTOR('',#6856,1.0);
#6854=DIRECTION('',(-0.7598784034097577,-0.6500652367504647,0));
#6855=DIRECTION('',(0.8514380976657205,0.5244551132779419,0));
#6856=DIRECTION('',(-1,2.6645352591003757E-15,0));
#6857=FACE_SURFACE('',(#6862),#6858,.T.);
#6858=PLANE('',#6859);
#6859=AXIS2_PLACEMENT_3D('',#310,#6860,#6861);
#6860=DIRECTION('',(0,0,1));
#6861=DIRECTION('',(-0.8514380976657205,-0.5244551132779419,0));
#6862=FACE_BOUND('',#6863,.T.);
#6863=EDGE_LOOP('',(#6864,#6865,#6866));
#6864=ORIENTED_EDGE('',*,*,#6867,.T.);
#6865=ORIENTED_EDGE('',*,*,#6868,.T.);
#6866=ORIENTED_EDGE('',*,*,#6869,.T.);
#6867=EDGE_CURVE('',#311,#421,#6870,.F.);
#6868=EDGE_CURVE('',#421,#131,#6871,.T.);
#6869=EDGE_CURVE('',#131,#311,#6872,.T.);
#6870=LINE('',#310,#6873);
#6871=LINE('',#420,#6874);
#6872=LINE('',#130,#6875);
#6873=VECTOR('',#6876,1.0);
#6874=VECTOR('',#6877,1.0);
#6875=VECTOR('',#6878,1.0);
#6876=DIRECTION('',(-0.8514380976657205,-0.5244551132779419,0));
#6877=DIRECTION('',(1,0,0));
#6878=DIRECTION('',(-0.8983843559891249,0.43921014208918857,0));
#6879=FACE_SURFACE('',(#6884),#6880,.T.);
#6880=PLANE('',#6881);
#6881=AXIS2_PLACEMENT_3D('',#310,#6882,#6883);
#6882=DIRECTION('',(-0,0,1));
#6883=DIRECTION('',(0.8983843559891249,-0.43921014208918857,0));
#6884=FACE_BOUND('',#6885,.T.);
#6885=EDGE_LOOP('',(#6886,#6887,#6888));
#6886=ORIENTED_EDGE('',*,*,#6889,.T.);
#6887=ORIENTED_EDGE('',*,*,#6890,.T.);
#6888=ORIENTED_EDGE('',*,*,#6891,.T.);
#6889=EDGE_CURVE('',#311,#131,#6892,.F.);
#6890=EDGE_CURVE('',#131,#315,#6893,.T.);
#6891=EDGE_CURVE('',#315,#311,#6894,.T.);
#6892=LINE('',#310,#6895);
#6893=LINE('',#130,#6896);
#6894=LINE('',#314,#6897);
#6895=VECTOR('',#6898,1.0);
#6896=VECTOR('',#6899,1.0);
#6897=VECTOR('',#6900,1.0);
#6898=DIRECTION('',(0.8983843559891249,-0.43921014208918857,0));
#6899=DIRECTION('',(-0.8918214688216646,0.45238751944408084,0));
#6900=DIRECTION('',(-0.9914446479860056,-0.13052781305110842,0));
#6901=FACE_SURFACE('',(#6906),#6902,.T.);
#6902=PLANE('',#6903);
#6903=AXIS2_PLACEMENT_3D('',#314,#6904,#6905);
#6904=DIRECTION('',(-0,0,1));
#6905=DIRECTION('',(0.8918214688216646,-0.45238751944408084,0));
#6906=FACE_BOUND('',#6907,.T.);
#6907=EDGE_LOOP('',(#6908,#6909,#6910));
#6908=ORIENTED_EDGE('',*,*,#6911,.T.);
#6909=ORIENTED_EDGE('',*,*,#6912,.T.);
#6910=ORIENTED_EDGE('',*,*,#6913,.T.);
#6911=EDGE_CURVE('',#315,#131,#6914,.F.);
#6912=EDGE_CURVE('',#131,#319,#6915,.T.);
#6913=EDGE_CURVE('',#319,#315,#6916,.T.);
#6914=LINE('',#314,#6917);
#6915=LINE('',#130,#6918);
#6916=LINE('',#318,#6919);
#6917=VECTOR('',#6920,1.0);
#6918=VECTOR('',#6921,1.0);
#6919=VECTOR('',#6922,1.0);
#6920=DIRECTION('',(0.8918214688216646,-0.45238751944408084,0));
#6921=DIRECTION('',(-0.8823252947867675,0.47064006860810725,0));
#6922=DIRECTION('',(-0.92388136967978,-0.38267899701788377,0));
#6923=FACE_SURFACE('',(#6928),#6924,.T.);
#6924=PLANE('',#6925);
#6925=AXIS2_PLACEMENT_3D('',#318,#6926,#6927);
#6926=DIRECTION('',(-0,0,1));
#6927=DIRECTION('',(0.8823252947867675,-0.47064006860810725,0));
#6928=FACE_BOUND('',#6929,.T.);
#6929=EDGE_LOOP('',(#6930,#6931,#6932));
#6930=ORIENTED_EDGE('',*,*,#6933,.T.);
#6931=ORIENTED_EDGE('',*,*,#6934,.T.);
#6932=ORIENTED_EDGE('',*,*,#6935,.T.);
#6933=EDGE_CURVE('',#319,#131,#6936,.F.);
#6934=EDGE_CURVE('',#131,#323,#6937,.T.);
#6935=EDGE_CURVE('',#323,#319,#6938,.T.);
#6936=LINE('',#318,#6939);
#6937=LINE('',#130,#6940);
#6938=LINE('',#322,#6941);
#6939=VECTOR('',#6942,1.0);
#6940=VECTOR('',#6943,1.0);
#6941=VECTOR('',#6944,1.0);
#6942=DIRECTION('',(0.8823252947867675,-0.47064006860810725,0));
#6943=DIRECTION('',(-0.8703107861948982,0.4925029293647077,0));
#6944=DIRECTION('',(-0.7933489864926565,-0.6087671029474859,0));
#6945=FACE_SURFACE('',(#6950),#6946,.T.);
#6946=PLANE('',#6947);
#6947=AXIS2_PLACEMENT_3D('',#322,#6948,#6949);
#6948=DIRECTION('',(-0,0,1));
#6949=DIRECTION('',(0.8703107861948982,-0.4925029293647077,0));
#6950=FACE_BOUND('',#6951,.T.);
#6951=EDGE_LOOP('',(#6952,#6953,#6954));
#6952=ORIENTED_EDGE('',*,*,#6955,.T.);
#6953=ORIENTED_EDGE('',*,*,#6956,.T.);
#6954=ORIENTED_EDGE('',*,*,#6957,.T.);
#6955=EDGE_CURVE('',#323,#131,#6958,.F.);
#6956=EDGE_CURVE('',#131,#327,#6959,.T.);
#6957=EDGE_CURVE('',#327,#323,#6960,.T.);
#6958=LINE('',#322,#6961);
#6959=LINE('',#130,#6962);
#6960=LINE('',#326,#6963);
#6961=VECTOR('',#6964,1.0);
#6962=VECTOR('',#6965,1.0);
#6963=VECTOR('',#6966,1.0);
#6964=DIRECTION('',(0.8703107861948982,-0.4925029293647077,0));
#6965=DIRECTION('',(-0.8565802942019377,0.5160137591042723,0));
#6966=DIRECTION('',(-0.6087655220797654,-0.7933501995505835,0));
#6967=FACE_SURFACE('',(#6972),#6968,.T.);
#6968=PLANE('',#6969);
#6969=AXIS2_PLACEMENT_3D('',#326,#6970,#6971);
#6970=DIRECTION('',(-0,0,1));
#6971=DIRECTION('',(0.8565802942019377,-0.5160137591042723,0));
#6972=FACE_BOUND('',#6973,.T.);
#6973=EDGE_LOOP('',(#6974,#6975,#6976));
#6974=ORIENTED_EDGE('',*,*,#6977,.T.);
#6975=ORIENTED_EDGE('',*,*,#6978,.T.);
#6976=ORIENTED_EDGE('',*,*,#6979,.T.);
#6977=EDGE_CURVE('',#327,#131,#6980,.F.);
#6978=EDGE_CURVE('',#131,#331,#6981,.T.);
#6979=EDGE_CURVE('',#331,#327,#6982,.T.);
#6980=LINE('',#326,#6983);
#6981=LINE('',#130,#6984);
#6982=LINE('',#330,#6985);
#6983=VECTOR('',#6986,1.0);
#6984=VECTOR('',#6987,1.0);
#6985=VECTOR('',#6988,1.0);
#6986=DIRECTION('',(0.8565802942019377,-0.5160137591042723,0));
#6987=DIRECTION('',(-0.8423012942022666,0.5390069849131707,0));
#6988=DIRECTION('',(-0.3826797339751855,-0.9238810644258714,0));
#6989=FACE_SURFACE('',(#6994),#6990,.T.);
#6990=PLANE('',#6991);
#6991=AXIS2_PLACEMENT_3D('',#330,#6992,#6993);
#6992=DIRECTION('',(-0,0,1));
#6993=DIRECTION('',(0.8423012942022666,-0.5390069849131707,0));
#6994=FACE_BOUND('',#6995,.T.);
#6995=EDGE_LOOP('',(#6996,#6997,#6998));
#6996=ORIENTED_EDGE('',*,*,#6999,.T.);
#6997=ORIENTED_EDGE('',*,*,#7000,.T.);
#6998=ORIENTED_EDGE('',*,*,#7001,.T.);
#6999=EDGE_CURVE('',#331,#131,#7002,.F.);
#7000=EDGE_CURVE('',#131,#281,#7003,.T.);
#7001=EDGE_CURVE('',#281,#331,#7004,.T.);
#7002=LINE('',#330,#7005);
#7003=LINE('',#130,#7006);
#7004=LINE('',#280,#7007);
#7005=VECTOR('',#7008,1.0);
#7006=VECTOR('',#7009,1.0);
#7007=VECTOR('',#7010,1.0);
#7008=DIRECTION('',(0.8423012942022666,-0.5390069849131707,0));
#7009=DIRECTION('',(-0.8288486694938114,0.5594728617889688,0));
#7010=DIRECTION('',(-0.13053567026511576,-0.9914436135194159,0));
#7011=FACE_SURFACE('',(#7016),#7012,.T.);
#7012=PLANE('',#7013);
#7013=AXIS2_PLACEMENT_3D('',#280,#7014,#7015);
#7014=DIRECTION('',(-0,0,1));
#7015=DIRECTION('',(0.8288486694938114,-0.5594728617889688,0));
#7016=FACE_BOUND('',#7017,.T.);
#7017=EDGE_LOOP('',(#7018,#7019,#7020));
#7018=ORIENTED_EDGE('',*,*,#7021,.T.);
#7019=ORIENTED_EDGE('',*,*,#7022,.T.);
#7020=ORIENTED_EDGE('',*,*,#7023,.T.);
#7021=EDGE_CURVE('',#281,#131,#7024,.F.);
#7022=EDGE_CURVE('',#131,#125,#7025,.T.);
#7023=EDGE_CURVE('',#125,#281,#7026,.T.);
#7024=LINE('',#280,#7027);
#7025=LINE('',#130,#7028);
#7026=LINE('',#124,#7029);
#7027=VECTOR('',#7030,1.0);
#7028=VECTOR('',#7031,1.0);
#7029=VECTOR('',#7032,1.0);
#7030=DIRECTION('',(0.8288486694938114,-0.5594728617889688,0));
#7031=DIRECTION('',(0,1,0));
#7032=DIRECTION('',(-0.22043000092287232,-0.9754027961273961,0));
#7033=FACE_SURFACE('',(#7038),#7034,.T.);
#7034=PLANE('',#7035);
#7035=AXIS2_PLACEMENT_3D('',#280,#7036,#7037);
#7036=DIRECTION('',(0,0,1));
#7037=DIRECTION('',(0.22043000092287232,0.9754027961273961,0));
#7038=FACE_BOUND('',#7039,.T.);
#7039=EDGE_LOOP('',(#7040,#7041,#7042));
#7040=ORIENTED_EDGE('',*,*,#7043,.T.);
#7041=ORIENTED_EDGE('',*,*,#7044,.T.);
#7042=ORIENTED_EDGE('',*,*,#7045,.T.);
#7043=EDGE_CURVE('',#281,#125,#7046,.F.);
#7044=EDGE_CURVE('',#125,#241,#7047,.T.);
#7045=EDGE_CURVE('',#241,#281,#7048,.T.);
#7046=LINE('',#280,#7049);
#7047=LINE('',#124,#7050);
#7048=LINE('',#240,#7051);
#7049=VECTOR('',#7052,1.0);
#7050=VECTOR('',#7053,1.0);
#7051=VECTOR('',#7054,1.0);
#7052=DIRECTION('',(0.22043000092287232,0.9754027961273961,0));
#7053=DIRECTION('',(-0.8288486007662591,-0.5594729636075495,0));
#7054=DIRECTION('',(0,-1,0));
#7055=FACE_SURFACE('',(#7060),#7056,.T.);
#7056=PLANE('',#7057);
#7057=AXIS2_PLACEMENT_3D('',#240,#7058,#7059);
#7058=DIRECTION('',(0,-0,1));
#7059=DIRECTION('',(0.8288486007662591,0.5594729636075495,0));
#7060=FACE_BOUND('',#7061,.T.);
#7061=EDGE_LOOP('',(#7062,#7063,#7064));
#7062=ORIENTED_EDGE('',*,*,#7065,.T.);
#7063=ORIENTED_EDGE('',*,*,#7066,.T.);
#7064=ORIENTED_EDGE('',*,*,#7067,.T.);
#7065=EDGE_CURVE('',#241,#125,#7068,.F.);
#7066=EDGE_CURVE('',#125,#245,#7069,.T.);
#7067=EDGE_CURVE('',#245,#241,#7070,.T.);
#7068=LINE('',#240,#7071);
#7069=LINE('',#124,#7072);
#7070=LINE('',#244,#7073);
#7071=VECTOR('',#7074,1.0);
#7072=VECTOR('',#7075,1.0);
#7073=VECTOR('',#7076,1.0);
#7074=DIRECTION('',(0.8288486007662591,0.5594729636075495,0));
#7075=DIRECTION('',(-0.842301251645882,-0.5390070514156382,0));
#7076=DIRECTION('',(0.13053540432077632,-0.9914436485342026,0));
#7077=FACE_SURFACE('',(#7082),#7078,.T.);
#7078=PLANE('',#7079);
#7079=AXIS2_PLACEMENT_3D('',#244,#7080,#7081);
#7080=DIRECTION('',(0,-0,1));
#7081=DIRECTION('',(0.842301251645882,0.5390070514156382,0));
#7082=FACE_BOUND('',#7083,.T.);
#7083=EDGE_LOOP('',(#7084,#7085,#7086));
#7084=ORIENTED_EDGE('',*,*,#7087,.T.);
#7085=ORIENTED_EDGE('',*,*,#7088,.T.);
#7086=ORIENTED_EDGE('',*,*,#7089,.T.);
#7087=EDGE_CURVE('',#245,#125,#7090,.F.);
#7088=EDGE_CURVE('',#125,#249,#7091,.T.);
#7089=EDGE_CURVE('',#249,#245,#7092,.T.);
#7090=LINE('',#244,#7093);
#7091=LINE('',#124,#7094);
#7092=LINE('',#248,#7095);
#7093=VECTOR('',#7096,1.0);
#7094=VECTOR('',#7097,1.0);
#7095=VECTOR('',#7098,1.0);
#7096=DIRECTION('',(0.842301251645882,0.5390070514156382,0));
#7097=DIRECTION('',(-0.8565802276154798,-0.5160138696374477,0));
#7098=DIRECTION('',(0.3826804604958138,-0.9238807634942466,0));
#7099=FACE_SURFACE('',(#7104),#7100,.T.);
#7100=PLANE('',#7101);
#7101=AXIS2_PLACEMENT_3D('',#248,#7102,#7103);
#7102=DIRECTION('',(0,-0,1));
#7103=DIRECTION('',(0.8565802276154798,0.5160138696374477,0));
#7104=FACE_BOUND('',#7105,.T.);
#7105=EDGE_LOOP('',(#7106,#7107,#7108));
#7106=ORIENTED_EDGE('',*,*,#7109,.T.);
#7107=ORIENTED_EDGE('',*,*,#7110,.T.);
#7108=ORIENTED_EDGE('',*,*,#7111,.T.);
#7109=EDGE_CURVE('',#249,#125,#7112,.F.);
#7110=EDGE_CURVE('',#125,#253,#7113,.T.);
#7111=EDGE_CURVE('',#253,#249,#7114,.T.);
#7112=LINE('',#248,#7115);
#7113=LINE('',#124,#7116);
#7114=LINE('',#252,#7117);
#7115=VECTOR('',#7118,1.0);
#7116=VECTOR('',#7119,1.0);
#7117=VECTOR('',#7120,1.0);
#7118=DIRECTION('',(0.8565802276154798,0.5160138696374477,0));
#7119=DIRECTION('',(-0.8703107580421544,-0.4925029791139244,0));
#7120=DIRECTION('',(0.6087640334084832,-0.7933513418582181,0));
#7121=FACE_SURFACE('',(#7126),#7122,.T.);
#7122=PLANE('',#7123);
#7123=AXIS2_PLACEMENT_3D('',#252,#7124,#7125);
#7124=DIRECTION('',(0,-0,1));
#7125=DIRECTION('',(0.8703107580421544,0.4925029791139244,0));
#7126=FACE_BOUND('',#7127,.T.);
#7127=EDGE_LOOP('',(#7128,#7129,#7130));
#7128=ORIENTED_EDGE('',*,*,#7131,.T.);
#7129=ORIENTED_EDGE('',*,*,#7132,.T.);
#7130=ORIENTED_EDGE('',*,*,#7133,.T.);
#7131=EDGE_CURVE('',#253,#125,#7134,.F.);
#7132=EDGE_CURVE('',#125,#257,#7135,.T.);
#7133=EDGE_CURVE('',#257,#253,#7136,.T.);
#7134=LINE('',#252,#7137);
#7135=LINE('',#124,#7138);
#7136=LINE('',#256,#7139);
#7137=VECTOR('',#7140,1.0);
#7138=VECTOR('',#7141,1.0);
#7139=VECTOR('',#7142,1.0);
#7140=DIRECTION('',(0.8703107580421544,0.4925029791139244,0));
#7141=DIRECTION('',(-0.8823252568902266,-0.47064013965406293,0));
#7142=DIRECTION('',(0.7933494551558762,-0.6087664921822442,0));
#7143=FACE_SURFACE('',(#7148),#7144,.T.);
#7144=PLANE('',#7145);
#7145=AXIS2_PLACEMENT_3D('',#256,#7146,#7147);
#7146=DIRECTION('',(0,-0,1));
#7147=DIRECTION('',(0.8823252568902266,0.47064013965406293,0));
#7148=FACE_BOUND('',#7149,.T.);
#7149=EDGE_LOOP('',(#7150,#7151,#7152));
#7150=ORIENTED_EDGE('',*,*,#7153,.T.);
#7151=ORIENTED_EDGE('',*,*,#7154,.T.);
#7152=ORIENTED_EDGE('',*,*,#7155,.T.);
#7153=EDGE_CURVE('',#257,#125,#7156,.F.);
#7154=EDGE_CURVE('',#125,#261,#7157,.T.);
#7155=EDGE_CURVE('',#261,#257,#7158,.T.);
#7156=LINE('',#256,#7159);
#7157=LINE('',#124,#7160);
#7158=LINE('',#260,#7161);
#7159=VECTOR('',#7162,1.0);
#7160=VECTOR('',#7163,1.0);
#7161=VECTOR('',#7164,1.0);
#7162=DIRECTION('',(0.8823252568902266,0.47064013965406293,0));
#7163=DIRECTION('',(-0.8918214645281362,-0.45238752790819764,0));
#7164=DIRECTION('',(0.9238803202762261,-0.3826815305267528,0));
#7165=FACE_SURFACE('',(#7170),#7166,.T.);
#7166=PLANE('',#7167);
#7167=AXIS2_PLACEMENT_3D('',#260,#7168,#7169);
#7168=DIRECTION('',(0,-0,1));
#7169=DIRECTION('',(0.8918214645281362,0.45238752790819764,0));
#7170=FACE_BOUND('',#7171,.T.);
#7171=EDGE_LOOP('',(#7172,#7173,#7174));
#7172=ORIENTED_EDGE('',*,*,#7175,.T.);
#7173=ORIENTED_EDGE('',*,*,#7176,.T.);
#7174=ORIENTED_EDGE('',*,*,#7177,.T.);
#7175=EDGE_CURVE('',#261,#125,#7178,.F.);
#7176=EDGE_CURVE('',#125,#191,#7179,.T.);
#7177=EDGE_CURVE('',#191,#261,#7180,.T.);
#7178=LINE('',#260,#7181);
#7179=LINE('',#124,#7182);
#7180=LINE('',#190,#7183);
#7181=VECTOR('',#7184,1.0);
#7182=VECTOR('',#7185,1.0);
#7183=VECTOR('',#7186,1.0);
#7184=DIRECTION('',(0.8918214645281362,0.45238752790819764,0));
#7185=DIRECTION('',(-0.8983843008192235,-0.4392102549366931,0));
#7186=DIRECTION('',(0.99144529064532,-0.13052293153778352,0));
#7187=FACE_SURFACE('',(#7192),#7188,.T.);
#7188=PLANE('',#7189);
#7189=AXIS2_PLACEMENT_3D('',#190,#7190,#7191);
#7190=DIRECTION('',(0,-0,1));
#7191=DIRECTION('',(0.8983843008192235,0.4392102549366931,0));
#7192=FACE_BOUND('',#7193,.T.);
#7193=EDGE_LOOP('',(#7194,#7195,#7196));
#7194=ORIENTED_EDGE('',*,*,#7197,.T.);
#7195=ORIENTED_EDGE('',*,*,#7198,.T.);
#7196=ORIENTED_EDGE('',*,*,#7199,.T.);
#7197=EDGE_CURVE('',#191,#125,#7200,.F.);
#7198=EDGE_CURVE('',#125,#425,#7201,.T.);
#7199=EDGE_CURVE('',#425,#191,#7202,.T.);
#7200=LINE('',#190,#7203);
#7201=LINE('',#124,#7204);
#7202=LINE('',#424,#7205);
#7203=VECTOR('',#7206,1.0);
#7204=VECTOR('',#7207,1.0);
#7205=VECTOR('',#7208,1.0);
#7206=DIRECTION('',(0.8983843008192235,0.4392102549366931,0));
#7207=DIRECTION('',(-1,0,0));
#7208=DIRECTION('',(0.851438023112739,-0.5244552343125874,0));
#7209=FACE_SURFACE('',(#7214),#7210,.T.);
#7210=PLANE('',#7211);
#7211=AXIS2_PLACEMENT_3D('',#190,#7212,#7213);
#7212=DIRECTION('',(0,0,1));
#7213=DIRECTION('',(-0.851438023112739,0.5244552343125874,0));
#7214=FACE_BOUND('',#7215,.T.);
#7215=EDGE_LOOP('',(#7216,#7217,#7218));
#7216=ORIENTED_EDGE('',*,*,#7219,.T.);
#7217=ORIENTED_EDGE('',*,*,#7220,.T.);
#7218=ORIENTED_EDGE('',*,*,#7221,.T.);
#7219=EDGE_CURVE('',#191,#425,#7222,.F.);
#7220=EDGE_CURVE('',#425,#193,#7223,.T.);
#7221=EDGE_CURVE('',#193,#191,#7224,.T.);
#7222=LINE('',#190,#7225);
#7223=LINE('',#424,#7226);
#7224=LINE('',#192,#7227);
#7225=VECTOR('',#7228,1.0);
#7226=VECTOR('',#7229,1.0);
#7227=VECTOR('',#7230,1.0);
#7228=DIRECTION('',(-0.851438023112739,0.5244552343125874,0));
#7229=DIRECTION('',(0.7598783011856698,-0.6500653562428784,0));
#7230=DIRECTION('',(1,0,0));
#7231=FACE_SURFACE('',(#7236),#7232,.T.);
#7232=PLANE('',#7233);
#7233=AXIS2_PLACEMENT_3D('',#192,#7234,#7235);
#7234=DIRECTION('',(0,0,1));
#7235=DIRECTION('',(-0.7598783011856698,0.6500653562428784,0));
#7236=FACE_BOUND('',#7237,.T.);
#7237=EDGE_LOOP('',(#7238,#7239,#7240));
#7238=ORIENTED_EDGE('',*,*,#7241,.T.);
#7239=ORIENTED_EDGE('',*,*,#7242,.T.);
#7240=ORIENTED_EDGE('',*,*,#7243,.T.);
#7241=EDGE_CURVE('',#193,#425,#7244,.F.);
#7242=EDGE_CURVE('',#425,#205,#7245,.T.);
#7243=EDGE_CURVE('',#205,#193,#7246,.T.);
#7244=LINE('',#192,#7247);
#7245=LINE('',#424,#7248);
#7246=LINE('',#204,#7249);
#7247=VECTOR('',#7250,1.0);
#7248=VECTOR('',#7251,1.0);
#7249=VECTOR('',#7252,1.0);
#7250=DIRECTION('',(-0.7598783011856698,0.6500653562428784,0));
#7251=DIRECTION('',(0.7404182958755412,-0.6721463732943589,0));
#7252=DIRECTION('',(0.9914455395896884,0.13052104055558156,0));
#7253=FACE_SURFACE('',(#7258),#7254,.T.);
#7254=PLANE('',#7255);
#7255=AXIS2_PLACEMENT_3D('',#204,#7256,#7257);
#7256=DIRECTION('',(0,0,1));
#7257=DIRECTION('',(-0.7404182958755412,0.6721463732943589,0));
#7258=FACE_BOUND('',#7259,.T.);
#7259=EDGE_LOOP('',(#7260,#7261,#7262));
#7260=ORIENTED_EDGE('',*,*,#7263,.T.);
#7261=ORIENTED_EDGE('',*,*,#7264,.T.);
#7262=ORIENTED_EDGE('',*,*,#7265,.T.);
#7263=EDGE_CURVE('',#205,#425,#7266,.F.);
#7264=EDGE_CURVE('',#425,#209,#7267,.T.);
#7265=EDGE_CURVE('',#209,#205,#7268,.T.);
#7266=LINE('',#204,#7269);
#7267=LINE('',#424,#7270);
#7268=LINE('',#208,#7271);
#7269=VECTOR('',#7272,1.0);
#7270=VECTOR('',#7273,1.0);
#7271=VECTOR('',#7274,1.0);
#7272=DIRECTION('',(-0.7404182958755412,0.6721463732943589,0));
#7273=DIRECTION('',(0.7154776454872562,-0.698635626638101,0));
#7274=DIRECTION('',(0.9238781802914813,0.3826866968961701,0));
#7275=FACE_SURFACE('',(#7280),#7276,.T.);
#7276=PLANE('',#7277);
#7277=AXIS2_PLACEMENT_3D('',#208,#7278,#7279);
#7278=DIRECTION('',(0,0,1));
#7279=DIRECTION('',(-0.7154776454872562,0.698635626638101,0));
#7280=FACE_BOUND('',#7281,.T.);
#7281=EDGE_LOOP('',(#7282,#7283,#7284));
#7282=ORIENTED_EDGE('',*,*,#7285,.T.);
#7283=ORIENTED_EDGE('',*,*,#7286,.T.);
#7284=ORIENTED_EDGE('',*,*,#7287,.T.);
#7285=EDGE_CURVE('',#209,#425,#7288,.F.);
#7286=EDGE_CURVE('',#425,#213,#7289,.T.);
#7287=EDGE_CURVE('',#213,#209,#7290,.T.);
#7288=LINE('',#208,#7291);
#7289=LINE('',#424,#7292);
#7290=LINE('',#212,#7293);
#7291=VECTOR('',#7294,1.0);
#7292=VECTOR('',#7295,1.0);
#7293=VECTOR('',#7296,1.0);
#7294=DIRECTION('',(-0.7154776454872562,0.698635626638101,0));
#7295=DIRECTION('',(0.686950115945255,-0.7267045742272444,0));
#7296=DIRECTION('',(0.793354870556795,0.6087594347226258,0));
#7297=FACE_SURFACE('',(#7302),#7298,.T.);
#7298=PLANE('',#7299);
#7299=AXIS2_PLACEMENT_3D('',#212,#7300,#7301);
#7300=DIRECTION('',(0,0,1));
#7301=DIRECTION('',(-0.686950115945255,0.7267045742272444,0));
#7302=FACE_BOUND('',#7303,.T.);
#7303=EDGE_LOOP('',(#7304,#7305,#7306));
#7304=ORIENTED_EDGE('',*,*,#7307,.T.);
#7305=ORIENTED_EDGE('',*,*,#7308,.T.);
#7306=ORIENTED_EDGE('',*,*,#7309,.T.);
#7307=EDGE_CURVE('',#213,#425,#7310,.F.);
#7308=EDGE_CURVE('',#425,#217,#7311,.T.);
#7309=EDGE_CURVE('',#217,#213,#7312,.T.);
#7310=LINE('',#212,#7313);
#7311=LINE('',#424,#7314);
#7312=LINE('',#216,#7315);
#7313=VECTOR('',#7316,1.0);
#7314=VECTOR('',#7317,1.0);
#7315=VECTOR('',#7318,1.0);
#7316=DIRECTION('',(-0.686950115945255,0.7267045742272444,0));
#7317=DIRECTION('',(0.657611342181461,-0.7533573671467594,0));
#7318=DIRECTION('',(0.6087640334084832,0.7933513418582181,0));
#7319=FACE_SURFACE('',(#7324),#7320,.T.);
#7320=PLANE('',#7321);
#7321=AXIS2_PLACEMENT_3D('',#216,#7322,#7323);
#7322=DIRECTION('',(0,0,1));
#7323=DIRECTION('',(-0.657611342181461,0.7533573671467594,0));
#7324=FACE_BOUND('',#7325,.T.);
#7325=EDGE_LOOP('',(#7326,#7327,#7328));
#7326=ORIENTED_EDGE('',*,*,#7329,.T.);
#7327=ORIENTED_EDGE('',*,*,#7330,.T.);
#7328=ORIENTED_EDGE('',*,*,#7331,.T.);
#7329=EDGE_CURVE('',#217,#425,#7332,.F.);
#7330=EDGE_CURVE('',#425,#221,#7333,.T.);
#7331=EDGE_CURVE('',#221,#217,#7334,.T.);
#7332=LINE('',#216,#7335);
#7333=LINE('',#424,#7336);
#7334=LINE('',#220,#7337);
#7335=VECTOR('',#7338,1.0);
#7336=VECTOR('',#7339,1.0);
#7337=VECTOR('',#7340,1.0);
#7338=DIRECTION('',(-0.657611342181461,0.7533573671467594,0));
#7339=DIRECTION('',(0.6306052424416714,-0.7761037483513921,0));
#7340=DIRECTION('',(0.3826804604958138,0.9238807634942466,0));
#7341=FACE_SURFACE('',(#7346),#7342,.T.);
#7342=PLANE('',#7343);
#7343=AXIS2_PLACEMENT_3D('',#220,#7344,#7345);
#7344=DIRECTION('',(0,0,1));
#7345=DIRECTION('',(-0.6306052424416714,0.7761037483513921,0));
#7346=FACE_BOUND('',#7347,.T.);
#7347=EDGE_LOOP('',(#7348,#7349,#7350));
#7348=ORIENTED_EDGE('',*,*,#7351,.T.);
#7349=ORIENTED_EDGE('',*,*,#7352,.T.);
#7350=ORIENTED_EDGE('',*,*,#7353,.T.);
#7351=EDGE_CURVE('',#221,#425,#7354,.F.);
#7352=EDGE_CURVE('',#425,#225,#7355,.T.);
#7353=EDGE_CURVE('',#225,#221,#7356,.T.);
#7354=LINE('',#220,#7357);
#7355=LINE('',#424,#7358);
#7356=LINE('',#224,#7359);
#7357=VECTOR('',#7360,1.0);
#7358=VECTOR('',#7361,1.0);
#7359=VECTOR('',#7362,1.0);
#7360=DIRECTION('',(-0.6306052424416714,0.7761037483513921,0));
#7361=DIRECTION('',(0.6087345474093622,-0.7933739665443522,0));
#7362=DIRECTION('',(0.13052104055558156,0.9914455395896884,0));
#7363=FACE_SURFACE('',(#7368),#7364,.T.);
#7364=PLANE('',#7365);
#7365=AXIS2_PLACEMENT_3D('',#224,#7366,#7367);
#7366=DIRECTION('',(0,0,1));
#7367=DIRECTION('',(-0.6087345474093622,0.7933739665443522,0));
#7368=FACE_BOUND('',#7369,.T.);
#7369=EDGE_LOOP('',(#7370,#7371,#7372));
#7370=ORIENTED_EDGE('',*,*,#7373,.T.);
#7371=ORIENTED_EDGE('',*,*,#7374,.T.);
#7372=ORIENTED_EDGE('',*,*,#7375,.T.);
#7373=EDGE_CURVE('',#225,#425,#7376,.F.);
#7374=EDGE_CURVE('',#425,#275,#7377,.T.);
#7375=EDGE_CURVE('',#275,#225,#7378,.T.);
#7376=LINE('',#224,#7379);
#7377=LINE('',#424,#7380);
#7378=LINE('',#274,#7381);
#7379=VECTOR('',#7382,1.0);
#7380=VECTOR('',#7383,1.0);
#7381=VECTOR('',#7384,1.0);
#7382=DIRECTION('',(-0.6087345474093622,0.7933739665443522,0));
#7383=DIRECTION('',(0.11624817639470106,-0.9932201978840877,0));
#7384=DIRECTION('',(0,1,0));
#7385=FACE_SURFACE('',(#7390),#7386,.T.);
#7386=PLANE('',#7387);
#7387=AXIS2_PLACEMENT_3D('',#274,#7388,#7389);
#7388=DIRECTION('',(0,0,1));
#7389=DIRECTION('',(-0.11624817639470106,0.9932201978840877,0));
#7390=FACE_BOUND('',#7391,.T.);
#7391=EDGE_LOOP('',(#7392,#7393,#7394));
#7392=ORIENTED_EDGE('',*,*,#7395,.T.);
#7393=ORIENTED_EDGE('',*,*,#7396,.T.);
#7394=ORIENTED_EDGE('',*,*,#7397,.T.);
#7395=EDGE_CURVE('',#275,#425,#7398,.F.);
#7396=EDGE_CURVE('',#425,#421,#7399,.T.);
#7397=EDGE_CURVE('',#421,#275,#7400,.T.);
#7398=LINE('',#274,#7401);
#7399=LINE('',#424,#7402);
#7400=LINE('',#420,#7403);
#7401=VECTOR('',#7404,1.0);
#7402=VECTOR('',#7405,1.0);
#7403=VECTOR('',#7406,1.0);
#7404=DIRECTION('',(-0.11624817639470106,0.9932201978840877,0));
#7405=DIRECTION('',(0,-1,0));
#7406=DIRECTION('',(0.608734648912941,0.7933738886633706,0));
#7407=FACE_SURFACE('',(#7412),#7408,.T.);
#7408=PLANE('',#7409);
#7409=AXIS2_PLACEMENT_3D('',#274,#7410,#7411);
#7410=DIRECTION('',(0,0,1));
#7411=DIRECTION('',(-0.608734648912941,-0.7933738886633706,0));
#7412=FACE_BOUND('',#7413,.T.);
#7413=EDGE_LOOP('',(#7414,#7415,#7416));
#7414=ORIENTED_EDGE('',*,*,#7417,.T.);
#7415=ORIENTED_EDGE('',*,*,#7418,.T.);
#7416=ORIENTED_EDGE('',*,*,#7419,.T.);
#7417=EDGE_CURVE('',#275,#421,#7420,.F.);
#7418=EDGE_CURVE('',#421,#287,#7421,.T.);
#7419=EDGE_CURVE('',#287,#275,#7422,.T.);
#7420=LINE('',#274,#7423);
#7421=LINE('',#420,#7424);
#7422=LINE('',#286,#7425);
#7423=VECTOR('',#7426,1.0);
#7424=VECTOR('',#7427,1.0);
#7425=VECTOR('',#7428,1.0);
#7426=DIRECTION('',(-0.608734648912941,-0.7933738886633706,0));
#7427=DIRECTION('',(0.6306053084966504,0.7761036946799342,0));
#7428=DIRECTION('',(-0.13052130647167157,0.9914455045825402,0));
#7429=FACE_SURFACE('',(#7434),#7430,.T.);
#7430=PLANE('',#7431);
#7431=AXIS2_PLACEMENT_3D('',#286,#7432,#7433);
#7432=DIRECTION('',(0,0,1));
#7433=DIRECTION('',(-0.6306053084966504,-0.7761036946799342,0));
#7434=FACE_BOUND('',#7435,.T.);
#7435=EDGE_LOOP('',(#7436,#7437,#7438));
#7436=ORIENTED_EDGE('',*,*,#7439,.T.);
#7437=ORIENTED_EDGE('',*,*,#7440,.T.);
#7438=ORIENTED_EDGE('',*,*,#7441,.T.);
#7439=EDGE_CURVE('',#287,#421,#7442,.F.);
#7440=EDGE_CURVE('',#421,#291,#7443,.T.);
#7441=EDGE_CURVE('',#291,#287,#7444,.T.);
#7442=LINE('',#286,#7445);
#7443=LINE('',#420,#7446);
#7444=LINE('',#290,#7447);
#7445=VECTOR('',#7448,1.0);
#7446=VECTOR('',#7449,1.0);
#7447=VECTOR('',#7450,1.0);
#7448=DIRECTION('',(-0.6306053084966504,-0.7761036946799342,0));
#7449=DIRECTION('',(0.6576114466013296,0.7533572759978541,0));
#7450=DIRECTION('',(-0.3826798146995753,0.9238810309891089,0));
#7451=FACE_SURFACE('',(#7456),#7452,.T.);
#7452=PLANE('',#7453);
#7453=AXIS2_PLACEMENT_3D('',#290,#7454,#7455);
#7454=DIRECTION('',(0,0,1));
#7455=DIRECTION('',(-0.6576114466013296,-0.7533572759978541,0));
#7456=FACE_BOUND('',#7457,.T.);
#7457=EDGE_LOOP('',(#7458,#7459,#7460));
#7458=ORIENTED_EDGE('',*,*,#7461,.T.);
#7459=ORIENTED_EDGE('',*,*,#7462,.T.);
#7460=ORIENTED_EDGE('',*,*,#7463,.T.);
#7461=EDGE_CURVE('',#291,#421,#7464,.F.);
#7462=EDGE_CURVE('',#421,#295,#7465,.T.);
#7463=EDGE_CURVE('',#295,#291,#7466,.T.);
#7464=LINE('',#290,#7467);
#7465=LINE('',#420,#7468);
#7466=LINE('',#294,#7469);
#7467=VECTOR('',#7470,1.0);
#7468=VECTOR('',#7471,1.0);
#7469=VECTOR('',#7472,1.0);
#7470=DIRECTION('',(-0.6576114466013296,-0.7533572759978541,0));
#7471=DIRECTION('',(0.6869501643256786,0.7267045284934746,0));
#7472=DIRECTION('',(-0.6087654118076424,0.7933502841662512,0));
#7473=FACE_SURFACE('',(#7478),#7474,.T.);
#7474=PLANE('',#7475);
#7475=AXIS2_PLACEMENT_3D('',#294,#7476,#7477);
#7476=DIRECTION('',(0,0,1));
#7477=DIRECTION('',(-0.6869501643256786,-0.7267045284934746,0));
#7478=FACE_BOUND('',#7479,.T.);
#7479=EDGE_LOOP('',(#7480,#7481,#7482));
#7480=ORIENTED_EDGE('',*,*,#7483,.T.);
#7481=ORIENTED_EDGE('',*,*,#7484,.T.);
#7482=ORIENTED_EDGE('',*,*,#7485,.T.);
#7483=EDGE_CURVE('',#295,#421,#7486,.F.);
#7484=EDGE_CURVE('',#421,#299,#7487,.T.);
#7485=EDGE_CURVE('',#299,#295,#7488,.T.);
#7486=LINE('',#294,#7489);
#7487=LINE('',#420,#7490);
#7488=LINE('',#298,#7491);
#7489=VECTOR('',#7492,1.0);
#7490=VECTOR('',#7493,1.0);
#7491=VECTOR('',#7494,1.0);
#7492=DIRECTION('',(-0.6869501643256786,-0.7267045284934746,0));
#7493=DIRECTION('',(0.7154777132031307,0.6986355572897923,0));
#7494=DIRECTION('',(-0.7933544019012427,0.608760045489125,0));
#7495=FACE_SURFACE('',(#7500),#7496,.T.);
#7496=PLANE('',#7497);
#7497=AXIS2_PLACEMENT_3D('',#298,#7498,#7499);
#7498=DIRECTION('',(0,0,1));
#7499=DIRECTION('',(-0.7154777132031307,-0.6986355572897923,0));
#7500=FACE_BOUND('',#7501,.T.);
#7501=EDGE_LOOP('',(#7502,#7503,#7504));
#7502=ORIENTED_EDGE('',*,*,#7505,.T.);
#7503=ORIENTED_EDGE('',*,*,#7506,.T.);
#7504=ORIENTED_EDGE('',*,*,#7507,.T.);
#7505=EDGE_CURVE('',#299,#421,#7508,.F.);
#7506=EDGE_CURVE('',#421,#303,#7509,.T.);
#7507=EDGE_CURVE('',#303,#299,#7510,.T.);
#7508=LINE('',#298,#7511);
#7509=LINE('',#420,#7512);
#7510=LINE('',#302,#7513);
#7511=VECTOR('',#7514,1.0);
#7512=VECTOR('',#7515,1.0);
#7513=VECTOR('',#7516,1.0);
#7514=DIRECTION('',(-0.7154777132031307,-0.6986355572897923,0));
#7515=DIRECTION('',(0.7404183037445501,0.6721463646260709,0));
#7516=DIRECTION('',(-0.9238792297209396,0.3826841633648344,0));
#7517=FACE_SURFACE('',(#7522),#7518,.T.);
#7518=PLANE('',#7519);
#7519=AXIS2_PLACEMENT_3D('',#302,#7520,#7521);
#7520=DIRECTION('',(0,0,1));
#7521=DIRECTION('',(-0.7404183037445501,-0.6721463646260709,0));
#7522=FACE_BOUND('',#7523,.T.);
#7523=EDGE_LOOP('',(#7524,#7525,#7526));
#7524=ORIENTED_EDGE('',*,*,#7527,.T.);
#7525=ORIENTED_EDGE('',*,*,#7528,.T.);
#7526=ORIENTED_EDGE('',*,*,#7529,.T.);
#7527=EDGE_CURVE('',#303,#421,#7530,.F.);
#7528=EDGE_CURVE('',#421,#307,#7531,.T.);
#7529=EDGE_CURVE('',#307,#303,#7532,.T.);
#7530=LINE('',#302,#7533);
#7531=LINE('',#420,#7534);
#7532=LINE('',#306,#7535);
#7533=VECTOR('',#7536,1.0);
#7534=VECTOR('',#7537,1.0);
#7535=VECTOR('',#7538,1.0);
#7536=DIRECTION('',(-0.7404183037445501,-0.6721463646260709,0));
#7537=DIRECTION('',(0.7598784034097577,0.6500652367504647,0));
#7538=DIRECTION('',(-0.9914448969488365,0.1305259220006158,0));
#7539=FACE_SURFACE('',(#7544),#7540,.T.);
#7540=PLANE('',#7541);
#7541=AXIS2_PLACEMENT_3D('',#418,#7542,#7543);
#7542=DIRECTION('',(0,1,0));
#7543=DIRECTION('',(0.34731473271819846,0,-0.9377486211330232));
#7544=FACE_BOUND('',#7545,.T.);
#7545=EDGE_LOOP('',(#7546,#7547,#7548));
#7546=ORIENTED_EDGE('',*,*,#7549,.T.);
#7547=ORIENTED_EDGE('',*,*,#7550,.T.);
#7548=ORIENTED_EDGE('',*,*,#7551,.T.);
#7549=EDGE_CURVE('',#419,#133,#7552,.F.);
#7550=EDGE_CURVE('',#133,#421,#7553,.T.);
#7551=EDGE_CURVE('',#421,#419,#7554,.T.);
#7552=LINE('',#418,#7555);
#7553=LINE('',#132,#7556);
#7554=LINE('',#420,#7557);
#7555=VECTOR('',#7558,1.0);
#7556=VECTOR('',#7559,1.0);
#7557=VECTOR('',#7560,1.0);
#7558=DIRECTION('',(0.34731473271819846,0,-0.9377486211330232));
#7559=DIRECTION('',(-0.8688148865125868,0,-0.4951370446392806));
#7560=DIRECTION('',(0,0,1));
#7561=FACE_SURFACE('',(#7566),#7562,.T.);
#7562=PLANE('',#7563);
#7563=AXIS2_PLACEMENT_3D('',#420,#7564,#7565);
#7564=DIRECTION('',(0,1,0));
#7565=DIRECTION('',(0.8688148865125868,0,0.4951370446392806));
#7566=FACE_BOUND('',#7567,.T.);
#7567=EDGE_LOOP('',(#7568,#7569,#7570));
#7568=ORIENTED_EDGE('',*,*,#7571,.T.);
#7569=ORIENTED_EDGE('',*,*,#7572,.T.);
#7570=ORIENTED_EDGE('',*,*,#7573,.T.);
#7571=EDGE_CURVE('',#421,#133,#7574,.F.);
#7572=EDGE_CURVE('',#133,#131,#7575,.T.);
#7573=EDGE_CURVE('',#131,#421,#7576,.T.);
#7574=LINE('',#420,#7577);
#7575=LINE('',#132,#7578);
#7576=LINE('',#130,#7579);
#7577=VECTOR('',#7580,1.0);
#7578=VECTOR('',#7581,1.0);
#7579=VECTOR('',#7582,1.0);
#7580=DIRECTION('',(0.8688148865125868,0,0.4951370446392806));
#7581=DIRECTION('',(0,0,-1));
#7582=DIRECTION('',(-1,0,0));
#7583=FACE_SURFACE('',(#7588),#7584,.T.);
#7584=PLANE('',#7585);
#7585=AXIS2_PLACEMENT_3D('',#126,#7586,#7587);
#7586=DIRECTION('',(-0,-1,-0));
#7587=DIRECTION('',(-1,0,0));
#7588=FACE_BOUND('',#7589,.T.);
#7589=EDGE_LOOP('',(#7590,#7591,#7592));
#7590=ORIENTED_EDGE('',*,*,#7593,.T.);
#7591=ORIENTED_EDGE('',*,*,#7594,.T.);
#7592=ORIENTED_EDGE('',*,*,#7595,.T.);
#7593=EDGE_CURVE('',#127,#73,#7596,.F.);
#7594=EDGE_CURVE('',#73,#119,#7597,.T.);
#7595=EDGE_CURVE('',#119,#127,#7598,.T.);
#7596=LINE('',#126,#7599);
#7597=LINE('',#72,#7600);
#7598=LINE('',#118,#7601);
#7599=VECTOR('',#7602,1.0);
#7600=VECTOR('',#7603,1.0);
#7601=VECTOR('',#7604,1.0);
#7602=DIRECTION('',(-1,0,0));
#7603=DIRECTION('',(0.9707623495202528,0,-0.24004262278586844));
#7604=DIRECTION('',(0,0,1));
#7605=FACE_SURFACE('',(#7610),#7606,.T.);
#7606=PLANE('',#7607);
#7607=AXIS2_PLACEMENT_3D('',#118,#7608,#7609);
#7608=DIRECTION('',(0,-1,0));
#7609=DIRECTION('',(-0.9707623495202528,0,0.24004262278586844));
#7610=FACE_BOUND('',#7611,.T.);
#7611=EDGE_LOOP('',(#7612,#7613,#7614));
#7612=ORIENTED_EDGE('',*,*,#7615,.T.);
#7613=ORIENTED_EDGE('',*,*,#7616,.T.);
#7614=ORIENTED_EDGE('',*,*,#7617,.T.);
#7615=EDGE_CURVE('',#119,#73,#7618,.F.);
#7616=EDGE_CURVE('',#73,#51,#7619,.T.);
#7617=EDGE_CURVE('',#51,#119,#7620,.T.);
#7618=LINE('',#118,#7621);
#7619=LINE('',#72,#7622);
#7620=LINE('',#50,#7623);
#7621=VECTOR('',#7624,1.0);
#7622=VECTOR('',#7625,1.0);
#7623=VECTOR('',#7626,1.0);
#7624=DIRECTION('',(-0.9707623495202528,0,0.24004262278586844));
#7625=DIRECTION('',(0,0,-1));
#7626=DIRECTION('',(1,0,0));
#7627=FACE_SURFACE('',(#7632),#7628,.T.);
#7628=PLANE('',#7629);
#7629=AXIS2_PLACEMENT_3D('',#40,#7630,#7631);
#7630=DIRECTION('',(-0,1,0));
#7631=DIRECTION('',(1,0,0));
#7632=FACE_BOUND('',#7633,.T.);
#7633=EDGE_LOOP('',(#7634,#7635,#7636));
#7634=ORIENTED_EDGE('',*,*,#7637,.T.);
#7635=ORIENTED_EDGE('',*,*,#7638,.T.);
#7636=ORIENTED_EDGE('',*,*,#7639,.T.);
#7637=EDGE_CURVE('',#41,#129,#7640,.F.);
#7638=EDGE_CURVE('',#129,#43,#7641,.T.);
#7639=EDGE_CURVE('',#43,#41,#7642,.T.);
#7640=LINE('',#40,#7643);
#7641=LINE('',#128,#7644);
#7642=LINE('',#42,#7645);
#7643=VECTOR('',#7646,1.0);
#7644=VECTOR('',#7647,1.0);
#7645=VECTOR('',#7648,1.0);
#7646=DIRECTION('',(1,0,0));
#7647=DIRECTION('',(-0.9707623495202528,0,-0.24004262278586844));
#7648=DIRECTION('',(0,0,1));
#7649=FACE_SURFACE('',(#7654),#7650,.T.);
#7650=PLANE('',#7651);
#7651=AXIS2_PLACEMENT_3D('',#42,#7652,#7653);
#7652=DIRECTION('',(0,1,0));
#7653=DIRECTION('',(0.9707623495202528,0,0.24004262278586844));
#7654=FACE_BOUND('',#7655,.T.);
#7655=EDGE_LOOP('',(#7656,#7657,#7658));
#7656=ORIENTED_EDGE('',*,*,#7659,.T.);
#7657=ORIENTED_EDGE('',*,*,#7660,.T.);
#7658=ORIENTED_EDGE('',*,*,#7661,.T.);
#7659=EDGE_CURVE('',#43,#129,#7662,.F.);
#7660=EDGE_CURVE('',#129,#117,#7663,.T.);
#7661=EDGE_CURVE('',#117,#43,#7664,.T.);
#7662=LINE('',#42,#7665);
#7663=LINE('',#128,#7666);
#7664=LINE('',#116,#7667);
#7665=VECTOR('',#7668,1.0);
#7666=VECTOR('',#7669,1.0);
#7667=VECTOR('',#7670,1.0);
#7668=DIRECTION('',(0.9707623495202528,0,0.24004262278586844));
#7669=DIRECTION('',(0,0,-1));
#7670=DIRECTION('',(-1,0,0));
#7671=FACE_SURFACE('',(#7676),#7672,.T.);
#7672=PLANE('',#7673);
#7673=AXIS2_PLACEMENT_3D('',#122,#7674,#7675);
#7674=DIRECTION('',(0.9377486211330232,-0,0.34731473271819846));
#7675=DIRECTION('',(0,1,0));
#7676=FACE_BOUND('',#7677,.T.);
#7677=EDGE_LOOP('',(#7678,#7679,#7680));
#7678=ORIENTED_EDGE('',*,*,#7681,.T.);
#7679=ORIENTED_EDGE('',*,*,#7682,.T.);
#7680=ORIENTED_EDGE('',*,*,#7683,.T.);
#7681=EDGE_CURVE('',#123,#107,#7684,.F.);
#7682=EDGE_CURVE('',#107,#423,#7685,.T.);
#7683=EDGE_CURVE('',#423,#123,#7686,.T.);
#7684=LINE('',#122,#7687);
#7685=LINE('',#106,#7688);
#7686=LINE('',#422,#7689);
#7687=VECTOR('',#7690,1.0);
#7688=VECTOR('',#7691,1.0);
#7689=VECTOR('',#7692,1.0);
#7690=DIRECTION('',(0,1,0));
#7691=DIRECTION('',(-0.3460357280943345,-0.08574114039661608,0.9342953129100625));
#7692=DIRECTION('',(0.34731473271819846,0,-0.9377486211330232));
#7693=FACE_SURFACE('',(#7698),#7694,.T.);
#7694=PLANE('',#7695);
#7695=AXIS2_PLACEMENT_3D('',#422,#7696,#7697);
#7696=DIRECTION('',(0.9377487607134768,-4.670269410189884E-06,0.3473143558198062));
#7697=DIRECTION('',(0.3460357280943345,0.08574114039661608,-0.9342953129100625));
#7698=FACE_BOUND('',#7699,.T.);
#7699=EDGE_LOOP('',(#7700,#7701,#7702));
#7700=ORIENTED_EDGE('',*,*,#7703,.T.);
#7701=ORIENTED_EDGE('',*,*,#7704,.T.);
#7702=ORIENTED_EDGE('',*,*,#7705,.T.);
#7703=EDGE_CURVE('',#423,#107,#7706,.F.);
#7704=EDGE_CURVE('',#107,#427,#7707,.T.);
#7705=EDGE_CURVE('',#427,#423,#7708,.T.);
#7706=LINE('',#422,#7709);
#7707=LINE('',#106,#7710);
#7708=LINE('',#426,#7711);
#7709=VECTOR('',#7712,1.0);
#7710=VECTOR('',#7713,1.0);
#7711=VECTOR('',#7714,1.0);
#7712=DIRECTION('',(0.3460357280943345,0.08574114039661608,-0.9342953129100625));
#7713=DIRECTION('',(-0.34731435582359393,0,0.9377487607237036));
#7714=DIRECTION('',(0.32675978899286684,-0.338898824157244,-0.8822559873881133));
#7715=FACE_SURFACE('',(#7720),#7716,.T.);
#7716=PLANE('',#7717);
#7717=AXIS2_PLACEMENT_3D('',#422,#7718,#7719);
#7718=DIRECTION('',(0.9377493450102676,0,0.3473127782457966));
#7719=DIRECTION('',(-0.32675978899286684,0.338898824157244,0.8822559873881133));
#7720=FACE_BOUND('',#7721,.T.);
#7721=EDGE_LOOP('',(#7722,#7723,#7724));
#7722=ORIENTED_EDGE('',*,*,#7725,.T.);
#7723=ORIENTED_EDGE('',*,*,#7726,.T.);
#7724=ORIENTED_EDGE('',*,*,#7727,.T.);
#7725=EDGE_CURVE('',#423,#427,#7728,.F.);
#7726=EDGE_CURVE('',#427,#419,#7729,.T.);
#7727=EDGE_CURVE('',#419,#423,#7730,.T.);
#7728=LINE('',#422,#7731);
#7729=LINE('',#426,#7732);
#7730=LINE('',#418,#7733);
#7731=VECTOR('',#7734,1.0);
#7732=VECTOR('',#7735,1.0);
#7733=VECTOR('',#7736,1.0);
#7734=DIRECTION('',(-0.32675978899286684,0.338898824157244,0.8822559873881133));
#7735=DIRECTION('',(0.08355897823509137,-0.9706275504023814,-0.22561040657775586));
#7736=DIRECTION('',(0,1,0));
#7737=FACE_SURFACE('',(#7742),#7738,.T.);
#7738=PLANE('',#7739);
#7739=AXIS2_PLACEMENT_3D('',#418,#7740,#7741);
#7740=DIRECTION('',(0.9377493450102677,0,0.34731277824579665));
#7741=DIRECTION('',(-0.08355897823509137,0.9706275504023814,0.22561040657775586));
#7742=FACE_BOUND('',#7743,.T.);
#7743=EDGE_LOOP('',(#7744,#7745,#7746));
#7744=ORIENTED_EDGE('',*,*,#7747,.T.);
#7745=ORIENTED_EDGE('',*,*,#7748,.T.);
#7746=ORIENTED_EDGE('',*,*,#7749,.T.);
#7747=EDGE_CURVE('',#419,#427,#7750,.F.);
#7748=EDGE_CURVE('',#427,#429,#7751,.T.);
#7749=EDGE_CURVE('',#429,#419,#7752,.T.);
#7750=LINE('',#418,#7753);
#7751=LINE('',#426,#7754);
#7752=LINE('',#428,#7755);
#7753=VECTOR('',#7756,1.0);
#7754=VECTOR('',#7757,1.0);
#7755=VECTOR('',#7758,1.0);
#7756=DIRECTION('',(-0.08355897823509137,0.9706275504023814,0.22561040657775586));
#7757=DIRECTION('',(0,-1,0));
#7758=DIRECTION('',(0.32675979346668993,0.33889878839737975,-0.8822559994674981));
#7759=FACE_SURFACE('',(#7764),#7760,.T.);
#7760=PLANE('',#7761);
#7761=AXIS2_PLACEMENT_3D('',#418,#7762,#7763);
#7762=DIRECTION('',(0.9377487607134768,4.670269966929449E-06,0.3473143558198062));
#7763=DIRECTION('',(-0.32675979346668993,-0.33889878839737975,0.8822559994674981));
#7764=FACE_BOUND('',#7765,.T.);
#7765=EDGE_LOOP('',(#7766,#7767,#7768));
#7766=ORIENTED_EDGE('',*,*,#7769,.T.);
#7767=ORIENTED_EDGE('',*,*,#7770,.T.);
#7768=ORIENTED_EDGE('',*,*,#7771,.T.);
#7769=EDGE_CURVE('',#419,#429,#7772,.F.);
#7770=EDGE_CURVE('',#429,#113,#7773,.T.);
#7771=EDGE_CURVE('',#113,#419,#7774,.T.);
#7772=LINE('',#418,#7775);
#7773=LINE('',#428,#7776);
#7774=LINE('',#112,#7777);
#7775=VECTOR('',#7778,1.0);
#7776=VECTOR('',#7779,1.0);
#7777=VECTOR('',#7780,1.0);
#7778=DIRECTION('',(-0.32675979346668993,-0.33889878839737975,0.8822559994674981));
#7779=DIRECTION('',(0.34731435582359393,0,-0.9377487607237036));
#7780=DIRECTION('',(-0.3460357283975906,0.08574113025061679,0.9342953137288529));
#7781=FACE_SURFACE('',(#7786),#7782,.T.);
#7782=PLANE('',#7783);
#7783=AXIS2_PLACEMENT_3D('',#112,#7784,#7785);
#7784=DIRECTION('',(0.9377486211330232,-0,0.3473147327181984));
#7785=DIRECTION('',(0,1,0));
#7786=FACE_BOUND('',#7787,.T.);
#7787=EDGE_LOOP('',(#7788,#7789,#7790));
#7788=ORIENTED_EDGE('',*,*,#7791,.T.);
#7789=ORIENTED_EDGE('',*,*,#7792,.T.);
#7790=ORIENTED_EDGE('',*,*,#7793,.T.);
#7791=EDGE_CURVE('',#113,#133,#7794,.F.);
#7792=EDGE_CURVE('',#133,#419,#7795,.T.);
#7793=EDGE_CURVE('',#419,#113,#7796,.T.);
#7794=LINE('',#112,#7797);
#7795=LINE('',#132,#7798);
#7796=LINE('',#418,#7799);
#7797=VECTOR('',#7800,1.0);
#7798=VECTOR('',#7801,1.0);
#7799=VECTOR('',#7802,1.0);
#7800=DIRECTION('',(0,1,0));
#7801=DIRECTION('',(-0.34731473271819846,0,0.9377486211330232));
#7802=DIRECTION('',(0.3460357283975906,-0.08574113025061679,-0.9342953137288529));
#7803=FACE_SURFACE('',(#7808),#7804,.T.);
#7804=PLANE('',#7805);
#7805=AXIS2_PLACEMENT_3D('',#430,#7806,#7807);
#7806=DIRECTION('',(-0,0,1));
#7807=DIRECTION('',(0.13053540432077632,-0.9914436485342026,0));
#7808=FACE_BOUND('',#7809,.T.);
#7809=EDGE_LOOP('',(#7810,#7811,#7812));
#7810=ORIENTED_EDGE('',*,*,#7813,.T.);
#7811=ORIENTED_EDGE('',*,*,#7814,.T.);
#7812=ORIENTED_EDGE('',*,*,#7815,.T.);
#7813=EDGE_CURVE('',#431,#433,#7816,.F.);
#7814=EDGE_CURVE('',#433,#119,#7817,.T.);
#7815=EDGE_CURVE('',#119,#431,#7818,.T.);
#7816=LINE('',#430,#7819);
#7817=LINE('',#432,#7820);
#7818=LINE('',#118,#7821);
#7819=VECTOR('',#7822,1.0);
#7820=VECTOR('',#7823,1.0);
#7821=VECTOR('',#7824,1.0);
#7822=DIRECTION('',(0.13053540432077632,-0.9914436485342026,0));
#7823=DIRECTION('',(0.8288486007662591,0.5594729636075495,0));
#7824=DIRECTION('',(-0.842301251645882,-0.5390070514156382,0));
#7825=FACE_SURFACE('',(#7830),#7826,.T.);
#7826=PLANE('',#7827);
#7827=AXIS2_PLACEMENT_3D('',#118,#7828,#7829);
#7828=DIRECTION('',(0,0,1));
#7829=DIRECTION('',(-0.8288486007662591,-0.5594729636075495,0));
#7830=FACE_BOUND('',#7831,.T.);
#7831=EDGE_LOOP('',(#7832,#7833,#7834));
#7832=ORIENTED_EDGE('',*,*,#7835,.T.);
#7833=ORIENTED_EDGE('',*,*,#7836,.T.);
#7834=ORIENTED_EDGE('',*,*,#7837,.T.);
#7835=EDGE_CURVE('',#119,#433,#7838,.F.);
#7836=EDGE_CURVE('',#433,#435,#7839,.T.);
#7837=EDGE_CURVE('',#435,#119,#7840,.T.);
#7838=LINE('',#118,#7841);
#7839=LINE('',#432,#7842);
#7840=LINE('',#434,#7843);
#7841=VECTOR('',#7844,1.0);
#7842=VECTOR('',#7845,1.0);
#7843=VECTOR('',#7846,1.0);
#7844=DIRECTION('',(-0.8288486007662591,-0.5594729636075495,0));
#7845=DIRECTION('',(0,-1,0));
#7846=DIRECTION('',(0.22043000092287232,0.9754027961273961,0));
#7847=FACE_SURFACE('',(#7852),#7848,.T.);
#7848=PLANE('',#7849);
#7849=AXIS2_PLACEMENT_3D('',#118,#7850,#7851);
#7850=DIRECTION('',(0,0,1));
#7851=DIRECTION('',(-0.22043000092287232,-0.9754027961273961,0));
#7852=FACE_BOUND('',#7853,.T.);
#7853=EDGE_LOOP('',(#7854,#7855,#7856));
#7854=ORIENTED_EDGE('',*,*,#7857,.T.);
#7855=ORIENTED_EDGE('',*,*,#7858,.T.);
#7856=ORIENTED_EDGE('',*,*,#7859,.T.);
#7857=EDGE_CURVE('',#119,#435,#7860,.F.);
#7858=EDGE_CURVE('',#435,#117,#7861,.T.);
#7859=EDGE_CURVE('',#117,#119,#7862,.T.);
#7860=LINE('',#118,#7863);
#7861=LINE('',#434,#7864);
#7862=LINE('',#116,#7865);
#7863=VECTOR('',#7866,1.0);
#7864=VECTOR('',#7867,1.0);
#7865=VECTOR('',#7868,1.0);
#7866=DIRECTION('',(-0.22043000092287232,-0.9754027961273961,0));
#7867=DIRECTION('',(0.8288486694938114,-0.5594728617889688,0));
#7868=DIRECTION('',(0,1,0));
#7869=FACE_SURFACE('',(#7874),#7870,.T.);
#7870=PLANE('',#7871);
#7871=AXIS2_PLACEMENT_3D('',#116,#7872,#7873);
#7872=DIRECTION('',(0,0,1));
#7873=DIRECTION('',(-0.8288486694938114,0.5594728617889688,0));
#7874=FACE_BOUND('',#7875,.T.);
#7875=EDGE_LOOP('',(#7876,#7877,#7878));
#7876=ORIENTED_EDGE('',*,*,#7879,.T.);
#7877=ORIENTED_EDGE('',*,*,#7880,.T.);
#7878=ORIENTED_EDGE('',*,*,#7881,.T.);
#7879=EDGE_CURVE('',#117,#435,#7882,.F.);
#7880=EDGE_CURVE('',#435,#437,#7883,.T.);
#7881=EDGE_CURVE('',#437,#117,#7884,.T.);
#7882=LINE('',#116,#7885);
#7883=LINE('',#434,#7886);
#7884=LINE('',#436,#7887);
#7885=VECTOR('',#7888,1.0);
#7886=VECTOR('',#7889,1.0);
#7887=VECTOR('',#7890,1.0);
#7888=DIRECTION('',(-0.8288486694938114,0.5594728617889688,0));
#7889=DIRECTION('',(-0.13053567026511576,-0.9914436135194159,0));
#7890=DIRECTION('',(0.8423012942022666,-0.5390069849131707,0));
#7891=FACE_SURFACE('',(#7896),#7892,.T.);
#7892=PLANE('',#7893);
#7893=AXIS2_PLACEMENT_3D('',#116,#7894,#7895);
#7894=DIRECTION('',(0,0,1));
#7895=DIRECTION('',(-0.8423012942022666,0.5390069849131707,0));
#7896=FACE_BOUND('',#7897,.T.);
#7897=EDGE_LOOP('',(#7898,#7899,#7900));
#7898=ORIENTED_EDGE('',*,*,#7901,.T.);
#7899=ORIENTED_EDGE('',*,*,#7902,.T.);
#7900=ORIENTED_EDGE('',*,*,#7903,.T.);
#7901=EDGE_CURVE('',#117,#437,#7904,.F.);
#7902=EDGE_CURVE('',#437,#439,#7905,.T.);
#7903=EDGE_CURVE('',#439,#117,#7906,.T.);
#7904=LINE('',#116,#7907);
#7905=LINE('',#436,#7908);
#7906=LINE('',#438,#7909);
#7907=VECTOR('',#7910,1.0);
#7908=VECTOR('',#7911,1.0);
#7909=VECTOR('',#7912,1.0);
#7910=DIRECTION('',(-0.8423012942022666,0.5390069849131707,0));
#7911=DIRECTION('',(-0.3826797339751855,-0.9238810644258714,0));
#7912=DIRECTION('',(0.8565802942019377,-0.5160137591042723,0));
#7913=FACE_SURFACE('',(#7918),#7914,.T.);
#7914=PLANE('',#7915);
#7915=AXIS2_PLACEMENT_3D('',#438,#7916,#7917);
#7916=DIRECTION('',(0,0,1));
#7917=DIRECTION('',(-0.6087655220797654,-0.7933501995505835,0));
#7918=FACE_BOUND('',#7919,.T.);
#7919=EDGE_LOOP('',(#7920,#7921,#7922));
#7920=ORIENTED_EDGE('',*,*,#7923,.T.);
#7921=ORIENTED_EDGE('',*,*,#7924,.T.);
#7922=ORIENTED_EDGE('',*,*,#7925,.T.);
#7923=EDGE_CURVE('',#439,#441,#7926,.F.);
#7924=EDGE_CURVE('',#441,#117,#7927,.T.);
#7925=EDGE_CURVE('',#117,#439,#7928,.T.);
#7926=LINE('',#438,#7929);
#7927=LINE('',#440,#7930);
#7928=LINE('',#116,#7931);
#7929=VECTOR('',#7932,1.0);
#7930=VECTOR('',#7933,1.0);
#7931=VECTOR('',#7934,1.0);
#7932=DIRECTION('',(-0.6087655220797654,-0.7933501995505835,0));
#7933=DIRECTION('',(0.8703107861948982,-0.4925029293647077,0));
#7934=DIRECTION('',(-0.8565802942019377,0.5160137591042723,0));
#7935=FACE_SURFACE('',(#7940),#7936,.T.);
#7936=PLANE('',#7937);
#7937=AXIS2_PLACEMENT_3D('',#116,#7938,#7939);
#7938=DIRECTION('',(0,0,1));
#7939=DIRECTION('',(-0.8703107861948982,0.4925029293647077,0));
#7940=FACE_BOUND('',#7941,.T.);
#7941=EDGE_LOOP('',(#7942,#7943,#7944));
#7942=ORIENTED_EDGE('',*,*,#7945,.T.);
#7943=ORIENTED_EDGE('',*,*,#7946,.T.);
#7944=ORIENTED_EDGE('',*,*,#7947,.T.);
#7945=EDGE_CURVE('',#117,#441,#7948,.F.);
#7946=EDGE_CURVE('',#441,#443,#7949,.T.);
#7947=EDGE_CURVE('',#443,#117,#7950,.T.);
#7948=LINE('',#116,#7951);
#7949=LINE('',#440,#7952);
#7950=LINE('',#442,#7953);
#7951=VECTOR('',#7954,1.0);
#7952=VECTOR('',#7955,1.0);
#7953=VECTOR('',#7956,1.0);
#7954=DIRECTION('',(-0.8703107861948982,0.4925029293647077,0));
#7955=DIRECTION('',(-0.7933489864926565,-0.6087671029474859,0));
#7956=DIRECTION('',(0.8823252947867675,-0.47064006860810725,0));
#7957=FACE_SURFACE('',(#7962),#7958,.T.);
#7958=PLANE('',#7959);
#7959=AXIS2_PLACEMENT_3D('',#116,#7960,#7961);
#7960=DIRECTION('',(0,0,1));
#7961=DIRECTION('',(-0.8823252947867675,0.47064006860810725,0));
#7962=FACE_BOUND('',#7963,.T.);
#7963=EDGE_LOOP('',(#7964,#7965,#7966));
#7964=ORIENTED_EDGE('',*,*,#7967,.T.);
#7965=ORIENTED_EDGE('',*,*,#7968,.T.);
#7966=ORIENTED_EDGE('',*,*,#7969,.T.);
#7967=EDGE_CURVE('',#117,#443,#7970,.F.);
#7968=EDGE_CURVE('',#443,#445,#7971,.T.);
#7969=EDGE_CURVE('',#445,#117,#7972,.T.);
#7970=LINE('',#116,#7973);
#7971=LINE('',#442,#7974);
#7972=LINE('',#444,#7975);
#7973=VECTOR('',#7976,1.0);
#7974=VECTOR('',#7977,1.0);
#7975=VECTOR('',#7978,1.0);
#7976=DIRECTION('',(-0.8823252947867675,0.47064006860810725,0));
#7977=DIRECTION('',(-0.92388136967978,-0.38267899701788377,0));
#7978=DIRECTION('',(0.8918214688216646,-0.45238751944408084,0));
#7979=FACE_SURFACE('',(#7984),#7980,.T.);
#7980=PLANE('',#7981);
#7981=AXIS2_PLACEMENT_3D('',#444,#7982,#7983);
#7982=DIRECTION('',(0,0,1));
#7983=DIRECTION('',(-0.9914446479860056,-0.13052781305110842,0));
#7984=FACE_BOUND('',#7985,.T.);
#7985=EDGE_LOOP('',(#7986,#7987,#7988));
#7986=ORIENTED_EDGE('',*,*,#7989,.T.);
#7987=ORIENTED_EDGE('',*,*,#7990,.T.);
#7988=ORIENTED_EDGE('',*,*,#7991,.T.);
#7989=EDGE_CURVE('',#445,#447,#7992,.F.);
#7990=EDGE_CURVE('',#447,#117,#7993,.T.);
#7991=EDGE_CURVE('',#117,#445,#7994,.T.);
#7992=LINE('',#444,#7995);
#7993=LINE('',#446,#7996);
#7994=LINE('',#116,#7997);
#7995=VECTOR('',#7998,1.0);
#7996=VECTOR('',#7999,1.0);
#7997=VECTOR('',#8000,1.0);
#7998=DIRECTION('',(-0.9914446479860056,-0.13052781305110842,0));
#7999=DIRECTION('',(0.8983843559891249,-0.43921014208918857,0));
#8000=DIRECTION('',(-0.8918214688216646,0.45238751944408084,0));
#8001=FACE_SURFACE('',(#8006),#8002,.T.);
#8002=PLANE('',#8003);
#8003=AXIS2_PLACEMENT_3D('',#116,#8004,#8005);
#8004=DIRECTION('',(0,0,1));
#8005=DIRECTION('',(-0.8983843559891249,0.43921014208918857,0));
#8006=FACE_BOUND('',#8007,.T.);
#8007=EDGE_LOOP('',(#8008,#8009,#8010));
#8008=ORIENTED_EDGE('',*,*,#8011,.T.);
#8009=ORIENTED_EDGE('',*,*,#8012,.T.);
#8010=ORIENTED_EDGE('',*,*,#8013,.T.);
#8011=EDGE_CURVE('',#117,#447,#8014,.F.);
#8012=EDGE_CURVE('',#447,#449,#8015,.T.);
#8013=EDGE_CURVE('',#449,#117,#8016,.T.);
#8014=LINE('',#116,#8017);
#8015=LINE('',#446,#8018);
#8016=LINE('',#448,#8019);
#8017=VECTOR('',#8020,1.0);
#8018=VECTOR('',#8021,1.0);
#8019=VECTOR('',#8022,1.0);
#8020=DIRECTION('',(-0.8983843559891249,0.43921014208918857,0));
#8021=DIRECTION('',(-1,0,0));
#8022=DIRECTION('',(0.928476687242087,-0.3713906854620345,0));
#8023=FACE_SURFACE('',(#8028),#8024,.T.);
#8024=PLANE('',#8025);
#8025=AXIS2_PLACEMENT_3D('',#116,#8026,#8027);
#8026=DIRECTION('',(0,0,1));
#8027=DIRECTION('',(-0.928476687242087,0.3713906854620345,0));
#8028=FACE_BOUND('',#8029,.T.);
#8029=EDGE_LOOP('',(#8030,#8031,#8032));
#8030=ORIENTED_EDGE('',*,*,#8033,.T.);
#8031=ORIENTED_EDGE('',*,*,#8034,.T.);
#8032=ORIENTED_EDGE('',*,*,#8035,.T.);
#8033=EDGE_CURVE('',#117,#449,#8036,.F.);
#8034=EDGE_CURVE('',#449,#43,#8037,.T.);
#8035=EDGE_CURVE('',#43,#117,#8038,.T.);
#8036=LINE('',#116,#8039);
#8037=LINE('',#448,#8040);
#8038=LINE('',#42,#8041);
#8039=VECTOR('',#8042,1.0);
#8040=VECTOR('',#8043,1.0);
#8041=VECTOR('',#8044,1.0);
#8042=DIRECTION('',(-0.928476687242087,0.3713906854620345,0));
#8043=DIRECTION('',(-0.9662349377763744,-0.2576626574036021,0));
#8044=DIRECTION('',(1,0,0));
#8045=FACE_SURFACE('',(#8050),#8046,.T.);
#8046=PLANE('',#8047);
#8047=AXIS2_PLACEMENT_3D('',#42,#8048,#8049);
#8048=DIRECTION('',(0,0,1));
#8049=DIRECTION('',(0.9662349377763744,0.2576626574036021,0));
#8050=FACE_BOUND('',#8051,.T.);
#8051=EDGE_LOOP('',(#8052,#8053,#8054));
#8052=ORIENTED_EDGE('',*,*,#8055,.T.);
#8053=ORIENTED_EDGE('',*,*,#8056,.T.);
#8054=ORIENTED_EDGE('',*,*,#8057,.T.);
#8055=EDGE_CURVE('',#43,#449,#8058,.F.);
#8056=EDGE_CURVE('',#449,#451,#8059,.T.);
#8057=EDGE_CURVE('',#451,#43,#8060,.T.);
#8058=LINE('',#42,#8061);
#8059=LINE('',#448,#8062);
#8060=LINE('',#450,#8063);
#8061=VECTOR('',#8064,1.0);
#8062=VECTOR('',#8065,1.0);
#8063=VECTOR('',#8066,1.0);
#8064=DIRECTION('',(0.9662349377763744,0.2576626574036021,0));
#8065=DIRECTION('',(-0.991444896948834,0.1305259220006359,0));
#8066=DIRECTION('',(-0.9646935016120588,-0.26337510882288134,0));
#8067=FACE_SURFACE('',(#8072),#8068,.T.);
#8068=PLANE('',#8069);
#8069=AXIS2_PLACEMENT_3D('',#42,#8070,#8071);
#8070=DIRECTION('',(0,0,1));
#8071=DIRECTION('',(0.9646935016120588,0.26337510882288134,0));
#8072=FACE_BOUND('',#8073,.T.);
#8073=EDGE_LOOP('',(#8074,#8075,#8076));
#8074=ORIENTED_EDGE('',*,*,#8077,.T.);
#8075=ORIENTED_EDGE('',*,*,#8078,.T.);
#8076=ORIENTED_EDGE('',*,*,#8079,.T.);
#8077=EDGE_CURVE('',#43,#451,#8080,.F.);
#8078=EDGE_CURVE('',#451,#453,#8081,.T.);
#8079=EDGE_CURVE('',#453,#43,#8082,.T.);
#8080=LINE('',#42,#8083);
#8081=LINE('',#450,#8084);
#8082=LINE('',#452,#8085);
#8083=VECTOR('',#8086,1.0);
#8084=VECTOR('',#8087,1.0);
#8085=VECTOR('',#8088,1.0);
#8086=DIRECTION('',(0.9646935016120588,0.26337510882288134,0));
#8087=DIRECTION('',(-0.9238792297209396,0.3826841633648344,0));
#8088=DIRECTION('',(-0.9621166100620351,-0.27263827435402027,0));
#8089=FACE_SURFACE('',(#8094),#8090,.T.);
#8090=PLANE('',#8091);
#8091=AXIS2_PLACEMENT_3D('',#452,#8092,#8093);
#8092=DIRECTION('',(0,0,1));
#8093=DIRECTION('',(-0.7933544019012427,0.608760045489125,0));
#8094=FACE_BOUND('',#8095,.T.);
#8095=EDGE_LOOP('',(#8096,#8097,#8098));
#8096=ORIENTED_EDGE('',*,*,#8099,.T.);
#8097=ORIENTED_EDGE('',*,*,#8100,.T.);
#8098=ORIENTED_EDGE('',*,*,#8101,.T.);
#8099=EDGE_CURVE('',#453,#455,#8102,.F.);
#8100=EDGE_CURVE('',#455,#43,#8103,.T.);
#8101=EDGE_CURVE('',#43,#453,#8104,.T.);
#8102=LINE('',#452,#8105);
#8103=LINE('',#454,#8106);
#8104=LINE('',#42,#8107);
#8105=VECTOR('',#8108,1.0);
#8106=VECTOR('',#8109,1.0);
#8107=VECTOR('',#8110,1.0);
#8108=DIRECTION('',(-0.7933544019012427,0.608760045489125,0));
#8109=DIRECTION('',(-0.9585743296086122,-0.28484250844176984,0));
#8110=DIRECTION('',(0.9621166100620351,0.27263827435402027,0));
#8111=FACE_SURFACE('',(#8116),#8112,.T.);
#8112=PLANE('',#8113);
#8113=AXIS2_PLACEMENT_3D('',#42,#8114,#8115);
#8114=DIRECTION('',(0,0,1));
#8115=DIRECTION('',(0.9585743296086122,0.28484250844176984,0));
#8116=FACE_BOUND('',#8117,.T.);
#8117=EDGE_LOOP('',(#8118,#8119,#8120));
#8118=ORIENTED_EDGE('',*,*,#8121,.T.);
#8119=ORIENTED_EDGE('',*,*,#8122,.T.);
#8120=ORIENTED_EDGE('',*,*,#8123,.T.);
#8121=EDGE_CURVE('',#43,#455,#8124,.F.);
#8122=EDGE_CURVE('',#455,#457,#8125,.T.);
#8123=EDGE_CURVE('',#457,#43,#8126,.T.);
#8124=LINE('',#42,#8127);
#8125=LINE('',#454,#8128);
#8126=LINE('',#456,#8129);
#8127=VECTOR('',#8130,1.0);
#8128=VECTOR('',#8131,1.0);
#8129=VECTOR('',#8132,1.0);
#8130=DIRECTION('',(0.9585743296086122,0.28484250844176984,0));
#8131=DIRECTION('',(-0.6087654118076424,0.7933502841662512,0));
#8132=DIRECTION('',(-0.9542296990588581,-0.29907470878367687,0));
#8133=FACE_SURFACE('',(#8138),#8134,.T.);
#8134=PLANE('',#8135);
#8135=AXIS2_PLACEMENT_3D('',#42,#8136,#8137);
#8136=DIRECTION('',(0,0,1));
#8137=DIRECTION('',(0.9542296990588581,0.29907470878367687,0));
#8138=FACE_BOUND('',#8139,.T.);
#8139=EDGE_LOOP('',(#8140,#8141,#8142));
#8140=ORIENTED_EDGE('',*,*,#8143,.T.);
#8141=ORIENTED_EDGE('',*,*,#8144,.T.);
#8142=ORIENTED_EDGE('',*,*,#8145,.T.);
#8143=EDGE_CURVE('',#43,#457,#8146,.F.);
#8144=EDGE_CURVE('',#457,#459,#8147,.T.);
#8145=EDGE_CURVE('',#459,#43,#8148,.T.);
#8146=LINE('',#42,#8149);
#8147=LINE('',#456,#8150);
#8148=LINE('',#458,#8151);
#8149=VECTOR('',#8152,1.0);
#8150=VECTOR('',#8153,1.0);
#8151=VECTOR('',#8154,1.0);
#8152=DIRECTION('',(0.9542296990588581,0.29907470878367687,0));
#8153=DIRECTION('',(-0.3826798146995753,0.9238810309891089,0));
#8154=DIRECTION('',(-0.9493566301782307,-0.3142005549591438,0));
#8155=FACE_SURFACE('',(#8160),#8156,.T.);
#8156=PLANE('',#8157);
#8157=AXIS2_PLACEMENT_3D('',#458,#8158,#8159);
#8158=DIRECTION('',(0,0,1));
#8159=DIRECTION('',(-0.13052130647167157,0.9914455045825402,0));
#8160=FACE_BOUND('',#8161,.T.);
#8161=EDGE_LOOP('',(#8162,#8163,#8164));
#8162=ORIENTED_EDGE('',*,*,#8165,.T.);
#8163=ORIENTED_EDGE('',*,*,#8166,.T.);
#8164=ORIENTED_EDGE('',*,*,#8167,.T.);
#8165=EDGE_CURVE('',#459,#461,#8168,.F.);
#8166=EDGE_CURVE('',#461,#43,#8169,.T.);
#8167=EDGE_CURVE('',#43,#459,#8170,.T.);
#8168=LINE('',#458,#8171);
#8169=LINE('',#460,#8172);
#8170=LINE('',#42,#8173);
#8171=VECTOR('',#8174,1.0);
#8172=VECTOR('',#8175,1.0);
#8173=VECTOR('',#8176,1.0);
#8174=DIRECTION('',(-0.13052130647167157,0.9914455045825402,0));
#8175=DIRECTION('',(-0.9443322930820817,-0.32899319178721204,0));
#8176=DIRECTION('',(0.9493566301782307,0.3142005549591438,0));
#8177=FACE_SURFACE('',(#8182),#8178,.T.);
#8178=PLANE('',#8179);
#8179=AXIS2_PLACEMENT_3D('',#42,#8180,#8181);
#8180=DIRECTION('',(0,0,1));
#8181=DIRECTION('',(0.9443322930820817,0.32899319178721204,0));
#8182=FACE_BOUND('',#8183,.T.);
#8183=EDGE_LOOP('',(#8184,#8185,#8186));
#8184=ORIENTED_EDGE('',*,*,#8187,.T.);
#8185=ORIENTED_EDGE('',*,*,#8188,.T.);
#8186=ORIENTED_EDGE('',*,*,#8189,.T.);
#8187=EDGE_CURVE('',#43,#461,#8190,.F.);
#8188=EDGE_CURVE('',#461,#463,#8191,.T.);
#8189=EDGE_CURVE('',#463,#43,#8192,.T.);
#8190=LINE('',#42,#8193);
#8191=LINE('',#460,#8194);
#8192=LINE('',#462,#8195);
#8193=VECTOR('',#8196,1.0);
#8194=VECTOR('',#8197,1.0);
#8195=VECTOR('',#8198,1.0);
#8196=DIRECTION('',(0.9443322930820817,0.32899319178721204,0));
#8197=DIRECTION('',(0,1,0));
#8198=DIRECTION('',(-0.4010903097481514,-0.9160385163442265,0));
#8199=FACE_SURFACE('',(#8204),#8200,.T.);
#8200=PLANE('',#8201);
#8201=AXIS2_PLACEMENT_3D('',#42,#8202,#8203);
#8202=DIRECTION('',(0,0,1));
#8203=DIRECTION('',(0.4010903097481514,0.9160385163442265,0));
#8204=FACE_BOUND('',#8205,.T.);
#8205=EDGE_LOOP('',(#8206,#8207,#8208));
#8206=ORIENTED_EDGE('',*,*,#8209,.T.);
#8207=ORIENTED_EDGE('',*,*,#8210,.T.);
#8208=ORIENTED_EDGE('',*,*,#8211,.T.);
#8209=EDGE_CURVE('',#43,#463,#8212,.F.);
#8210=EDGE_CURVE('',#463,#51,#8213,.T.);
#8211=EDGE_CURVE('',#51,#43,#8214,.T.);
#8212=LINE('',#42,#8215);
#8213=LINE('',#462,#8216);
#8214=LINE('',#50,#8217);
#8215=VECTOR('',#8218,1.0);
#8216=VECTOR('',#8219,1.0);
#8217=VECTOR('',#8220,1.0);
#8218=DIRECTION('',(0.4010903097481514,0.9160385163442265,0));
#8219=DIRECTION('',(-0.9443322660053476,0.3289932695074556,0));
#8220=DIRECTION('',(0,-1,0));
#8221=FACE_SURFACE('',(#8226),#8222,.T.);
#8222=PLANE('',#8223);
#8223=AXIS2_PLACEMENT_3D('',#50,#8224,#8225);
#8224=DIRECTION('',(0,0,1));
#8225=DIRECTION('',(0.9443322660053476,-0.3289932695074556,0));
#8226=FACE_BOUND('',#8227,.T.);
#8227=EDGE_LOOP('',(#8228,#8229,#8230));
#8228=ORIENTED_EDGE('',*,*,#8231,.T.);
#8229=ORIENTED_EDGE('',*,*,#8232,.T.);
#8230=ORIENTED_EDGE('',*,*,#8233,.T.);
#8231=EDGE_CURVE('',#51,#463,#8234,.F.);
#8232=EDGE_CURVE('',#463,#465,#8235,.T.);
#8233=EDGE_CURVE('',#465,#51,#8236,.T.);
#8234=LINE('',#50,#8237);
#8235=LINE('',#462,#8238);
#8236=LINE('',#464,#8239);
#8237=VECTOR('',#8240,1.0);
#8238=VECTOR('',#8241,1.0);
#8239=VECTOR('',#8242,1.0);
#8240=DIRECTION('',(0.9443322660053476,-0.3289932695074556,0));
#8241=DIRECTION('',(0.13052104055558156,0.9914455395896884,0));
#8242=DIRECTION('',(-0.9493566138795754,0.31420060420550844,0));
#8243=FACE_SURFACE('',(#8248),#8244,.T.);
#8244=PLANE('',#8245);
#8245=AXIS2_PLACEMENT_3D('',#50,#8246,#8247);
#8246=DIRECTION('',(0,0,1));
#8247=DIRECTION('',(0.9493566138795754,-0.31420060420550844,0));
#8248=FACE_BOUND('',#8249,.T.);
#8249=EDGE_LOOP('',(#8250,#8251,#8252));
#8250=ORIENTED_EDGE('',*,*,#8253,.T.);
#8251=ORIENTED_EDGE('',*,*,#8254,.T.);
#8252=ORIENTED_EDGE('',*,*,#8255,.T.);
#8253=EDGE_CURVE('',#51,#465,#8256,.F.);
#8254=EDGE_CURVE('',#465,#467,#8257,.T.);
#8255=EDGE_CURVE('',#467,#51,#8258,.T.);
#8256=LINE('',#50,#8259);
#8257=LINE('',#464,#8260);
#8258=LINE('',#466,#8261);
#8259=VECTOR('',#8262,1.0);
#8260=VECTOR('',#8263,1.0);
#8261=VECTOR('',#8264,1.0);
#8262=DIRECTION('',(0.9493566138795754,-0.31420060420550844,0));
#8263=DIRECTION('',(0.3826804604958138,0.9238807634942466,0));
#8264=DIRECTION('',(-0.9542296751794148,0.29907478497357215,0));
#8265=FACE_SURFACE('',(#8270),#8266,.T.);
#8266=PLANE('',#8267);
#8267=AXIS2_PLACEMENT_3D('',#466,#8268,#8269);
#8268=DIRECTION('',(0,-0,1));
#8269=DIRECTION('',(0.6087640334084832,0.7933513418582181,0));
#8270=FACE_BOUND('',#8271,.T.);
#8271=EDGE_LOOP('',(#8272,#8273,#8274));
#8272=ORIENTED_EDGE('',*,*,#8275,.T.);
#8273=ORIENTED_EDGE('',*,*,#8276,.T.);
#8274=ORIENTED_EDGE('',*,*,#8277,.T.);
#8275=EDGE_CURVE('',#467,#469,#8278,.F.);
#8276=EDGE_CURVE('',#469,#51,#8279,.T.);
#8277=EDGE_CURVE('',#51,#467,#8280,.T.);
#8278=LINE('',#466,#8281);
#8279=LINE('',#468,#8282);
#8280=LINE('',#50,#8283);
#8281=VECTOR('',#8284,1.0);
#8282=VECTOR('',#8285,1.0);
#8283=VECTOR('',#8286,1.0);
#8284=DIRECTION('',(0.6087640334084832,0.7933513418582181,0));
#8285=DIRECTION('',(-0.9585743192365733,0.2848425433465656,0));
#8286=DIRECTION('',(0.9542296751794148,-0.29907478497357215,0));
#8287=FACE_SURFACE('',(#8292),#8288,.T.);
#8288=PLANE('',#8289);
#8289=AXIS2_PLACEMENT_3D('',#50,#8290,#8291);
#8290=DIRECTION('',(0,0,1));
#8291=DIRECTION('',(0.9585743192365733,-0.2848425433465656,0));
#8292=FACE_BOUND('',#8293,.T.);
#8293=EDGE_LOOP('',(#8294,#8295,#8296));
#8294=ORIENTED_EDGE('',*,*,#8297,.T.);
#8295=ORIENTED_EDGE('',*,*,#8298,.T.);
#8296=ORIENTED_EDGE('',*,*,#8299,.T.);
#8297=EDGE_CURVE('',#51,#469,#8300,.F.);
#8298=EDGE_CURVE('',#469,#471,#8301,.T.);
#8299=EDGE_CURVE('',#471,#51,#8302,.T.);
#8300=LINE('',#50,#8303);
#8301=LINE('',#468,#8304);
#8302=LINE('',#470,#8305);
#8303=VECTOR('',#8306,1.0);
#8304=VECTOR('',#8307,1.0);
#8305=VECTOR('',#8308,1.0);
#8306=DIRECTION('',(0.9585743192365733,-0.2848425433465656,0));
#8307=DIRECTION('',(0.793354870556795,0.6087594347226258,0));
#8308=DIRECTION('',(-0.9621165961946547,0.2726383232907867,0));
#8309=FACE_SURFACE('',(#8314),#8310,.T.);
#8310=PLANE('',#8311);
#8311=AXIS2_PLACEMENT_3D('',#50,#8312,#8313);
#8312=DIRECTION('',(0,0,1));
#8313=DIRECTION('',(0.9621165961946547,-0.2726383232907867,0));
#8314=FACE_BOUND('',#8315,.T.);
#8315=EDGE_LOOP('',(#8316,#8317,#8318));
#8316=ORIENTED_EDGE('',*,*,#8319,.T.);
#8317=ORIENTED_EDGE('',*,*,#8320,.T.);
#8318=ORIENTED_EDGE('',*,*,#8321,.T.);
#8319=EDGE_CURVE('',#51,#471,#8322,.F.);
#8320=EDGE_CURVE('',#471,#473,#8323,.T.);
#8321=EDGE_CURVE('',#473,#51,#8324,.T.);
#8322=LINE('',#50,#8325);
#8323=LINE('',#470,#8326);
#8324=LINE('',#472,#8327);
#8325=VECTOR('',#8328,1.0);
#8326=VECTOR('',#8329,1.0);
#8327=VECTOR('',#8330,1.0);
#8328=DIRECTION('',(0.9621165961946547,-0.2726383232907867,0));
#8329=DIRECTION('',(0.9238781802914813,0.3826866968961701,0));
#8330=DIRECTION('',(-0.9646935000378802,0.2633751145888015,0));
#8331=FACE_SURFACE('',(#8336),#8332,.T.);
#8332=PLANE('',#8333);
#8333=AXIS2_PLACEMENT_3D('',#472,#8334,#8335);
#8334=DIRECTION('',(0,-0,1));
#8335=DIRECTION('',(0.9914455395896884,0.13052104055558156,0));
#8336=FACE_BOUND('',#8337,.T.);
#8337=EDGE_LOOP('',(#8338,#8339,#8340));
#8338=ORIENTED_EDGE('',*,*,#8341,.T.);
#8339=ORIENTED_EDGE('',*,*,#8342,.T.);
#8340=ORIENTED_EDGE('',*,*,#8343,.T.);
#8341=EDGE_CURVE('',#473,#475,#8344,.F.);
#8342=EDGE_CURVE('',#475,#51,#8345,.T.);
#8343=EDGE_CURVE('',#51,#473,#8346,.T.);
#8344=LINE('',#472,#8347);
#8345=LINE('',#474,#8348);
#8346=LINE('',#50,#8349);
#8347=VECTOR('',#8350,1.0);
#8348=VECTOR('',#8351,1.0);
#8349=VECTOR('',#8352,1.0);
#8350=DIRECTION('',(0.9914455395896884,0.13052104055558156,0));
#8351=DIRECTION('',(-0.9662349173551849,0.257662733983048,0));
#8352=DIRECTION('',(0.9646935000378802,-0.2633751145888015,0));
#8353=FACE_SURFACE('',(#8358),#8354,.T.);
#8354=PLANE('',#8355);
#8355=AXIS2_PLACEMENT_3D('',#50,#8356,#8357);
#8356=DIRECTION('',(-0,0,1));
#8357=DIRECTION('',(0.9662349173551849,-0.257662733983048,0));
#8358=FACE_BOUND('',#8359,.T.);
#8359=EDGE_LOOP('',(#8360,#8361,#8362));
#8360=ORIENTED_EDGE('',*,*,#8363,.T.);
#8361=ORIENTED_EDGE('',*,*,#8364,.T.);
#8362=ORIENTED_EDGE('',*,*,#8365,.T.);
#8363=EDGE_CURVE('',#51,#475,#8366,.F.);
#8364=EDGE_CURVE('',#475,#119,#8367,.T.);
#8365=EDGE_CURVE('',#119,#51,#8368,.T.);
#8366=LINE('',#50,#8369);
#8367=LINE('',#474,#8370);
#8368=LINE('',#118,#8371);
#8369=VECTOR('',#8372,1.0);
#8370=VECTOR('',#8373,1.0);
#8371=VECTOR('',#8374,1.0);
#8372=DIRECTION('',(0.9662349173551849,-0.257662733983048,0));
#8373=DIRECTION('',(0.9284766464732487,0.37139078738411124,0));
#8374=DIRECTION('',(-1,0,0));
#8375=FACE_SURFACE('',(#8380),#8376,.T.);
#8376=PLANE('',#8377);
#8377=AXIS2_PLACEMENT_3D('',#118,#8378,#8379);
#8378=DIRECTION('',(0,0,1));
#8379=DIRECTION('',(-0.9284766464732487,-0.37139078738411124,0));
#8380=FACE_BOUND('',#8381,.T.);
#8381=EDGE_LOOP('',(#8382,#8383,#8384));
#8382=ORIENTED_EDGE('',*,*,#8385,.T.);
#8383=ORIENTED_EDGE('',*,*,#8386,.T.);
#8384=ORIENTED_EDGE('',*,*,#8387,.T.);
#8385=EDGE_CURVE('',#119,#475,#8388,.F.);
#8386=EDGE_CURVE('',#475,#477,#8389,.T.);
#8387=EDGE_CURVE('',#477,#119,#8390,.T.);
#8388=LINE('',#118,#8391);
#8389=LINE('',#474,#8392);
#8390=LINE('',#476,#8393);
#8391=VECTOR('',#8394,1.0);
#8392=VECTOR('',#8395,1.0);
#8393=VECTOR('',#8396,1.0);
#8394=DIRECTION('',(-0.9284766464732487,-0.37139078738411124,0));
#8395=DIRECTION('',(1,0,0));
#8396=DIRECTION('',(0.8983843008192235,0.4392102549366931,0));
#8397=FACE_SURFACE('',(#8402),#8398,.T.);
#8398=PLANE('',#8399);
#8399=AXIS2_PLACEMENT_3D('',#118,#8400,#8401);
#8400=DIRECTION('',(0,0,1));
#8401=DIRECTION('',(-0.8983843008192235,-0.4392102549366931,0));
#8402=FACE_BOUND('',#8403,.T.);
#8403=EDGE_LOOP('',(#8404,#8405,#8406));
#8404=ORIENTED_EDGE('',*,*,#8407,.T.);
#8405=ORIENTED_EDGE('',*,*,#8408,.T.);
#8406=ORIENTED_EDGE('',*,*,#8409,.T.);
#8407=EDGE_CURVE('',#119,#477,#8410,.F.);
#8408=EDGE_CURVE('',#477,#479,#8411,.T.);
#8409=EDGE_CURVE('',#479,#119,#8412,.T.);
#8410=LINE('',#118,#8413);
#8411=LINE('',#476,#8414);
#8412=LINE('',#478,#8415);
#8413=VECTOR('',#8416,1.0);
#8414=VECTOR('',#8417,1.0);
#8415=VECTOR('',#8418,1.0);
#8416=DIRECTION('',(-0.8983843008192235,-0.4392102549366931,0));
#8417=DIRECTION('',(0.99144529064532,-0.13052293153778352,0));
#8418=DIRECTION('',(0.8918214645281362,0.45238752790819764,0));
#8419=FACE_SURFACE('',(#8424),#8420,.T.);
#8420=PLANE('',#8421);
#8421=AXIS2_PLACEMENT_3D('',#478,#8422,#8423);
#8422=DIRECTION('',(-0,0,1));
#8423=DIRECTION('',(0.9238803202762261,-0.3826815305267528,0));
#8424=FACE_BOUND('',#8425,.T.);
#8425=EDGE_LOOP('',(#8426,#8427,#8428));
#8426=ORIENTED_EDGE('',*,*,#8429,.T.);
#8427=ORIENTED_EDGE('',*,*,#8430,.T.);
#8428=ORIENTED_EDGE('',*,*,#8431,.T.);
#8429=EDGE_CURVE('',#479,#481,#8432,.F.);
#8430=EDGE_CURVE('',#481,#119,#8433,.T.);
#8431=EDGE_CURVE('',#119,#479,#8434,.T.);
#8432=LINE('',#478,#8435);
#8433=LINE('',#480,#8436);
#8434=LINE('',#118,#8437);
#8435=VECTOR('',#8438,1.0);
#8436=VECTOR('',#8439,1.0);
#8437=VECTOR('',#8440,1.0);
#8438=DIRECTION('',(0.9238803202762261,-0.3826815305267528,0));
#8439=DIRECTION('',(0.8823252568902266,0.47064013965406293,0));
#8440=DIRECTION('',(-0.8918214645281362,-0.45238752790819764,0));
#8441=FACE_SURFACE('',(#8446),#8442,.T.);
#8442=PLANE('',#8443);
#8443=AXIS2_PLACEMENT_3D('',#118,#8444,#8445);
#8444=DIRECTION('',(0,0,1));
#8445=DIRECTION('',(-0.8823252568902266,-0.47064013965406293,0));
#8446=FACE_BOUND('',#8447,.T.);
#8447=EDGE_LOOP('',(#8448,#8449,#8450));
#8448=ORIENTED_EDGE('',*,*,#8451,.T.);
#8449=ORIENTED_EDGE('',*,*,#8452,.T.);
#8450=ORIENTED_EDGE('',*,*,#8453,.T.);
#8451=EDGE_CURVE('',#119,#481,#8454,.F.);
#8452=EDGE_CURVE('',#481,#483,#8455,.T.);
#8453=EDGE_CURVE('',#483,#119,#8456,.T.);
#8454=LINE('',#118,#8457);
#8455=LINE('',#480,#8458);
#8456=LINE('',#482,#8459);
#8457=VECTOR('',#8460,1.0);
#8458=VECTOR('',#8461,1.0);
#8459=VECTOR('',#8462,1.0);
#8460=DIRECTION('',(-0.8823252568902266,-0.47064013965406293,0));
#8461=DIRECTION('',(0.7933494551558762,-0.6087664921822442,0));
#8462=DIRECTION('',(0.8703107580421544,0.4925029791139244,0));
#8463=FACE_SURFACE('',(#8468),#8464,.T.);
#8464=PLANE('',#8465);
#8465=AXIS2_PLACEMENT_3D('',#118,#8466,#8467);
#8466=DIRECTION('',(0,0,1));
#8467=DIRECTION('',(-0.8703107580421544,-0.4925029791139244,0));
#8468=FACE_BOUND('',#8469,.T.);
#8469=EDGE_LOOP('',(#8470,#8471,#8472));
#8470=ORIENTED_EDGE('',*,*,#8473,.T.);
#8471=ORIENTED_EDGE('',*,*,#8474,.T.);
#8472=ORIENTED_EDGE('',*,*,#8475,.T.);
#8473=EDGE_CURVE('',#119,#483,#8476,.F.);
#8474=EDGE_CURVE('',#483,#485,#8477,.T.);
#8475=EDGE_CURVE('',#485,#119,#8478,.T.);
#8476=LINE('',#118,#8479);
#8477=LINE('',#482,#8480);
#8478=LINE('',#484,#8481);
#8479=VECTOR('',#8482,1.0);
#8480=VECTOR('',#8483,1.0);
#8481=VECTOR('',#8484,1.0);
#8482=DIRECTION('',(-0.8703107580421544,-0.4925029791139244,0));
#8483=DIRECTION('',(0.6087640334084832,-0.7933513418582181,0));
#8484=DIRECTION('',(0.8565802276154798,0.5160138696374477,0));
#8485=FACE_SURFACE('',(#8490),#8486,.T.);
#8486=PLANE('',#8487);
#8487=AXIS2_PLACEMENT_3D('',#484,#8488,#8489);
#8488=DIRECTION('',(-0,0,1));
#8489=DIRECTION('',(0.3826804604958138,-0.9238807634942466,0));
#8490=FACE_BOUND('',#8491,.T.);
#8491=EDGE_LOOP('',(#8492,#8493,#8494));
#8492=ORIENTED_EDGE('',*,*,#8495,.T.);
#8493=ORIENTED_EDGE('',*,*,#8496,.T.);
#8494=ORIENTED_EDGE('',*,*,#8497,.T.);
#8495=EDGE_CURVE('',#485,#431,#8498,.F.);
#8496=EDGE_CURVE('',#431,#119,#8499,.T.);
#8497=EDGE_CURVE('',#119,#485,#8500,.T.);
#8498=LINE('',#484,#8501);
#8499=LINE('',#430,#8502);
#8500=LINE('',#118,#8503);
#8501=VECTOR('',#8504,1.0);
#8502=VECTOR('',#8505,1.0);
#8503=VECTOR('',#8506,1.0);
#8504=DIRECTION('',(0.3826804604958138,-0.9238807634942466,0));
#8505=DIRECTION('',(0.842301251645882,0.5390070514156382,0));
#8506=DIRECTION('',(-0.8565802276154798,-0.5160138696374477,0));
#8507=FACE_SURFACE('',(#8512),#8508,.T.);
#8508=PLANE('',#8509);
#8509=AXIS2_PLACEMENT_3D('',#366,#8510,#8511);
#8510=DIRECTION('',(-0.9914436485342026,-0.13053540432077632,0));
#8511=DIRECTION('',(0,0,1));
#8512=FACE_BOUND('',#8513,.T.);
#8513=EDGE_LOOP('',(#8514,#8515,#8516));
#8514=ORIENTED_EDGE('',*,*,#8517,.T.);
#8515=ORIENTED_EDGE('',*,*,#8518,.T.);
#8516=ORIENTED_EDGE('',*,*,#8519,.T.);
#8517=EDGE_CURVE('',#367,#433,#8520,.F.);
#8518=EDGE_CURVE('',#433,#369,#8521,.T.);
#8519=EDGE_CURVE('',#369,#367,#8522,.T.);
#8520=LINE('',#366,#8523);
#8521=LINE('',#432,#8524);
#8522=LINE('',#368,#8525);
#8523=VECTOR('',#8526,1.0);
#8524=VECTOR('',#8527,1.0);
#8525=VECTOR('',#8528,1.0);
#8526=DIRECTION('',(0,0,1));
#8527=DIRECTION('',(-0.008097847118949808,0.06150483950817268,-0.9980739349312314));
#8528=DIRECTION('',(0.13053540432077632,-0.9914436485342026,0));
#8529=FACE_SURFACE('',(#8534),#8530,.T.);
#8530=PLANE('',#8531);
#8531=AXIS2_PLACEMENT_3D('',#368,#8532,#8533);
#8532=DIRECTION('',(-0.9914436485342026,-0.13053540432077632,0));
#8533=DIRECTION('',(0.008097847118949808,-0.06150483950817268,0.9980739349312314));
#8534=FACE_BOUND('',#8535,.T.);
#8535=EDGE_LOOP('',(#8536,#8537,#8538));
#8536=ORIENTED_EDGE('',*,*,#8539,.T.);
#8537=ORIENTED_EDGE('',*,*,#8540,.T.);
#8538=ORIENTED_EDGE('',*,*,#8541,.T.);
#8539=EDGE_CURVE('',#369,#433,#8542,.F.);
#8540=EDGE_CURVE('',#433,#431,#8543,.T.);
#8541=EDGE_CURVE('',#431,#369,#8544,.T.);
#8542=LINE('',#368,#8545);
#8543=LINE('',#432,#8546);
#8544=LINE('',#430,#8547);
#8545=VECTOR('',#8548,1.0);
#8546=VECTOR('',#8549,1.0);
#8547=VECTOR('',#8550,1.0);
#8548=DIRECTION('',(0.008097847118949808,-0.06150483950817268,0.9980739349312314));
#8549=DIRECTION('',(-0.13053540432077632,0.9914436485342026,0));
#8550=DIRECTION('',(0,0,-1));
#8551=FACE_SURFACE('',(#8556),#8552,.T.);
#8552=PLANE('',#8553);
#8553=AXIS2_PLACEMENT_3D('',#368,#8554,#8555);
#8554=DIRECTION('',(-0.9238807634942465,-0.3826804604958137,0));
#8555=DIRECTION('',(0,0,1));
#8556=FACE_BOUND('',#8557,.T.);
#8557=EDGE_LOOP('',(#8558,#8559,#8560));
#8558=ORIENTED_EDGE('',*,*,#8561,.T.);
#8559=ORIENTED_EDGE('',*,*,#8562,.T.);
#8560=ORIENTED_EDGE('',*,*,#8563,.T.);
#8561=EDGE_CURVE('',#369,#431,#8564,.F.);
#8562=EDGE_CURVE('',#431,#371,#8565,.T.);
#8563=EDGE_CURVE('',#371,#369,#8566,.T.);
#8564=LINE('',#368,#8567);
#8565=LINE('',#430,#8568);
#8566=LINE('',#370,#8569);
#8567=VECTOR('',#8570,1.0);
#8568=VECTOR('',#8571,1.0);
#8569=VECTOR('',#8572,1.0);
#8570=DIRECTION('',(0,0,1));
#8571=DIRECTION('',(-0.023739664830849477,0.057313142250864035,-0.9980739612068092));
#8572=DIRECTION('',(0.3826804604958138,-0.9238807634942466,0));
#8573=FACE_SURFACE('',(#8578),#8574,.T.);
#8574=PLANE('',#8575);
#8575=AXIS2_PLACEMENT_3D('',#370,#8576,#8577);
#8576=DIRECTION('',(-0.9238807634942465,-0.3826804604958137,0));
#8577=DIRECTION('',(0.023739664830849477,-0.057313142250864035,0.9980739612068092));
#8578=FACE_BOUND('',#8579,.T.);
#8579=EDGE_LOOP('',(#8580,#8581,#8582));
#8580=ORIENTED_EDGE('',*,*,#8583,.T.);
#8581=ORIENTED_EDGE('',*,*,#8584,.T.);
#8582=ORIENTED_EDGE('',*,*,#8585,.T.);
#8583=EDGE_CURVE('',#371,#431,#8586,.F.);
#8584=EDGE_CURVE('',#431,#485,#8587,.T.);
#8585=EDGE_CURVE('',#485,#371,#8588,.T.);
#8586=LINE('',#370,#8589);
#8587=LINE('',#430,#8590);
#8588=LINE('',#484,#8591);
#8589=VECTOR('',#8592,1.0);
#8590=VECTOR('',#8593,1.0);
#8591=VECTOR('',#8594,1.0);
#8592=DIRECTION('',(0.023739664830849477,-0.057313142250864035,0.9980739612068092));
#8593=DIRECTION('',(-0.3826804604958138,0.9238807634942466,0));
#8594=DIRECTION('',(0,0,-1));
#8595=FACE_SURFACE('',(#8600),#8596,.T.);
#8596=PLANE('',#8597);
#8597=AXIS2_PLACEMENT_3D('',#370,#8598,#8599);
#8598=DIRECTION('',(-0.793351341858218,-0.6087640334084831,0));
#8599=DIRECTION('',(0,0,1));
#8600=FACE_BOUND('',#8601,.T.);
#8601=EDGE_LOOP('',(#8602,#8603,#8604));
#8602=ORIENTED_EDGE('',*,*,#8605,.T.);
#8603=ORIENTED_EDGE('',*,*,#8606,.T.);
#8604=ORIENTED_EDGE('',*,*,#8607,.T.);
#8605=EDGE_CURVE('',#371,#485,#8608,.F.);
#8606=EDGE_CURVE('',#485,#373,#8609,.T.);
#8607=EDGE_CURVE('',#373,#371,#8610,.T.);
#8608=LINE('',#370,#8611);
#8609=LINE('',#484,#8612);
#8610=LINE('',#372,#8613);
#8611=VECTOR('',#8614,1.0);
#8612=VECTOR('',#8615,1.0);
#8613=VECTOR('',#8616,1.0);
#8614=DIRECTION('',(0,0,1));
#8615=DIRECTION('',(-0.037765174879137976,0.04921619958084875,-0.9980739237477183));
#8616=DIRECTION('',(0.6087640334084832,-0.7933513418582181,0));
#8617=FACE_SURFACE('',(#8622),#8618,.T.);
#8618=PLANE('',#8619);
#8619=AXIS2_PLACEMENT_3D('',#372,#8620,#8621);
#8620=DIRECTION('',(-0.793351341858218,-0.6087640334084831,0));
#8621=DIRECTION('',(0.037765174879137976,-0.04921619958084875,0.9980739237477183));
#8622=FACE_BOUND('',#8623,.T.);
#8623=EDGE_LOOP('',(#8624,#8625,#8626));
#8624=ORIENTED_EDGE('',*,*,#8627,.T.);
#8625=ORIENTED_EDGE('',*,*,#8628,.T.);
#8626=ORIENTED_EDGE('',*,*,#8629,.T.);
#8627=EDGE_CURVE('',#373,#485,#8630,.F.);
#8628=EDGE_CURVE('',#485,#483,#8631,.T.);
#8629=EDGE_CURVE('',#483,#373,#8632,.T.);
#8630=LINE('',#372,#8633);
#8631=LINE('',#484,#8634);
#8632=LINE('',#482,#8635);
#8633=VECTOR('',#8636,1.0);
#8634=VECTOR('',#8637,1.0);
#8635=VECTOR('',#8638,1.0);
#8636=DIRECTION('',(0.037765174879137976,-0.04921619958084875,0.9980739237477183));
#8637=DIRECTION('',(-0.6087640334084832,0.7933513418582181,0));
#8638=DIRECTION('',(0,0,-1));
#8639=FACE_SURFACE('',(#8644),#8640,.T.);
#8640=PLANE('',#8641);
#8641=AXIS2_PLACEMENT_3D('',#372,#8642,#8643);
#8642=DIRECTION('',(-0.6087664921822442,-0.7933494551558761,0));
#8643=DIRECTION('',(0,0,1));
#8644=FACE_BOUND('',#8645,.T.);
#8645=EDGE_LOOP('',(#8646,#8647,#8648));
#8646=ORIENTED_EDGE('',*,*,#8649,.T.);
#8647=ORIENTED_EDGE('',*,*,#8650,.T.);
#8648=ORIENTED_EDGE('',*,*,#8651,.T.);
#8649=EDGE_CURVE('',#373,#483,#8652,.F.);
#8650=EDGE_CURVE('',#483,#375,#8653,.T.);
#8651=EDGE_CURVE('',#375,#373,#8654,.T.);
#8652=LINE('',#372,#8655);
#8653=LINE('',#482,#8656);
#8654=LINE('',#374,#8657);
#8655=VECTOR('',#8658,1.0);
#8656=VECTOR('',#8659,1.0);
#8657=VECTOR('',#8660,1.0);
#8658=DIRECTION('',(0,0,1));
#8659=DIRECTION('',(-0.04921529610975249,0.03776472395579809,-0.9980739853604902));
#8660=DIRECTION('',(0.7933494551558762,-0.6087664921822442,0));
#8661=FACE_SURFACE('',(#8666),#8662,.T.);
#8662=PLANE('',#8663);
#8663=AXIS2_PLACEMENT_3D('',#374,#8664,#8665);
#8664=DIRECTION('',(-0.6087664921822442,-0.7933494551558761,0));
#8665=DIRECTION('',(0.04921529610975249,-0.03776472395579809,0.9980739853604902));
#8666=FACE_BOUND('',#8667,.T.);
#8667=EDGE_LOOP('',(#8668,#8669,#8670));
#8668=ORIENTED_EDGE('',*,*,#8671,.T.);
#8669=ORIENTED_EDGE('',*,*,#8672,.T.);
#8670=ORIENTED_EDGE('',*,*,#8673,.T.);
#8671=EDGE_CURVE('',#375,#483,#8674,.F.);
#8672=EDGE_CURVE('',#483,#481,#8675,.T.);
#8673=EDGE_CURVE('',#481,#375,#8676,.T.);
#8674=LINE('',#374,#8677);
#8675=LINE('',#482,#8678);
#8676=LINE('',#480,#8679);
#8677=VECTOR('',#8680,1.0);
#8678=VECTOR('',#8681,1.0);
#8679=VECTOR('',#8682,1.0);
#8680=DIRECTION('',(0.04921529610975249,-0.03776472395579809,0.9980739853604902));
#8681=DIRECTION('',(-0.7933494551558762,0.6087664921822442,0));
#8682=DIRECTION('',(0,0,-1));
#8683=FACE_SURFACE('',(#8688),#8684,.T.);
#8684=PLANE('',#8685);
#8685=AXIS2_PLACEMENT_3D('',#374,#8686,#8687);
#8686=DIRECTION('',(-0.3826815305267528,-0.9238803202762261,0));
#8687=DIRECTION('',(0,0,1));
#8688=FACE_BOUND('',#8689,.T.);
#8689=EDGE_LOOP('',(#8690,#8691,#8692));
#8690=ORIENTED_EDGE('',*,*,#8693,.T.);
#8691=ORIENTED_EDGE('',*,*,#8694,.T.);
#8692=ORIENTED_EDGE('',*,*,#8695,.T.);
#8693=EDGE_CURVE('',#375,#481,#8696,.F.);
#8694=EDGE_CURVE('',#481,#377,#8697,.T.);
#8695=EDGE_CURVE('',#377,#375,#8698,.T.);
#8696=LINE('',#374,#8699);
#8697=LINE('',#480,#8700);
#8698=LINE('',#376,#8701);
#8699=VECTOR('',#8702,1.0);
#8700=VECTOR('',#8703,1.0);
#8701=VECTOR('',#8704,1.0);
#8702=DIRECTION('',(0,0,1));
#8703=DIRECTION('',(-0.0573140451656565,0.023740116596612026,-0.998073898612086));
#8704=DIRECTION('',(0.9238803202762261,-0.3826815305267528,0));
#8705=FACE_SURFACE('',(#8710),#8706,.T.);
#8706=PLANE('',#8707);
#8707=AXIS2_PLACEMENT_3D('',#376,#8708,#8709);
#8708=DIRECTION('',(-0.3826815305267528,-0.9238803202762261,0));
#8709=DIRECTION('',(0.0573140451656565,-0.023740116596612026,0.998073898612086));
#8710=FACE_BOUND('',#8711,.T.);
#8711=EDGE_LOOP('',(#8712,#8713,#8714));
#8712=ORIENTED_EDGE('',*,*,#8715,.T.);
#8713=ORIENTED_EDGE('',*,*,#8716,.T.);
#8714=ORIENTED_EDGE('',*,*,#8717,.T.);
#8715=EDGE_CURVE('',#377,#481,#8718,.F.);
#8716=EDGE_CURVE('',#481,#479,#8719,.T.);
#8717=EDGE_CURVE('',#479,#377,#8720,.T.);
#8718=LINE('',#376,#8721);
#8719=LINE('',#480,#8722);
#8720=LINE('',#478,#8723);
#8721=VECTOR('',#8724,1.0);
#8722=VECTOR('',#8725,1.0);
#8723=VECTOR('',#8726,1.0);
#8724=DIRECTION('',(0.0573140451656565,-0.023740116596612026,0.998073898612086));
#8725=DIRECTION('',(-0.9238803202762261,0.3826815305267528,0));
#8726=DIRECTION('',(0,0,-1));
#8727=FACE_SURFACE('',(#8732),#8728,.T.);
#8728=PLANE('',#8729);
#8729=AXIS2_PLACEMENT_3D('',#376,#8730,#8731);
#8730=DIRECTION('',(-0.13052293153778352,-0.99144529064532,0));
#8731=DIRECTION('',(0,0,1));
#8732=FACE_BOUND('',#8733,.T.);
#8733=EDGE_LOOP('',(#8734,#8735,#8736));
#8734=ORIENTED_EDGE('',*,*,#8737,.T.);
#8735=ORIENTED_EDGE('',*,*,#8738,.T.);
#8736=ORIENTED_EDGE('',*,*,#8739,.T.);
#8737=EDGE_CURVE('',#377,#479,#8740,.F.);
#8738=EDGE_CURVE('',#479,#379,#8741,.T.);
#8739=EDGE_CURVE('',#379,#377,#8742,.T.);
#8740=LINE('',#376,#8743);
#8741=LINE('',#478,#8744);
#8742=LINE('',#378,#8745);
#8743=VECTOR('',#8746,1.0);
#8744=VECTOR('',#8747,1.0);
#8745=VECTOR('',#8748,1.0);
#8746=DIRECTION('',(0,0,1));
#8747=DIRECTION('',(-0.061503936879493896,0.008096941120574816,-0.9980739979043703));
#8748=DIRECTION('',(0.99144529064532,-0.13052293153778352,0));
#8749=FACE_SURFACE('',(#8754),#8750,.T.);
#8750=PLANE('',#8751);
#8751=AXIS2_PLACEMENT_3D('',#378,#8752,#8753);
#8752=DIRECTION('',(-0.13052293153778352,-0.99144529064532,0));
#8753=DIRECTION('',(0.061503936879493896,-0.008096941120574816,0.9980739979043703));
#8754=FACE_BOUND('',#8755,.T.);
#8755=EDGE_LOOP('',(#8756,#8757,#8758));
#8756=ORIENTED_EDGE('',*,*,#8759,.T.);
#8757=ORIENTED_EDGE('',*,*,#8760,.T.);
#8758=ORIENTED_EDGE('',*,*,#8761,.T.);
#8759=EDGE_CURVE('',#379,#479,#8762,.F.);
#8760=EDGE_CURVE('',#479,#477,#8763,.T.);
#8761=EDGE_CURVE('',#477,#379,#8764,.T.);
#8762=LINE('',#378,#8765);
#8763=LINE('',#478,#8766);
#8764=LINE('',#476,#8767);
#8765=VECTOR('',#8768,1.0);
#8766=VECTOR('',#8769,1.0);
#8767=VECTOR('',#8770,1.0);
#8768=DIRECTION('',(0.061503936879493896,-0.008096941120574816,0.9980739979043703));
#8769=DIRECTION('',(-0.99144529064532,0.13052293153778352,0));
#8770=DIRECTION('',(0,0,-1));
#8771=FACE_SURFACE('',(#8776),#8772,.T.);
#8772=PLANE('',#8773);
#8773=AXIS2_PLACEMENT_3D('',#378,#8774,#8775);
#8774=DIRECTION('',(0,-1,0));
#8775=DIRECTION('',(0,0,1));
#8776=FACE_BOUND('',#8777,.T.);
#8777=EDGE_LOOP('',(#8778,#8779,#8780));
#8778=ORIENTED_EDGE('',*,*,#8781,.T.);
#8779=ORIENTED_EDGE('',*,*,#8782,.T.);
#8780=ORIENTED_EDGE('',*,*,#8783,.T.);
#8781=EDGE_CURVE('',#379,#477,#8784,.F.);
#8782=EDGE_CURVE('',#477,#381,#8785,.T.);
#8783=EDGE_CURVE('',#381,#379,#8786,.T.);
#8784=LINE('',#378,#8787);
#8785=LINE('',#476,#8788);
#8786=LINE('',#380,#8789);
#8787=VECTOR('',#8790,1.0);
#8788=VECTOR('',#8791,1.0);
#8789=VECTOR('',#8792,1.0);
#8790=DIRECTION('',(0,0,1));
#8791=DIRECTION('',(-0.42993256179498945,0,-0.9028610038695866));
#8792=DIRECTION('',(1,0,0));
#8793=FACE_SURFACE('',(#8798),#8794,.T.);
#8794=PLANE('',#8795);
#8795=AXIS2_PLACEMENT_3D('',#380,#8796,#8797);
#8796=DIRECTION('',(0,-1,0));
#8797=DIRECTION('',(0.42993256179498945,0,0.9028610038695866));
#8798=FACE_BOUND('',#8799,.T.);
#8799=EDGE_LOOP('',(#8800,#8801,#8802));
#8800=ORIENTED_EDGE('',*,*,#8803,.T.);
#8801=ORIENTED_EDGE('',*,*,#8804,.T.);
#8802=ORIENTED_EDGE('',*,*,#8805,.T.);
#8803=EDGE_CURVE('',#381,#477,#8806,.F.);
#8804=EDGE_CURVE('',#477,#475,#8807,.T.);
#8805=EDGE_CURVE('',#475,#381,#8808,.T.);
#8806=LINE('',#380,#8809);
#8807=LINE('',#476,#8810);
#8808=LINE('',#474,#8811);
#8809=VECTOR('',#8812,1.0);
#8810=VECTOR('',#8813,1.0);
#8811=VECTOR('',#8814,1.0);
#8812=DIRECTION('',(0.42993256179498945,0,0.9028610038695866));
#8813=DIRECTION('',(-1,0,0));
#8814=DIRECTION('',(0,0,-1));
#8815=FACE_SURFACE('',(#8820),#8816,.T.);
#8816=PLANE('',#8817);
#8817=AXIS2_PLACEMENT_3D('',#408,#8818,#8819);
#8818=DIRECTION('',(-0.13052781305110844,0.9914446479860057,0));
#8819=DIRECTION('',(0,0,1));
#8820=FACE_BOUND('',#8821,.T.);
#8821=EDGE_LOOP('',(#8822,#8823,#8824));
#8822=ORIENTED_EDGE('',*,*,#8825,.T.);
#8823=ORIENTED_EDGE('',*,*,#8826,.T.);
#8824=ORIENTED_EDGE('',*,*,#8827,.T.);
#8825=EDGE_CURVE('',#409,#447,#8828,.F.);
#8826=EDGE_CURVE('',#447,#411,#8829,.T.);
#8827=EDGE_CURVE('',#411,#409,#8830,.T.);
#8828=LINE('',#408,#8831);
#8829=LINE('',#446,#8832);
#8830=LINE('',#410,#8833);
#8831=VECTOR('',#8834,1.0);
#8832=VECTOR('',#8835,1.0);
#8833=VECTOR('',#8836,1.0);
#8834=DIRECTION('',(0,0,1));
#8835=DIRECTION('',(0.06150393672607329,0.008097249171898713,-0.9980739954146903));
#8836=DIRECTION('',(-0.9914446479860056,-0.13052781305110842,0));
#8837=FACE_SURFACE('',(#8842),#8838,.T.);
#8838=PLANE('',#8839);
#8839=AXIS2_PLACEMENT_3D('',#410,#8840,#8841);
#8840=DIRECTION('',(-0.13052781305110844,0.9914446479860057,0));
#8841=DIRECTION('',(-0.06150393672607329,-0.008097249171898713,0.9980739954146903));
#8842=FACE_BOUND('',#8843,.T.);
#8843=EDGE_LOOP('',(#8844,#8845,#8846));
#8844=ORIENTED_EDGE('',*,*,#8847,.T.);
#8845=ORIENTED_EDGE('',*,*,#8848,.T.);
#8846=ORIENTED_EDGE('',*,*,#8849,.T.);
#8847=EDGE_CURVE('',#411,#447,#8850,.F.);
#8848=EDGE_CURVE('',#447,#445,#8851,.T.);
#8849=EDGE_CURVE('',#445,#411,#8852,.T.);
#8850=LINE('',#410,#8853);
#8851=LINE('',#446,#8854);
#8852=LINE('',#444,#8855);
#8853=VECTOR('',#8856,1.0);
#8854=VECTOR('',#8857,1.0);
#8855=VECTOR('',#8858,1.0);
#8856=DIRECTION('',(-0.06150393672607329,-0.008097249171898713,0.9980739954146903));
#8857=DIRECTION('',(0.9914446479860056,0.13052781305110842,0));
#8858=DIRECTION('',(0,0,-1));
#8859=FACE_SURFACE('',(#8864),#8860,.T.);
#8860=PLANE('',#8861);
#8861=AXIS2_PLACEMENT_3D('',#410,#8862,#8863);
#8862=DIRECTION('',(-0.3826789970178838,0.9238813696797802,0));
#8863=DIRECTION('',(0,0,1));
#8864=FACE_BOUND('',#8865,.T.);
#8865=EDGE_LOOP('',(#8866,#8867,#8868));
#8866=ORIENTED_EDGE('',*,*,#8869,.T.);
#8867=ORIENTED_EDGE('',*,*,#8870,.T.);
#8868=ORIENTED_EDGE('',*,*,#8871,.T.);
#8869=EDGE_CURVE('',#411,#445,#8872,.F.);
#8870=EDGE_CURVE('',#445,#413,#8873,.T.);
#8871=EDGE_CURVE('',#413,#411,#8874,.T.);
#8872=LINE('',#410,#8875);
#8873=LINE('',#444,#8876);
#8874=LINE('',#412,#8877);
#8875=VECTOR('',#8878,1.0);
#8876=VECTOR('',#8879,1.0);
#8877=VECTOR('',#8880,1.0);
#8878=DIRECTION('',(0,0,1));
#8879=DIRECTION('',(0.05731404541619694,0.023739932565703413,-0.9980739029750282));
#8880=DIRECTION('',(-0.92388136967978,-0.38267899701788377,0));
#8881=FACE_SURFACE('',(#8886),#8882,.T.);
#8882=PLANE('',#8883);
#8883=AXIS2_PLACEMENT_3D('',#412,#8884,#8885);
#8884=DIRECTION('',(-0.3826789970178838,0.9238813696797802,0));
#8885=DIRECTION('',(-0.05731404541619694,-0.023739932565703413,0.9980739029750282));
#8886=FACE_BOUND('',#8887,.T.);
#8887=EDGE_LOOP('',(#8888,#8889,#8890));
#8888=ORIENTED_EDGE('',*,*,#8891,.T.);
#8889=ORIENTED_EDGE('',*,*,#8892,.T.);
#8890=ORIENTED_EDGE('',*,*,#8893,.T.);
#8891=EDGE_CURVE('',#413,#445,#8894,.F.);
#8892=EDGE_CURVE('',#445,#443,#8895,.T.);
#8893=EDGE_CURVE('',#443,#413,#8896,.T.);
#8894=LINE('',#412,#8897);
#8895=LINE('',#444,#8898);
#8896=LINE('',#442,#8899);
#8897=VECTOR('',#8900,1.0);
#8898=VECTOR('',#8901,1.0);
#8899=VECTOR('',#8902,1.0);
#8900=DIRECTION('',(-0.05731404541619694,-0.023739932565703413,0.9980739029750282));
#8901=DIRECTION('',(0.92388136967978,0.38267899701788377,0));
#8902=DIRECTION('',(0,0,-1));
#8903=FACE_SURFACE('',(#8908),#8904,.T.);
#8904=PLANE('',#8905);
#8905=AXIS2_PLACEMENT_3D('',#412,#8906,#8907);
#8906=DIRECTION('',(-0.6087671029474858,0.7933489864926564,0));
#8907=DIRECTION('',(0,0,1));
#8908=FACE_BOUND('',#8909,.T.);
#8909=EDGE_LOOP('',(#8910,#8911,#8912));
#8910=ORIENTED_EDGE('',*,*,#8913,.T.);
#8911=ORIENTED_EDGE('',*,*,#8914,.T.);
#8912=ORIENTED_EDGE('',*,*,#8915,.T.);
#8913=EDGE_CURVE('',#413,#443,#8916,.F.);
#8914=EDGE_CURVE('',#443,#415,#8917,.T.);
#8915=EDGE_CURVE('',#415,#413,#8918,.T.);
#8916=LINE('',#412,#8919);
#8917=LINE('',#442,#8920);
#8918=LINE('',#414,#8921);
#8919=VECTOR('',#8922,1.0);
#8920=VECTOR('',#8923,1.0);
#8921=VECTOR('',#8924,1.0);
#8922=DIRECTION('',(0,0,1));
#8923=DIRECTION('',(0.04921529599786849,0.03776478406782804,-0.9980739830915103));
#8924=DIRECTION('',(-0.7933489864926565,-0.6087671029474859,0));
#8925=FACE_SURFACE('',(#8930),#8926,.T.);
#8926=PLANE('',#8927);
#8927=AXIS2_PLACEMENT_3D('',#414,#8928,#8929);
#8928=DIRECTION('',(-0.6087671029474858,0.7933489864926564,0));
#8929=DIRECTION('',(-0.04921529599786849,-0.03776478406782804,0.9980739830915103));
#8930=FACE_BOUND('',#8931,.T.);
#8931=EDGE_LOOP('',(#8932,#8933,#8934));
#8932=ORIENTED_EDGE('',*,*,#8935,.T.);
#8933=ORIENTED_EDGE('',*,*,#8936,.T.);
#8934=ORIENTED_EDGE('',*,*,#8937,.T.);
#8935=EDGE_CURVE('',#415,#443,#8938,.F.);
#8936=EDGE_CURVE('',#443,#441,#8939,.T.);
#8937=EDGE_CURVE('',#441,#415,#8940,.T.);
#8938=LINE('',#414,#8941);
#8939=LINE('',#442,#8942);
#8940=LINE('',#440,#8943);
#8941=VECTOR('',#8944,1.0);
#8942=VECTOR('',#8945,1.0);
#8943=VECTOR('',#8946,1.0);
#8944=DIRECTION('',(-0.04921529599786849,-0.03776478406782804,0.9980739830915103));
#8945=DIRECTION('',(0.7933489864926565,0.6087671029474859,0));
#8946=DIRECTION('',(0,0,-1));
#8947=FACE_SURFACE('',(#8952),#8948,.T.);
#8948=PLANE('',#8949);
#8949=AXIS2_PLACEMENT_3D('',#414,#8950,#8951);
#8950=DIRECTION('',(-0.7933501995505835,0.6087655220797653,0));
#8951=DIRECTION('',(0,0,1));
#8952=FACE_BOUND('',#8953,.T.);
#8953=EDGE_LOOP('',(#8954,#8955,#8956));
#8954=ORIENTED_EDGE('',*,*,#8957,.T.);
#8955=ORIENTED_EDGE('',*,*,#8958,.T.);
#8956=ORIENTED_EDGE('',*,*,#8959,.T.);
#8957=EDGE_CURVE('',#415,#441,#8960,.F.);
#8958=EDGE_CURVE('',#441,#417,#8961,.T.);
#8959=EDGE_CURVE('',#417,#415,#8962,.T.);
#8960=LINE('',#414,#8963);
#8961=LINE('',#440,#8964);
#8962=LINE('',#416,#8965);
#8963=VECTOR('',#8966,1.0);
#8964=VECTOR('',#8967,1.0);
#8965=VECTOR('',#8968,1.0);
#8966=DIRECTION('',(0,0,1));
#8967=DIRECTION('',(0.03776517523454398,0.04921600882722542,-0.9980739331405377));
#8968=DIRECTION('',(-0.6087655220797654,-0.7933501995505835,0));
#8969=FACE_SURFACE('',(#8974),#8970,.T.);
#8970=PLANE('',#8971);
#8971=AXIS2_PLACEMENT_3D('',#416,#8972,#8973);
#8972=DIRECTION('',(-0.7933501995505835,0.6087655220797653,0));
#8973=DIRECTION('',(-0.03776517523454398,-0.04921600882722542,0.9980739331405377));
#8974=FACE_BOUND('',#8975,.T.);
#8975=EDGE_LOOP('',(#8976,#8977,#8978));
#8976=ORIENTED_EDGE('',*,*,#8979,.T.);
#8977=ORIENTED_EDGE('',*,*,#8980,.T.);
#8978=ORIENTED_EDGE('',*,*,#8981,.T.);
#8979=EDGE_CURVE('',#417,#441,#8982,.F.);
#8980=EDGE_CURVE('',#441,#439,#8983,.T.);
#8981=EDGE_CURVE('',#439,#417,#8984,.T.);
#8982=LINE('',#416,#8985);
#8983=LINE('',#440,#8986);
#8984=LINE('',#438,#8987);
#8985=VECTOR('',#8988,1.0);
#8986=VECTOR('',#8989,1.0);
#8987=VECTOR('',#8990,1.0);
#8988=DIRECTION('',(-0.03776517523454398,-0.04921600882722542,0.9980739331405377));
#8989=DIRECTION('',(0.6087655220797654,0.7933501995505835,0));
#8990=DIRECTION('',(0,0,-1));
#8991=FACE_SURFACE('',(#8996),#8992,.T.);
#8992=PLANE('',#8993);
#8993=AXIS2_PLACEMENT_3D('',#416,#8994,#8995);
#8994=DIRECTION('',(-0.9238810644258714,0.3826797339751855,0));
#8995=DIRECTION('',(0,0,1));
#8996=FACE_BOUND('',#8997,.T.);
#8997=EDGE_LOOP('',(#8998,#8999,#9000));
#8998=ORIENTED_EDGE('',*,*,#9001,.T.);
#8999=ORIENTED_EDGE('',*,*,#9002,.T.);
#9000=ORIENTED_EDGE('',*,*,#9003,.T.);
#9001=EDGE_CURVE('',#417,#439,#9004,.F.);
#9002=EDGE_CURVE('',#439,#363,#9005,.T.);
#9003=EDGE_CURVE('',#363,#417,#9006,.T.);
#9004=LINE('',#416,#9007);
#9005=LINE('',#438,#9008);
#9006=LINE('',#362,#9009);
#9007=VECTOR('',#9010,1.0);
#9008=VECTOR('',#9011,1.0);
#9009=VECTOR('',#9012,1.0);
#9010=DIRECTION('',(0,0,1));
#9011=DIRECTION('',(0.02373966465740356,0.05731326930999027,-0.9980739539147159));
#9012=DIRECTION('',(-0.3826797339751855,-0.9238810644258714,0));
#9013=FACE_SURFACE('',(#9018),#9014,.T.);
#9014=PLANE('',#9015);
#9015=AXIS2_PLACEMENT_3D('',#362,#9016,#9017);
#9016=DIRECTION('',(-0.9238810644258714,0.3826797339751855,0));
#9017=DIRECTION('',(-0.02373966465740356,-0.05731326930999027,0.9980739539147159));
#9018=FACE_BOUND('',#9019,.T.);
#9019=EDGE_LOOP('',(#9020,#9021,#9022));
#9020=ORIENTED_EDGE('',*,*,#9023,.T.);
#9021=ORIENTED_EDGE('',*,*,#9024,.T.);
#9022=ORIENTED_EDGE('',*,*,#9025,.T.);
#9023=EDGE_CURVE('',#363,#439,#9026,.F.);
#9024=EDGE_CURVE('',#439,#437,#9027,.T.);
#9025=EDGE_CURVE('',#437,#363,#9028,.T.);
#9026=LINE('',#362,#9029);
#9027=LINE('',#438,#9030);
#9028=LINE('',#436,#9031);
#9029=VECTOR('',#9032,1.0);
#9030=VECTOR('',#9033,1.0);
#9031=VECTOR('',#9034,1.0);
#9032=DIRECTION('',(-0.02373966465740356,-0.05731326930999027,0.9980739539147159));
#9033=DIRECTION('',(0.3826797339751855,0.9238810644258714,0));
#9034=DIRECTION('',(0,0,-1));
#9035=FACE_SURFACE('',(#9040),#9036,.T.);
#9036=PLANE('',#9037);
#9037=AXIS2_PLACEMENT_3D('',#362,#9038,#9039);
#9038=DIRECTION('',(-0.9914436135194159,0.13053567026511576,0));
#9039=DIRECTION('',(0,0,1));
#9040=FACE_BOUND('',#9041,.T.);
#9041=EDGE_LOOP('',(#9042,#9043,#9044));
#9042=ORIENTED_EDGE('',*,*,#9045,.T.);
#9043=ORIENTED_EDGE('',*,*,#9046,.T.);
#9044=ORIENTED_EDGE('',*,*,#9047,.T.);
#9045=EDGE_CURVE('',#363,#437,#9048,.F.);
#9046=EDGE_CURVE('',#437,#365,#9049,.T.);
#9047=EDGE_CURVE('',#365,#363,#9050,.T.);
#9048=LINE('',#362,#9051);
#9049=LINE('',#436,#9052);
#9050=LINE('',#364,#9053);
#9051=VECTOR('',#9054,1.0);
#9052=VECTOR('',#9055,1.0);
#9053=VECTOR('',#9056,1.0);
#9054=DIRECTION('',(0,0,1));
#9055=DIRECTION('',(0.008097847182440958,0.06150471251253712,-0.9980739427566276));
#9056=DIRECTION('',(-0.13053567026511576,-0.9914436135194159,0));
#9057=FACE_SURFACE('',(#9062),#9058,.T.);
#9058=PLANE('',#9059);
#9059=AXIS2_PLACEMENT_3D('',#364,#9060,#9061);
#9060=DIRECTION('',(-0.9914436135194159,0.13053567026511576,0));
#9061=DIRECTION('',(-0.008097847182440958,-0.06150471251253712,0.9980739427566276));
#9062=FACE_BOUND('',#9063,.T.);
#9063=EDGE_LOOP('',(#9064,#9065,#9066));
#9064=ORIENTED_EDGE('',*,*,#9067,.T.);
#9065=ORIENTED_EDGE('',*,*,#9068,.T.);
#9066=ORIENTED_EDGE('',*,*,#9069,.T.);
#9067=EDGE_CURVE('',#365,#437,#9070,.F.);
#9068=EDGE_CURVE('',#437,#435,#9071,.T.);
#9069=EDGE_CURVE('',#435,#365,#9072,.T.);
#9070=LINE('',#364,#9073);
#9071=LINE('',#436,#9074);
#9072=LINE('',#434,#9075);
#9073=VECTOR('',#9076,1.0);
#9074=VECTOR('',#9077,1.0);
#9075=VECTOR('',#9078,1.0);
#9076=DIRECTION('',(-0.008097847182440958,-0.06150471251253712,0.9980739427566276));
#9077=DIRECTION('',(0.13053567026511576,0.9914436135194159,0));
#9078=DIRECTION('',(0,0,-1));
#9079=FACE_SURFACE('',(#9084),#9080,.T.);
#9080=PLANE('',#9081);
#9081=AXIS2_PLACEMENT_3D('',#446,#9082,#9083);
#9082=DIRECTION('',(0,1,0));
#9083=DIRECTION('',(0,0,-1));
#9084=FACE_BOUND('',#9085,.T.);
#9085=EDGE_LOOP('',(#9086,#9087,#9088));
#9086=ORIENTED_EDGE('',*,*,#9089,.T.);
#9087=ORIENTED_EDGE('',*,*,#9090,.T.);
#9088=ORIENTED_EDGE('',*,*,#9091,.T.);
#9089=EDGE_CURVE('',#447,#409,#9092,.F.);
#9090=EDGE_CURVE('',#409,#449,#9093,.T.);
#9091=EDGE_CURVE('',#449,#447,#9094,.T.);
#9092=LINE('',#446,#9095);
#9093=LINE('',#408,#9096);
#9094=LINE('',#448,#9097);
#9095=VECTOR('',#9098,1.0);
#9096=VECTOR('',#9099,1.0);
#9097=VECTOR('',#9100,1.0);
#9098=DIRECTION('',(0,0,-1));
#9099=DIRECTION('',(-0.42993256179498945,0,0.9028610038695866));
#9100=DIRECTION('',(1,0,0));
#9101=FACE_SURFACE('',(#9106),#9102,.T.);
#9102=PLANE('',#9103);
#9103=AXIS2_PLACEMENT_3D('',#448,#9104,#9105);
#9104=DIRECTION('',(2.6645352591003757E-15,1,1.2688226261055486E-15));
#9105=DIRECTION('',(0.42993256179498945,0,-0.9028610038695866));
#9106=FACE_BOUND('',#9107,.T.);
#9107=EDGE_LOOP('',(#9108,#9109,#9110));
#9108=ORIENTED_EDGE('',*,*,#9111,.T.);
#9109=ORIENTED_EDGE('',*,*,#9112,.T.);
#9110=ORIENTED_EDGE('',*,*,#9113,.T.);
#9111=EDGE_CURVE('',#449,#409,#9114,.F.);
#9112=EDGE_CURVE('',#409,#407,#9115,.T.);
#9113=EDGE_CURVE('',#407,#449,#9116,.T.);
#9114=LINE('',#448,#9117);
#9115=LINE('',#408,#9118);
#9116=LINE('',#406,#9119);
#9117=VECTOR('',#9120,1.0);
#9118=VECTOR('',#9121,1.0);
#9119=VECTOR('',#9122,1.0);
#9120=DIRECTION('',(0.42993256179498945,0,-0.9028610038695866));
#9121=DIRECTION('',(-1,2.6645352591003757E-15,0));
#9122=DIRECTION('',(0,-1.2688226261055486E-15,1));
#9123=FACE_SURFACE('',(#9128),#9124,.T.);
#9124=PLANE('',#9125);
#9125=AXIS2_PLACEMENT_3D('',#380,#9126,#9127);
#9126=DIRECTION('',(0.13052104055558153,-0.9914455395896883,0));
#9127=DIRECTION('',(0,0,1));
#9128=FACE_BOUND('',#9129,.T.);
#9129=EDGE_LOOP('',(#9130,#9131,#9132));
#9130=ORIENTED_EDGE('',*,*,#9133,.T.);
#9131=ORIENTED_EDGE('',*,*,#9134,.T.);
#9132=ORIENTED_EDGE('',*,*,#9135,.T.);
#9133=EDGE_CURVE('',#381,#475,#9136,.F.);
#9134=EDGE_CURVE('',#475,#383,#9137,.T.);
#9135=EDGE_CURVE('',#383,#381,#9138,.T.);
#9136=LINE('',#380,#9139);
#9137=LINE('',#474,#9140);
#9138=LINE('',#382,#9141);
#9139=VECTOR('',#9142,1.0);
#9140=VECTOR('',#9143,1.0);
#9141=VECTOR('',#9144,1.0);
#9142=DIRECTION('',(0,0,1));
#9143=DIRECTION('',(-0.0615048399596405,-0.008096940669135553,-0.9980739422574559));
#9144=DIRECTION('',(0.9914455395896884,0.13052104055558156,0));
#9145=FACE_SURFACE('',(#9150),#9146,.T.);
#9146=PLANE('',#9147);
#9147=AXIS2_PLACEMENT_3D('',#382,#9148,#9149);
#9148=DIRECTION('',(0.13052104055558153,-0.9914455395896883,0));
#9149=DIRECTION('',(0.0615048399596405,0.008096940669135553,0.9980739422574559));
#9150=FACE_BOUND('',#9151,.T.);
#9151=EDGE_LOOP('',(#9152,#9153,#9154));
#9152=ORIENTED_EDGE('',*,*,#9155,.T.);
#9153=ORIENTED_EDGE('',*,*,#9156,.T.);
#9154=ORIENTED_EDGE('',*,*,#9157,.T.);
#9155=EDGE_CURVE('',#383,#475,#9158,.F.);
#9156=EDGE_CURVE('',#475,#473,#9159,.T.);
#9157=EDGE_CURVE('',#473,#383,#9160,.T.);
#9158=LINE('',#382,#9161);
#9159=LINE('',#474,#9162);
#9160=LINE('',#472,#9163);
#9161=VECTOR('',#9164,1.0);
#9162=VECTOR('',#9165,1.0);
#9163=VECTOR('',#9166,1.0);
#9164=DIRECTION('',(0.0615048399596405,0.008096940669135553,0.9980739422574559));
#9165=DIRECTION('',(-0.9914455395896884,-0.13052104055558156,0));
#9166=DIRECTION('',(0,0,-1));
#9167=FACE_SURFACE('',(#9172),#9168,.T.);
#9168=PLANE('',#9169);
#9169=AXIS2_PLACEMENT_3D('',#382,#9170,#9171);
#9170=DIRECTION('',(0.38268669689617013,-0.9238781802914814,0));
#9171=DIRECTION('',(0,0,1));
#9172=FACE_BOUND('',#9173,.T.);
#9173=EDGE_LOOP('',(#9174,#9175,#9176));
#9174=ORIENTED_EDGE('',*,*,#9177,.T.);
#9175=ORIENTED_EDGE('',*,*,#9178,.T.);
#9176=ORIENTED_EDGE('',*,*,#9179,.T.);
#9177=EDGE_CURVE('',#383,#473,#9180,.F.);
#9178=EDGE_CURVE('',#473,#385,#9181,.T.);
#9179=EDGE_CURVE('',#385,#383,#9182,.T.);
#9180=LINE('',#382,#9183);
#9181=LINE('',#472,#9184);
#9182=LINE('',#384,#9185);
#9183=VECTOR('',#9186,1.0);
#9184=VECTOR('',#9187,1.0);
#9185=VECTOR('',#9188,1.0);
#9186=DIRECTION('',(0,0,1));
#9187=DIRECTION('',(-0.057313141634162255,-0.02374011783003698,-0.9980739504673181));
#9188=DIRECTION('',(0.9238781802914813,0.3826866968961701,0));
#9189=FACE_SURFACE('',(#9194),#9190,.T.);
#9190=PLANE('',#9191);
#9191=AXIS2_PLACEMENT_3D('',#384,#9192,#9193);
#9192=DIRECTION('',(0.38268669689617013,-0.9238781802914814,0));
#9193=DIRECTION('',(0.057313141634162255,0.02374011783003698,0.9980739504673181));
#9194=FACE_BOUND('',#9195,.T.);
#9195=EDGE_LOOP('',(#9196,#9197,#9198));
#9196=ORIENTED_EDGE('',*,*,#9199,.T.);
#9197=ORIENTED_EDGE('',*,*,#9200,.T.);
#9198=ORIENTED_EDGE('',*,*,#9201,.T.);
#9199=EDGE_CURVE('',#385,#473,#9202,.F.);
#9200=EDGE_CURVE('',#473,#471,#9203,.T.);
#9201=EDGE_CURVE('',#471,#385,#9204,.T.);
#9202=LINE('',#384,#9205);
#9203=LINE('',#472,#9206);
#9204=LINE('',#470,#9207);
#9205=VECTOR('',#9208,1.0);
#9206=VECTOR('',#9209,1.0);
#9207=VECTOR('',#9210,1.0);
#9208=DIRECTION('',(0.057313141634162255,0.02374011783003698,0.9980739504673181));
#9209=DIRECTION('',(-0.9238781802914813,-0.3826866968961701,0));
#9210=DIRECTION('',(0,0,-1));
#9211=FACE_SURFACE('',(#9216),#9212,.T.);
#9212=PLANE('',#9213);
#9213=AXIS2_PLACEMENT_3D('',#384,#9214,#9215);
#9214=DIRECTION('',(0.6087594347226258,-0.793354870556795,0));
#9215=DIRECTION('',(0,0,1));
#9216=FACE_BOUND('',#9217,.T.);
#9217=EDGE_LOOP('',(#9218,#9219,#9220));
#9218=ORIENTED_EDGE('',*,*,#9221,.T.);
#9219=ORIENTED_EDGE('',*,*,#9222,.T.);
#9220=ORIENTED_EDGE('',*,*,#9223,.T.);
#9221=EDGE_CURVE('',#385,#471,#9224,.F.);
#9222=EDGE_CURVE('',#471,#387,#9225,.T.);
#9223=EDGE_CURVE('',#387,#385,#9226,.T.);
#9224=LINE('',#384,#9227);
#9225=LINE('',#470,#9228);
#9226=LINE('',#386,#9229);
#9227=VECTOR('',#9230,1.0);
#9228=VECTOR('',#9231,1.0);
#9229=VECTOR('',#9232,1.0);
#9230=DIRECTION('',(0,0,1));
#9231=DIRECTION('',(-0.04921620042328921,-0.03776472227094262,-0.9980739408318869));
#9232=DIRECTION('',(0.793354870556795,0.6087594347226258,0));
#9233=FACE_SURFACE('',(#9238),#9234,.T.);
#9234=PLANE('',#9235);
#9235=AXIS2_PLACEMENT_3D('',#386,#9236,#9237);
#9236=DIRECTION('',(0.6087594347226258,-0.793354870556795,0));
#9237=DIRECTION('',(0.04921620042328921,0.03776472227094262,0.9980739408318869));
#9238=FACE_BOUND('',#9239,.T.);
#9239=EDGE_LOOP('',(#9240,#9241,#9242));
#9240=ORIENTED_EDGE('',*,*,#9243,.T.);
#9241=ORIENTED_EDGE('',*,*,#9244,.T.);
#9242=ORIENTED_EDGE('',*,*,#9245,.T.);
#9243=EDGE_CURVE('',#387,#471,#9246,.F.);
#9244=EDGE_CURVE('',#471,#469,#9247,.T.);
#9245=EDGE_CURVE('',#469,#387,#9248,.T.);
#9246=LINE('',#386,#9249);
#9247=LINE('',#470,#9250);
#9248=LINE('',#468,#9251);
#9249=VECTOR('',#9252,1.0);
#9250=VECTOR('',#9253,1.0);
#9251=VECTOR('',#9254,1.0);
#9252=DIRECTION('',(0.04921620042328921,0.03776472227094262,0.9980739408318869));
#9253=DIRECTION('',(-0.793354870556795,-0.6087594347226258,0));
#9254=DIRECTION('',(0,0,-1));
#9255=FACE_SURFACE('',(#9260),#9256,.T.);
#9256=PLANE('',#9257);
#9257=AXIS2_PLACEMENT_3D('',#386,#9258,#9259);
#9258=DIRECTION('',(0.793351341858218,-0.6087640334084831,0));
#9259=DIRECTION('',(0,0,1));
#9260=FACE_BOUND('',#9261,.T.);
#9261=EDGE_LOOP('',(#9262,#9263,#9264));
#9262=ORIENTED_EDGE('',*,*,#9265,.T.);
#9263=ORIENTED_EDGE('',*,*,#9266,.T.);
#9264=ORIENTED_EDGE('',*,*,#9267,.T.);
#9265=EDGE_CURVE('',#387,#469,#9268,.F.);
#9266=EDGE_CURVE('',#469,#389,#9269,.T.);
#9267=EDGE_CURVE('',#389,#387,#9270,.T.);
#9268=LINE('',#386,#9271);
#9269=LINE('',#468,#9272);
#9270=LINE('',#388,#9273);
#9271=VECTOR('',#9274,1.0);
#9272=VECTOR('',#9275,1.0);
#9273=VECTOR('',#9276,1.0);
#9274=DIRECTION('',(0,0,1));
#9275=DIRECTION('',(-0.037765174879137976,-0.04921619958084875,-0.9980739237477183));
#9276=DIRECTION('',(0.6087640334084832,0.7933513418582181,0));
#9277=FACE_SURFACE('',(#9282),#9278,.T.);
#9278=PLANE('',#9279);
#9279=AXIS2_PLACEMENT_3D('',#388,#9280,#9281);
#9280=DIRECTION('',(0.793351341858218,-0.6087640334084831,0));
#9281=DIRECTION('',(0.037765174879137976,0.04921619958084875,0.9980739237477183));
#9282=FACE_BOUND('',#9283,.T.);
#9283=EDGE_LOOP('',(#9284,#9285,#9286));
#9284=ORIENTED_EDGE('',*,*,#9287,.T.);
#9285=ORIENTED_EDGE('',*,*,#9288,.T.);
#9286=ORIENTED_EDGE('',*,*,#9289,.T.);
#9287=EDGE_CURVE('',#389,#469,#9290,.F.);
#9288=EDGE_CURVE('',#469,#467,#9291,.T.);
#9289=EDGE_CURVE('',#467,#389,#9292,.T.);
#9290=LINE('',#388,#9293);
#9291=LINE('',#468,#9294);
#9292=LINE('',#466,#9295);
#9293=VECTOR('',#9296,1.0);
#9294=VECTOR('',#9297,1.0);
#9295=VECTOR('',#9298,1.0);
#9296=DIRECTION('',(0.037765174879137976,0.04921619958084875,0.9980739237477183));
#9297=DIRECTION('',(-0.6087640334084832,-0.7933513418582181,0));
#9298=DIRECTION('',(0,0,-1));
#9299=FACE_SURFACE('',(#9304),#9300,.T.);
#9300=PLANE('',#9301);
#9301=AXIS2_PLACEMENT_3D('',#388,#9302,#9303);
#9302=DIRECTION('',(0.9238807634942465,-0.3826804604958137,0));
#9303=DIRECTION('',(0,0,1));
#9304=FACE_BOUND('',#9305,.T.);
#9305=EDGE_LOOP('',(#9306,#9307,#9308));
#9306=ORIENTED_EDGE('',*,*,#9309,.T.);
#9307=ORIENTED_EDGE('',*,*,#9310,.T.);
#9308=ORIENTED_EDGE('',*,*,#9311,.T.);
#9309=EDGE_CURVE('',#389,#467,#9312,.F.);
#9310=EDGE_CURVE('',#467,#391,#9313,.T.);
#9311=EDGE_CURVE('',#391,#389,#9314,.T.);
#9312=LINE('',#388,#9315);
#9313=LINE('',#466,#9316);
#9314=LINE('',#390,#9317);
#9315=VECTOR('',#9318,1.0);
#9316=VECTOR('',#9319,1.0);
#9317=VECTOR('',#9320,1.0);
#9318=DIRECTION('',(0,0,1));
#9319=DIRECTION('',(-0.023739664830849477,-0.057313142250864035,-0.9980739612068092));
#9320=DIRECTION('',(0.3826804604958138,0.9238807634942466,0));
#9321=FACE_SURFACE('',(#9326),#9322,.T.);
#9322=PLANE('',#9323);
#9323=AXIS2_PLACEMENT_3D('',#390,#9324,#9325);
#9324=DIRECTION('',(0.9238807634942465,-0.3826804604958137,0));
#9325=DIRECTION('',(0.023739664830849477,0.057313142250864035,0.9980739612068092));
#9326=FACE_BOUND('',#9327,.T.);
#9327=EDGE_LOOP('',(#9328,#9329,#9330));
#9328=ORIENTED_EDGE('',*,*,#9331,.T.);
#9329=ORIENTED_EDGE('',*,*,#9332,.T.);
#9330=ORIENTED_EDGE('',*,*,#9333,.T.);
#9331=EDGE_CURVE('',#391,#467,#9334,.F.);
#9332=EDGE_CURVE('',#467,#465,#9335,.T.);
#9333=EDGE_CURVE('',#465,#391,#9336,.T.);
#9334=LINE('',#390,#9337);
#9335=LINE('',#466,#9338);
#9336=LINE('',#464,#9339);
#9337=VECTOR('',#9340,1.0);
#9338=VECTOR('',#9341,1.0);
#9339=VECTOR('',#9342,1.0);
#9340=DIRECTION('',(0.023739664830849477,0.057313142250864035,0.9980739612068092));
#9341=DIRECTION('',(-0.3826804604958138,-0.9238807634942466,0));
#9342=DIRECTION('',(0,0,-1));
#9343=FACE_SURFACE('',(#9348),#9344,.T.);
#9344=PLANE('',#9345);
#9345=AXIS2_PLACEMENT_3D('',#390,#9346,#9347);
#9346=DIRECTION('',(0.9914455395896883,-0.13052104055558153,0));
#9347=DIRECTION('',(0,0,1));
#9348=FACE_BOUND('',#9349,.T.);
#9349=EDGE_LOOP('',(#9350,#9351,#9352));
#9350=ORIENTED_EDGE('',*,*,#9353,.T.);
#9351=ORIENTED_EDGE('',*,*,#9354,.T.);
#9352=ORIENTED_EDGE('',*,*,#9355,.T.);
#9353=EDGE_CURVE('',#391,#465,#9356,.F.);
#9354=EDGE_CURVE('',#465,#393,#9357,.T.);
#9355=EDGE_CURVE('',#393,#391,#9358,.T.);
#9356=LINE('',#390,#9359);
#9357=LINE('',#464,#9360);
#9358=LINE('',#392,#9361);
#9359=VECTOR('',#9362,1.0);
#9360=VECTOR('',#9363,1.0);
#9361=VECTOR('',#9364,1.0);
#9362=DIRECTION('',(0,0,1));
#9363=DIRECTION('',(-0.008096940669135553,-0.0615048399596405,-0.9980739422574559));
#9364=DIRECTION('',(0.13052104055558156,0.9914455395896884,0));
#9365=FACE_SURFACE('',(#9370),#9366,.T.);
#9366=PLANE('',#9367);
#9367=AXIS2_PLACEMENT_3D('',#392,#9368,#9369);
#9368=DIRECTION('',(0.9914455395896883,-0.13052104055558153,0));
#9369=DIRECTION('',(0.008096940669135553,0.0615048399596405,0.9980739422574559));
#9370=FACE_BOUND('',#9371,.T.);
#9371=EDGE_LOOP('',(#9372,#9373,#9374));
#9372=ORIENTED_EDGE('',*,*,#9375,.T.);
#9373=ORIENTED_EDGE('',*,*,#9376,.T.);
#9374=ORIENTED_EDGE('',*,*,#9377,.T.);
#9375=EDGE_CURVE('',#393,#465,#9378,.F.);
#9376=EDGE_CURVE('',#465,#463,#9379,.T.);
#9377=EDGE_CURVE('',#463,#393,#9380,.T.);
#9378=LINE('',#392,#9381);
#9379=LINE('',#464,#9382);
#9380=LINE('',#462,#9383);
#9381=VECTOR('',#9384,1.0);
#9382=VECTOR('',#9385,1.0);
#9383=VECTOR('',#9386,1.0);
#9384=DIRECTION('',(0.008096940669135553,0.0615048399596405,0.9980739422574559));
#9385=DIRECTION('',(-0.13052104055558156,-0.9914455395896884,0));
#9386=DIRECTION('',(0,0,-1));
#9387=FACE_SURFACE('',(#9392),#9388,.T.);
#9388=PLANE('',#9389);
#9389=AXIS2_PLACEMENT_3D('',#394,#9390,#9391);
#9390=DIRECTION('',(0.9914455045825404,0.1305213064716716,-0));
#9391=DIRECTION('',(0,0,1));
#9392=FACE_BOUND('',#9393,.T.);
#9393=EDGE_LOOP('',(#9394,#9395,#9396));
#9394=ORIENTED_EDGE('',*,*,#9397,.T.);
#9395=ORIENTED_EDGE('',*,*,#9398,.T.);
#9396=ORIENTED_EDGE('',*,*,#9399,.T.);
#9397=EDGE_CURVE('',#395,#461,#9400,.F.);
#9398=EDGE_CURVE('',#461,#397,#9401,.T.);
#9399=EDGE_CURVE('',#397,#395,#9402,.T.);
#9400=LINE('',#394,#9403);
#9401=LINE('',#460,#9404);
#9402=LINE('',#396,#9405);
#9403=VECTOR('',#9406,1.0);
#9404=VECTOR('',#9407,1.0);
#9405=VECTOR('',#9408,1.0);
#9406=DIRECTION('',(0,0,1));
#9407=DIRECTION('',(0.008096940732619596,-0.06150471296400401,-0.9980739500828522));
#9408=DIRECTION('',(-0.13052130647167157,0.9914455045825402,0));
#9409=FACE_SURFACE('',(#9414),#9410,.T.);
#9410=PLANE('',#9411);
#9411=AXIS2_PLACEMENT_3D('',#396,#9412,#9413);
#9412=DIRECTION('',(0.9914455045825404,0.1305213064716716,-0));
#9413=DIRECTION('',(-0.008096940732619596,0.06150471296400401,0.9980739500828522));
#9414=FACE_BOUND('',#9415,.T.);
#9415=EDGE_LOOP('',(#9416,#9417,#9418));
#9416=ORIENTED_EDGE('',*,*,#9419,.T.);
#9417=ORIENTED_EDGE('',*,*,#9420,.T.);
#9418=ORIENTED_EDGE('',*,*,#9421,.T.);
#9419=EDGE_CURVE('',#397,#461,#9422,.F.);
#9420=EDGE_CURVE('',#461,#459,#9423,.T.);
#9421=EDGE_CURVE('',#459,#397,#9424,.T.);
#9422=LINE('',#396,#9425);
#9423=LINE('',#460,#9426);
#9424=LINE('',#458,#9427);
#9425=VECTOR('',#9428,1.0);
#9426=VECTOR('',#9429,1.0);
#9427=VECTOR('',#9430,1.0);
#9428=DIRECTION('',(-0.008096940732619596,0.06150471296400401,0.9980739500828522));
#9429=DIRECTION('',(0.13052130647167157,-0.9914455045825402,0));
#9430=DIRECTION('',(0,0,-1));
#9431=FACE_SURFACE('',(#9436),#9432,.T.);
#9432=PLANE('',#9433);
#9433=AXIS2_PLACEMENT_3D('',#396,#9434,#9435);
#9434=DIRECTION('',(0.9238810309891089,0.38267981469957524,-0));
#9435=DIRECTION('',(0,0,1));
#9436=FACE_BOUND('',#9437,.T.);
#9437=EDGE_LOOP('',(#9438,#9439,#9440));
#9438=ORIENTED_EDGE('',*,*,#9441,.T.);
#9439=ORIENTED_EDGE('',*,*,#9442,.T.);
#9440=ORIENTED_EDGE('',*,*,#9443,.T.);
#9441=EDGE_CURVE('',#397,#459,#9444,.F.);
#9442=EDGE_CURVE('',#459,#399,#9445,.T.);
#9443=EDGE_CURVE('',#399,#397,#9446,.T.);
#9444=LINE('',#396,#9447);
#9445=LINE('',#458,#9448);
#9446=LINE('',#398,#9449);
#9447=VECTOR('',#9450,1.0);
#9448=VECTOR('',#9451,1.0);
#9449=VECTOR('',#9452,1.0);
#9450=DIRECTION('',(0,0,1));
#9451=DIRECTION('',(0.02373966467667535,-0.05731325519230971,-0.9980739547249493));
#9452=DIRECTION('',(-0.3826798146995753,0.9238810309891089,0));
#9453=FACE_SURFACE('',(#9458),#9454,.T.);
#9454=PLANE('',#9455);
#9455=AXIS2_PLACEMENT_3D('',#398,#9456,#9457);
#9456=DIRECTION('',(0.9238810309891089,0.38267981469957524,-0));
#9457=DIRECTION('',(-0.02373966467667535,0.05731325519230971,0.9980739547249493));
#9458=FACE_BOUND('',#9459,.T.);
#9459=EDGE_LOOP('',(#9460,#9461,#9462));
#9460=ORIENTED_EDGE('',*,*,#9463,.T.);
#9461=ORIENTED_EDGE('',*,*,#9464,.T.);
#9462=ORIENTED_EDGE('',*,*,#9465,.T.);
#9463=EDGE_CURVE('',#399,#459,#9466,.F.);
#9464=EDGE_CURVE('',#459,#457,#9467,.T.);
#9465=EDGE_CURVE('',#457,#399,#9468,.T.);
#9466=LINE('',#398,#9469);
#9467=LINE('',#458,#9470);
#9468=LINE('',#456,#9471);
#9469=VECTOR('',#9472,1.0);
#9470=VECTOR('',#9473,1.0);
#9471=VECTOR('',#9474,1.0);
#9472=DIRECTION('',(-0.02373966467667535,0.05731325519230971,0.9980739547249493));
#9473=DIRECTION('',(0.3826798146995753,-0.9238810309891089,0));
#9474=DIRECTION('',(0,0,-1));
#9475=FACE_SURFACE('',(#9480),#9476,.T.);
#9476=PLANE('',#9477);
#9477=AXIS2_PLACEMENT_3D('',#398,#9478,#9479);
#9478=DIRECTION('',(0.7933502841662512,0.6087654118076423,-0));
#9479=DIRECTION('',(0,0,1));
#9480=FACE_BOUND('',#9481,.T.);
#9481=EDGE_LOOP('',(#9482,#9483,#9484));
#9482=ORIENTED_EDGE('',*,*,#9485,.T.);
#9483=ORIENTED_EDGE('',*,*,#9486,.T.);
#9484=ORIENTED_EDGE('',*,*,#9487,.T.);
#9485=EDGE_CURVE('',#399,#457,#9488,.F.);
#9486=EDGE_CURVE('',#457,#401,#9489,.T.);
#9487=EDGE_CURVE('',#401,#399,#9490,.T.);
#9488=LINE('',#398,#9491);
#9489=LINE('',#456,#9492);
#9490=LINE('',#400,#9493);
#9491=VECTOR('',#9494,1.0);
#9492=VECTOR('',#9495,1.0);
#9493=VECTOR('',#9496,1.0);
#9494=DIRECTION('',(0,0,1));
#9495=DIRECTION('',(0.037765175208217656,-0.04921602295712362,-0.9980739324447745));
#9496=DIRECTION('',(-0.6087654118076424,0.7933502841662512,0));
#9497=FACE_SURFACE('',(#9502),#9498,.T.);
#9498=PLANE('',#9499);
#9499=AXIS2_PLACEMENT_3D('',#400,#9500,#9501);
#9500=DIRECTION('',(0.7933502841662512,0.6087654118076423,-0));
#9501=DIRECTION('',(-0.037765175208217656,0.04921602295712362,0.9980739324447745));
#9502=FACE_BOUND('',#9503,.T.);
#9503=EDGE_LOOP('',(#9504,#9505,#9506));
#9504=ORIENTED_EDGE('',*,*,#9507,.T.);
#9505=ORIENTED_EDGE('',*,*,#9508,.T.);
#9506=ORIENTED_EDGE('',*,*,#9509,.T.);
#9507=EDGE_CURVE('',#401,#457,#9510,.F.);
#9508=EDGE_CURVE('',#457,#455,#9511,.T.);
#9509=EDGE_CURVE('',#455,#401,#9512,.T.);
#9510=LINE('',#400,#9513);
#9511=LINE('',#456,#9514);
#9512=LINE('',#454,#9515);
#9513=VECTOR('',#9516,1.0);
#9514=VECTOR('',#9517,1.0);
#9515=VECTOR('',#9518,1.0);
#9516=DIRECTION('',(-0.037765175208217656,0.04921602295712362,0.9980739324447745));
#9517=DIRECTION('',(0.6087654118076424,-0.7933502841662512,0));
#9518=DIRECTION('',(0,0,-1));
#9519=FACE_SURFACE('',(#9524),#9520,.T.);
#9520=PLANE('',#9521);
#9521=AXIS2_PLACEMENT_3D('',#400,#9522,#9523);
#9522=DIRECTION('',(0.6087600454891249,0.7933544019012426,-0));
#9523=DIRECTION('',(0,0,1));
#9524=FACE_BOUND('',#9525,.T.);
#9525=EDGE_LOOP('',(#9526,#9527,#9528));
#9526=ORIENTED_EDGE('',*,*,#9529,.T.);
#9527=ORIENTED_EDGE('',*,*,#9530,.T.);
#9528=ORIENTED_EDGE('',*,*,#9531,.T.);
#9529=EDGE_CURVE('',#401,#455,#9532,.F.);
#9530=EDGE_CURVE('',#455,#403,#9533,.T.);
#9531=EDGE_CURVE('',#403,#401,#9534,.T.);
#9532=LINE('',#400,#9535);
#9533=LINE('',#454,#9536);
#9534=LINE('',#402,#9537);
#9535=VECTOR('',#9538,1.0);
#9536=VECTOR('',#9539,1.0);
#9537=VECTOR('',#9540,1.0);
#9538=DIRECTION('',(0,0,1));
#9539=DIRECTION('',(0.049216200311403176,-0.037764782382969916,-0.9980739385629077));
#9540=DIRECTION('',(-0.7933544019012427,0.608760045489125,0));
#9541=FACE_SURFACE('',(#9546),#9542,.T.);
#9542=PLANE('',#9543);
#9543=AXIS2_PLACEMENT_3D('',#402,#9544,#9545);
#9544=DIRECTION('',(0.6087600454891249,0.7933544019012426,-0));
#9545=DIRECTION('',(-0.049216200311403176,0.037764782382969916,0.9980739385629077));
#9546=FACE_BOUND('',#9547,.T.);
#9547=EDGE_LOOP('',(#9548,#9549,#9550));
#9548=ORIENTED_EDGE('',*,*,#9551,.T.);
#9549=ORIENTED_EDGE('',*,*,#9552,.T.);
#9550=ORIENTED_EDGE('',*,*,#9553,.T.);
#9551=EDGE_CURVE('',#403,#455,#9554,.F.);
#9552=EDGE_CURVE('',#455,#453,#9555,.T.);
#9553=EDGE_CURVE('',#453,#403,#9556,.T.);
#9554=LINE('',#402,#9557);
#9555=LINE('',#454,#9558);
#9556=LINE('',#452,#9559);
#9557=VECTOR('',#9560,1.0);
#9558=VECTOR('',#9561,1.0);
#9559=VECTOR('',#9562,1.0);
#9560=DIRECTION('',(-0.049216200311403176,0.037764782382969916,0.9980739385629077));
#9561=DIRECTION('',(0.7933544019012427,-0.608760045489125,0));
#9562=DIRECTION('',(0,0,-1));
#9563=FACE_SURFACE('',(#9568),#9564,.T.);
#9564=PLANE('',#9565);
#9565=AXIS2_PLACEMENT_3D('',#402,#9566,#9567);
#9566=DIRECTION('',(0.3826841633648344,0.9238792297209396,-0));
#9567=DIRECTION('',(0,0,1));
#9568=FACE_BOUND('',#9569,.T.);
#9569=EDGE_LOOP('',(#9570,#9571,#9572));
#9570=ORIENTED_EDGE('',*,*,#9573,.T.);
#9571=ORIENTED_EDGE('',*,*,#9574,.T.);
#9572=ORIENTED_EDGE('',*,*,#9575,.T.);
#9573=EDGE_CURVE('',#403,#453,#9576,.F.);
#9574=EDGE_CURVE('',#453,#405,#9577,.T.);
#9575=EDGE_CURVE('',#405,#403,#9578,.T.);
#9576=LINE('',#402,#9579);
#9577=LINE('',#452,#9580);
#9578=LINE('',#404,#9581);
#9579=VECTOR('',#9582,1.0);
#9580=VECTOR('',#9583,1.0);
#9581=VECTOR('',#9584,1.0);
#9582=DIRECTION('',(0,0,1));
#9583=DIRECTION('',(0.057313141884698764,-0.02373993379911882,-0.998073954830261));
#9584=DIRECTION('',(-0.9238792297209396,0.3826841633648344,0));
#9585=FACE_SURFACE('',(#9590),#9586,.T.);
#9586=PLANE('',#9587);
#9587=AXIS2_PLACEMENT_3D('',#404,#9588,#9589);
#9588=DIRECTION('',(0.3826841633648344,0.9238792297209396,-0));
#9589=DIRECTION('',(-0.057313141884698764,0.02373993379911882,0.998073954830261));
#9590=FACE_BOUND('',#9591,.T.);
#9591=EDGE_LOOP('',(#9592,#9593,#9594));
#9592=ORIENTED_EDGE('',*,*,#9595,.T.);
#9593=ORIENTED_EDGE('',*,*,#9596,.T.);
#9594=ORIENTED_EDGE('',*,*,#9597,.T.);
#9595=EDGE_CURVE('',#405,#453,#9598,.F.);
#9596=EDGE_CURVE('',#453,#451,#9599,.T.);
#9597=EDGE_CURVE('',#451,#405,#9600,.T.);
#9598=LINE('',#404,#9601);
#9599=LINE('',#452,#9602);
#9600=LINE('',#450,#9603);
#9601=VECTOR('',#9604,1.0);
#9602=VECTOR('',#9605,1.0);
#9603=VECTOR('',#9606,1.0);
#9604=DIRECTION('',(-0.057313141884698764,0.02373993379911882,0.998073954830261));
#9605=DIRECTION('',(0.9238792297209396,-0.3826841633648344,0));
#9606=DIRECTION('',(0,0,-1));
#9607=FACE_SURFACE('',(#9612),#9608,.T.);
#9608=PLANE('',#9609);
#9609=AXIS2_PLACEMENT_3D('',#404,#9610,#9611);
#9610=DIRECTION('',(0.1305259220006158,0.9914448969488364,-0));
#9611=DIRECTION('',(0,0,1));
#9612=FACE_BOUND('',#9613,.T.);
#9613=EDGE_LOOP('',(#9614,#9615,#9616));
#9614=ORIENTED_EDGE('',*,*,#9617,.T.);
#9615=ORIENTED_EDGE('',*,*,#9618,.T.);
#9616=ORIENTED_EDGE('',*,*,#9619,.T.);
#9617=EDGE_CURVE('',#405,#451,#9620,.F.);
#9618=EDGE_CURVE('',#451,#407,#9621,.T.);
#9619=EDGE_CURVE('',#407,#405,#9622,.T.);
#9620=LINE('',#404,#9623);
#9621=LINE('',#450,#9624);
#9622=LINE('',#406,#9625);
#9623=VECTOR('',#9626,1.0);
#9624=VECTOR('',#9627,1.0);
#9625=VECTOR('',#9628,1.0);
#9626=DIRECTION('',(0,0,1));
#9627=DIRECTION('',(0.06150483980621766,-0.008097248720441012,-0.9980739397677764));
#9628=DIRECTION('',(-0.9914448969488365,0.1305259220006158,0));
#9629=FACE_SURFACE('',(#9634),#9630,.T.);
#9630=PLANE('',#9631);
#9631=AXIS2_PLACEMENT_3D('',#406,#9632,#9633);
#9632=DIRECTION('',(0.13052592200063587,0.9914448969488339,1.2579677177855643E-15));
#9633=DIRECTION('',(-0.06150483980621766,0.008097248720441012,0.9980739397677764));
#9634=FACE_BOUND('',#9635,.T.);
#9635=EDGE_LOOP('',(#9636,#9637,#9638));
#9636=ORIENTED_EDGE('',*,*,#9639,.T.);
#9637=ORIENTED_EDGE('',*,*,#9640,.T.);
#9638=ORIENTED_EDGE('',*,*,#9641,.T.);
#9639=EDGE_CURVE('',#407,#451,#9642,.F.);
#9640=EDGE_CURVE('',#451,#449,#9643,.T.);
#9641=EDGE_CURVE('',#449,#407,#9644,.T.);
#9642=LINE('',#406,#9645);
#9643=LINE('',#450,#9646);
#9644=LINE('',#448,#9647);
#9645=VECTOR('',#9648,1.0);
#9646=VECTOR('',#9649,1.0);
#9647=VECTOR('',#9650,1.0);
#9648=DIRECTION('',(-0.06150483980621766,0.008097248720441012,0.9980739397677764));
#9649=DIRECTION('',(0.991444896948834,-0.1305259220006359,0));
#9650=DIRECTION('',(0,1.2688226261055486E-15,-1));
#9651=FACE_SURFACE('',(#9656),#9652,.T.);
#9652=PLANE('',#9653);
#9653=AXIS2_PLACEMENT_3D('',#392,#9654,#9655);
#9654=DIRECTION('',(1,0,-0));
#9655=DIRECTION('',(0,0,1));
#9656=FACE_BOUND('',#9657,.T.);
#9657=EDGE_LOOP('',(#9658,#9659,#9660));
#9658=ORIENTED_EDGE('',*,*,#9661,.T.);
#9659=ORIENTED_EDGE('',*,*,#9662,.T.);
#9660=ORIENTED_EDGE('',*,*,#9663,.T.);
#9661=EDGE_CURVE('',#393,#463,#9664,.F.);
#9662=EDGE_CURVE('',#463,#395,#9665,.T.);
#9663=EDGE_CURVE('',#395,#393,#9666,.T.);
#9664=LINE('',#392,#9667);
#9665=LINE('',#462,#9668);
#9666=LINE('',#394,#9669);
#9667=VECTOR('',#9670,1.0);
#9668=VECTOR('',#9671,1.0);
#9669=VECTOR('',#9672,1.0);
#9670=DIRECTION('',(0,0,1));
#9671=DIRECTION('',(0,-0.9903416913427985,-0.1386482397590576));
#9672=DIRECTION('',(0,1,0));
#9673=FACE_SURFACE('',(#9678),#9674,.T.);
#9674=PLANE('',#9675);
#9675=AXIS2_PLACEMENT_3D('',#394,#9676,#9677);
#9676=DIRECTION('',(1,0,0));
#9677=DIRECTION('',(0,0.9903416913427985,0.1386482397590576));
#9678=FACE_BOUND('',#9679,.T.);
#9679=EDGE_LOOP('',(#9680,#9681,#9682));
#9680=ORIENTED_EDGE('',*,*,#9683,.T.);
#9681=ORIENTED_EDGE('',*,*,#9684,.T.);
#9682=ORIENTED_EDGE('',*,*,#9685,.T.);
#9683=EDGE_CURVE('',#395,#463,#9686,.F.);
#9684=EDGE_CURVE('',#463,#461,#9687,.T.);
#9685=EDGE_CURVE('',#461,#395,#9688,.T.);
#9686=LINE('',#394,#9689);
#9687=LINE('',#462,#9690);
#9688=LINE('',#460,#9691);
#9689=VECTOR('',#9692,1.0);
#9690=VECTOR('',#9693,1.0);
#9691=VECTOR('',#9694,1.0);
#9692=DIRECTION('',(0,0.9903416913427985,0.1386482397590576));
#9693=DIRECTION('',(0,-1,0));
#9694=DIRECTION('',(0,0,-1));
#9695=FACE_SURFACE('',(#9700),#9696,.T.);
#9696=PLANE('',#9697);
#9697=AXIS2_PLACEMENT_3D('',#432,#9698,#9699);
#9698=DIRECTION('',(-1,-0,-0));
#9699=DIRECTION('',(0,0,-1));
#9700=FACE_BOUND('',#9701,.T.);
#9701=EDGE_LOOP('',(#9702,#9703,#9704));
#9702=ORIENTED_EDGE('',*,*,#9705,.T.);
#9703=ORIENTED_EDGE('',*,*,#9706,.T.);
#9704=ORIENTED_EDGE('',*,*,#9707,.T.);
#9705=EDGE_CURVE('',#433,#367,#9708,.F.);
#9706=EDGE_CURVE('',#367,#435,#9709,.T.);
#9707=EDGE_CURVE('',#435,#433,#9710,.T.);
#9708=LINE('',#432,#9711);
#9709=LINE('',#366,#9712);
#9710=LINE('',#434,#9713);
#9711=VECTOR('',#9714,1.0);
#9712=VECTOR('',#9715,1.0);
#9713=VECTOR('',#9716,1.0);
#9714=DIRECTION('',(0,0,-1));
#9715=DIRECTION('',(0,-0.9903416913427985,0.1386482397590576));
#9716=DIRECTION('',(0,1,0));
#9717=FACE_SURFACE('',(#9722),#9718,.T.);
#9718=PLANE('',#9719);
#9719=AXIS2_PLACEMENT_3D('',#434,#9720,#9721);
#9720=DIRECTION('',(-1,0,0));
#9721=DIRECTION('',(0,0.9903416913427985,-0.1386482397590576));
#9722=FACE_BOUND('',#9723,.T.);
#9723=EDGE_LOOP('',(#9724,#9725,#9726));
#9724=ORIENTED_EDGE('',*,*,#9727,.T.);
#9725=ORIENTED_EDGE('',*,*,#9728,.T.);
#9726=ORIENTED_EDGE('',*,*,#9729,.T.);
#9727=EDGE_CURVE('',#435,#367,#9730,.F.);
#9728=EDGE_CURVE('',#367,#365,#9731,.T.);
#9729=EDGE_CURVE('',#365,#435,#9732,.T.);
#9730=LINE('',#434,#9733);
#9731=LINE('',#366,#9734);
#9732=LINE('',#364,#9735);
#9733=VECTOR('',#9736,1.0);
#9734=VECTOR('',#9737,1.0);
#9735=VECTOR('',#9738,1.0);
#9736=DIRECTION('',(0,0.9903416913427985,-0.1386482397590576));
#9737=DIRECTION('',(0,-1,0));
#9738=DIRECTION('',(0,0,1));
#9739=FACE_SURFACE('',(#9744),#9740,.T.);
#9740=PLANE('',#9741);
#9741=AXIS2_PLACEMENT_3D('',#486,#9742,#9743);
#9742=DIRECTION('',(-1,0,0));
#9743=DIRECTION('',(0,-1,0));
#9744=FACE_BOUND('',#9745,.T.);
#9745=EDGE_LOOP('',(#9746,#9747,#9748));
#9746=ORIENTED_EDGE('',*,*,#9749,.T.);
#9747=ORIENTED_EDGE('',*,*,#9750,.T.);
#9748=ORIENTED_EDGE('',*,*,#9751,.T.);
#9749=EDGE_CURVE('',#487,#489,#9752,.F.);
#9750=EDGE_CURVE('',#489,#491,#9753,.T.);
#9751=EDGE_CURVE('',#491,#487,#9754,.T.);
#9752=LINE('',#486,#9755);
#9753=LINE('',#488,#9756);
#9754=LINE('',#490,#9757);
#9755=VECTOR('',#9758,1.0);
#9756=VECTOR('',#9759,1.0);
#9757=VECTOR('',#9760,1.0);
#9758=DIRECTION('',(0,-1,0));
#9759=DIRECTION('',(0,-0.6848056424234863,0.728725759188569));
#9760=DIRECTION('',(0,0.7071065412162723,-0.7071070211567414));
#9761=FACE_SURFACE('',(#9766),#9762,.T.);
#9762=PLANE('',#9763);
#9763=AXIS2_PLACEMENT_3D('',#490,#9764,#9765);
#9764=DIRECTION('',(-1,0,0));
#9765=DIRECTION('',(0,0.6848056424234863,-0.728725759188569));
#9766=FACE_BOUND('',#9767,.T.);
#9767=EDGE_LOOP('',(#9768,#9769,#9770));
#9768=ORIENTED_EDGE('',*,*,#9771,.T.);
#9769=ORIENTED_EDGE('',*,*,#9772,.T.);
#9770=ORIENTED_EDGE('',*,*,#9773,.T.);
#9771=EDGE_CURVE('',#491,#489,#9774,.F.);
#9772=EDGE_CURVE('',#489,#493,#9775,.T.);
#9773=EDGE_CURVE('',#493,#491,#9776,.T.);
#9774=LINE('',#490,#9777);
#9775=LINE('',#488,#9778);
#9776=LINE('',#492,#9779);
#9777=VECTOR('',#9780,1.0);
#9778=VECTOR('',#9781,1.0);
#9779=VECTOR('',#9782,1.0);
#9780=DIRECTION('',(0,0.6848056424234863,-0.728725759188569));
#9781=DIRECTION('',(0,-0.7071066459956142,0.707106916377455));
#9782=DIRECTION('',(0,0,1));
#9783=FACE_SURFACE('',(#9788),#9784,.T.);
#9784=PLANE('',#9785);
#9785=AXIS2_PLACEMENT_3D('',#494,#9786,#9787);
#9786=DIRECTION('',(-0.5000052844533192,0.612370194540794,0.6123703620823149));
#9787=DIRECTION('',(0,-0.7071068779170239,0.7071066844560581));
#9788=FACE_BOUND('',#9789,.T.);
#9789=EDGE_LOOP('',(#9790,#9791,#9792));
#9790=ORIENTED_EDGE('',*,*,#9793,.T.);
#9791=ORIENTED_EDGE('',*,*,#9794,.T.);
#9792=ORIENTED_EDGE('',*,*,#9795,.T.);
#9793=EDGE_CURVE('',#495,#497,#9796,.F.);
#9794=EDGE_CURVE('',#497,#499,#9797,.T.);
#9795=EDGE_CURVE('',#499,#495,#9798,.T.);
#9796=LINE('',#494,#9799);
#9797=LINE('',#496,#9800);
#9798=LINE('',#498,#9801);
#9799=VECTOR('',#9802,1.0);
#9800=VECTOR('',#9803,1.0);
#9801=VECTOR('',#9804,1.0);
#9802=DIRECTION('',(0,-0.7071068779170239,0.7071066844560581));
#9803=DIRECTION('',(0.04452977114264735,0.7243509609071566,-0.6879918494538015));
#9804=DIRECTION('',(-0.7745923454022712,0,-0.6324608275966257));
#9805=FACE_SURFACE('',(#9810),#9806,.T.);
#9806=PLANE('',#9807);
#9807=AXIS2_PLACEMENT_3D('',#498,#9808,#9809);
#9808=DIRECTION('',(-0.5000052844533192,0.612370194540794,0.6123703620823149));
#9809=DIRECTION('',(-0.04452977114264735,-0.7243509609071566,0.6879918494538015));
#9810=FACE_BOUND('',#9811,.T.);
#9811=EDGE_LOOP('',(#9812,#9813,#9814));
#9812=ORIENTED_EDGE('',*,*,#9815,.T.);
#9813=ORIENTED_EDGE('',*,*,#9816,.T.);
#9814=ORIENTED_EDGE('',*,*,#9817,.T.);
#9815=EDGE_CURVE('',#499,#497,#9818,.F.);
#9816=EDGE_CURVE('',#497,#501,#9819,.T.);
#9817=EDGE_CURVE('',#501,#499,#9820,.T.);
#9818=LINE('',#498,#9821);
#9819=LINE('',#496,#9822);
#9820=LINE('',#500,#9823);
#9821=VECTOR('',#9824,1.0);
#9822=VECTOR('',#9825,1.0);
#9823=VECTOR('',#9826,1.0);
#9824=DIRECTION('',(-0.04452977114264735,-0.7243509609071566,0.6879918494538015));
#9825=DIRECTION('',(0.7745923454022712,0,0.6324608275966257));
#9826=DIRECTION('',(0,0.7071068779170239,-0.7071066844560581));
#9827=FACE_SURFACE('',(#9832),#9828,.T.);
#9828=PLANE('',#9829);
#9829=AXIS2_PLACEMENT_3D('',#498,#9830,#9831);
#9830=DIRECTION('',(-0.49999594040166245,-0.612374009239617,-0.6123741767821816));
#9831=DIRECTION('',(0,-0.7071068779170239,0.7071066844560581));
#9832=FACE_BOUND('',#9833,.T.);
#9833=EDGE_LOOP('',(#9834,#9835,#9836));
#9834=ORIENTED_EDGE('',*,*,#9837,.T.);
#9835=ORIENTED_EDGE('',*,*,#9838,.T.);
#9836=ORIENTED_EDGE('',*,*,#9839,.T.);
#9837=EDGE_CURVE('',#499,#501,#9840,.F.);
#9838=EDGE_CURVE('',#501,#503,#9841,.T.);
#9839=EDGE_CURVE('',#503,#499,#9842,.T.);
#9840=LINE('',#498,#9843);
#9841=LINE('',#500,#9844);
#9842=LINE('',#502,#9845);
#9843=VECTOR('',#9846,1.0);
#9844=VECTOR('',#9847,1.0);
#9845=VECTOR('',#9848,1.0);
#9846=DIRECTION('',(0,-0.7071068779170239,0.7071066844560581));
#9847=DIRECTION('',(-0.044529743387540385,0.7243505094240726,-0.6879923265930559));
#9848=DIRECTION('',(0.774600065804404,0,-0.632451372087857));
#9849=FACE_SURFACE('',(#9854),#9850,.T.);
#9850=PLANE('',#9851);
#9851=AXIS2_PLACEMENT_3D('',#502,#9852,#9853);
#9852=DIRECTION('',(-0.49999594040166245,-0.612374009239617,-0.6123741767821816));
#9853=DIRECTION('',(0.044529743387540385,-0.7243505094240726,0.6879923265930559));
#9854=FACE_BOUND('',#9855,.T.);
#9855=EDGE_LOOP('',(#9856,#9857,#9858));
#9856=ORIENTED_EDGE('',*,*,#9859,.T.);
#9857=ORIENTED_EDGE('',*,*,#9860,.T.);
#9858=ORIENTED_EDGE('',*,*,#9861,.T.);
#9859=EDGE_CURVE('',#503,#501,#9862,.F.);
#9860=EDGE_CURVE('',#501,#505,#9863,.T.);
#9861=EDGE_CURVE('',#505,#503,#9864,.T.);
#9862=LINE('',#502,#9865);
#9863=LINE('',#500,#9866);
#9864=LINE('',#504,#9867);
#9865=VECTOR('',#9868,1.0);
#9866=VECTOR('',#9869,1.0);
#9867=VECTOR('',#9870,1.0);
#9868=DIRECTION('',(0.044529743387540385,-0.7243505094240726,0.6879923265930559));
#9869=DIRECTION('',(-0.774600065804404,0,0.632451372087857));
#9870=DIRECTION('',(0,0.7071068779170239,-0.7071066844560581));
#9871=FACE_SURFACE('',(#9876),#9872,.T.);
#9872=PLANE('',#9873);
#9873=AXIS2_PLACEMENT_3D('',#506,#9874,#9875);
#9874=DIRECTION('',(-1,0,0));
#9875=DIRECTION('',(0,-1,0));
#9876=FACE_BOUND('',#9877,.T.);
#9877=EDGE_LOOP('',(#9878,#9879,#9880));
#9878=ORIENTED_EDGE('',*,*,#9881,.T.);
#9879=ORIENTED_EDGE('',*,*,#9882,.T.);
#9880=ORIENTED_EDGE('',*,*,#9883,.T.);
#9881=EDGE_CURVE('',#507,#509,#9884,.F.);
#9882=EDGE_CURVE('',#509,#511,#9885,.T.);
#9883=EDGE_CURVE('',#511,#507,#9886,.T.);
#9884=LINE('',#506,#9887);
#9885=LINE('',#508,#9888);
#9886=LINE('',#510,#9889);
#9887=VECTOR('',#9890,1.0);
#9888=VECTOR('',#9891,1.0);
#9889=VECTOR('',#9892,1.0);
#9890=DIRECTION('',(0,-1,0));
#9891=DIRECTION('',(0,-0.6802298350306137,0.7329988891766646));
#9892=DIRECTION('',(0,0.7071066968805503,-0.7071068654925348));
#9893=FACE_SURFACE('',(#9898),#9894,.T.);
#9894=PLANE('',#9895);
#9895=AXIS2_PLACEMENT_3D('',#510,#9896,#9897);
#9896=DIRECTION('',(-1,0,0));
#9897=DIRECTION('',(0,0.6802298350306137,-0.7329988891766646));
#9898=FACE_BOUND('',#9899,.T.);
#9899=EDGE_LOOP('',(#9900,#9901,#9902));
#9900=ORIENTED_EDGE('',*,*,#9903,.T.);
#9901=ORIENTED_EDGE('',*,*,#9904,.T.);
#9902=ORIENTED_EDGE('',*,*,#9905,.T.);
#9903=EDGE_CURVE('',#511,#509,#9906,.F.);
#9904=EDGE_CURVE('',#509,#513,#9907,.T.);
#9905=EDGE_CURVE('',#513,#511,#9908,.T.);
#9906=LINE('',#510,#9909);
#9907=LINE('',#508,#9910);
#9908=LINE('',#512,#9911);
#9909=VECTOR('',#9912,1.0);
#9910=VECTOR('',#9913,1.0);
#9911=VECTOR('',#9914,1.0);
#9912=DIRECTION('',(0,0.6802298350306137,-0.7329988891766646));
#9913=DIRECTION('',(0,-0.7071068356941775,0.7071067266789133));
#9914=DIRECTION('',(0,0,1));
#9915=FACE_SURFACE('',(#9920),#9916,.T.);
#9916=PLANE('',#9917);
#9917=AXIS2_PLACEMENT_3D('',#514,#9918,#9919);
#9918=DIRECTION('',(-1,0,0));
#9919=DIRECTION('',(0,-1,0));
#9920=FACE_BOUND('',#9921,.T.);
#9921=EDGE_LOOP('',(#9922,#9923,#9924));
#9922=ORIENTED_EDGE('',*,*,#9925,.T.);
#9923=ORIENTED_EDGE('',*,*,#9926,.T.);
#9924=ORIENTED_EDGE('',*,*,#9927,.T.);
#9925=EDGE_CURVE('',#515,#517,#9928,.F.);
#9926=EDGE_CURVE('',#517,#519,#9929,.T.);
#9927=EDGE_CURVE('',#519,#515,#9930,.T.);
#9928=LINE('',#514,#9931);
#9929=LINE('',#516,#9932);
#9930=LINE('',#518,#9933);
#9931=VECTOR('',#9934,1.0);
#9932=VECTOR('',#9935,1.0);
#9933=VECTOR('',#9936,1.0);
#9934=DIRECTION('',(0,-1,0));
#9935=DIRECTION('',(0,-0.6732951086279144,0.7393738544861623));
#9936=DIRECTION('',(0,0.7071069277115518,-0.7071066346615129));
#9937=FACE_SURFACE('',(#9942),#9938,.T.);
#9938=PLANE('',#9939);
#9939=AXIS2_PLACEMENT_3D('',#518,#9940,#9941);
#9940=DIRECTION('',(-1,0,0));
#9941=DIRECTION('',(0,0.6732951086279144,-0.7393738544861623));
#9942=FACE_BOUND('',#9943,.T.);
#9943=EDGE_LOOP('',(#9944,#9945,#9946));
#9944=ORIENTED_EDGE('',*,*,#9947,.T.);
#9945=ORIENTED_EDGE('',*,*,#9948,.T.);
#9946=ORIENTED_EDGE('',*,*,#9949,.T.);
#9947=EDGE_CURVE('',#519,#517,#9950,.F.);
#9948=EDGE_CURVE('',#517,#521,#9951,.T.);
#9949=EDGE_CURVE('',#521,#519,#9952,.T.);
#9950=LINE('',#518,#9953);
#9951=LINE('',#516,#9954);
#9952=LINE('',#520,#9955);
#9953=VECTOR('',#9956,1.0);
#9954=VECTOR('',#9957,1.0);
#9955=VECTOR('',#9958,1.0);
#9956=DIRECTION('',(0,0.6732951086279144,-0.7393738544861623));
#9957=DIRECTION('',(0,-0.7071064134029665,0.7071071489699371));
#9958=DIRECTION('',(0,0,1));
#9959=FACE_SURFACE('',(#9964),#9960,.T.);
#9960=PLANE('',#9961);
#9961=AXIS2_PLACEMENT_3D('',#522,#9962,#9963);
#9962=DIRECTION('',(-1,0,0));
#9963=DIRECTION('',(0,-1,0));
#9964=FACE_BOUND('',#9965,.T.);
#9965=EDGE_LOOP('',(#9966,#9967,#9968));
#9966=ORIENTED_EDGE('',*,*,#9969,.T.);
#9967=ORIENTED_EDGE('',*,*,#9970,.T.);
#9968=ORIENTED_EDGE('',*,*,#9971,.T.);
#9969=EDGE_CURVE('',#523,#525,#9972,.F.);
#9970=EDGE_CURVE('',#525,#527,#9973,.T.);
#9971=EDGE_CURVE('',#527,#523,#9974,.T.);
#9972=LINE('',#522,#9975);
#9973=LINE('',#524,#9976);
#9974=LINE('',#526,#9977);
#9975=VECTOR('',#9978,1.0);
#9976=VECTOR('',#9979,1.0);
#9977=VECTOR('',#9980,1.0);
#9978=DIRECTION('',(0,-1,0));
#9979=DIRECTION('',(0,-0.6615495221254937,0.7499014800462332));
#9980=DIRECTION('',(0,0.7071064224579239,-0.7071071399149891));
#9981=FACE_SURFACE('',(#9986),#9982,.T.);
#9982=PLANE('',#9983);
#9983=AXIS2_PLACEMENT_3D('',#526,#9984,#9985);
#9984=DIRECTION('',(-1,0,0));
#9985=DIRECTION('',(0,0.6615495221254937,-0.7499014800462332));
#9986=FACE_BOUND('',#9987,.T.);
#9987=EDGE_LOOP('',(#9988,#9989,#9990));
#9988=ORIENTED_EDGE('',*,*,#9991,.T.);
#9989=ORIENTED_EDGE('',*,*,#9992,.T.);
#9990=ORIENTED_EDGE('',*,*,#9993,.T.);
#9991=EDGE_CURVE('',#527,#525,#9994,.F.);
#9992=EDGE_CURVE('',#525,#529,#9995,.T.);
#9993=EDGE_CURVE('',#529,#527,#9996,.T.);
#9994=LINE('',#526,#9997);
#9995=LINE('',#524,#9998);
#9996=LINE('',#528,#9999);
#9997=VECTOR('',#10000,1.0);
#9998=VECTOR('',#10001,1.0);
#9999=VECTOR('',#10002,1.0);
#10000=DIRECTION('',(0,0.6615495221254937,-0.7499014800462332));
#10001=DIRECTION('',(0,-0.707106656067292,0.707106906305781));
#10002=DIRECTION('',(0,0,1));
#10003=FACE_SURFACE('',(#10008),#10004,.T.);
#10004=PLANE('',#10005);
#10005=AXIS2_PLACEMENT_3D('',#530,#10006,#10007);
#10006=DIRECTION('',(-1,0,0));
#10007=DIRECTION('',(0,-1,0));
#10008=FACE_BOUND('',#10009,.T.);
#10009=EDGE_LOOP('',(#10010,#10011,#10012));
#10010=ORIENTED_EDGE('',*,*,#10013,.T.);
#10011=ORIENTED_EDGE('',*,*,#10014,.T.);
#10012=ORIENTED_EDGE('',*,*,#10015,.T.);
#10013=EDGE_CURVE('',#531,#533,#10016,.F.);
#10014=EDGE_CURVE('',#533,#535,#10017,.T.);
#10015=EDGE_CURVE('',#535,#531,#10018,.T.);
#10016=LINE('',#530,#10019);
#10017=LINE('',#532,#10020);
#10018=LINE('',#534,#10021);
#10019=VECTOR('',#10022,1.0);
#10020=VECTOR('',#10023,1.0);
#10021=VECTOR('',#10024,1.0);
#10022=DIRECTION('',(0,-1,0));
#10023=DIRECTION('',(0,-0.6373798210365349,0.7705497801799923));
#10024=DIRECTION('',(0,0.7071067811865475,-0.7071067811865475));
#10025=FACE_SURFACE('',(#10030),#10026,.T.);
#10026=PLANE('',#10027);
#10027=AXIS2_PLACEMENT_3D('',#534,#10028,#10029);
#10028=DIRECTION('',(-1,0,0));
#10029=DIRECTION('',(0,0.6373798210365349,-0.7705497801799923));
#10030=FACE_BOUND('',#10031,.T.);
#10031=EDGE_LOOP('',(#10032,#10033,#10034));
#10032=ORIENTED_EDGE('',*,*,#10035,.T.);
#10033=ORIENTED_EDGE('',*,*,#10036,.T.);
#10034=ORIENTED_EDGE('',*,*,#10037,.T.);
#10035=EDGE_CURVE('',#535,#533,#10038,.F.);
#10036=EDGE_CURVE('',#533,#537,#10039,.T.);
#10037=EDGE_CURVE('',#537,#535,#10040,.T.);
#10038=LINE('',#534,#10041);
#10039=LINE('',#532,#10042);
#10040=LINE('',#536,#10043);
#10041=VECTOR('',#10044,1.0);
#10042=VECTOR('',#10045,1.0);
#10043=VECTOR('',#10046,1.0);
#10044=DIRECTION('',(0,0.6373798210365349,-0.7705497801799923));
#10045=DIRECTION('',(0,-0.7071071971364121,0.7071063652364382));
#10046=DIRECTION('',(0,0,1));
#10047=FACE_SURFACE('',(#10052),#10048,.T.);
#10048=PLANE('',#10049);
#10049=AXIS2_PLACEMENT_3D('',#538,#10050,#10051);
#10050=DIRECTION('',(-1,0,0));
#10051=DIRECTION('',(0,-1,0));
#10052=FACE_BOUND('',#10053,.T.);
#10053=EDGE_LOOP('',(#10054,#10055,#10056));
#10054=ORIENTED_EDGE('',*,*,#10057,.T.);
#10055=ORIENTED_EDGE('',*,*,#10058,.T.);
#10056=ORIENTED_EDGE('',*,*,#10059,.T.);
#10057=EDGE_CURVE('',#539,#541,#10060,.F.);
#10058=EDGE_CURVE('',#541,#543,#10061,.T.);
#10059=EDGE_CURVE('',#543,#539,#10062,.T.);
#10060=LINE('',#538,#10063);
#10061=LINE('',#540,#10064);
#10062=LINE('',#542,#10065);
#10063=VECTOR('',#10066,1.0);
#10064=VECTOR('',#10067,1.0);
#10065=VECTOR('',#10068,1.0);
#10066=DIRECTION('',(0,-1,0));
#10067=DIRECTION('',(0,-0.5599377192190903,0.8285347009001635));
#10068=DIRECTION('',(0,0.7071052839875864,-0.7071082783823385));
#10069=FACE_SURFACE('',(#10074),#10070,.T.);
#10070=PLANE('',#10071);
#10071=AXIS2_PLACEMENT_3D('',#542,#10072,#10073);
#10072=DIRECTION('',(-1,0,0));
#10073=DIRECTION('',(0,0.5599377192190903,-0.8285347009001635));
#10074=FACE_BOUND('',#10075,.T.);
#10075=EDGE_LOOP('',(#10076,#10077,#10078));
#10076=ORIENTED_EDGE('',*,*,#10079,.T.);
#10077=ORIENTED_EDGE('',*,*,#10080,.T.);
#10078=ORIENTED_EDGE('',*,*,#10081,.T.);
#10079=EDGE_CURVE('',#543,#541,#10082,.F.);
#10080=EDGE_CURVE('',#541,#545,#10083,.T.);
#10081=EDGE_CURVE('',#545,#543,#10084,.T.);
#10082=LINE('',#542,#10085);
#10083=LINE('',#540,#10086);
#10084=LINE('',#544,#10087);
#10085=VECTOR('',#10088,1.0);
#10086=VECTOR('',#10089,1.0);
#10087=VECTOR('',#10090,1.0);
#10088=DIRECTION('',(0,0.5599377192190903,-0.8285347009001635));
#10089=DIRECTION('',(0,-0.7071055313035189,0.7071080310673666));
#10090=DIRECTION('',(0,0,1));
#10091=FACE_SURFACE('',(#10096),#10092,.T.);
#10092=PLANE('',#10093);
#10093=AXIS2_PLACEMENT_3D('',#546,#10094,#10095);
#10094=DIRECTION('',(-1,0,0));
#10095=DIRECTION('',(0,0.70710234987003,-0.7071112124752951));
#10096=FACE_BOUND('',#10097,.T.);
#10097=EDGE_LOOP('',(#10098,#10099,#10100));
#10098=ORIENTED_EDGE('',*,*,#10101,.T.);
#10099=ORIENTED_EDGE('',*,*,#10102,.T.);
#10100=ORIENTED_EDGE('',*,*,#10103,.T.);
#10101=EDGE_CURVE('',#547,#549,#10104,.F.);
#10102=EDGE_CURVE('',#549,#551,#10105,.T.);
#10103=EDGE_CURVE('',#551,#547,#10106,.T.);
#10104=LINE('',#546,#10107);
#10105=LINE('',#548,#10108);
#10106=LINE('',#550,#10109);
#10107=VECTOR('',#10110,1.0);
#10108=VECTOR('',#10111,1.0);
#10109=VECTOR('',#10112,1.0);
#10110=DIRECTION('',(0,0.70710234987003,-0.7071112124752951));
#10111=DIRECTION('',(0,-1,0));
#10112=DIRECTION('',(0,0,1));
#10113=FACE_SURFACE('',(#10118),#10114,.T.);
#10114=PLANE('',#10115);
#10115=AXIS2_PLACEMENT_3D('',#552,#10116,#10117);
#10116=DIRECTION('',(-1,0,0));
#10117=DIRECTION('',(0,-0.7071066568188117,0.7071069055542615));
#10118=FACE_BOUND('',#10119,.T.);
#10119=EDGE_LOOP('',(#10120,#10121,#10122));
#10120=ORIENTED_EDGE('',*,*,#10123,.T.);
#10121=ORIENTED_EDGE('',*,*,#10124,.T.);
#10122=ORIENTED_EDGE('',*,*,#10125,.T.);
#10123=EDGE_CURVE('',#553,#555,#10126,.F.);
#10124=EDGE_CURVE('',#555,#495,#10127,.T.);
#10125=EDGE_CURVE('',#495,#553,#10128,.T.);
#10126=LINE('',#552,#10129);
#10127=LINE('',#554,#10130);
#10128=LINE('',#494,#10131);
#10129=VECTOR('',#10132,1.0);
#10130=VECTOR('',#10133,1.0);
#10131=VECTOR('',#10134,1.0);
#10132=DIRECTION('',(0,-0.7071066568188117,0.7071069055542615));
#10133=DIRECTION('',(0,0.7282638596479111,-0.6852968340294062));
#10134=DIRECTION('',(0,0,-1));
#10135=FACE_SURFACE('',(#10140),#10136,.T.);
#10136=PLANE('',#10137);
#10137=AXIS2_PLACEMENT_3D('',#494,#10138,#10139);
#10138=DIRECTION('',(-1,0,0));
#10139=DIRECTION('',(0,-0.7282638596479111,0.6852968340294062));
#10140=FACE_BOUND('',#10141,.T.);
#10141=EDGE_LOOP('',(#10142,#10143,#10144));
#10142=ORIENTED_EDGE('',*,*,#10145,.T.);
#10143=ORIENTED_EDGE('',*,*,#10146,.T.);
#10144=ORIENTED_EDGE('',*,*,#10147,.T.);
#10145=EDGE_CURVE('',#495,#555,#10148,.F.);
#10146=EDGE_CURVE('',#555,#497,#10149,.T.);
#10147=EDGE_CURVE('',#497,#495,#10150,.T.);
#10148=LINE('',#494,#10151);
#10149=LINE('',#554,#10152);
#10150=LINE('',#496,#10153);
#10151=VECTOR('',#10154,1.0);
#10152=VECTOR('',#10155,1.0);
#10153=VECTOR('',#10156,1.0);
#10154=DIRECTION('',(0,-0.7282638596479111,0.6852968340294062));
#10155=DIRECTION('',(0,0,1));
#10156=DIRECTION('',(0,0.7071068779170239,-0.7071066844560581));
#10157=FACE_SURFACE('',(#10162),#10158,.T.);
#10158=PLANE('',#10159);
#10159=AXIS2_PLACEMENT_3D('',#556,#10160,#10161);
#10160=DIRECTION('',(-1,-0,-0));
#10161=DIRECTION('',(0,0,-1));
#10162=FACE_BOUND('',#10163,.T.);
#10163=EDGE_LOOP('',(#10164,#10165,#10166));
#10164=ORIENTED_EDGE('',*,*,#10167,.T.);
#10165=ORIENTED_EDGE('',*,*,#10168,.T.);
#10166=ORIENTED_EDGE('',*,*,#10169,.T.);
#10167=EDGE_CURVE('',#557,#559,#10170,.F.);
#10168=EDGE_CURVE('',#559,#561,#10171,.T.);
#10169=EDGE_CURVE('',#561,#557,#10172,.T.);
#10170=LINE('',#556,#10173);
#10171=LINE('',#558,#10174);
#10172=LINE('',#560,#10175);
#10173=VECTOR('',#10176,1.0);
#10174=VECTOR('',#10177,1.0);
#10175=VECTOR('',#10178,1.0);
#10176=DIRECTION('',(0,0,-1));
#10177=DIRECTION('',(0,-0.5599391773975774,0.828533715436689));
#10178=DIRECTION('',(0,0.7071038601161007,-0.7071097022449274));
#10179=FACE_SURFACE('',(#10184),#10180,.T.);
#10180=PLANE('',#10181);
#10181=AXIS2_PLACEMENT_3D('',#560,#10182,#10183);
#10182=DIRECTION('',(-1,-0,-0));
#10183=DIRECTION('',(0,0.5599391773975774,-0.828533715436689));
#10184=FACE_BOUND('',#10185,.T.);
#10185=EDGE_LOOP('',(#10186,#10187,#10188));
#10186=ORIENTED_EDGE('',*,*,#10189,.T.);
#10187=ORIENTED_EDGE('',*,*,#10190,.T.);
#10188=ORIENTED_EDGE('',*,*,#10191,.T.);
#10189=EDGE_CURVE('',#561,#559,#10192,.F.);
#10190=EDGE_CURVE('',#559,#563,#10193,.T.);
#10191=EDGE_CURVE('',#563,#561,#10194,.T.);
#10192=LINE('',#560,#10195);
#10193=LINE('',#558,#10196);
#10194=LINE('',#562,#10197);
#10195=VECTOR('',#10198,1.0);
#10196=VECTOR('',#10199,1.0);
#10197=VECTOR('',#10200,1.0);
#10198=DIRECTION('',(0,0.5599391773975774,-0.828533715436689));
#10199=DIRECTION('',(0,-0.7071065534033351,0.7071070089696867));
#10200=DIRECTION('',(0,1,0));
#10201=FACE_SURFACE('',(#10206),#10202,.T.);
#10202=PLANE('',#10203);
#10203=AXIS2_PLACEMENT_3D('',#564,#10204,#10205);
#10204=DIRECTION('',(-1,-0,-0));
#10205=DIRECTION('',(0,0,-1));
#10206=FACE_BOUND('',#10207,.T.);
#10207=EDGE_LOOP('',(#10208,#10209,#10210));
#10208=ORIENTED_EDGE('',*,*,#10211,.T.);
#10209=ORIENTED_EDGE('',*,*,#10212,.T.);
#10210=ORIENTED_EDGE('',*,*,#10213,.T.);
#10211=EDGE_CURVE('',#565,#567,#10214,.F.);
#10212=EDGE_CURVE('',#567,#569,#10215,.T.);
#10213=EDGE_CURVE('',#569,#565,#10216,.T.);
#10214=LINE('',#564,#10217);
#10215=LINE('',#566,#10218);
#10216=LINE('',#568,#10219);
#10217=VECTOR('',#10220,1.0);
#10218=VECTOR('',#10221,1.0);
#10219=VECTOR('',#10222,1.0);
#10220=DIRECTION('',(0,0,-1));
#10221=DIRECTION('',(0,-0.6373791539861244,0.770550331947195));
#10222=DIRECTION('',(0,0.7071064386398077,-0.7071071237331216));
#10223=FACE_SURFACE('',(#10228),#10224,.T.);
#10224=PLANE('',#10225);
#10225=AXIS2_PLACEMENT_3D('',#568,#10226,#10227);
#10226=DIRECTION('',(-1,-0,-0));
#10227=DIRECTION('',(0,0.6373791539861244,-0.770550331947195));
#10228=FACE_BOUND('',#10229,.T.);
#10229=EDGE_LOOP('',(#10230,#10231,#10232));
#10230=ORIENTED_EDGE('',*,*,#10233,.T.);
#10231=ORIENTED_EDGE('',*,*,#10234,.T.);
#10232=ORIENTED_EDGE('',*,*,#10235,.T.);
#10233=EDGE_CURVE('',#569,#567,#10236,.F.);
#10234=EDGE_CURVE('',#567,#571,#10237,.T.);
#10235=EDGE_CURVE('',#571,#569,#10238,.T.);
#10236=LINE('',#568,#10239);
#10237=LINE('',#566,#10240);
#10238=LINE('',#570,#10241);
#10239=VECTOR('',#10242,1.0);
#10240=VECTOR('',#10243,1.0);
#10241=VECTOR('',#10244,1.0);
#10242=DIRECTION('',(0,0.6373791539861244,-0.770550331947195));
#10243=DIRECTION('',(0,-0.7071061740161831,0.7071073883563905));
#10244=DIRECTION('',(0,1,0));
#10245=FACE_SURFACE('',(#10250),#10246,.T.);
#10246=PLANE('',#10247);
#10247=AXIS2_PLACEMENT_3D('',#572,#10248,#10249);
#10248=DIRECTION('',(-1,-0,-0));
#10249=DIRECTION('',(0,0,-1));
#10250=FACE_BOUND('',#10251,.T.);
#10251=EDGE_LOOP('',(#10252,#10253,#10254));
#10252=ORIENTED_EDGE('',*,*,#10255,.T.);
#10253=ORIENTED_EDGE('',*,*,#10256,.T.);
#10254=ORIENTED_EDGE('',*,*,#10257,.T.);
#10255=EDGE_CURVE('',#573,#575,#10258,.F.);
#10256=EDGE_CURVE('',#575,#577,#10259,.T.);
#10257=EDGE_CURVE('',#577,#573,#10260,.T.);
#10258=LINE('',#572,#10261);
#10259=LINE('',#574,#10262);
#10260=LINE('',#576,#10263);
#10261=VECTOR('',#10264,1.0);
#10262=VECTOR('',#10265,1.0);
#10263=VECTOR('',#10266,1.0);
#10264=DIRECTION('',(0,0,-1));
#10265=DIRECTION('',(0,-0.6615490904622227,0.7499018608515423));
#10266=DIRECTION('',(0,0.7071061868703331,-0.7071073755022625));
#10267=FACE_SURFACE('',(#10272),#10268,.T.);
#10268=PLANE('',#10269);
#10269=AXIS2_PLACEMENT_3D('',#576,#10270,#10271);
#10270=DIRECTION('',(-1,-0,-0));
#10271=DIRECTION('',(0,0.6615490904622227,-0.7499018608515423));
#10272=FACE_BOUND('',#10273,.T.);
#10273=EDGE_LOOP('',(#10274,#10275,#10276));
#10274=ORIENTED_EDGE('',*,*,#10277,.T.);
#10275=ORIENTED_EDGE('',*,*,#10278,.T.);
#10276=ORIENTED_EDGE('',*,*,#10279,.T.);
#10277=EDGE_CURVE('',#577,#575,#10280,.F.);
#10278=EDGE_CURVE('',#575,#579,#10281,.T.);
#10279=EDGE_CURVE('',#579,#577,#10282,.T.);
#10280=LINE('',#576,#10283);
#10281=LINE('',#574,#10284);
#10282=LINE('',#578,#10285);
#10283=VECTOR('',#10286,1.0);
#10284=VECTOR('',#10287,1.0);
#10285=VECTOR('',#10288,1.0);
#10286=DIRECTION('',(0,0.6615490904622227,-0.7499018608515423));
#10287=DIRECTION('',(0,-0.7071060085405678,0.707107553831683));
#10288=DIRECTION('',(0,1,0));
#10289=FACE_SURFACE('',(#10294),#10290,.T.);
#10290=PLANE('',#10291);
#10291=AXIS2_PLACEMENT_3D('',#580,#10292,#10293);
#10292=DIRECTION('',(-1,-0,-0));
#10293=DIRECTION('',(0,0,-1));
#10294=FACE_BOUND('',#10295,.T.);
#10295=EDGE_LOOP('',(#10296,#10297,#10298));
#10296=ORIENTED_EDGE('',*,*,#10299,.T.);
#10297=ORIENTED_EDGE('',*,*,#10300,.T.);
#10298=ORIENTED_EDGE('',*,*,#10301,.T.);
#10299=EDGE_CURVE('',#581,#583,#10302,.F.);
#10300=EDGE_CURVE('',#583,#585,#10303,.T.);
#10301=EDGE_CURVE('',#585,#581,#10304,.T.);
#10302=LINE('',#580,#10305);
#10303=LINE('',#582,#10306);
#10304=LINE('',#584,#10307);
#10305=VECTOR('',#10308,1.0);
#10306=VECTOR('',#10309,1.0);
#10307=VECTOR('',#10310,1.0);
#10308=DIRECTION('',(0,0,-1));
#10309=DIRECTION('',(0,-0.6732947719249657,0.7393741610974165));
#10310=DIRECTION('',(0,0.7071067926797872,-0.7071067696933078));
#10311=FACE_SURFACE('',(#10316),#10312,.T.);
#10312=PLANE('',#10313);
#10313=AXIS2_PLACEMENT_3D('',#584,#10314,#10315);
#10314=DIRECTION('',(-1,-0,-0));
#10315=DIRECTION('',(0,0.6732947719249657,-0.7393741610974165));
#10316=FACE_BOUND('',#10317,.T.);
#10317=EDGE_LOOP('',(#10318,#10319,#10320));
#10318=ORIENTED_EDGE('',*,*,#10321,.T.);
#10319=ORIENTED_EDGE('',*,*,#10322,.T.);
#10320=ORIENTED_EDGE('',*,*,#10323,.T.);
#10321=EDGE_CURVE('',#585,#583,#10324,.F.);
#10322=EDGE_CURVE('',#583,#587,#10325,.T.);
#10323=EDGE_CURVE('',#587,#585,#10326,.T.);
#10324=LINE('',#584,#10327);
#10325=LINE('',#582,#10328);
#10326=LINE('',#586,#10329);
#10327=VECTOR('',#10330,1.0);
#10328=VECTOR('',#10331,1.0);
#10329=VECTOR('',#10332,1.0);
#10330=DIRECTION('',(0,0.6732947719249657,-0.7393741610974165));
#10331=DIRECTION('',(0,-0.7071066032633742,0.7071069591096761));
#10332=DIRECTION('',(0,1,0));
#10333=FACE_SURFACE('',(#10338),#10334,.T.);
#10334=PLANE('',#10335);
#10335=AXIS2_PLACEMENT_3D('',#588,#10336,#10337);
#10336=DIRECTION('',(-1,-0,-0));
#10337=DIRECTION('',(0,0,-1));
#10338=FACE_BOUND('',#10339,.T.);
#10339=EDGE_LOOP('',(#10340,#10341,#10342));
#10340=ORIENTED_EDGE('',*,*,#10343,.T.);
#10341=ORIENTED_EDGE('',*,*,#10344,.T.);
#10342=ORIENTED_EDGE('',*,*,#10345,.T.);
#10343=EDGE_CURVE('',#589,#591,#10346,.F.);
#10344=EDGE_CURVE('',#591,#593,#10347,.T.);
#10345=EDGE_CURVE('',#593,#589,#10348,.T.);
#10346=LINE('',#588,#10349);
#10347=LINE('',#590,#10350);
#10348=LINE('',#592,#10351);
#10349=VECTOR('',#10352,1.0);
#10350=VECTOR('',#10353,1.0);
#10351=VECTOR('',#10354,1.0);
#10352=DIRECTION('',(0,0,-1));
#10353=DIRECTION('',(0,-0.6802295725860789,0.7329991327275636));
#10354=DIRECTION('',(0,0.7071065608849287,-0.7071070014880978));
#10355=FACE_SURFACE('',(#10360),#10356,.T.);
#10356=PLANE('',#10357);
#10357=AXIS2_PLACEMENT_3D('',#592,#10358,#10359);
#10358=DIRECTION('',(-1,-0,-0));
#10359=DIRECTION('',(0,0.6802295725860789,-0.7329991327275636));
#10360=FACE_BOUND('',#10361,.T.);
#10361=EDGE_LOOP('',(#10362,#10363,#10364));
#10362=ORIENTED_EDGE('',*,*,#10365,.T.);
#10363=ORIENTED_EDGE('',*,*,#10366,.T.);
#10364=ORIENTED_EDGE('',*,*,#10367,.T.);
#10365=EDGE_CURVE('',#593,#591,#10368,.F.);
#10366=EDGE_CURVE('',#591,#595,#10369,.T.);
#10367=EDGE_CURVE('',#595,#593,#10370,.T.);
#10368=LINE('',#592,#10371);
#10369=LINE('',#590,#10372);
#10370=LINE('',#594,#10373);
#10371=VECTOR('',#10374,1.0);
#10372=VECTOR('',#10375,1.0);
#10373=VECTOR('',#10376,1.0);
#10374=DIRECTION('',(0,0.6802295725860789,-0.7329991327275636));
#10375=DIRECTION('',(0,-0.7071064328974669,0.7071071294754565));
#10376=DIRECTION('',(0,1,0));
#10377=FACE_SURFACE('',(#10382),#10378,.T.);
#10378=PLANE('',#10379);
#10379=AXIS2_PLACEMENT_3D('',#596,#10380,#10381);
#10380=DIRECTION('',(-1,-0,-0));
#10381=DIRECTION('',(0,0,-1));
#10382=FACE_BOUND('',#10383,.T.);
#10383=EDGE_LOOP('',(#10384,#10385,#10386));
#10384=ORIENTED_EDGE('',*,*,#10387,.T.);
#10385=ORIENTED_EDGE('',*,*,#10388,.T.);
#10386=ORIENTED_EDGE('',*,*,#10389,.T.);
#10387=EDGE_CURVE('',#597,#599,#10390,.F.);
#10388=EDGE_CURVE('',#599,#601,#10391,.T.);
#10389=EDGE_CURVE('',#601,#597,#10392,.T.);
#10390=LINE('',#596,#10393);
#10391=LINE('',#598,#10394);
#10392=LINE('',#600,#10395);
#10393=VECTOR('',#10396,1.0);
#10394=VECTOR('',#10397,1.0);
#10395=VECTOR('',#10398,1.0);
#10396=DIRECTION('',(0,0,-1));
#10397=DIRECTION('',(0,-0.6848058824593427,0.7287255336195384));
#10398=DIRECTION('',(0,0.7071064131668529,-0.7071071492060507));
#10399=FACE_SURFACE('',(#10404),#10400,.T.);
#10400=PLANE('',#10401);
#10401=AXIS2_PLACEMENT_3D('',#600,#10402,#10403);
#10402=DIRECTION('',(-1,-0,-0));
#10403=DIRECTION('',(0,0.6848058824593427,-0.7287255336195384));
#10404=FACE_BOUND('',#10405,.T.);
#10405=EDGE_LOOP('',(#10406,#10407,#10408));
#10406=ORIENTED_EDGE('',*,*,#10409,.T.);
#10407=ORIENTED_EDGE('',*,*,#10410,.T.);
#10408=ORIENTED_EDGE('',*,*,#10411,.T.);
#10409=EDGE_CURVE('',#601,#599,#10412,.F.);
#10410=EDGE_CURVE('',#599,#603,#10413,.T.);
#10411=EDGE_CURVE('',#603,#601,#10414,.T.);
#10412=LINE('',#600,#10415);
#10413=LINE('',#598,#10416);
#10414=LINE('',#602,#10417);
#10415=VECTOR('',#10418,1.0);
#10416=VECTOR('',#10419,1.0);
#10417=VECTOR('',#10420,1.0);
#10418=DIRECTION('',(0,0.6848058824593427,-0.7287255336195384));
#10419=DIRECTION('',(0,-0.7071067670706468,0.7071067953024481));
#10420=DIRECTION('',(0,1,0));
#10421=FACE_SURFACE('',(#10426),#10422,.T.);
#10422=PLANE('',#10423);
#10423=AXIS2_PLACEMENT_3D('',#604,#10424,#10425);
#10424=DIRECTION('',(-1,0,0));
#10425=DIRECTION('',(0,-0.7070933345477585,0.7071202275696346));
#10426=FACE_BOUND('',#10427,.T.);
#10427=EDGE_LOOP('',(#10428,#10429,#10430));
#10428=ORIENTED_EDGE('',*,*,#10431,.T.);
#10429=ORIENTED_EDGE('',*,*,#10432,.T.);
#10430=ORIENTED_EDGE('',*,*,#10433,.T.);
#10431=EDGE_CURVE('',#605,#607,#10434,.F.);
#10432=EDGE_CURVE('',#607,#609,#10435,.T.);
#10433=EDGE_CURVE('',#609,#605,#10436,.T.);
#10434=LINE('',#604,#10437);
#10435=LINE('',#606,#10438);
#10436=LINE('',#608,#10439);
#10437=VECTOR('',#10440,1.0);
#10438=VECTOR('',#10441,1.0);
#10439=VECTOR('',#10442,1.0);
#10440=DIRECTION('',(0,-0.7070933345477585,0.7071202275696346));
#10441=DIRECTION('',(0,1,0));
#10442=DIRECTION('',(0,0,-1));
#10443=FACE_SURFACE('',(#10448),#10444,.T.);
#10444=PLANE('',#10445);
#10445=AXIS2_PLACEMENT_3D('',#610,#10446,#10447);
#10446=DIRECTION('',(-1,0,0));
#10447=DIRECTION('',(0,0.7071068779170239,-0.7071066844560581));
#10448=FACE_BOUND('',#10449,.T.);
#10449=EDGE_LOOP('',(#10450,#10451,#10452));
#10450=ORIENTED_EDGE('',*,*,#10453,.T.);
#10451=ORIENTED_EDGE('',*,*,#10454,.T.);
#10452=ORIENTED_EDGE('',*,*,#10455,.T.);
#10453=EDGE_CURVE('',#611,#613,#10456,.F.);
#10454=EDGE_CURVE('',#613,#505,#10457,.T.);
#10455=EDGE_CURVE('',#505,#611,#10458,.T.);
#10456=LINE('',#610,#10459);
#10457=LINE('',#612,#10460);
#10458=LINE('',#504,#10461);
#10459=VECTOR('',#10462,1.0);
#10460=VECTOR('',#10463,1.0);
#10461=VECTOR('',#10464,1.0);
#10462=DIRECTION('',(0,0.7071068779170239,-0.7071066844560581));
#10463=DIRECTION('',(0,-0.7282643142344684,0.6852963509406711));
#10464=DIRECTION('',(0,0,1));
#10465=FACE_SURFACE('',(#10470),#10466,.T.);
#10466=PLANE('',#10467);
#10467=AXIS2_PLACEMENT_3D('',#504,#10468,#10469);
#10468=DIRECTION('',(-1,0,0));
#10469=DIRECTION('',(0,0.7282643142344684,-0.6852963509406711));
#10470=FACE_BOUND('',#10471,.T.);
#10471=EDGE_LOOP('',(#10472,#10473,#10474));
#10472=ORIENTED_EDGE('',*,*,#10475,.T.);
#10473=ORIENTED_EDGE('',*,*,#10476,.T.);
#10474=ORIENTED_EDGE('',*,*,#10477,.T.);
#10475=EDGE_CURVE('',#505,#613,#10478,.F.);
#10476=EDGE_CURVE('',#613,#503,#10479,.T.);
#10477=EDGE_CURVE('',#503,#505,#10480,.T.);
#10478=LINE('',#504,#10481);
#10479=LINE('',#612,#10482);
#10480=LINE('',#502,#10483);
#10481=VECTOR('',#10484,1.0);
#10482=VECTOR('',#10485,1.0);
#10483=VECTOR('',#10486,1.0);
#10484=DIRECTION('',(0,0.7282643142344684,-0.6852963509406711));
#10485=DIRECTION('',(0,0,-1));
#10486=DIRECTION('',(0,-0.7071068779170239,0.7071066844560581));
#10487=FACE_SURFACE('',(#10492),#10488,.T.);
#10488=PLANE('',#10489);
#10489=AXIS2_PLACEMENT_3D('',#606,#10490,#10491);
#10490=DIRECTION('',(-0,0,1));
#10491=DIRECTION('',(0.7745966881237367,-0.6324555089077323,0));
#10492=FACE_BOUND('',#10493,.T.);
#10493=EDGE_LOOP('',(#10494,#10495,#10496));
#10494=ORIENTED_EDGE('',*,*,#10497,.T.);
#10495=ORIENTED_EDGE('',*,*,#10498,.T.);
#10496=ORIENTED_EDGE('',*,*,#10499,.T.);
#10497=EDGE_CURVE('',#607,#615,#10500,.F.);
#10498=EDGE_CURVE('',#615,#609,#10501,.T.);
#10499=EDGE_CURVE('',#609,#607,#10502,.T.);
#10500=LINE('',#606,#10503);
#10501=LINE('',#614,#10504);
#10502=LINE('',#608,#10505);
#10503=VECTOR('',#10506,1.0);
#10504=VECTOR('',#10507,1.0);
#10505=VECTOR('',#10508,1.0);
#10506=DIRECTION('',(0.7745966881237367,-0.6324555089077323,0));
#10507=DIRECTION('',(-0.6451650677240335,0.7640432156551378,0));
#10508=DIRECTION('',(0,-1,0));
#10509=FACE_SURFACE('',(#10514),#10510,.T.);
#10510=PLANE('',#10511);
#10511=AXIS2_PLACEMENT_3D('',#608,#10512,#10513);
#10512=DIRECTION('',(-0,0,1));
#10513=DIRECTION('',(0.6451650677240335,-0.7640432156551378,0));
#10514=FACE_BOUND('',#10515,.T.);
#10515=EDGE_LOOP('',(#10516,#10517,#10518));
#10516=ORIENTED_EDGE('',*,*,#10519,.T.);
#10517=ORIENTED_EDGE('',*,*,#10520,.T.);
#10518=ORIENTED_EDGE('',*,*,#10521,.T.);
#10519=EDGE_CURVE('',#609,#615,#10522,.F.);
#10520=EDGE_CURVE('',#615,#427,#10523,.T.);
#10521=EDGE_CURVE('',#427,#609,#10524,.T.);
#10522=LINE('',#608,#10525);
#10523=LINE('',#614,#10526);
#10524=LINE('',#426,#10527);
#10525=VECTOR('',#10528,1.0);
#10526=VECTOR('',#10529,1.0);
#10527=VECTOR('',#10530,1.0);
#10528=DIRECTION('',(0.6451650677240335,-0.7640432156551378,0));
#10529=DIRECTION('',(0.978852463277154,0.20456748308626133,0));
#10530=DIRECTION('',(-1,0,0));
#10531=FACE_SURFACE('',(#10536),#10532,.T.);
#10532=PLANE('',#10533);
#10533=AXIS2_PLACEMENT_3D('',#426,#10534,#10535);
#10534=DIRECTION('',(0,0,1));
#10535=DIRECTION('',(-0.978852463277154,-0.20456748308626133,0));
#10536=FACE_BOUND('',#10537,.T.);
#10537=EDGE_LOOP('',(#10538,#10539,#10540));
#10538=ORIENTED_EDGE('',*,*,#10541,.T.);
#10539=ORIENTED_EDGE('',*,*,#10542,.T.);
#10540=ORIENTED_EDGE('',*,*,#10543,.T.);
#10541=EDGE_CURVE('',#427,#615,#10544,.F.);
#10542=EDGE_CURVE('',#615,#617,#10545,.T.);
#10543=EDGE_CURVE('',#617,#427,#10546,.T.);
#10544=LINE('',#426,#10547);
#10545=LINE('',#614,#10548);
#10546=LINE('',#616,#10549);
#10547=VECTOR('',#10550,1.0);
#10548=VECTOR('',#10551,1.0);
#10549=VECTOR('',#10552,1.0);
#10550=DIRECTION('',(-0.978852463277154,-0.20456748308626133,0));
#10551=DIRECTION('',(0,-1,0));
#10552=DIRECTION('',(0.8321040798913951,0.55461950941893,0));
#10553=FACE_SURFACE('',(#10558),#10554,.T.);
#10554=PLANE('',#10555);
#10555=AXIS2_PLACEMENT_3D('',#426,#10556,#10557);
#10556=DIRECTION('',(0,0,1));
#10557=DIRECTION('',(-0.8321040798913951,-0.55461950941893,0));
#10558=FACE_BOUND('',#10559,.T.);
#10559=EDGE_LOOP('',(#10560,#10561,#10562));
#10560=ORIENTED_EDGE('',*,*,#10563,.T.);
#10561=ORIENTED_EDGE('',*,*,#10564,.T.);
#10562=ORIENTED_EDGE('',*,*,#10565,.T.);
#10563=EDGE_CURVE('',#427,#617,#10566,.F.);
#10564=EDGE_CURVE('',#617,#619,#10567,.T.);
#10565=EDGE_CURVE('',#619,#427,#10568,.T.);
#10566=LINE('',#426,#10569);
#10567=LINE('',#616,#10570);
#10568=LINE('',#618,#10571);
#10569=VECTOR('',#10572,1.0);
#10570=VECTOR('',#10573,1.0);
#10571=VECTOR('',#10574,1.0);
#10572=DIRECTION('',(-0.8321040798913951,-0.55461950941893,0));
#10573=DIRECTION('',(0,-1,0));
#10574=DIRECTION('',(0.6646719501115331,0.7471353282605044,0));
#10575=FACE_SURFACE('',(#10580),#10576,.T.);
#10576=PLANE('',#10577);
#10577=AXIS2_PLACEMENT_3D('',#618,#10578,#10579);
#10578=DIRECTION('',(0,-0,1));
#10579=DIRECTION('',(0,1,0));
#10580=FACE_BOUND('',#10581,.T.);
#10581=EDGE_LOOP('',(#10582,#10583,#10584));
#10582=ORIENTED_EDGE('',*,*,#10585,.T.);
#10583=ORIENTED_EDGE('',*,*,#10586,.T.);
#10584=ORIENTED_EDGE('',*,*,#10587,.T.);
#10585=EDGE_CURVE('',#619,#617,#10588,.F.);
#10586=EDGE_CURVE('',#617,#571,#10589,.T.);
#10587=EDGE_CURVE('',#571,#619,#10590,.T.);
#10588=LINE('',#618,#10591);
#10589=LINE('',#616,#10592);
#10590=LINE('',#570,#10593);
#10591=VECTOR('',#10594,1.0);
#10592=VECTOR('',#10595,1.0);
#10593=VECTOR('',#10596,1.0);
#10594=DIRECTION('',(0,1,0));
#10595=DIRECTION('',(-0.49058595821347134,-0.8713928032774715,0));
#10596=DIRECTION('',(0.7745966881237367,-0.6324555089077323,0));
#10597=FACE_SURFACE('',(#10602),#10598,.T.);
#10598=PLANE('',#10599);
#10599=AXIS2_PLACEMENT_3D('',#570,#10600,#10601);
#10600=DIRECTION('',(0,0,1));
#10601=DIRECTION('',(0.49058595821347134,0.8713928032774715,0));
#10602=FACE_BOUND('',#10603,.T.);
#10603=EDGE_LOOP('',(#10604,#10605,#10606));
#10604=ORIENTED_EDGE('',*,*,#10607,.T.);
#10605=ORIENTED_EDGE('',*,*,#10608,.T.);
#10606=ORIENTED_EDGE('',*,*,#10609,.T.);
#10607=EDGE_CURVE('',#571,#617,#10610,.F.);
#10608=EDGE_CURVE('',#617,#569,#10611,.T.);
#10609=EDGE_CURVE('',#569,#571,#10612,.T.);
#10610=LINE('',#570,#10613);
#10611=LINE('',#616,#10614);
#10612=LINE('',#568,#10615);
#10613=VECTOR('',#10616,1.0);
#10614=VECTOR('',#10617,1.0);
#10615=VECTOR('',#10618,1.0);
#10616=DIRECTION('',(0.49058595821347134,0.8713928032774715,0));
#10617=DIRECTION('',(-0.7745966881237367,-0.6324555089077323,0));
#10618=DIRECTION('',(0,-1,0));
#10619=FACE_SURFACE('',(#10624),#10620,.T.);
#10620=PLANE('',#10621);
#10621=AXIS2_PLACEMENT_3D('',#560,#10622,#10623);
#10622=DIRECTION('',(-0,0,1));
#10623=DIRECTION('',(0,-1,0));
#10624=FACE_BOUND('',#10625,.T.);
#10625=EDGE_LOOP('',(#10626,#10627,#10628));
#10626=ORIENTED_EDGE('',*,*,#10629,.T.);
#10627=ORIENTED_EDGE('',*,*,#10630,.T.);
#10628=ORIENTED_EDGE('',*,*,#10631,.T.);
#10629=EDGE_CURVE('',#561,#563,#10632,.F.);
#10630=EDGE_CURVE('',#563,#615,#10633,.T.);
#10631=EDGE_CURVE('',#615,#561,#10634,.T.);
#10632=LINE('',#560,#10635);
#10633=LINE('',#562,#10636);
#10634=LINE('',#614,#10637);
#10635=VECTOR('',#10638,1.0);
#10636=VECTOR('',#10639,1.0);
#10637=VECTOR('',#10640,1.0);
#10638=DIRECTION('',(0,-1,0));
#10639=DIRECTION('',(0.49058609155122146,0.871392728209558,0));
#10640=DIRECTION('',(-0.7745966881237367,-0.6324555089077323,0));
#10641=FACE_SURFACE('',(#10646),#10642,.T.);
#10642=PLANE('',#10643);
#10643=AXIS2_PLACEMENT_3D('',#614,#10644,#10645);
#10644=DIRECTION('',(0,0,1));
#10645=DIRECTION('',(-0.49058609155122146,-0.871392728209558,0));
#10646=FACE_BOUND('',#10647,.T.);
#10647=EDGE_LOOP('',(#10648,#10649,#10650));
#10648=ORIENTED_EDGE('',*,*,#10651,.T.);
#10649=ORIENTED_EDGE('',*,*,#10652,.T.);
#10650=ORIENTED_EDGE('',*,*,#10653,.T.);
#10651=EDGE_CURVE('',#615,#563,#10654,.F.);
#10652=EDGE_CURVE('',#563,#617,#10655,.T.);
#10653=EDGE_CURVE('',#617,#615,#10656,.T.);
#10654=LINE('',#614,#10657);
#10655=LINE('',#562,#10658);
#10656=LINE('',#616,#10659);
#10657=VECTOR('',#10660,1.0);
#10658=VECTOR('',#10661,1.0);
#10659=VECTOR('',#10662,1.0);
#10660=DIRECTION('',(-0.49058609155122146,-0.871392728209558,0));
#10661=DIRECTION('',(0.7745966881237367,-0.6324555089077323,0));
#10662=DIRECTION('',(0,1,0));
#10663=FACE_SURFACE('',(#10668),#10664,.T.);
#10664=PLANE('',#10665);
#10665=AXIS2_PLACEMENT_3D('',#576,#10666,#10667);
#10666=DIRECTION('',(-0,0,1));
#10667=DIRECTION('',(0,-1,0));
#10668=FACE_BOUND('',#10669,.T.);
#10669=EDGE_LOOP('',(#10670,#10671,#10672));
#10670=ORIENTED_EDGE('',*,*,#10673,.T.);
#10671=ORIENTED_EDGE('',*,*,#10674,.T.);
#10672=ORIENTED_EDGE('',*,*,#10675,.T.);
#10673=EDGE_CURVE('',#577,#579,#10676,.F.);
#10674=EDGE_CURVE('',#579,#619,#10677,.T.);
#10675=EDGE_CURVE('',#619,#577,#10678,.T.);
#10676=LINE('',#576,#10679);
#10677=LINE('',#578,#10680);
#10678=LINE('',#618,#10681);
#10679=VECTOR('',#10682,1.0);
#10680=VECTOR('',#10683,1.0);
#10681=VECTOR('',#10684,1.0);
#10682=DIRECTION('',(0,-1,0));
#10683=DIRECTION('',(0.49058609155122146,0.871392728209558,0));
#10684=DIRECTION('',(-0.7745966881237367,-0.6324555089077323,0));
#10685=FACE_SURFACE('',(#10690),#10686,.T.);
#10686=PLANE('',#10687);
#10687=AXIS2_PLACEMENT_3D('',#618,#10688,#10689);
#10688=DIRECTION('',(0,0,1));
#10689=DIRECTION('',(-0.49058609155122146,-0.871392728209558,0));
#10690=FACE_BOUND('',#10691,.T.);
#10691=EDGE_LOOP('',(#10692,#10693,#10694));
#10692=ORIENTED_EDGE('',*,*,#10695,.T.);
#10693=ORIENTED_EDGE('',*,*,#10696,.T.);
#10694=ORIENTED_EDGE('',*,*,#10697,.T.);
#10695=EDGE_CURVE('',#619,#579,#10698,.F.);
#10696=EDGE_CURVE('',#579,#621,#10699,.T.);
#10697=EDGE_CURVE('',#621,#619,#10700,.T.);
#10698=LINE('',#618,#10701);
#10699=LINE('',#578,#10702);
#10700=LINE('',#620,#10703);
#10701=VECTOR('',#10704,1.0);
#10702=VECTOR('',#10705,1.0);
#10703=VECTOR('',#10706,1.0);
#10704=DIRECTION('',(-0.49058609155122146,-0.871392728209558,0));
#10705=DIRECTION('',(0.7745966881237367,-0.6324555089077323,0));
#10706=DIRECTION('',(0,1,0));
#10707=FACE_SURFACE('',(#10712),#10708,.T.);
#10708=PLANE('',#10709);
#10709=AXIS2_PLACEMENT_3D('',#618,#10710,#10711);
#10710=DIRECTION('',(-0,0,1));
#10711=DIRECTION('',(0,-1,0));
#10712=FACE_BOUND('',#10713,.T.);
#10713=EDGE_LOOP('',(#10714,#10715,#10716));
#10714=ORIENTED_EDGE('',*,*,#10717,.T.);
#10715=ORIENTED_EDGE('',*,*,#10718,.T.);
#10716=ORIENTED_EDGE('',*,*,#10719,.T.);
#10717=EDGE_CURVE('',#619,#621,#10720,.F.);
#10718=EDGE_CURVE('',#621,#427,#10721,.T.);
#10719=EDGE_CURVE('',#427,#619,#10722,.T.);
#10720=LINE('',#618,#10723);
#10721=LINE('',#620,#10724);
#10722=LINE('',#426,#10725);
#10723=VECTOR('',#10726,1.0);
#10724=VECTOR('',#10727,1.0);
#10725=VECTOR('',#10728,1.0);
#10726=DIRECTION('',(0,-1,0));
#10727=DIRECTION('',(0.5344097312883519,0.8452255551651947,0));
#10728=DIRECTION('',(-0.6646719501115331,-0.7471353282605044,0));
#10729=FACE_SURFACE('',(#10734),#10730,.T.);
#10730=PLANE('',#10731);
#10731=AXIS2_PLACEMENT_3D('',#426,#10732,#10733);
#10732=DIRECTION('',(0,0,1));
#10733=DIRECTION('',(-0.5344097312883519,-0.8452255551651947,0));
#10734=FACE_BOUND('',#10735,.T.);
#10735=EDGE_LOOP('',(#10736,#10737,#10738));
#10736=ORIENTED_EDGE('',*,*,#10739,.T.);
#10737=ORIENTED_EDGE('',*,*,#10740,.T.);
#10738=ORIENTED_EDGE('',*,*,#10741,.T.);
#10739=EDGE_CURVE('',#427,#621,#10742,.F.);
#10740=EDGE_CURVE('',#621,#429,#10743,.T.);
#10741=EDGE_CURVE('',#429,#427,#10744,.T.);
#10742=LINE('',#426,#10745);
#10743=LINE('',#620,#10746);
#10744=LINE('',#428,#10747);
#10745=VECTOR('',#10748,1.0);
#10746=VECTOR('',#10749,1.0);
#10747=VECTOR('',#10750,1.0);
#10748=DIRECTION('',(-0.5344097312883519,-0.8452255551651947,0));
#10749=DIRECTION('',(0.6129694203564773,-0.7901066318591714,0));
#10750=DIRECTION('',(0,1,0));
#10751=FACE_SURFACE('',(#10756),#10752,.T.);
#10752=PLANE('',#10753);
#10753=AXIS2_PLACEMENT_3D('',#428,#10754,#10755);
#10754=DIRECTION('',(0,0,1));
#10755=DIRECTION('',(-0.6129694203564773,0.7901066318591714,0));
#10756=FACE_BOUND('',#10757,.T.);
#10757=EDGE_LOOP('',(#10758,#10759,#10760));
#10758=ORIENTED_EDGE('',*,*,#10761,.T.);
#10759=ORIENTED_EDGE('',*,*,#10762,.T.);
#10760=ORIENTED_EDGE('',*,*,#10763,.T.);
#10761=EDGE_CURVE('',#429,#621,#10764,.F.);
#10762=EDGE_CURVE('',#621,#623,#10765,.T.);
#10763=EDGE_CURVE('',#623,#429,#10766,.T.);
#10764=LINE('',#428,#10767);
#10765=LINE('',#620,#10768);
#10766=LINE('',#622,#10769);
#10767=VECTOR('',#10770,1.0);
#10768=VECTOR('',#10771,1.0);
#10769=VECTOR('',#10772,1.0);
#10770=DIRECTION('',(-0.6129694203564773,0.7901066318591714,0));
#10771=DIRECTION('',(0,-1,0));
#10772=DIRECTION('',(0.768935852540895,-0.6393259377478805,0));
#10773=FACE_SURFACE('',(#10778),#10774,.T.);
#10774=PLANE('',#10775);
#10775=AXIS2_PLACEMENT_3D('',#428,#10776,#10777);
#10776=DIRECTION('',(0,0,1));
#10777=DIRECTION('',(-0.768935852540895,0.6393259377478805,0));
#10778=FACE_BOUND('',#10779,.T.);
#10779=EDGE_LOOP('',(#10780,#10781,#10782));
#10780=ORIENTED_EDGE('',*,*,#10783,.T.);
#10781=ORIENTED_EDGE('',*,*,#10784,.T.);
#10782=ORIENTED_EDGE('',*,*,#10785,.T.);
#10783=EDGE_CURVE('',#429,#623,#10786,.F.);
#10784=EDGE_CURVE('',#623,#625,#10787,.T.);
#10785=EDGE_CURVE('',#625,#429,#10788,.T.);
#10786=LINE('',#428,#10789);
#10787=LINE('',#622,#10790);
#10788=LINE('',#624,#10791);
#10789=VECTOR('',#10792,1.0);
#10790=VECTOR('',#10793,1.0);
#10791=VECTOR('',#10794,1.0);
#10792=DIRECTION('',(-0.768935852540895,0.6393259377478805,0));
#10793=DIRECTION('',(0,-1,0));
#10794=DIRECTION('',(0.9366666049559369,-0.35022231676510684,0));
#10795=FACE_SURFACE('',(#10800),#10796,.T.);
#10796=PLANE('',#10797);
#10797=AXIS2_PLACEMENT_3D('',#624,#10798,#10799);
#10798=DIRECTION('',(0,-0,1));
#10799=DIRECTION('',(0,1,0));
#10800=FACE_BOUND('',#10801,.T.);
#10801=EDGE_LOOP('',(#10802,#10803,#10804));
#10802=ORIENTED_EDGE('',*,*,#10805,.T.);
#10803=ORIENTED_EDGE('',*,*,#10806,.T.);
#10804=ORIENTED_EDGE('',*,*,#10807,.T.);
#10805=EDGE_CURVE('',#625,#623,#10808,.F.);
#10806=EDGE_CURVE('',#623,#595,#10809,.T.);
#10807=EDGE_CURVE('',#595,#625,#10810,.T.);
#10808=LINE('',#624,#10811);
#10809=LINE('',#622,#10812);
#10810=LINE('',#594,#10813);
#10811=VECTOR('',#10814,1.0);
#10812=VECTOR('',#10815,1.0);
#10813=VECTOR('',#10816,1.0);
#10814=DIRECTION('',(0,1,0));
#10815=DIRECTION('',(-0.490586012381925,-0.8713927727811391,0));
#10816=DIRECTION('',(0.7745966805842792,-0.6324555181416447,0));
#10817=FACE_SURFACE('',(#10822),#10818,.T.);
#10818=PLANE('',#10819);
#10819=AXIS2_PLACEMENT_3D('',#594,#10820,#10821);
#10820=DIRECTION('',(0,0,1));
#10821=DIRECTION('',(0.490586012381925,0.8713927727811391,0));
#10822=FACE_BOUND('',#10823,.T.);
#10823=EDGE_LOOP('',(#10824,#10825,#10826));
#10824=ORIENTED_EDGE('',*,*,#10827,.T.);
#10825=ORIENTED_EDGE('',*,*,#10828,.T.);
#10826=ORIENTED_EDGE('',*,*,#10829,.T.);
#10827=EDGE_CURVE('',#595,#623,#10830,.F.);
#10828=EDGE_CURVE('',#623,#593,#10831,.T.);
#10829=EDGE_CURVE('',#593,#595,#10832,.T.);
#10830=LINE('',#594,#10833);
#10831=LINE('',#622,#10834);
#10832=LINE('',#592,#10835);
#10833=VECTOR('',#10836,1.0);
#10834=VECTOR('',#10837,1.0);
#10835=VECTOR('',#10838,1.0);
#10836=DIRECTION('',(0.490586012381925,0.8713927727811391,0));
#10837=DIRECTION('',(-0.7745966579659068,-0.6324555458433803,0));
#10838=DIRECTION('',(0,-1,0));
#10839=FACE_SURFACE('',(#10844),#10840,.T.);
#10840=PLANE('',#10841);
#10841=AXIS2_PLACEMENT_3D('',#584,#10842,#10843);
#10842=DIRECTION('',(-0,0,1));
#10843=DIRECTION('',(0,-1,0));
#10844=FACE_BOUND('',#10845,.T.);
#10845=EDGE_LOOP('',(#10846,#10847,#10848));
#10846=ORIENTED_EDGE('',*,*,#10849,.T.);
#10847=ORIENTED_EDGE('',*,*,#10850,.T.);
#10848=ORIENTED_EDGE('',*,*,#10851,.T.);
#10849=EDGE_CURVE('',#585,#587,#10852,.F.);
#10850=EDGE_CURVE('',#587,#621,#10853,.T.);
#10851=EDGE_CURVE('',#621,#585,#10854,.T.);
#10852=LINE('',#584,#10855);
#10853=LINE('',#586,#10856);
#10854=LINE('',#620,#10857);
#10855=VECTOR('',#10858,1.0);
#10856=VECTOR('',#10859,1.0);
#10857=VECTOR('',#10860,1.0);
#10858=DIRECTION('',(0,-1,0));
#10859=DIRECTION('',(0.49058602488233877,0.8713927657435224,0));
#10860=DIRECTION('',(-0.7745965674924206,-0.6324556566502983,0));
#10861=FACE_SURFACE('',(#10866),#10862,.T.);
#10862=PLANE('',#10863);
#10863=AXIS2_PLACEMENT_3D('',#620,#10864,#10865);
#10864=DIRECTION('',(0,0,1));
#10865=DIRECTION('',(-0.49058602488233877,-0.8713927657435224,0));
#10866=FACE_BOUND('',#10867,.T.);
#10867=EDGE_LOOP('',(#10868,#10869,#10870));
#10868=ORIENTED_EDGE('',*,*,#10871,.T.);
#10869=ORIENTED_EDGE('',*,*,#10872,.T.);
#10870=ORIENTED_EDGE('',*,*,#10873,.T.);
#10871=EDGE_CURVE('',#621,#587,#10874,.F.);
#10872=EDGE_CURVE('',#587,#623,#10875,.T.);
#10873=EDGE_CURVE('',#623,#621,#10876,.T.);
#10874=LINE('',#620,#10877);
#10875=LINE('',#586,#10878);
#10876=LINE('',#622,#10879);
#10877=VECTOR('',#10880,1.0);
#10878=VECTOR('',#10881,1.0);
#10879=VECTOR('',#10882,1.0);
#10880=DIRECTION('',(-0.49058602488233877,-0.8713927657435224,0));
#10881=DIRECTION('',(0.7745966278080774,-0.6324555827790239,0));
#10882=DIRECTION('',(0,1,0));
#10883=FACE_SURFACE('',(#10888),#10884,.T.);
#10884=PLANE('',#10885);
#10885=AXIS2_PLACEMENT_3D('',#428,#10886,#10887);
#10886=DIRECTION('',(0,0,1));
#10887=DIRECTION('',(-0.9366666049559369,0.35022231676510684,0));
#10888=FACE_BOUND('',#10889,.T.);
#10889=EDGE_LOOP('',(#10890,#10891,#10892));
#10890=ORIENTED_EDGE('',*,*,#10893,.T.);
#10891=ORIENTED_EDGE('',*,*,#10894,.T.);
#10892=ORIENTED_EDGE('',*,*,#10895,.T.);
#10893=EDGE_CURVE('',#429,#625,#10896,.F.);
#10894=EDGE_CURVE('',#625,#627,#10897,.T.);
#10895=EDGE_CURVE('',#627,#429,#10898,.T.);
#10896=LINE('',#428,#10899);
#10897=LINE('',#624,#10900);
#10898=LINE('',#626,#10901);
#10899=VECTOR('',#10902,1.0);
#10900=VECTOR('',#10903,1.0);
#10901=VECTOR('',#10904,1.0);
#10902=DIRECTION('',(-0.9366666049559369,0.35022231676510684,0));
#10903=DIRECTION('',(-0.26422209456509793,-0.9644618627730349,0));
#10904=DIRECTION('',(1,0,0));
#10905=FACE_SURFACE('',(#10910),#10906,.T.);
#10906=PLANE('',#10907);
#10907=AXIS2_PLACEMENT_3D('',#626,#10908,#10909);
#10908=DIRECTION('',(0,-0,1));
#10909=DIRECTION('',(0.26422209456509793,0.9644618627730349,0));
#10910=FACE_BOUND('',#10911,.T.);
#10911=EDGE_LOOP('',(#10912,#10913,#10914));
#10912=ORIENTED_EDGE('',*,*,#10915,.T.);
#10913=ORIENTED_EDGE('',*,*,#10916,.T.);
#10914=ORIENTED_EDGE('',*,*,#10917,.T.);
#10915=EDGE_CURVE('',#627,#625,#10918,.F.);
#10916=EDGE_CURVE('',#625,#601,#10919,.T.);
#10917=EDGE_CURVE('',#601,#627,#10920,.T.);
#10918=LINE('',#626,#10921);
#10919=LINE('',#624,#10922);
#10920=LINE('',#600,#10923);
#10921=VECTOR('',#10924,1.0);
#10922=VECTOR('',#10925,1.0);
#10923=VECTOR('',#10926,1.0);
#10924=DIRECTION('',(0.26422209456509793,0.9644618627730349,0));
#10925=DIRECTION('',(-0.7745966579659068,-0.6324555458433803,0));
#10926=DIRECTION('',(0.30663859317025827,-0.9518260204357543,0));
#10927=FACE_SURFACE('',(#10932),#10928,.T.);
#10928=PLANE('',#10929);
#10929=AXIS2_PLACEMENT_3D('',#626,#10930,#10931);
#10930=DIRECTION('',(0,0,1));
#10931=DIRECTION('',(-0.30663859317025827,0.9518260204357543,0));
#10932=FACE_BOUND('',#10933,.T.);
#10933=EDGE_LOOP('',(#10934,#10935,#10936));
#10934=ORIENTED_EDGE('',*,*,#10937,.T.);
#10935=ORIENTED_EDGE('',*,*,#10938,.T.);
#10936=ORIENTED_EDGE('',*,*,#10939,.T.);
#10937=EDGE_CURVE('',#627,#601,#10940,.F.);
#10938=EDGE_CURVE('',#601,#603,#10941,.T.);
#10939=EDGE_CURVE('',#603,#627,#10942,.T.);
#10940=LINE('',#626,#10943);
#10941=LINE('',#600,#10944);
#10942=LINE('',#602,#10945);
#10943=VECTOR('',#10946,1.0);
#10944=VECTOR('',#10947,1.0);
#10945=VECTOR('',#10948,1.0);
#10946=DIRECTION('',(-0.30663859317025827,0.9518260204357543,0));
#10947=DIRECTION('',(0,-1,0));
#10948=DIRECTION('',(0.7745967919092007,-0.6324553817969883,0));
#10949=FACE_SURFACE('',(#10954),#10950,.T.);
#10950=PLANE('',#10951);
#10951=AXIS2_PLACEMENT_3D('',#548,#10952,#10953);
#10952=DIRECTION('',(-0.5000023271868542,0.6123753232254646,0.6123676479960691));
#10953=DIRECTION('',(0,-0.70710234987003,0.7071112124752951));
#10954=FACE_BOUND('',#10955,.T.);
#10955=EDGE_LOOP('',(#10956,#10957,#10958));
#10956=ORIENTED_EDGE('',*,*,#10959,.T.);
#10957=ORIENTED_EDGE('',*,*,#10960,.T.);
#10958=ORIENTED_EDGE('',*,*,#10961,.T.);
#10959=EDGE_CURVE('',#549,#547,#10962,.F.);
#10960=EDGE_CURVE('',#547,#629,#10963,.T.);
#10961=EDGE_CURVE('',#629,#549,#10964,.T.);
#10962=LINE('',#548,#10965);
#10963=LINE('',#546,#10966);
#10964=LINE('',#628,#10967);
#10965=VECTOR('',#10968,1.0);
#10966=VECTOR('',#10969,1.0);
#10967=VECTOR('',#10970,1.0);
#10968=DIRECTION('',(0,-0.70710234987003,0.7071112124752951));
#10969=DIRECTION('',(0.6277372629912381,0.7434036638621906,-0.2308612596529361));
#10970=DIRECTION('',(-0.7745966881237367,-0.6324555089077323,0));
#10971=FACE_SURFACE('',(#10976),#10972,.T.);
#10972=PLANE('',#10973);
#10973=AXIS2_PLACEMENT_3D('',#628,#10974,#10975);
#10974=DIRECTION('',(-0.49999963003146963,0.6123741072399077,0.612371066225797));
#10975=DIRECTION('',(-0.6277372629912381,-0.7434036638621906,0.2308612596529361));
#10976=FACE_BOUND('',#10977,.T.);
#10977=EDGE_LOOP('',(#10978,#10979,#10980));
#10978=ORIENTED_EDGE('',*,*,#10981,.T.);
#10979=ORIENTED_EDGE('',*,*,#10982,.T.);
#10980=ORIENTED_EDGE('',*,*,#10983,.T.);
#10981=EDGE_CURVE('',#629,#547,#10984,.F.);
#10982=EDGE_CURVE('',#547,#631,#10985,.T.);
#10983=EDGE_CURVE('',#631,#629,#10986,.T.);
#10984=LINE('',#628,#10987);
#10985=LINE('',#546,#10988);
#10986=LINE('',#630,#10989);
#10987=VECTOR('',#10990,1.0);
#10988=VECTOR('',#10991,1.0);
#10989=VECTOR('',#10992,1.0);
#10990=DIRECTION('',(-0.6277372629912381,-0.7434036638621906,0.2308612596529361));
#10991=DIRECTION('',(0.7745962055985283,0,0.6324560998775826));
#10992=DIRECTION('',(0,0.7071050254544854,-0.7071085369142502));
#10993=FACE_SURFACE('',(#10998),#10994,.T.);
#10994=PLANE('',#10995);
#10995=AXIS2_PLACEMENT_3D('',#628,#10996,#10997);
#10996=DIRECTION('',(-0.5000009447612773,-0.6123735705019673,-0.612370529490522));
#10997=DIRECTION('',(0,-0.7071050254544854,0.7071085369142502));
#10998=FACE_BOUND('',#10999,.T.);
#10999=EDGE_LOOP('',(#11000,#11001,#11002));
#11000=ORIENTED_EDGE('',*,*,#11003,.T.);
#11001=ORIENTED_EDGE('',*,*,#11004,.T.);
#11002=ORIENTED_EDGE('',*,*,#11005,.T.);
#11003=EDGE_CURVE('',#629,#631,#11006,.F.);
#11004=EDGE_CURVE('',#631,#541,#11007,.T.);
#11005=EDGE_CURVE('',#541,#629,#11008,.T.);
#11006=LINE('',#628,#11009);
#11007=LINE('',#630,#11010);
#11008=LINE('',#540,#11011);
#11009=VECTOR('',#11012,1.0);
#11010=VECTOR('',#11013,1.0);
#11011=VECTOR('',#11014,1.0);
#11012=DIRECTION('',(0,-0.7071050254544854,0.7071085369142502));
#11013=DIRECTION('',(-0.3951147227989735,0.790528099528654,-0.4679205912151173));
#11014=DIRECTION('',(0.7745966579659068,-0.6324555458433803,0));
#11015=FACE_SURFACE('',(#11020),#11016,.T.);
#11016=PLANE('',#11017);
#11017=AXIS2_PLACEMENT_3D('',#540,#11018,#11019);
#11018=DIRECTION('',(-0.4999998982989591,-0.6123735596436795,-0.6123713947845372));
#11019=DIRECTION('',(0.3951147227989735,-0.790528099528654,0.4679205912151173));
#11020=FACE_BOUND('',#11021,.T.);
#11021=EDGE_LOOP('',(#11022,#11023,#11024));
#11022=ORIENTED_EDGE('',*,*,#11025,.T.);
#11023=ORIENTED_EDGE('',*,*,#11026,.T.);
#11024=ORIENTED_EDGE('',*,*,#11027,.T.);
#11025=EDGE_CURVE('',#541,#631,#11028,.F.);
#11026=EDGE_CURVE('',#631,#545,#11029,.T.);
#11027=EDGE_CURVE('',#545,#541,#11030,.T.);
#11028=LINE('',#540,#11031);
#11029=LINE('',#630,#11032);
#11030=LINE('',#544,#11033);
#11031=VECTOR('',#11034,1.0);
#11032=VECTOR('',#11035,1.0);
#11033=VECTOR('',#11036,1.0);
#11034=DIRECTION('',(0.3951147227989735,-0.790528099528654,0.4679205912151173));
#11035=DIRECTION('',(-0.7745962055985283,0,0.6324560998775826));
#11036=DIRECTION('',(0,0.7071055313035189,-0.7071080310673666));
#11037=FACE_SURFACE('',(#11042),#11038,.T.);
#11038=PLANE('',#11039);
#11039=AXIS2_PLACEMENT_3D('',#538,#11040,#11041);
#11040=DIRECTION('',(-0.5000007985291967,0.6123734063061671,0.6123708130856235));
#11041=DIRECTION('',(0,-0.7071052839875864,0.7071082783823385));
#11042=FACE_BOUND('',#11043,.T.);
#11043=EDGE_LOOP('',(#11044,#11045,#11046));
#11044=ORIENTED_EDGE('',*,*,#11047,.T.);
#11045=ORIENTED_EDGE('',*,*,#11048,.T.);
#11046=ORIENTED_EDGE('',*,*,#11049,.T.);
#11047=EDGE_CURVE('',#539,#543,#11050,.F.);
#11048=EDGE_CURVE('',#543,#633,#11051,.T.);
#11049=EDGE_CURVE('',#633,#539,#11052,.T.);
#11050=LINE('',#538,#11053);
#11051=LINE('',#542,#11054);
#11052=LINE('',#632,#11055);
#11053=VECTOR('',#11056,1.0);
#11054=VECTOR('',#11057,1.0);
#11055=VECTOR('',#11058,1.0);
#11056=DIRECTION('',(0,-0.7071052839875864,0.7071082783823385));
#11057=DIRECTION('',(0.20399596600415434,0.7704895272648995,-0.6039300739565332));
#11058=DIRECTION('',(-0.7745966655053642,-0.6324555366094686,0));
#11059=FACE_SURFACE('',(#11064),#11060,.T.);
#11060=PLANE('',#11061);
#11061=AXIS2_PLACEMENT_3D('',#632,#11062,#11063);
#11062=DIRECTION('',(-0.4999957115667978,0.6123744763476955,0.6123738965147824));
#11063=DIRECTION('',(-0.20399596600415434,-0.7704895272648995,0.6039300739565332));
#11064=FACE_BOUND('',#11065,.T.);
#11065=EDGE_LOOP('',(#11066,#11067,#11068));
#11066=ORIENTED_EDGE('',*,*,#11069,.T.);
#11067=ORIENTED_EDGE('',*,*,#11070,.T.);
#11068=ORIENTED_EDGE('',*,*,#11071,.T.);
#11069=EDGE_CURVE('',#633,#543,#11072,.F.);
#11070=EDGE_CURVE('',#543,#635,#11073,.T.);
#11071=EDGE_CURVE('',#635,#633,#11074,.T.);
#11072=LINE('',#632,#11075);
#11073=LINE('',#542,#11076);
#11074=LINE('',#634,#11077);
#11075=VECTOR('',#11078,1.0);
#11076=VECTOR('',#11079,1.0);
#11077=VECTOR('',#11080,1.0);
#11078=DIRECTION('',(-0.20399596600415434,-0.7704895272648995,0.6039300739565332));
#11079=DIRECTION('',(0.774600065804404,0,0.632451372087857));
#11080=DIRECTION('',(0,0.7071064464207367,-0.7071071159521997));
#11081=FACE_SURFACE('',(#11086),#11082,.T.);
#11082=PLANE('',#11083);
#11083=AXIS2_PLACEMENT_3D('',#632,#11084,#11085);
#11084=DIRECTION('',(-0.5000001911831797,-0.6123726475610906,-0.6123720677299089));
#11085=DIRECTION('',(0,-0.7071064464207367,0.7071071159521997));
#11086=FACE_BOUND('',#11087,.T.);
#11087=EDGE_LOOP('',(#11088,#11089,#11090));
#11088=ORIENTED_EDGE('',*,*,#11091,.T.);
#11089=ORIENTED_EDGE('',*,*,#11092,.T.);
#11090=ORIENTED_EDGE('',*,*,#11093,.T.);
#11091=EDGE_CURVE('',#633,#635,#11094,.F.);
#11092=EDGE_CURVE('',#635,#533,#11095,.T.);
#11093=EDGE_CURVE('',#533,#633,#11096,.T.);
#11094=LINE('',#632,#11097);
#11095=LINE('',#634,#11098);
#11096=LINE('',#532,#11099);
#11097=VECTOR('',#11100,1.0);
#11098=VECTOR('',#11101,1.0);
#11099=VECTOR('',#11102,1.0);
#11100=DIRECTION('',(0,-0.7071064464207367,0.7071071159521997));
#11101=DIRECTION('',(-0.16582653075246828,0.76172097617937,-0.6263247689074322));
#11102=DIRECTION('',(0.7745966579659068,-0.6324555458433803,0));
#11103=FACE_SURFACE('',(#11108),#11104,.T.);
#11104=PLANE('',#11105);
#11105=AXIS2_PLACEMENT_3D('',#532,#11106,#11107);
#11106=DIRECTION('',(-0.49999610969279806,-0.6123736636745254,-0.6123743841229047));
#11107=DIRECTION('',(0.16582653075246828,-0.76172097617937,0.6263247689074322));
#11108=FACE_BOUND('',#11109,.T.);
#11109=EDGE_LOOP('',(#11110,#11111,#11112));
#11110=ORIENTED_EDGE('',*,*,#11113,.T.);
#11111=ORIENTED_EDGE('',*,*,#11114,.T.);
#11112=ORIENTED_EDGE('',*,*,#11115,.T.);
#11113=EDGE_CURVE('',#533,#635,#11116,.F.);
#11114=EDGE_CURVE('',#635,#537,#11117,.T.);
#11115=EDGE_CURVE('',#537,#533,#11118,.T.);
#11116=LINE('',#532,#11119);
#11117=LINE('',#634,#11120);
#11118=LINE('',#536,#11121);
#11119=VECTOR('',#11122,1.0);
#11120=VECTOR('',#11123,1.0);
#11121=VECTOR('',#11124,1.0);
#11122=DIRECTION('',(0.16582653075246828,-0.76172097617937,0.6263247689074322));
#11123=DIRECTION('',(-0.774600065804404,0,0.632451372087857));
#11124=DIRECTION('',(0,0.7071071971364121,-0.7071063652364382));
#11125=FACE_SURFACE('',(#11130),#11126,.T.);
#11126=PLANE('',#11127);
#11127=AXIS2_PLACEMENT_3D('',#530,#11128,#11129);
#11128=DIRECTION('',(-0.49999997714667066,0.6123724450256269,0.6123724450256269));
#11129=DIRECTION('',(0,-0.7071067811865475,0.7071067811865475));
#11130=FACE_BOUND('',#11131,.T.);
#11131=EDGE_LOOP('',(#11132,#11133,#11134));
#11132=ORIENTED_EDGE('',*,*,#11135,.T.);
#11133=ORIENTED_EDGE('',*,*,#11136,.T.);
#11134=ORIENTED_EDGE('',*,*,#11137,.T.);
#11135=EDGE_CURVE('',#531,#535,#11138,.F.);
#11136=EDGE_CURVE('',#535,#637,#11139,.T.);
#11137=EDGE_CURVE('',#637,#531,#11140,.T.);
#11138=LINE('',#530,#11141);
#11139=LINE('',#534,#11142);
#11140=LINE('',#636,#11143);
#11141=VECTOR('',#11144,1.0);
#11142=VECTOR('',#11145,1.0);
#11143=VECTOR('',#11146,1.0);
#11144=DIRECTION('',(0,-0.7071067811865475,0.7071067811865475));
#11145=DIRECTION('',(0.11751590308247209,0.748542107257665,-0.6525907800336788));
#11146=DIRECTION('',(-0.7745966881237367,-0.6324555089077323,0));
#11147=FACE_SURFACE('',(#11152),#11148,.T.);
#11148=PLANE('',#11149);
#11149=AXIS2_PLACEMENT_3D('',#636,#11150,#11151);
#11150=DIRECTION('',(-0.5000048962823999,0.6123709868885503,0.6123698866786066));
#11151=DIRECTION('',(-0.11751590308247209,-0.748542107257665,0.6525907800336788));
#11152=FACE_BOUND('',#11153,.T.);
#11153=EDGE_LOOP('',(#11154,#11155,#11156));
#11154=ORIENTED_EDGE('',*,*,#11157,.T.);
#11155=ORIENTED_EDGE('',*,*,#11158,.T.);
#11156=ORIENTED_EDGE('',*,*,#11159,.T.);
#11157=EDGE_CURVE('',#637,#535,#11160,.F.);
#11158=EDGE_CURVE('',#535,#639,#11161,.T.);
#11159=EDGE_CURVE('',#639,#637,#11162,.T.);
#11160=LINE('',#636,#11163);
#11161=LINE('',#534,#11164);
#11162=LINE('',#638,#11165);
#11163=VECTOR('',#11166,1.0);
#11164=VECTOR('',#11167,1.0);
#11165=VECTOR('',#11168,1.0);
#11166=DIRECTION('',(-0.11751590308247209,-0.748542107257665,0.6525907800336788));
#11167=DIRECTION('',(0.7745923454022712,0,0.6324608275966257));
#11168=DIRECTION('',(0,0.7071061459776815,-0.7071074163948428));
#11169=FACE_SURFACE('',(#11174),#11170,.T.);
#11170=PLANE('',#11171);
#11171=AXIS2_PLACEMENT_3D('',#636,#11172,#11173);
#11172=DIRECTION('',(-0.5000003140166218,-0.6123728576053971,-0.6123717573920924));
#11173=DIRECTION('',(0,-0.7071061459776815,0.7071074163948428));
#11174=FACE_BOUND('',#11175,.T.);
#11175=EDGE_LOOP('',(#11176,#11177,#11178));
#11176=ORIENTED_EDGE('',*,*,#11179,.T.);
#11177=ORIENTED_EDGE('',*,*,#11180,.T.);
#11178=ORIENTED_EDGE('',*,*,#11181,.T.);
#11179=EDGE_CURVE('',#637,#639,#11182,.F.);
#11180=EDGE_CURVE('',#639,#525,#11183,.T.);
#11181=EDGE_CURVE('',#525,#637,#11184,.T.);
#11182=LINE('',#636,#11185);
#11183=LINE('',#638,#11186);
#11184=LINE('',#524,#11187);
#11185=VECTOR('',#11188,1.0);
#11186=VECTOR('',#11189,1.0);
#11187=VECTOR('',#11190,1.0);
#11188=DIRECTION('',(0,-0.7071061459776815,0.7071074163948428));
#11189=DIRECTION('',(-0.10357557594167972,0.7443153782685816,-0.6597474651268072));
#11190=DIRECTION('',(0.7745966881237367,-0.6324555089077323,0));
#11191=FACE_SURFACE('',(#11196),#11192,.T.);
#11192=PLANE('',#11193);
#11193=AXIS2_PLACEMENT_3D('',#524,#11194,#11195);
#11194=DIRECTION('',(-0.4999958227483957,-0.612374249398859,-0.6123740326853669));
#11195=DIRECTION('',(0.10357557594167972,-0.7443153782685816,0.6597474651268072));
#11196=FACE_BOUND('',#11197,.T.);
#11197=EDGE_LOOP('',(#11198,#11199,#11200));
#11198=ORIENTED_EDGE('',*,*,#11201,.T.);
#11199=ORIENTED_EDGE('',*,*,#11202,.T.);
#11200=ORIENTED_EDGE('',*,*,#11203,.T.);
#11201=EDGE_CURVE('',#525,#639,#11204,.F.);
#11202=EDGE_CURVE('',#639,#529,#11205,.T.);
#11203=EDGE_CURVE('',#529,#525,#11206,.T.);
#11204=LINE('',#524,#11207);
#11205=LINE('',#638,#11208);
#11206=LINE('',#528,#11209);
#11207=VECTOR('',#11210,1.0);
#11208=VECTOR('',#11211,1.0);
#11209=VECTOR('',#11212,1.0);
#11210=DIRECTION('',(0.10357557594167972,-0.7443153782685816,0.6597474651268072));
#11211=DIRECTION('',(-0.774600065804404,0,0.632451372087857));
#11212=DIRECTION('',(0,0.707106656067292,-0.707106906305781));
#11213=FACE_SURFACE('',(#11218),#11214,.T.);
#11214=PLANE('',#11215);
#11215=AXIS2_PLACEMENT_3D('',#522,#11216,#11217);
#11216=DIRECTION('',(-0.500000459393014,0.6123725588171154,0.6123719374812612));
#11217=DIRECTION('',(0,-0.7071064224579239,0.7071071399149891));
#11218=FACE_BOUND('',#11219,.T.);
#11219=EDGE_LOOP('',(#11220,#11221,#11222));
#11220=ORIENTED_EDGE('',*,*,#11223,.T.);
#11221=ORIENTED_EDGE('',*,*,#11224,.T.);
#11222=ORIENTED_EDGE('',*,*,#11225,.T.);
#11223=EDGE_CURVE('',#523,#527,#11226,.F.);
#11224=EDGE_CURVE('',#527,#641,#11227,.T.);
#11225=EDGE_CURVE('',#641,#523,#11228,.T.);
#11226=LINE('',#522,#11229);
#11227=LINE('',#526,#11230);
#11228=LINE('',#640,#11231);
#11229=VECTOR('',#11232,1.0);
#11230=VECTOR('',#11233,1.0);
#11231=VECTOR('',#11234,1.0);
#11232=DIRECTION('',(0,-0.7071064224579239,0.7071071399149891));
#11233=DIRECTION('',(0.08228804283814245,0.7375011638616017,-0.6703138901355475));
#11234=DIRECTION('',(-0.7745964468611136,-0.6324558043927954,0));
#11235=FACE_SURFACE('',(#11240),#11236,.T.);
#11236=PLANE('',#11237);
#11237=AXIS2_PLACEMENT_3D('',#640,#11238,#11239);
#11238=DIRECTION('',(-0.4999959157046407,0.6123740596523225,0.6123741465342992));
#11239=DIRECTION('',(-0.08228804283814245,-0.7375011638616017,0.6703138901355475));
#11240=FACE_BOUND('',#11241,.T.);
#11241=EDGE_LOOP('',(#11242,#11243,#11244));
#11242=ORIENTED_EDGE('',*,*,#11245,.T.);
#11243=ORIENTED_EDGE('',*,*,#11246,.T.);
#11244=ORIENTED_EDGE('',*,*,#11247,.T.);
#11245=EDGE_CURVE('',#641,#527,#11248,.F.);
#11246=EDGE_CURVE('',#527,#643,#11249,.T.);
#11247=EDGE_CURVE('',#643,#641,#11250,.T.);
#11248=LINE('',#640,#11251);
#11249=LINE('',#526,#11252);
#11250=LINE('',#642,#11253);
#11251=VECTOR('',#11254,1.0);
#11252=VECTOR('',#11255,1.0);
#11253=VECTOR('',#11256,1.0);
#11254=DIRECTION('',(-0.08228804283814245,-0.7375011638616017,0.6703138901355475));
#11255=DIRECTION('',(0.774600065804404,0,0.632451372087857));
#11256=DIRECTION('',(0,0.7071068313477419,-0.7071067310253497));
#11257=FACE_SURFACE('',(#11262),#11258,.T.);
#11258=PLANE('',#11259);
#11259=AXIS2_PLACEMENT_3D('',#640,#11260,#11261);
#11260=DIRECTION('',(-0.4999999505446779,-0.6123724124449706,-0.6123724993267138));
#11261=DIRECTION('',(0,-0.7071068313477419,0.7071067310253497));
#11262=FACE_BOUND('',#11263,.T.);
#11263=EDGE_LOOP('',(#11264,#11265,#11266));
#11264=ORIENTED_EDGE('',*,*,#11267,.T.);
#11265=ORIENTED_EDGE('',*,*,#11268,.T.);
#11266=ORIENTED_EDGE('',*,*,#11269,.T.);
#11267=EDGE_CURVE('',#641,#643,#11270,.F.);
#11268=EDGE_CURVE('',#643,#517,#11271,.T.);
#11269=EDGE_CURVE('',#517,#641,#11272,.T.);
#11270=LINE('',#640,#11273);
#11271=LINE('',#642,#11274);
#11272=LINE('',#516,#11275);
#11273=VECTOR('',#11276,1.0);
#11274=VECTOR('',#11277,1.0);
#11275=VECTOR('',#11278,1.0);
#11276=DIRECTION('',(0,-0.7071068313477419,0.7071067310253497));
#11277=DIRECTION('',(-0.0751746506007019,0.7351276959193882,-0.6737477588825908));
#11278=DIRECTION('',(0.7745966881237367,-0.6324555089077323,0));
#11279=FACE_SURFACE('',(#11284),#11280,.T.);
#11280=PLANE('',#11281);
#11281=AXIS2_PLACEMENT_3D('',#516,#11282,#11283);
#11282=DIRECTION('',(-0.5000050381066444,-0.612370697392242,-0.6123700603746989));
#11283=DIRECTION('',(0.0751746506007019,-0.7351276959193882,0.6737477588825908));
#11284=FACE_BOUND('',#11285,.T.);
#11285=EDGE_LOOP('',(#11286,#11287,#11288));
#11286=ORIENTED_EDGE('',*,*,#11289,.T.);
#11287=ORIENTED_EDGE('',*,*,#11290,.T.);
#11288=ORIENTED_EDGE('',*,*,#11291,.T.);
#11289=EDGE_CURVE('',#517,#643,#11292,.F.);
#11290=EDGE_CURVE('',#643,#521,#11293,.T.);
#11291=EDGE_CURVE('',#521,#517,#11294,.T.);
#11292=LINE('',#516,#11295);
#11293=LINE('',#642,#11296);
#11294=LINE('',#520,#11297);
#11295=VECTOR('',#11298,1.0);
#11296=VECTOR('',#11299,1.0);
#11297=VECTOR('',#11300,1.0);
#11298=DIRECTION('',(0.0751746506007019,-0.7351276959193882,0.6737477588825908));
#11299=DIRECTION('',(-0.7745923454022712,0,0.6324608275966257));
#11300=DIRECTION('',(0,0.7071064134029665,-0.7071071489699371));
#11301=FACE_SURFACE('',(#11306),#11302,.T.);
#11302=PLANE('',#11303);
#11303=AXIS2_PLACEMENT_3D('',#514,#11304,#11305);
#11304=DIRECTION('',(-0.4999998994400316,0.6123723498548134,0.6123726036436087));
#11305=DIRECTION('',(0,-0.7071069277115518,0.7071066346615129));
#11306=FACE_BOUND('',#11307,.T.);
#11307=EDGE_LOOP('',(#11308,#11309,#11310));
#11308=ORIENTED_EDGE('',*,*,#11311,.T.);
#11309=ORIENTED_EDGE('',*,*,#11312,.T.);
#11310=ORIENTED_EDGE('',*,*,#11313,.T.);
#11311=EDGE_CURVE('',#515,#519,#11314,.F.);
#11312=EDGE_CURVE('',#519,#645,#11315,.T.);
#11313=EDGE_CURVE('',#645,#515,#11316,.T.);
#11314=LINE('',#514,#11317);
#11315=LINE('',#518,#11318);
#11316=LINE('',#644,#11319);
#11317=VECTOR('',#11320,1.0);
#11318=VECTOR('',#11321,1.0);
#11319=VECTOR('',#11322,1.0);
#11320=DIRECTION('',(0,-0.7071069277115518,0.7071066346615129));
#11321=DIRECTION('',(0.06326574346231544,0.7310457006100592,-0.6793891589683398));
#11322=DIRECTION('',(-0.7745966881237367,-0.6324555089077323,0));
#11323=FACE_SURFACE('',(#11328),#11324,.T.);
#11324=PLANE('',#11325);
#11325=AXIS2_PLACEMENT_3D('',#644,#11326,#11327);
#11326=DIRECTION('',(-0.5000051196716975,0.6123705308988762,0.6123701602696852));
#11327=DIRECTION('',(-0.06326574346231544,-0.7310457006100592,0.6793891589683398));
#11328=FACE_BOUND('',#11329,.T.);
#11329=EDGE_LOOP('',(#11330,#11331,#11332));
#11330=ORIENTED_EDGE('',*,*,#11333,.T.);
#11331=ORIENTED_EDGE('',*,*,#11334,.T.);
#11332=ORIENTED_EDGE('',*,*,#11335,.T.);
#11333=EDGE_CURVE('',#645,#519,#11336,.F.);
#11334=EDGE_CURVE('',#519,#647,#11337,.T.);
#11335=EDGE_CURVE('',#647,#645,#11338,.T.);
#11336=LINE('',#644,#11339);
#11337=LINE('',#518,#11340);
#11338=LINE('',#646,#11341);
#11339=VECTOR('',#11342,1.0);
#11340=VECTOR('',#11343,1.0);
#11341=VECTOR('',#11344,1.0);
#11342=DIRECTION('',(-0.06326574346231544,-0.7310457006100592,0.6793891589683398));
#11343=DIRECTION('',(0.7745923454022712,0,0.6324608275966257));
#11344=DIRECTION('',(0,0.7071065672029216,-0.7071069951701087));
#11345=FACE_SURFACE('',(#11350),#11346,.T.);
#11346=PLANE('',#11347);
#11347=AXIS2_PLACEMENT_3D('',#644,#11348,#11349);
#11348=DIRECTION('',(-0.5000000906285764,-0.6123725840120174,-0.6123722133815838));
#11349=DIRECTION('',(0,-0.7071065672029216,0.7071069951701087));
#11350=FACE_BOUND('',#11351,.T.);
#11351=EDGE_LOOP('',(#11352,#11353,#11354));
#11352=ORIENTED_EDGE('',*,*,#11355,.T.);
#11353=ORIENTED_EDGE('',*,*,#11356,.T.);
#11354=ORIENTED_EDGE('',*,*,#11357,.T.);
#11355=EDGE_CURVE('',#645,#647,#11358,.F.);
#11356=EDGE_CURVE('',#647,#509,#11359,.T.);
#11357=EDGE_CURVE('',#509,#645,#11360,.T.);
#11358=LINE('',#644,#11361);
#11359=LINE('',#646,#11362);
#11360=LINE('',#508,#11363);
#11361=VECTOR('',#11364,1.0);
#11362=VECTOR('',#11365,1.0);
#11363=VECTOR('',#11366,1.0);
#11364=DIRECTION('',(0,-0.7071065672029216,0.7071069951701087));
#11365=DIRECTION('',(-0.0589686091276039,0.729539296582549,-0.6813920441855742));
#11366=DIRECTION('',(0.7745966881237367,-0.6324555089077323,0));
#11367=FACE_SURFACE('',(#11372),#11368,.T.);
#11368=PLANE('',#11369);
#11369=AXIS2_PLACEMENT_3D('',#508,#11370,#11371);
#11370=DIRECTION('',(-0.4999959180096799,-0.61237405494717,-0.6123741493574152));
#11371=DIRECTION('',(0.0589686091276039,-0.729539296582549,0.6813920441855742));
#11372=FACE_BOUND('',#11373,.T.);
#11373=EDGE_LOOP('',(#11374,#11375,#11376));
#11374=ORIENTED_EDGE('',*,*,#11377,.T.);
#11375=ORIENTED_EDGE('',*,*,#11378,.T.);
#11376=ORIENTED_EDGE('',*,*,#11379,.T.);
#11377=EDGE_CURVE('',#509,#647,#11380,.F.);
#11378=EDGE_CURVE('',#647,#513,#11381,.T.);
#11379=EDGE_CURVE('',#513,#509,#11382,.T.);
#11380=LINE('',#508,#11383);
#11381=LINE('',#646,#11384);
#11382=LINE('',#512,#11385);
#11383=VECTOR('',#11386,1.0);
#11384=VECTOR('',#11387,1.0);
#11385=VECTOR('',#11388,1.0);
#11386=DIRECTION('',(0.0589686091276039,-0.729539296582549,0.6813920441855742));
#11387=DIRECTION('',(-0.774600065804404,0,0.632451372087857));
#11388=DIRECTION('',(0,0.7071068356941775,-0.7071067266789133));
#11389=FACE_SURFACE('',(#11394),#11390,.T.);
#11390=PLANE('',#11391);
#11391=AXIS2_PLACEMENT_3D('',#506,#11392,#11393);
#11392=DIRECTION('',(-0.5000000218566695,0.6123724997839719,0.6123723537617121));
#11393=DIRECTION('',(0,-0.7071066968805503,0.7071068654925348));
#11394=FACE_BOUND('',#11395,.T.);
#11395=EDGE_LOOP('',(#11396,#11397,#11398));
#11396=ORIENTED_EDGE('',*,*,#11399,.T.);
#11397=ORIENTED_EDGE('',*,*,#11400,.T.);
#11398=ORIENTED_EDGE('',*,*,#11401,.T.);
#11399=EDGE_CURVE('',#507,#511,#11402,.F.);
#11400=EDGE_CURVE('',#511,#649,#11403,.T.);
#11401=EDGE_CURVE('',#649,#507,#11404,.T.);
#11402=LINE('',#506,#11405);
#11403=LINE('',#510,#11406);
#11404=LINE('',#648,#11407);
#11405=VECTOR('',#11408,1.0);
#11406=VECTOR('',#11409,1.0);
#11407=VECTOR('',#11410,1.0);
#11408=DIRECTION('',(0,-0.7071066968805503,0.7071068654925348));
#11409=DIRECTION('',(0.05137410159024225,0.7268348161919143,-0.6848882037654479));
#11410=DIRECTION('',(-0.7745966881237367,-0.6324555089077323,0));
#11411=FACE_SURFACE('',(#11416),#11412,.T.);
#11412=PLANE('',#11413);
#11413=AXIS2_PLACEMENT_3D('',#648,#11414,#11415);
#11414=DIRECTION('',(-0.5000050393566635,0.6123706948406611,0.6123700619056319));
#11415=DIRECTION('',(-0.05137410159024225,-0.7268348161919143,0.6848882037654479));
#11416=FACE_BOUND('',#11417,.T.);
#11417=EDGE_LOOP('',(#11418,#11419,#11420));
#11418=ORIENTED_EDGE('',*,*,#11421,.T.);
#11419=ORIENTED_EDGE('',*,*,#11422,.T.);
#11420=ORIENTED_EDGE('',*,*,#11423,.T.);
#11421=EDGE_CURVE('',#649,#511,#11424,.F.);
#11422=EDGE_CURVE('',#511,#651,#11425,.T.);
#11423=EDGE_CURVE('',#651,#649,#11426,.T.);
#11424=LINE('',#648,#11427);
#11425=LINE('',#510,#11428);
#11426=LINE('',#650,#11429);
#11427=VECTOR('',#11430,1.0);
#11428=VECTOR('',#11431,1.0);
#11429=VECTOR('',#11432,1.0);
#11430=DIRECTION('',(-0.05137410159024225,-0.7268348161919143,0.6848882037654479));
#11431=DIRECTION('',(0.7745923454022712,0,0.6324608275966257));
#11432=DIRECTION('',(0,0.707106415760016,-0.7071071466128903));
#11433=FACE_SURFACE('',(#11438),#11434,.T.);
#11434=PLANE('',#11435);
#11435=AXIS2_PLACEMENT_3D('',#648,#11436,#11437);
#11436=DIRECTION('',(-0.5000001709432139,-0.6123726823769637,-0.6123720494398803));
#11437=DIRECTION('',(0,-0.707106415760016,0.7071071466128903));
#11438=FACE_BOUND('',#11439,.T.);
#11439=EDGE_LOOP('',(#11440,#11441,#11442));
#11440=ORIENTED_EDGE('',*,*,#11443,.T.);
#11441=ORIENTED_EDGE('',*,*,#11444,.T.);
#11442=ORIENTED_EDGE('',*,*,#11445,.T.);
#11443=EDGE_CURVE('',#649,#651,#11446,.F.);
#11444=EDGE_CURVE('',#651,#489,#11447,.T.);
#11445=EDGE_CURVE('',#489,#649,#11448,.T.);
#11446=LINE('',#648,#11449);
#11447=LINE('',#650,#11450);
#11448=LINE('',#488,#11451);
#11449=VECTOR('',#11452,1.0);
#11450=VECTOR('',#11453,1.0);
#11451=VECTOR('',#11454,1.0);
#11452=DIRECTION('',(0,-0.707106415760016,0.7071071466128903));
#11453=DIRECTION('',(-0.048501664336011566,0.7257973485746526,-0.686196617128532));
#11454=DIRECTION('',(0.7745966881237367,-0.6324555089077323,0));
#11455=FACE_SURFACE('',(#11460),#11456,.T.);
#11456=PLANE('',#11457);
#11457=AXIS2_PLACEMENT_3D('',#488,#11458,#11459);
#11458=DIRECTION('',(-0.4999958174070959,-0.6123742603017616,-0.6123740261435657));
#11459=DIRECTION('',(0.048501664336011566,-0.7257973485746526,0.686196617128532));
#11460=FACE_BOUND('',#11461,.T.);
#11461=EDGE_LOOP('',(#11462,#11463,#11464));
#11462=ORIENTED_EDGE('',*,*,#11465,.T.);
#11463=ORIENTED_EDGE('',*,*,#11466,.T.);
#11464=ORIENTED_EDGE('',*,*,#11467,.T.);
#11465=EDGE_CURVE('',#489,#651,#11468,.F.);
#11466=EDGE_CURVE('',#651,#493,#11469,.T.);
#11467=EDGE_CURVE('',#493,#489,#11470,.T.);
#11468=LINE('',#488,#11471);
#11469=LINE('',#650,#11472);
#11470=LINE('',#492,#11473);
#11471=VECTOR('',#11474,1.0);
#11472=VECTOR('',#11475,1.0);
#11473=VECTOR('',#11476,1.0);
#11474=DIRECTION('',(0.048501664336011566,-0.7257973485746526,0.686196617128532));
#11475=DIRECTION('',(-0.774600065804404,0,0.632451372087857));
#11476=DIRECTION('',(0,0.7071066459956142,-0.707106916377455));
#11477=FACE_SURFACE('',(#11482),#11478,.T.);
#11478=PLANE('',#11479);
#11479=AXIS2_PLACEMENT_3D('',#652,#11480,#11481);
#11480=DIRECTION('',(-0.5000051497561773,0.6123702495314295,0.6123704170729654));
#11481=DIRECTION('',(-0.7745924566947985,0,-0.6324606912935512));
#11482=FACE_BOUND('',#11483,.T.);
#11483=EDGE_LOOP('',(#11484,#11485,#11486));
#11484=ORIENTED_EDGE('',*,*,#11487,.T.);
#11485=ORIENTED_EDGE('',*,*,#11488,.T.);
#11486=ORIENTED_EDGE('',*,*,#11489,.T.);
#11487=EDGE_CURVE('',#653,#655,#11490,.F.);
#11488=EDGE_CURVE('',#655,#657,#11491,.T.);
#11489=EDGE_CURVE('',#657,#653,#11492,.T.);
#11490=LINE('',#652,#11493);
#11491=LINE('',#654,#11494);
#11492=LINE('',#656,#11495);
#11493=VECTOR('',#11496,1.0);
#11494=VECTOR('',#11497,1.0);
#11495=VECTOR('',#11498,1.0);
#11496=DIRECTION('',(-0.7745924566947985,0,-0.6324606912935512));
#11497=DIRECTION('',(0.024859755386412115,-0.6966663937135357,0.7169643843541356));
#11498=DIRECTION('',(0,0.7071068779170239,-0.7071066844560581));
#11499=FACE_SURFACE('',(#11504),#11500,.T.);
#11500=PLANE('',#11501);
#11501=AXIS2_PLACEMENT_3D('',#656,#11502,#11503);
#11502=DIRECTION('',(-0.4999958062411294,0.6123742830942359,0.6123740124679555));
#11503=DIRECTION('',(-0.024859755386412115,0.6966663937135357,-0.7169643843541356));
#11504=FACE_BOUND('',#11505,.T.);
#11505=EDGE_LOOP('',(#11506,#11507,#11508));
#11506=ORIENTED_EDGE('',*,*,#11509,.T.);
#11507=ORIENTED_EDGE('',*,*,#11510,.T.);
#11508=ORIENTED_EDGE('',*,*,#11511,.T.);
#11509=EDGE_CURVE('',#657,#655,#11512,.F.);
#11510=EDGE_CURVE('',#655,#491,#11513,.T.);
#11511=EDGE_CURVE('',#491,#657,#11514,.T.);
#11512=LINE('',#656,#11515);
#11513=LINE('',#654,#11516);
#11514=LINE('',#490,#11517);
#11515=VECTOR('',#11518,1.0);
#11516=VECTOR('',#11519,1.0);
#11517=VECTOR('',#11520,1.0);
#11518=DIRECTION('',(-0.024859755386412115,0.6966663937135357,-0.7169643843541356));
#11519=DIRECTION('',(-0.018427261283344782,-0.7144693512122656,0.6994240360610432));
#11520=DIRECTION('',(0.774600065804404,0,0.632451372087857));
#11521=FACE_SURFACE('',(#11526),#11522,.T.);
#11522=PLANE('',#11523);
#11523=AXIS2_PLACEMENT_3D('',#490,#11524,#11525);
#11524=DIRECTION('',(-0.4999999787977353,0.6123726521718695,0.6123722365312252));
#11525=DIRECTION('',(0.018427261283344782,0.7144693512122656,-0.6994240360610432));
#11526=FACE_BOUND('',#11527,.T.);
#11527=EDGE_LOOP('',(#11528,#11529,#11530));
#11528=ORIENTED_EDGE('',*,*,#11531,.T.);
#11529=ORIENTED_EDGE('',*,*,#11532,.T.);
#11530=ORIENTED_EDGE('',*,*,#11533,.T.);
#11531=EDGE_CURVE('',#491,#655,#11534,.F.);
#11532=EDGE_CURVE('',#655,#487,#11535,.T.);
#11533=EDGE_CURVE('',#487,#491,#11536,.T.);
#11534=LINE('',#490,#11537);
#11535=LINE('',#654,#11538);
#11536=LINE('',#486,#11539);
#11537=VECTOR('',#11540,1.0);
#11538=VECTOR('',#11541,1.0);
#11539=VECTOR('',#11542,1.0);
#11540=DIRECTION('',(0.018427261283344782,0.7144693512122656,-0.6994240360610432));
#11541=DIRECTION('',(-0.7745967919092007,-0.6324553817969883,0));
#11542=DIRECTION('',(0,-0.7071065412162723,0.7071070211567414));
#11543=FACE_SURFACE('',(#11548),#11544,.T.);
#11544=PLANE('',#11545);
#11545=AXIS2_PLACEMENT_3D('',#652,#11546,#11547);
#11546=DIRECTION('',(-0.5000006124493187,-0.6123721018931759,-0.6123722694352187));
#11547=DIRECTION('',(0,-0.7071068779170239,0.7071066844560581));
#11548=FACE_BOUND('',#11549,.T.);
#11549=EDGE_LOOP('',(#11550,#11551,#11552));
#11550=ORIENTED_EDGE('',*,*,#11553,.T.);
#11551=ORIENTED_EDGE('',*,*,#11554,.T.);
#11552=ORIENTED_EDGE('',*,*,#11555,.T.);
#11553=EDGE_CURVE('',#653,#657,#11556,.F.);
#11554=EDGE_CURVE('',#657,#553,#11557,.T.);
#11555=EDGE_CURVE('',#553,#653,#11558,.T.);
#11556=LINE('',#652,#11559);
#11557=LINE('',#656,#11560);
#11558=LINE('',#552,#11561);
#11559=VECTOR('',#11562,1.0);
#11560=VECTOR('',#11563,1.0);
#11561=VECTOR('',#11564,1.0);
#11562=DIRECTION('',(0,-0.7071068779170239,0.7071066844560581));
#11563=DIRECTION('',(-0.04452975726509195,0.7243507351655833,-0.6879920880235402));
#11564=DIRECTION('',(0.7745962055985283,0,-0.6324560998775826));
#11565=FACE_SURFACE('',(#11570),#11566,.T.);
#11566=PLANE('',#11567);
#11567=AXIS2_PLACEMENT_3D('',#552,#11568,#11569);
#11568=DIRECTION('',(-0.5000051671978746,-0.6123704338867908,-0.6123702184763145));
#11569=DIRECTION('',(0.04452975726509195,-0.7243507351655833,0.6879920880235402));
#11570=FACE_BOUND('',#11571,.T.);
#11571=EDGE_LOOP('',(#11572,#11573,#11574));
#11572=ORIENTED_EDGE('',*,*,#11575,.T.);
#11573=ORIENTED_EDGE('',*,*,#11576,.T.);
#11574=ORIENTED_EDGE('',*,*,#11577,.T.);
#11575=EDGE_CURVE('',#553,#657,#11578,.F.);
#11576=EDGE_CURVE('',#657,#555,#11579,.T.);
#11577=EDGE_CURVE('',#555,#553,#11580,.T.);
#11578=LINE('',#552,#11581);
#11579=LINE('',#656,#11582);
#11580=LINE('',#554,#11583);
#11581=VECTOR('',#11584,1.0);
#11582=VECTOR('',#11585,1.0);
#11583=VECTOR('',#11586,1.0);
#11584=DIRECTION('',(0.04452975726509195,-0.7243507351655833,0.6879920880235402));
#11585=DIRECTION('',(-0.7745923454022712,0,0.6324608275966257));
#11586=DIRECTION('',(0,0.7071066568188117,-0.7071069055542615));
#11587=FACE_SURFACE('',(#11592),#11588,.T.);
#11588=PLANE('',#11589);
#11589=AXIS2_PLACEMENT_3D('',#658,#11590,#11591);
#11590=DIRECTION('',(-0.5000131984838081,-0.6123669635721958,-0.6123671311128327));
#11591=DIRECTION('',(-0.7745858064539242,0,0.6324688359438145));
#11592=FACE_BOUND('',#11593,.T.);
#11593=EDGE_LOOP('',(#11594,#11595,#11596));
#11594=ORIENTED_EDGE('',*,*,#11597,.T.);
#11595=ORIENTED_EDGE('',*,*,#11598,.T.);
#11596=ORIENTED_EDGE('',*,*,#11599,.T.);
#11597=EDGE_CURVE('',#659,#627,#11600,.F.);
#11598=EDGE_CURVE('',#627,#661,#11601,.T.);
#11599=EDGE_CURVE('',#661,#659,#11602,.T.);
#11600=LINE('',#658,#11603);
#11601=LINE('',#626,#11604);
#11602=LINE('',#660,#11605);
#11603=VECTOR('',#11606,1.0);
#11604=VECTOR('',#11607,1.0);
#11605=VECTOR('',#11608,1.0);
#11606=DIRECTION('',(-0.7745858064539242,0,0.6324688359438145));
#11607=DIRECTION('',(0.024859747621269152,0.6966661761042285,-0.7169645960718833));
#11608=DIRECTION('',(0,-0.7071068779170239,0.7071066844560581));
#11609=FACE_SURFACE('',(#11614),#11610,.T.);
#11610=PLANE('',#11611);
#11611=AXIS2_PLACEMENT_3D('',#660,#11612,#11613);
#11612=DIRECTION('',(-0.5000051691601534,-0.6123704298813185,-0.6123702208795718));
#11613=DIRECTION('',(-0.024859747621269152,-0.6966661761042285,0.7169645960718833));
#11614=FACE_BOUND('',#11615,.T.);
#11615=EDGE_LOOP('',(#11616,#11617,#11618));
#11616=ORIENTED_EDGE('',*,*,#11619,.T.);
#11617=ORIENTED_EDGE('',*,*,#11620,.T.);
#11618=ORIENTED_EDGE('',*,*,#11621,.T.);
#11619=EDGE_CURVE('',#661,#627,#11622,.F.);
#11620=EDGE_CURVE('',#627,#599,#11623,.T.);
#11621=EDGE_CURVE('',#599,#661,#11624,.T.);
#11622=LINE('',#660,#11625);
#11623=LINE('',#626,#11626);
#11624=LINE('',#598,#11627);
#11625=VECTOR('',#11628,1.0);
#11626=VECTOR('',#11629,1.0);
#11627=VECTOR('',#11630,1.0);
#11628=DIRECTION('',(-0.024859747621269152,-0.6966661761042285,0.7169645960718833));
#11629=DIRECTION('',(-0.01842726704192271,0.7144695744862167,-0.6994238078324545));
#11630=DIRECTION('',(0.7745923454022712,0,-0.6324608275966257));
#11631=FACE_SURFACE('',(#11636),#11632,.T.);
#11632=PLANE('',#11633);
#11633=AXIS2_PLACEMENT_3D('',#598,#11634,#11635);
#11634=DIRECTION('',(-0.49999985902043653,-0.6123725054751792,-0.6123724810257197));
#11635=DIRECTION('',(0.01842726704192271,-0.7144695744862167,0.6994238078324545));
#11636=FACE_BOUND('',#11637,.T.);
#11637=EDGE_LOOP('',(#11638,#11639,#11640));
#11638=ORIENTED_EDGE('',*,*,#11641,.T.);
#11639=ORIENTED_EDGE('',*,*,#11642,.T.);
#11640=ORIENTED_EDGE('',*,*,#11643,.T.);
#11641=EDGE_CURVE('',#599,#627,#11644,.F.);
#11642=EDGE_CURVE('',#627,#603,#11645,.T.);
#11643=EDGE_CURVE('',#603,#599,#11646,.T.);
#11644=LINE('',#598,#11647);
#11645=LINE('',#626,#11648);
#11646=LINE('',#602,#11649);
#11647=VECTOR('',#11650,1.0);
#11648=VECTOR('',#11651,1.0);
#11649=VECTOR('',#11652,1.0);
#11650=DIRECTION('',(0.01842726704192271,-0.7144695744862167,0.6994238078324545));
#11651=DIRECTION('',(-0.7745967919092007,0.6324553817969883,0));
#11652=DIRECTION('',(0,0.7071067670706468,-0.7071067953024481));
#11653=FACE_SURFACE('',(#11658),#11654,.T.);
#11654=PLANE('',#11655);
#11655=AXIS2_PLACEMENT_3D('',#658,#11656,#11657);
#11656=DIRECTION('',(-0.49999594040166245,0.612374009239617,0.6123741767821816));
#11657=DIRECTION('',(0,0.7071068779170239,-0.7071066844560581));
#11658=FACE_BOUND('',#11659,.T.);
#11659=EDGE_LOOP('',(#11660,#11661,#11662));
#11660=ORIENTED_EDGE('',*,*,#11663,.T.);
#11661=ORIENTED_EDGE('',*,*,#11664,.T.);
#11662=ORIENTED_EDGE('',*,*,#11665,.T.);
#11663=EDGE_CURVE('',#659,#661,#11666,.F.);
#11664=EDGE_CURVE('',#661,#611,#11667,.T.);
#11665=EDGE_CURVE('',#611,#659,#11668,.T.);
#11666=LINE('',#658,#11669);
#11667=LINE('',#660,#11670);
#11668=LINE('',#610,#11671);
#11669=VECTOR('',#11672,1.0);
#11670=VECTOR('',#11673,1.0);
#11671=VECTOR('',#11674,1.0);
#11672=DIRECTION('',(0,0.7071068779170239,-0.7071066844560581));
#11673=DIRECTION('',(-0.044529743387540385,-0.7243505094240726,0.6879923265930559));
#11674=DIRECTION('',(0.774600065804404,0,0.632451372087857));
#11675=FACE_SURFACE('',(#11680),#11676,.T.);
#11676=PLANE('',#11677);
#11677=AXIS2_PLACEMENT_3D('',#610,#11678,#11679);
#11678=DIRECTION('',(-0.49999594040166245,0.612374009239617,0.6123741767821816));
#11679=DIRECTION('',(0.044529743387540385,0.7243505094240726,-0.6879923265930559));
#11680=FACE_BOUND('',#11681,.T.);
#11681=EDGE_LOOP('',(#11682,#11683,#11684));
#11682=ORIENTED_EDGE('',*,*,#11685,.T.);
#11683=ORIENTED_EDGE('',*,*,#11686,.T.);
#11684=ORIENTED_EDGE('',*,*,#11687,.T.);
#11685=EDGE_CURVE('',#611,#661,#11688,.F.);
#11686=EDGE_CURVE('',#661,#613,#11689,.T.);
#11687=EDGE_CURVE('',#613,#611,#11690,.T.);
#11688=LINE('',#610,#11691);
#11689=LINE('',#660,#11692);
#11690=LINE('',#612,#11693);
#11691=VECTOR('',#11694,1.0);
#11692=VECTOR('',#11695,1.0);
#11693=VECTOR('',#11696,1.0);
#11694=DIRECTION('',(0.044529743387540385,0.7243505094240726,-0.6879923265930559));
#11695=DIRECTION('',(-0.774600065804404,0,-0.632451372087857));
#11696=DIRECTION('',(0,-0.7071068779170239,0.7071066844560581));
#11697=FACE_SURFACE('',(#11702),#11698,.T.);
#11698=PLANE('',#11699);
#11699=AXIS2_PLACEMENT_3D('',#662,#11700,#11701);
#11700=DIRECTION('',(-0.5000051773319829,0.6123704132006931,0.6123702308878385));
#11701=DIRECTION('',(-0.7745923454022712,0,-0.6324608275966257));
#11702=FACE_BOUND('',#11703,.T.);
#11703=EDGE_LOOP('',(#11704,#11705,#11706));
#11704=ORIENTED_EDGE('',*,*,#11707,.T.);
#11705=ORIENTED_EDGE('',*,*,#11708,.T.);
#11706=ORIENTED_EDGE('',*,*,#11709,.T.);
#11707=EDGE_CURVE('',#663,#597,#11710,.F.);
#11708=EDGE_CURVE('',#597,#625,#11711,.T.);
#11709=EDGE_CURVE('',#625,#663,#11712,.T.);
#11710=LINE('',#662,#11713);
#11711=LINE('',#596,#11714);
#11712=LINE('',#624,#11715);
#11713=VECTOR('',#11716,1.0);
#11714=VECTOR('',#11717,1.0);
#11715=VECTOR('',#11718,1.0);
#11716=DIRECTION('',(-0.7745923454022712,0,-0.6324608275966257));
#11717=DIRECTION('',(0.04850166041784974,-0.6861958640183935,0.7257980608549199));
#11718=DIRECTION('',(0,0.7071066759278007,-0.7071068864452786));
#11719=FACE_SURFACE('',(#11724),#11720,.T.);
#11720=PLANE('',#11721);
#11721=AXIS2_PLACEMENT_3D('',#624,#11722,#11723);
#11722=DIRECTION('',(-0.5000002088186909,0.6123726691600916,0.612372031731537));
#11723=DIRECTION('',(-0.04850166041784974,0.6861958640183935,-0.7257980608549199));
#11724=FACE_BOUND('',#11725,.T.);
#11725=EDGE_LOOP('',(#11726,#11727,#11728));
#11726=ORIENTED_EDGE('',*,*,#11729,.T.);
#11727=ORIENTED_EDGE('',*,*,#11730,.T.);
#11728=ORIENTED_EDGE('',*,*,#11731,.T.);
#11729=EDGE_CURVE('',#625,#597,#11732,.F.);
#11730=EDGE_CURVE('',#597,#601,#11733,.T.);
#11731=EDGE_CURVE('',#601,#625,#11734,.T.);
#11732=LINE('',#624,#11735);
#11733=LINE('',#596,#11736);
#11734=LINE('',#600,#11737);
#11735=VECTOR('',#11738,1.0);
#11736=VECTOR('',#11739,1.0);
#11737=VECTOR('',#11740,1.0);
#11738=DIRECTION('',(-0.04850166041784974,0.6861958640183935,-0.7257980608549199));
#11739=DIRECTION('',(0,-0.7071064131668529,0.7071071492060507));
#11740=DIRECTION('',(0.7745966579659068,0.6324555458433803,0));
#11741=FACE_SURFACE('',(#11746),#11742,.T.);
#11742=PLANE('',#11743);
#11743=AXIS2_PLACEMENT_3D('',#590,#11744,#11745);
#11744=DIRECTION('',(-0.49999570439501795,-0.6123744909870478,-0.6123738877310855));
#11745=DIRECTION('',(0.774600065804404,0,-0.632451372087857));
#11746=FACE_BOUND('',#11747,.T.);
#11747=EDGE_LOOP('',(#11748,#11749,#11750));
#11748=ORIENTED_EDGE('',*,*,#11751,.T.);
#11749=ORIENTED_EDGE('',*,*,#11752,.T.);
#11750=ORIENTED_EDGE('',*,*,#11753,.T.);
#11751=EDGE_CURVE('',#591,#663,#11754,.F.);
#11752=EDGE_CURVE('',#663,#595,#11755,.T.);
#11753=EDGE_CURVE('',#595,#591,#11756,.T.);
#11754=LINE('',#590,#11757);
#11755=LINE('',#662,#11758);
#11756=LINE('',#594,#11759);
#11757=VECTOR('',#11760,1.0);
#11758=VECTOR('',#11761,1.0);
#11759=VECTOR('',#11762,1.0);
#11760=DIRECTION('',(0.774600065804404,0,-0.632451372087857));
#11761=DIRECTION('',(-0.05137409840395955,-0.6848880092018367,0.7268349997521619));
#11762=DIRECTION('',(0,0.7071064328974669,-0.7071071294754565));
#11763=FACE_SURFACE('',(#11768),#11764,.T.);
#11764=PLANE('',#11765);
#11765=AXIS2_PLACEMENT_3D('',#594,#11766,#11767);
#11766=DIRECTION('',(-0.5000000420935996,-0.612372509667886,-0.6123723273544073));
#11767=DIRECTION('',(0.05137409840395955,0.6848880092018367,-0.7268349997521619));
#11768=FACE_BOUND('',#11769,.T.);
#11769=EDGE_LOOP('',(#11770,#11771,#11772));
#11770=ORIENTED_EDGE('',*,*,#11773,.T.);
#11771=ORIENTED_EDGE('',*,*,#11774,.T.);
#11772=ORIENTED_EDGE('',*,*,#11775,.T.);
#11773=EDGE_CURVE('',#595,#663,#11776,.F.);
#11774=EDGE_CURVE('',#663,#625,#11777,.T.);
#11775=EDGE_CURVE('',#625,#595,#11778,.T.);
#11776=LINE('',#594,#11779);
#11777=LINE('',#662,#11780);
#11778=LINE('',#624,#11781);
#11779=VECTOR('',#11782,1.0);
#11780=VECTOR('',#11783,1.0);
#11781=VECTOR('',#11784,1.0);
#11782=DIRECTION('',(0.05137409840395955,0.6848880092018367,-0.7268349997521619));
#11783=DIRECTION('',(0,-0.7071066759278007,0.7071068864452786));
#11784=DIRECTION('',(-0.7745966805842792,0.6324555181416447,0));
#11785=FACE_SURFACE('',(#11790),#11786,.T.);
#11786=PLANE('',#11787);
#11787=AXIS2_PLACEMENT_3D('',#664,#11788,#11789);
#11788=DIRECTION('',(-0.49999561829425054,0.6123746667396749,0.6123737822784562));
#11789=DIRECTION('',(-0.774600065804404,0,-0.632451372087857));
#11790=FACE_BOUND('',#11791,.T.);
#11791=EDGE_LOOP('',(#11792,#11793,#11794));
#11792=ORIENTED_EDGE('',*,*,#11795,.T.);
#11793=ORIENTED_EDGE('',*,*,#11796,.T.);
#11794=ORIENTED_EDGE('',*,*,#11797,.T.);
#11795=EDGE_CURVE('',#665,#589,#11798,.F.);
#11796=EDGE_CURVE('',#589,#623,#11799,.T.);
#11797=EDGE_CURVE('',#623,#665,#11800,.T.);
#11798=LINE('',#664,#11801);
#11799=LINE('',#588,#11802);
#11800=LINE('',#622,#11803);
#11801=VECTOR('',#11804,1.0);
#11802=VECTOR('',#11805,1.0);
#11803=VECTOR('',#11806,1.0);
#11804=DIRECTION('',(-0.774600065804404,0,-0.632451372087857));
#11805=DIRECTION('',(0.0589686036011483,-0.6813915960413727,0.7295397155971166));
#11806=DIRECTION('',(0,0.7071062705439322,-0.7071072918287943));
#11807=FACE_SURFACE('',(#11812),#11808,.T.);
#11808=PLANE('',#11809);
#11809=AXIS2_PLACEMENT_3D('',#622,#11810,#11811);
#11810=DIRECTION('',(-0.5000001304794399,0.6123725732144993,0.6123721916409951));
#11811=DIRECTION('',(-0.0589686036011483,0.6813915960413727,-0.7295397155971166));
#11812=FACE_BOUND('',#11813,.T.);
#11813=EDGE_LOOP('',(#11814,#11815,#11816));
#11814=ORIENTED_EDGE('',*,*,#11817,.T.);
#11815=ORIENTED_EDGE('',*,*,#11818,.T.);
#11816=ORIENTED_EDGE('',*,*,#11819,.T.);
#11817=EDGE_CURVE('',#623,#589,#11820,.F.);
#11818=EDGE_CURVE('',#589,#593,#11821,.T.);
#11819=EDGE_CURVE('',#593,#623,#11822,.T.);
#11820=LINE('',#622,#11823);
#11821=LINE('',#588,#11824);
#11822=LINE('',#592,#11825);
#11823=VECTOR('',#11826,1.0);
#11824=VECTOR('',#11827,1.0);
#11825=VECTOR('',#11828,1.0);
#11826=DIRECTION('',(-0.0589686036011483,0.6813915960413727,-0.7295397155971166));
#11827=DIRECTION('',(0,-0.7071065608849287,0.7071070014880978));
#11828=DIRECTION('',(0.7745966579659068,0.6324555458433803,0));
#11829=FACE_SURFACE('',(#11834),#11830,.T.);
#11830=PLANE('',#11831);
#11831=AXIS2_PLACEMENT_3D('',#582,#11832,#11833);
#11832=DIRECTION('',(-0.5000051387957111,-0.6123704918622774,-0.612370183691396));
#11833=DIRECTION('',(0.7745923454022712,0,-0.6324608275966257));
#11834=FACE_BOUND('',#11835,.T.);
#11835=EDGE_LOOP('',(#11836,#11837,#11838));
#11836=ORIENTED_EDGE('',*,*,#11839,.T.);
#11837=ORIENTED_EDGE('',*,*,#11840,.T.);
#11838=ORIENTED_EDGE('',*,*,#11841,.T.);
#11839=EDGE_CURVE('',#583,#665,#11842,.F.);
#11840=EDGE_CURVE('',#665,#587,#11843,.T.);
#11841=EDGE_CURVE('',#587,#583,#11844,.T.);
#11842=LINE('',#582,#11845);
#11843=LINE('',#664,#11846);
#11844=LINE('',#586,#11847);
#11845=VECTOR('',#11848,1.0);
#11846=VECTOR('',#11849,1.0);
#11847=VECTOR('',#11850,1.0);
#11848=DIRECTION('',(0.7745923454022712,0,-0.6324608275966257));
#11849=DIRECTION('',(-0.06326568026679617,-0.6793887820075664,0.7310460564031892));
#11850=DIRECTION('',(0,0.7071066032633742,-0.7071069591096761));
#11851=FACE_SURFACE('',(#11856),#11852,.T.);
#11852=PLANE('',#11853);
#11853=AXIS2_PLACEMENT_3D('',#586,#11854,#11855);
#11854=DIRECTION('',(-0.5000003209560339,-0.6123727468950495,-0.6123718624366036));
#11855=DIRECTION('',(0.06326568026679617,0.6793887820075664,-0.7310460564031892));
#11856=FACE_BOUND('',#11857,.T.);
#11857=EDGE_LOOP('',(#11858,#11859,#11860));
#11858=ORIENTED_EDGE('',*,*,#11861,.T.);
#11859=ORIENTED_EDGE('',*,*,#11862,.T.);
#11860=ORIENTED_EDGE('',*,*,#11863,.T.);
#11861=EDGE_CURVE('',#587,#665,#11864,.F.);
#11862=EDGE_CURVE('',#665,#623,#11865,.T.);
#11863=EDGE_CURVE('',#623,#587,#11866,.T.);
#11864=LINE('',#586,#11867);
#11865=LINE('',#664,#11868);
#11866=LINE('',#622,#11869);
#11867=VECTOR('',#11870,1.0);
#11868=VECTOR('',#11871,1.0);
#11869=VECTOR('',#11872,1.0);
#11870=DIRECTION('',(0.06326568026679617,0.6793887820075664,-0.7310460564031892));
#11871=DIRECTION('',(0,-0.7071062705439322,0.7071072918287943));
#11872=DIRECTION('',(-0.7745966278080774,0.6324555827790239,0));
#11873=FACE_SURFACE('',(#11878),#11874,.T.);
#11874=PLANE('',#11875);
#11875=AXIS2_PLACEMENT_3D('',#666,#11876,#11877);
#11876=DIRECTION('',(-0.4999957028893189,0.6123744940605466,0.6123738858869681));
#11877=DIRECTION('',(-0.774600065804404,0,-0.632451372087857));
#11878=FACE_BOUND('',#11879,.T.);
#11879=EDGE_LOOP('',(#11880,#11881,#11882));
#11880=ORIENTED_EDGE('',*,*,#11883,.T.);
#11881=ORIENTED_EDGE('',*,*,#11884,.T.);
#11882=ORIENTED_EDGE('',*,*,#11885,.T.);
#11883=EDGE_CURVE('',#667,#581,#11886,.F.);
#11884=EDGE_CURVE('',#581,#621,#11887,.T.);
#11885=EDGE_CURVE('',#621,#667,#11888,.T.);
#11886=LINE('',#666,#11889);
#11887=LINE('',#580,#11890);
#11888=LINE('',#620,#11891);
#11889=VECTOR('',#11892,1.0);
#11890=VECTOR('',#11893,1.0);
#11891=VECTOR('',#11894,1.0);
#11892=DIRECTION('',(-0.774600065804404,0,-0.632451372087857));
#11893=DIRECTION('',(0.07517464575921254,-0.6737478110805727,0.7351276485747995));
#11894=DIRECTION('',(0,0.7071064300582869,-0.7071071323146337));
#11895=FACE_SURFACE('',(#11900),#11896,.T.);
#11896=PLANE('',#11897);
#11897=AXIS2_PLACEMENT_3D('',#620,#11898,#11899);
#11898=DIRECTION('',(-0.5000001170524107,0.6123723779559037,0.6123723978627772));
#11899=DIRECTION('',(-0.07517464575921254,0.6737478110805727,-0.7351276485747995));
#11900=FACE_BOUND('',#11901,.T.);
#11901=EDGE_LOOP('',(#11902,#11903,#11904));
#11902=ORIENTED_EDGE('',*,*,#11905,.T.);
#11903=ORIENTED_EDGE('',*,*,#11906,.T.);
#11904=ORIENTED_EDGE('',*,*,#11907,.T.);
#11905=EDGE_CURVE('',#621,#581,#11908,.F.);
#11906=EDGE_CURVE('',#581,#585,#11909,.T.);
#11907=EDGE_CURVE('',#585,#621,#11910,.T.);
#11908=LINE('',#620,#11911);
#11909=LINE('',#580,#11912);
#11910=LINE('',#584,#11913);
#11911=VECTOR('',#11914,1.0);
#11912=VECTOR('',#11915,1.0);
#11913=VECTOR('',#11916,1.0);
#11914=DIRECTION('',(-0.07517464575921254,0.6737478110805727,-0.7351276485747995));
#11915=DIRECTION('',(0,-0.7071067926797872,0.7071067696933078));
#11916=DIRECTION('',(0.7745965674924206,0.6324556566502983,0));
#11917=FACE_SURFACE('',(#11922),#11918,.T.);
#11918=PLANE('',#11919);
#11919=AXIS2_PLACEMENT_3D('',#574,#11920,#11921);
#11920=DIRECTION('',(-0.49999547934627014,-0.6123749503661594,-0.6123736121007642));
#11921=DIRECTION('',(0.774600065804404,0,-0.632451372087857));
#11922=FACE_BOUND('',#11923,.T.);
#11923=EDGE_LOOP('',(#11924,#11925,#11926));
#11924=ORIENTED_EDGE('',*,*,#11927,.T.);
#11925=ORIENTED_EDGE('',*,*,#11928,.T.);
#11926=ORIENTED_EDGE('',*,*,#11929,.T.);
#11927=EDGE_CURVE('',#575,#667,#11930,.F.);
#11928=EDGE_CURVE('',#667,#579,#11931,.T.);
#11929=EDGE_CURVE('',#579,#575,#11932,.T.);
#11930=LINE('',#574,#11933);
#11931=LINE('',#666,#11934);
#11932=LINE('',#578,#11935);
#11933=VECTOR('',#11936,1.0);
#11934=VECTOR('',#11937,1.0);
#11935=VECTOR('',#11938,1.0);
#11936=DIRECTION('',(0.774600065804404,0,-0.632451372087857));
#11937=DIRECTION('',(-0.08228803301711969,-0.670313182326165,0.737501808283846));
#11938=DIRECTION('',(0,0.7071060085405678,-0.707107553831683));
#11939=FACE_SURFACE('',(#11944),#11940,.T.);
#11940=PLANE('',#11941);
#11941=AXIS2_PLACEMENT_3D('',#578,#11942,#11943);
#11942=DIRECTION('',(-0.5000001633604213,-0.6123726730899768,-0.6123720649182068));
#11943=DIRECTION('',(0.08228803301711969,0.670313182326165,-0.737501808283846));
#11944=FACE_BOUND('',#11945,.T.);
#11945=EDGE_LOOP('',(#11946,#11947,#11948));
#11946=ORIENTED_EDGE('',*,*,#11949,.T.);
#11947=ORIENTED_EDGE('',*,*,#11950,.T.);
#11948=ORIENTED_EDGE('',*,*,#11951,.T.);
#11949=EDGE_CURVE('',#579,#667,#11952,.F.);
#11950=EDGE_CURVE('',#667,#621,#11953,.T.);
#11951=EDGE_CURVE('',#621,#579,#11954,.T.);
#11952=LINE('',#578,#11955);
#11953=LINE('',#666,#11956);
#11954=LINE('',#620,#11957);
#11955=VECTOR('',#11958,1.0);
#11956=VECTOR('',#11959,1.0);
#11957=VECTOR('',#11960,1.0);
#11958=DIRECTION('',(0.08228803301711969,0.670313182326165,-0.737501808283846));
#11959=DIRECTION('',(0,-0.7071064300582869,0.7071071323146337));
#11960=DIRECTION('',(-0.7745966881237367,0.6324555089077323,0));
#11961=FACE_SURFACE('',(#11966),#11962,.T.);
#11962=PLANE('',#11963);
#11963=AXIS2_PLACEMENT_3D('',#668,#11964,#11965);
#11964=DIRECTION('',(-0.5000052144389686,0.6123703374566022,0.6123702763337947));
#11965=DIRECTION('',(-0.7745923454022712,0,-0.6324608275966257));
#11966=FACE_BOUND('',#11967,.T.);
#11967=EDGE_LOOP('',(#11968,#11969,#11970));
#11968=ORIENTED_EDGE('',*,*,#11971,.T.);
#11969=ORIENTED_EDGE('',*,*,#11972,.T.);
#11970=ORIENTED_EDGE('',*,*,#11973,.T.);
#11971=EDGE_CURVE('',#669,#573,#11974,.F.);
#11972=EDGE_CURVE('',#573,#619,#11975,.T.);
#11973=EDGE_CURVE('',#619,#669,#11976,.T.);
#11974=LINE('',#668,#11977);
#11975=LINE('',#572,#11978);
#11976=LINE('',#618,#11979);
#11977=VECTOR('',#11980,1.0);
#11978=VECTOR('',#11981,1.0);
#11979=VECTOR('',#11982,1.0);
#11980=DIRECTION('',(-0.7745923454022712,0,-0.6324608275966257));
#11981=DIRECTION('',(0.10357555090577984,-0.6597461861785727,0.7443165153866951));
#11982=DIRECTION('',(0,0.7071067458971546,-0.7071068164759386));
#11983=FACE_SURFACE('',(#11988),#11984,.T.);
#11984=PLANE('',#11985);
#11985=AXIS2_PLACEMENT_3D('',#618,#11986,#11987);
#11986=DIRECTION('',(-0.5000002923300707,0.6123728310449031,0.6123718016596572));
#11987=DIRECTION('',(-0.10357555090577984,0.6597461861785727,-0.7443165153866951));
#11988=FACE_BOUND('',#11989,.T.);
#11989=EDGE_LOOP('',(#11990,#11991,#11992));
#11990=ORIENTED_EDGE('',*,*,#11993,.T.);
#11991=ORIENTED_EDGE('',*,*,#11994,.T.);
#11992=ORIENTED_EDGE('',*,*,#11995,.T.);
#11993=EDGE_CURVE('',#619,#573,#11996,.F.);
#11994=EDGE_CURVE('',#573,#577,#11997,.T.);
#11995=EDGE_CURVE('',#577,#619,#11998,.T.);
#11996=LINE('',#618,#11999);
#11997=LINE('',#572,#12000);
#11998=LINE('',#576,#12001);
#11999=VECTOR('',#12002,1.0);
#12000=VECTOR('',#12003,1.0);
#12001=VECTOR('',#12004,1.0);
#12002=DIRECTION('',(-0.10357555090577984,0.6597461861785727,-0.7443165153866951));
#12003=DIRECTION('',(0,-0.7071061868703331,0.7071073755022625));
#12004=DIRECTION('',(0.7745966881237367,0.6324555089077323,0));
#12005=FACE_SURFACE('',(#12010),#12006,.T.);
#12006=PLANE('',#12007);
#12007=AXIS2_PLACEMENT_3D('',#566,#12008,#12009);
#12008=DIRECTION('',(-0.49999556710279114,-0.6123747712338679,-0.6123737195812915));
#12009=DIRECTION('',(0.774600065804404,0,-0.632451372087857));
#12010=FACE_BOUND('',#12011,.T.);
#12011=EDGE_LOOP('',(#12012,#12013,#12014));
#12012=ORIENTED_EDGE('',*,*,#12015,.T.);
#12013=ORIENTED_EDGE('',*,*,#12016,.T.);
#12014=ORIENTED_EDGE('',*,*,#12017,.T.);
#12015=EDGE_CURVE('',#567,#669,#12018,.F.);
#12016=EDGE_CURVE('',#669,#571,#12019,.T.);
#12017=EDGE_CURVE('',#571,#567,#12020,.T.);
#12018=LINE('',#566,#12021);
#12019=LINE('',#668,#12022);
#12020=LINE('',#570,#12023);
#12021=VECTOR('',#12024,1.0);
#12022=VECTOR('',#12025,1.0);
#12023=VECTOR('',#12026,1.0);
#12024=DIRECTION('',(0.774600065804404,0,-0.632451372087857));
#12025=DIRECTION('',(-0.11751588420799841,-0.652590749934303,0.7485421364619339));
#12026=DIRECTION('',(0,0.7071061740161831,-0.7071073883563905));
#12027=FACE_SURFACE('',(#12032),#12028,.T.);
#12028=PLANE('',#12029);
#12029=AXIS2_PLACEMENT_3D('',#570,#12030,#12031);
#12030=DIRECTION('',(-0.49999999586169586,-0.6123724679467594,-0.6123724068237393));
#12031=DIRECTION('',(0.11751588420799841,0.652590749934303,-0.7485421364619339));
#12032=FACE_BOUND('',#12033,.T.);
#12033=EDGE_LOOP('',(#12034,#12035,#12036));
#12034=ORIENTED_EDGE('',*,*,#12037,.T.);
#12035=ORIENTED_EDGE('',*,*,#12038,.T.);
#12036=ORIENTED_EDGE('',*,*,#12039,.T.);
#12037=EDGE_CURVE('',#571,#669,#12040,.F.);
#12038=EDGE_CURVE('',#669,#619,#12041,.T.);
#12039=EDGE_CURVE('',#619,#571,#12042,.T.);
#12040=LINE('',#570,#12043);
#12041=LINE('',#668,#12044);
#12042=LINE('',#618,#12045);
#12043=VECTOR('',#12046,1.0);
#12044=VECTOR('',#12047,1.0);
#12045=VECTOR('',#12048,1.0);
#12046=DIRECTION('',(0.11751588420799841,0.652590749934303,-0.7485421364619339));
#12047=DIRECTION('',(0,-0.7071067458971546,0.7071068164759386));
#12048=DIRECTION('',(-0.7745966881237367,0.6324555089077323,0));
#12049=FACE_SURFACE('',(#12054),#12050,.T.);
#12050=PLANE('',#12051);
#12051=AXIS2_PLACEMENT_3D('',#670,#12052,#12053);
#12052=DIRECTION('',(-0.49999522630211013,0.6123754668900435,0.6123733021828296));
#12053=DIRECTION('',(-0.774600065804404,0,-0.632451372087857));
#12054=FACE_BOUND('',#12055,.T.);
#12055=EDGE_LOOP('',(#12056,#12057,#12058));
#12056=ORIENTED_EDGE('',*,*,#12059,.T.);
#12057=ORIENTED_EDGE('',*,*,#12060,.T.);
#12058=ORIENTED_EDGE('',*,*,#12061,.T.);
#12059=EDGE_CURVE('',#671,#565,#12062,.F.);
#12060=EDGE_CURVE('',#565,#617,#12063,.T.);
#12061=EDGE_CURVE('',#617,#671,#12064,.T.);
#12062=LINE('',#670,#12065);
#12063=LINE('',#564,#12066);
#12064=LINE('',#616,#12067);
#12065=VECTOR('',#12068,1.0);
#12066=VECTOR('',#12069,1.0);
#12067=VECTOR('',#12070,1.0);
#12068=DIRECTION('',(-0.774600065804404,0,-0.632451372087857));
#12069=DIRECTION('',(0.16582648562373928,-0.6263240713085761,0.7617215596037238));
#12070=DIRECTION('',(0,0.7071055313951278,-0.7071080309757584));
#12071=FACE_SURFACE('',(#12076),#12072,.T.);
#12072=PLANE('',#12073);
#12073=AXIS2_PLACEMENT_3D('',#616,#12074,#12075);
#12074=DIRECTION('',(-0.5000001588093889,0.6123726675161228,0.6123720742079719));
#12075=DIRECTION('',(-0.16582648562373928,0.6263240713085761,-0.7617215596037238));
#12076=FACE_BOUND('',#12077,.T.);
#12077=EDGE_LOOP('',(#12078,#12079,#12080));
#12078=ORIENTED_EDGE('',*,*,#12081,.T.);
#12079=ORIENTED_EDGE('',*,*,#12082,.T.);
#12080=ORIENTED_EDGE('',*,*,#12083,.T.);
#12081=EDGE_CURVE('',#617,#565,#12084,.F.);
#12082=EDGE_CURVE('',#565,#569,#12085,.T.);
#12083=EDGE_CURVE('',#569,#617,#12086,.T.);
#12084=LINE('',#616,#12087);
#12085=LINE('',#564,#12088);
#12086=LINE('',#568,#12089);
#12087=VECTOR('',#12090,1.0);
#12088=VECTOR('',#12091,1.0);
#12089=VECTOR('',#12092,1.0);
#12090=DIRECTION('',(-0.16582648562373928,0.6263240713085761,-0.7617215596037238));
#12091=DIRECTION('',(0,-0.7071064386398077,0.7071071237331216));
#12092=DIRECTION('',(0.7745966881237367,0.6324555089077323,0));
#12093=FACE_SURFACE('',(#12098),#12094,.T.);
#12094=PLANE('',#12095);
#12095=AXIS2_PLACEMENT_3D('',#558,#12096,#12097);
#12096=DIRECTION('',(-0.5000051123533343,-0.6123705458373715,-0.6123701513066825));
#12097=DIRECTION('',(0.7745923454022712,0,-0.6324608275966257));
#12098=FACE_BOUND('',#12099,.T.);
#12099=EDGE_LOOP('',(#12100,#12101,#12102));
#12100=ORIENTED_EDGE('',*,*,#12103,.T.);
#12101=ORIENTED_EDGE('',*,*,#12104,.T.);
#12102=ORIENTED_EDGE('',*,*,#12105,.T.);
#12103=EDGE_CURVE('',#559,#671,#12106,.F.);
#12104=EDGE_CURVE('',#671,#563,#12107,.T.);
#12105=EDGE_CURVE('',#563,#559,#12108,.T.);
#12106=LINE('',#558,#12109);
#12107=LINE('',#670,#12110);
#12108=LINE('',#562,#12111);
#12109=VECTOR('',#12112,1.0);
#12110=VECTOR('',#12113,1.0);
#12111=VECTOR('',#12114,1.0);
#12112=DIRECTION('',(0.7745923454022712,0,-0.6324608275966257));
#12113=DIRECTION('',(-0.2039958287624577,-0.6039272034084335,0.7704918136040035));
#12114=DIRECTION('',(0,0.7071065534033351,-0.7071070089696867));
#12115=FACE_SURFACE('',(#12120),#12116,.T.);
#12116=PLANE('',#12117);
#12117=AXIS2_PLACEMENT_3D('',#562,#12118,#12119);
#12118=DIRECTION('',(-0.5000006399470408,-0.6123732567870304,-0.6123710920876291));
#12119=DIRECTION('',(0.2039958287624577,0.6039272034084335,-0.7704918136040035));
#12120=FACE_BOUND('',#12121,.T.);
#12121=EDGE_LOOP('',(#12122,#12123,#12124));
#12122=ORIENTED_EDGE('',*,*,#12125,.T.);
#12123=ORIENTED_EDGE('',*,*,#12126,.T.);
#12124=ORIENTED_EDGE('',*,*,#12127,.T.);
#12125=EDGE_CURVE('',#563,#671,#12128,.F.);
#12126=EDGE_CURVE('',#671,#617,#12129,.T.);
#12127=EDGE_CURVE('',#617,#563,#12130,.T.);
#12128=LINE('',#562,#12131);
#12129=LINE('',#670,#12132);
#12130=LINE('',#616,#12133);
#12131=VECTOR('',#12134,1.0);
#12132=VECTOR('',#12135,1.0);
#12133=VECTOR('',#12136,1.0);
#12134=DIRECTION('',(0.2039958287624577,0.6039272034084335,-0.7704918136040035));
#12135=DIRECTION('',(0,-0.7071055313951278,0.7071080309757584));
#12136=DIRECTION('',(-0.7745966881237367,0.6324555089077323,0));
#12137=FACE_SURFACE('',(#12142),#12138,.T.);
#12138=PLANE('',#12139);
#12139=AXIS2_PLACEMENT_3D('',#672,#12140,#12141);
#12140=DIRECTION('',(-0.5000044278601671,0.6123719430458483,0.6123693129888853));
#12141=DIRECTION('',(-0.7745923454022712,0,-0.6324608275966257));
#12142=FACE_BOUND('',#12143,.T.);
#12143=EDGE_LOOP('',(#12144,#12145,#12146));
#12144=ORIENTED_EDGE('',*,*,#12147,.T.);
#12145=ORIENTED_EDGE('',*,*,#12148,.T.);
#12146=ORIENTED_EDGE('',*,*,#12149,.T.);
#12147=EDGE_CURVE('',#673,#557,#12150,.F.);
#12148=EDGE_CURVE('',#557,#615,#12151,.T.);
#12149=EDGE_CURVE('',#615,#673,#12152,.T.);
#12150=LINE('',#672,#12153);
#12151=LINE('',#556,#12154);
#12152=LINE('',#614,#12155);
#12153=VECTOR('',#12156,1.0);
#12154=VECTOR('',#12157,1.0);
#12155=VECTOR('',#12158,1.0);
#12156=DIRECTION('',(-0.7745923454022712,0,-0.6324608275966257));
#12157=DIRECTION('',(0.39511296600444007,-0.46791650105613103,0.7905313985760223));
#12158=DIRECTION('',(0,0.7071052627163391,-0.7071082996534951));
#12159=FACE_SURFACE('',(#12164),#12160,.T.);
#12160=PLANE('',#12161);
#12161=AXIS2_PLACEMENT_3D('',#614,#12162,#12163);
#12162=DIRECTION('',(-0.5000015262693888,0.6123743423058466,0.6123692828790186));
#12163=DIRECTION('',(-0.39511296600444007,0.46791650105613103,-0.7905313985760223));
#12164=FACE_BOUND('',#12165,.T.);
#12165=EDGE_LOOP('',(#12166,#12167,#12168));
#12166=ORIENTED_EDGE('',*,*,#12169,.T.);
#12167=ORIENTED_EDGE('',*,*,#12170,.T.);
#12168=ORIENTED_EDGE('',*,*,#12171,.T.);
#12169=EDGE_CURVE('',#615,#557,#12172,.F.);
#12170=EDGE_CURVE('',#557,#561,#12173,.T.);
#12171=EDGE_CURVE('',#561,#615,#12174,.T.);
#12172=LINE('',#614,#12175);
#12173=LINE('',#556,#12176);
#12174=LINE('',#560,#12177);
#12175=VECTOR('',#12178,1.0);
#12176=VECTOR('',#12179,1.0);
#12177=VECTOR('',#12180,1.0);
#12178=DIRECTION('',(-0.39511296600444007,0.46791650105613103,-0.7905313985760223));
#12179=DIRECTION('',(0,-0.7071038601161007,0.7071097022449274));
#12180=DIRECTION('',(0.7745966881237367,0.6324555089077323,0));
#12181=FACE_SURFACE('',(#12186),#12182,.T.);
#12182=PLANE('',#12183);
#12183=AXIS2_PLACEMENT_3D('',#604,#12184,#12185);
#12184=DIRECTION('',(-0.4999887579143115,-0.6123886701858801,-0.612365379971201));
#12185=DIRECTION('',(0.774600065804404,0,-0.632451372087857));
#12186=FACE_BOUND('',#12187,.T.);
#12187=EDGE_LOOP('',(#12188,#12189,#12190));
#12188=ORIENTED_EDGE('',*,*,#12191,.T.);
#12189=ORIENTED_EDGE('',*,*,#12192,.T.);
#12190=ORIENTED_EDGE('',*,*,#12193,.T.);
#12191=EDGE_CURVE('',#605,#673,#12194,.F.);
#12192=EDGE_CURVE('',#673,#607,#12195,.T.);
#12193=EDGE_CURVE('',#607,#605,#12196,.T.);
#12194=LINE('',#604,#12197);
#12195=LINE('',#672,#12198);
#12196=LINE('',#606,#12199);
#12197=VECTOR('',#12200,1.0);
#12198=VECTOR('',#12201,1.0);
#12199=VECTOR('',#12202,1.0);
#12200=DIRECTION('',(0.774600065804404,0,-0.632451372087857));
#12201=DIRECTION('',(-0.6277358872346543,-0.2308583590722325,0.7434057263192138));
#12202=DIRECTION('',(0,0.7070933345477585,-0.7071202275696346));
#12203=FACE_SURFACE('',(#12208),#12204,.T.);
#12204=PLANE('',#12205);
#12205=AXIS2_PLACEMENT_3D('',#606,#12206,#12207);
#12206=DIRECTION('',(-0.5000007824347167,-0.6123734312980913,-0.6123708012347364));
#12207=DIRECTION('',(0.6277358872346543,0.2308583590722325,-0.7434057263192138));
#12208=FACE_BOUND('',#12209,.T.);
#12209=EDGE_LOOP('',(#12210,#12211,#12212));
#12210=ORIENTED_EDGE('',*,*,#12213,.T.);
#12211=ORIENTED_EDGE('',*,*,#12214,.T.);
#12212=ORIENTED_EDGE('',*,*,#12215,.T.);
#12213=EDGE_CURVE('',#607,#673,#12216,.F.);
#12214=EDGE_CURVE('',#673,#615,#12217,.T.);
#12215=EDGE_CURVE('',#615,#607,#12218,.T.);
#12216=LINE('',#606,#12219);
#12217=LINE('',#672,#12220);
#12218=LINE('',#614,#12221);
#12219=VECTOR('',#12222,1.0);
#12220=VECTOR('',#12223,1.0);
#12221=VECTOR('',#12224,1.0);
#12222=DIRECTION('',(0.6277358872346543,0.2308583590722325,-0.7434057263192138));
#12223=DIRECTION('',(0,-0.7071052627163391,0.7071082996534951));
#12224=DIRECTION('',(-0.7745966881237367,0.6324555089077323,0));
#12225=FACE_SURFACE('',(#12230),#12226,.T.);
#12226=PLANE('',#12227);
#12227=AXIS2_PLACEMENT_3D('',#654,#12228,#12229);
#12228=DIRECTION('',(0,1,0));
#12229=DIRECTION('',(0.7745924566947985,0,0.6324606912935512));
#12230=FACE_BOUND('',#12231,.T.);
#12231=EDGE_LOOP('',(#12232,#12233,#12234));
#12232=ORIENTED_EDGE('',*,*,#12235,.T.);
#12233=ORIENTED_EDGE('',*,*,#12236,.T.);
#12234=ORIENTED_EDGE('',*,*,#12237,.T.);
#12235=EDGE_CURVE('',#655,#653,#12238,.F.);
#12236=EDGE_CURVE('',#653,#55,#12239,.T.);
#12237=EDGE_CURVE('',#55,#655,#12240,.T.);
#12238=LINE('',#654,#12241);
#12239=LINE('',#652,#12242);
#12240=LINE('',#54,#12243);
#12241=VECTOR('',#12244,1.0);
#12242=VECTOR('',#12245,1.0);
#12243=VECTOR('',#12246,1.0);
#12244=DIRECTION('',(0.7745924566947985,0,0.6324606912935512));
#12245=DIRECTION('',(0.9889844958652171,0,-0.14801914382343442));
#12246=DIRECTION('',(-1,0,0));
#12247=FACE_SURFACE('',(#12252),#12248,.T.);
#12248=PLANE('',#12249);
#12249=AXIS2_PLACEMENT_3D('',#54,#12250,#12251);
#12250=DIRECTION('',(0,1,0));
#12251=DIRECTION('',(-0.9889844958652171,0,0.14801914382343442));
#12252=FACE_BOUND('',#12253,.T.);
#12253=EDGE_LOOP('',(#12254,#12255,#12256));
#12254=ORIENTED_EDGE('',*,*,#12257,.T.);
#12255=ORIENTED_EDGE('',*,*,#12258,.T.);
#12256=ORIENTED_EDGE('',*,*,#12259,.T.);
#12257=EDGE_CURVE('',#55,#653,#12260,.F.);
#12258=EDGE_CURVE('',#653,#499,#12261,.T.);
#12259=EDGE_CURVE('',#499,#55,#12262,.T.);
#12260=LINE('',#54,#12263);
#12261=LINE('',#652,#12264);
#12262=LINE('',#498,#12265);
#12263=VECTOR('',#12266,1.0);
#12264=VECTOR('',#12267,1.0);
#12265=VECTOR('',#12268,1.0);
#12266=DIRECTION('',(-0.9889844958652171,0,0.14801914382343442));
#12267=DIRECTION('',(0,0,1));
#12268=DIRECTION('',(0.7183567592468472,0,-0.6956748999671952));
#12269=FACE_SURFACE('',(#12274),#12270,.T.);
#12270=PLANE('',#12271);
#12271=AXIS2_PLACEMENT_3D('',#54,#12272,#12273);
#12272=DIRECTION('',(0,1,0));
#12273=DIRECTION('',(-0.7183567592468472,0,0.6956748999671952));
#12274=FACE_BOUND('',#12275,.T.);
#12275=EDGE_LOOP('',(#12276,#12277,#12278));
#12276=ORIENTED_EDGE('',*,*,#12279,.T.);
#12277=ORIENTED_EDGE('',*,*,#12280,.T.);
#12278=ORIENTED_EDGE('',*,*,#12281,.T.);
#12279=EDGE_CURVE('',#55,#499,#12282,.F.);
#12280=EDGE_CURVE('',#499,#661,#12283,.T.);
#12281=EDGE_CURVE('',#661,#55,#12284,.T.);
#12282=LINE('',#54,#12285);
#12283=LINE('',#498,#12286);
#12284=LINE('',#660,#12287);
#12285=VECTOR('',#12288,1.0);
#12286=VECTOR('',#12289,1.0);
#12287=VECTOR('',#12290,1.0);
#12288=DIRECTION('',(-0.7183567592468472,0,0.6956748999671952));
#12289=DIRECTION('',(0,0,1));
#12290=DIRECTION('',(0.48829896025457764,0,-0.8726764150670617));
#12291=FACE_SURFACE('',(#12296),#12292,.T.);
#12292=PLANE('',#12293);
#12293=AXIS2_PLACEMENT_3D('',#660,#12294,#12295);
#12294=DIRECTION('',(0,1,0));
#12295=DIRECTION('',(0,0,-1));
#12296=FACE_BOUND('',#12297,.T.);
#12297=EDGE_LOOP('',(#12298,#12299,#12300));
#12298=ORIENTED_EDGE('',*,*,#12301,.T.);
#12299=ORIENTED_EDGE('',*,*,#12302,.T.);
#12300=ORIENTED_EDGE('',*,*,#12303,.T.);
#12301=EDGE_CURVE('',#661,#499,#12304,.F.);
#12302=EDGE_CURVE('',#499,#613,#12305,.T.);
#12303=EDGE_CURVE('',#613,#661,#12306,.T.);
#12304=LINE('',#660,#12307);
#12305=LINE('',#498,#12308);
#12306=LINE('',#612,#12309);
#12307=VECTOR('',#12310,1.0);
#12308=VECTOR('',#12311,1.0);
#12309=VECTOR('',#12312,1.0);
#12310=DIRECTION('',(0,0,-1));
#12311=DIRECTION('',(-0.490586758240887,0,0.8713923528690722));
#12312=DIRECTION('',(0.774600065804404,0,0.632451372087857));
#12313=FACE_SURFACE('',(#12318),#12314,.T.);
#12314=PLANE('',#12315);
#12315=AXIS2_PLACEMENT_3D('',#612,#12316,#12317);
#12316=DIRECTION('',(0,1,0));
#12317=DIRECTION('',(0.490586758240887,0,-0.8713923528690722));
#12318=FACE_BOUND('',#12319,.T.);
#12319=EDGE_LOOP('',(#12320,#12321,#12322));
#12320=ORIENTED_EDGE('',*,*,#12323,.T.);
#12321=ORIENTED_EDGE('',*,*,#12324,.T.);
#12322=ORIENTED_EDGE('',*,*,#12325,.T.);
#12323=EDGE_CURVE('',#613,#499,#12326,.F.);
#12324=EDGE_CURVE('',#499,#503,#12327,.T.);
#12325=EDGE_CURVE('',#503,#613,#12328,.T.);
#12326=LINE('',#612,#12329);
#12327=LINE('',#498,#12330);
#12328=LINE('',#502,#12331);
#12329=VECTOR('',#12332,1.0);
#12330=VECTOR('',#12333,1.0);
#12331=VECTOR('',#12334,1.0);
#12332=DIRECTION('',(0.490586758240887,0,-0.8713923528690722));
#12333=DIRECTION('',(-0.774600065804404,0,0.632451372087857));
#12334=DIRECTION('',(0,0,1));
#12335=FACE_SURFACE('',(#12340),#12336,.T.);
#12336=PLANE('',#12337);
#12337=AXIS2_PLACEMENT_3D('',#552,#12338,#12339);
#12338=DIRECTION('',(-0,1,0));
#12339=DIRECTION('',(0,0,1));
#12340=FACE_BOUND('',#12341,.T.);
#12341=EDGE_LOOP('',(#12342,#12343,#12344));
#12342=ORIENTED_EDGE('',*,*,#12345,.T.);
#12343=ORIENTED_EDGE('',*,*,#12346,.T.);
#12344=ORIENTED_EDGE('',*,*,#12347,.T.);
#12345=EDGE_CURVE('',#553,#495,#12348,.F.);
#12346=EDGE_CURVE('',#495,#653,#12349,.T.);
#12347=EDGE_CURVE('',#653,#553,#12350,.T.);
#12348=LINE('',#552,#12351);
#12349=LINE('',#494,#12352);
#12350=LINE('',#652,#12353);
#12351=VECTOR('',#12354,1.0);
#12352=VECTOR('',#12355,1.0);
#12353=VECTOR('',#12356,1.0);
#12354=DIRECTION('',(0,0,1));
#12355=DIRECTION('',(0.490586758240887,0,-0.8713923528690722));
#12356=DIRECTION('',(-0.7745962055985283,0,0.6324560998775826));
#12357=FACE_SURFACE('',(#12362),#12358,.T.);
#12358=PLANE('',#12359);
#12359=AXIS2_PLACEMENT_3D('',#652,#12360,#12361);
#12360=DIRECTION('',(0,1,-0));
#12361=DIRECTION('',(-0.490586758240887,0,0.8713923528690722));
#12362=FACE_BOUND('',#12363,.T.);
#12363=EDGE_LOOP('',(#12364,#12365,#12366));
#12364=ORIENTED_EDGE('',*,*,#12367,.T.);
#12365=ORIENTED_EDGE('',*,*,#12368,.T.);
#12366=ORIENTED_EDGE('',*,*,#12369,.T.);
#12367=EDGE_CURVE('',#653,#495,#12370,.F.);
#12368=EDGE_CURVE('',#495,#499,#12371,.T.);
#12369=EDGE_CURVE('',#499,#653,#12372,.T.);
#12370=LINE('',#652,#12373);
#12371=LINE('',#494,#12374);
#12372=LINE('',#498,#12375);
#12373=VECTOR('',#12376,1.0);
#12374=VECTOR('',#12377,1.0);
#12375=VECTOR('',#12378,1.0);
#12376=DIRECTION('',(-0.490586758240887,0,0.8713923528690722));
#12377=DIRECTION('',(0.7745923454022712,0,0.6324608275966257));
#12378=DIRECTION('',(0,0,-1));
#12379=FACE_SURFACE('',(#12384),#12380,.T.);
#12380=PLANE('',#12381);
#12381=AXIS2_PLACEMENT_3D('',#598,#12382,#12383);
#12382=DIRECTION('',(-0,1,0));
#12383=DIRECTION('',(0,0,1));
#12384=FACE_BOUND('',#12385,.T.);
#12385=EDGE_LOOP('',(#12386,#12387,#12388));
#12386=ORIENTED_EDGE('',*,*,#12389,.T.);
#12387=ORIENTED_EDGE('',*,*,#12390,.T.);
#12388=ORIENTED_EDGE('',*,*,#12391,.T.);
#12389=EDGE_CURVE('',#599,#597,#12392,.F.);
#12390=EDGE_CURVE('',#597,#661,#12393,.T.);
#12391=EDGE_CURVE('',#661,#599,#12394,.T.);
#12392=LINE('',#598,#12395);
#12393=LINE('',#596,#12396);
#12394=LINE('',#660,#12397);
#12395=VECTOR('',#12398,1.0);
#12396=VECTOR('',#12399,1.0);
#12397=VECTOR('',#12400,1.0);
#12398=DIRECTION('',(0,0,1));
#12399=DIRECTION('',(0.490586758240887,0,-0.8713923528690722));
#12400=DIRECTION('',(-0.7745923454022712,0,0.6324608275966257));
#12401=FACE_SURFACE('',(#12406),#12402,.T.);
#12402=PLANE('',#12403);
#12403=AXIS2_PLACEMENT_3D('',#660,#12404,#12405);
#12404=DIRECTION('',(0,1,-0));
#12405=DIRECTION('',(-0.490586758240887,0,0.8713923528690722));
#12406=FACE_BOUND('',#12407,.T.);
#12407=EDGE_LOOP('',(#12408,#12409,#12410));
#12408=ORIENTED_EDGE('',*,*,#12411,.T.);
#12409=ORIENTED_EDGE('',*,*,#12412,.T.);
#12410=ORIENTED_EDGE('',*,*,#12413,.T.);
#12411=EDGE_CURVE('',#661,#597,#12414,.F.);
#12412=EDGE_CURVE('',#597,#663,#12415,.T.);
#12413=EDGE_CURVE('',#663,#661,#12416,.T.);
#12414=LINE('',#660,#12417);
#12415=LINE('',#596,#12418);
#12416=LINE('',#662,#12419);
#12417=VECTOR('',#12420,1.0);
#12418=VECTOR('',#12421,1.0);
#12419=VECTOR('',#12422,1.0);
#12420=DIRECTION('',(-0.490586758240887,0,0.8713923528690722));
#12421=DIRECTION('',(0.7745923454022712,0,0.6324608275966257));
#12422=DIRECTION('',(0,0,-1));
#12423=FACE_SURFACE('',(#12428),#12424,.T.);
#12424=PLANE('',#12425);
#12425=AXIS2_PLACEMENT_3D('',#660,#12426,#12427);
#12426=DIRECTION('',(-0,1,0));
#12427=DIRECTION('',(0,0,1));
#12428=FACE_BOUND('',#12429,.T.);
#12429=EDGE_LOOP('',(#12430,#12431,#12432));
#12430=ORIENTED_EDGE('',*,*,#12433,.T.);
#12431=ORIENTED_EDGE('',*,*,#12434,.T.);
#12432=ORIENTED_EDGE('',*,*,#12435,.T.);
#12433=EDGE_CURVE('',#661,#663,#12436,.F.);
#12434=EDGE_CURVE('',#663,#55,#12437,.T.);
#12435=EDGE_CURVE('',#55,#661,#12438,.T.);
#12436=LINE('',#660,#12439);
#12437=LINE('',#662,#12440);
#12438=LINE('',#54,#12441);
#12439=VECTOR('',#12442,1.0);
#12440=VECTOR('',#12443,1.0);
#12441=VECTOR('',#12444,1.0);
#12442=DIRECTION('',(0,0,1));
#12443=DIRECTION('',(0.35826666788560296,0,-0.9336192985806083));
#12444=DIRECTION('',(-0.48829896025457764,0,0.8726764150670617));
#12445=FACE_SURFACE('',(#12450),#12446,.T.);
#12446=PLANE('',#12447);
#12447=AXIS2_PLACEMENT_3D('',#54,#12448,#12449);
#12448=DIRECTION('',(0,1,0));
#12449=DIRECTION('',(-0.35826666788560296,0,0.9336192985806083));
#12450=FACE_BOUND('',#12451,.T.);
#12451=EDGE_LOOP('',(#12452,#12453,#12454));
#12452=ORIENTED_EDGE('',*,*,#12455,.T.);
#12453=ORIENTED_EDGE('',*,*,#12456,.T.);
#12454=ORIENTED_EDGE('',*,*,#12457,.T.);
#12455=EDGE_CURVE('',#55,#663,#12458,.F.);
#12456=EDGE_CURVE('',#663,#665,#12459,.T.);
#12457=EDGE_CURVE('',#665,#55,#12460,.T.);
#12458=LINE('',#54,#12461);
#12459=LINE('',#662,#12462);
#12460=LINE('',#664,#12463);
#12461=VECTOR('',#12464,1.0);
#12462=VECTOR('',#12465,1.0);
#12463=VECTOR('',#12466,1.0);
#12464=DIRECTION('',(-0.35826666788560296,0,0.9336192985806083));
#12465=DIRECTION('',(0,0,1));
#12466=DIRECTION('',(0.2802927903090359,0,-0.9599145543749061));
#12467=FACE_SURFACE('',(#12472),#12468,.T.);
#12468=PLANE('',#12469);
#12469=AXIS2_PLACEMENT_3D('',#54,#12470,#12471);
#12470=DIRECTION('',(0,1,0));
#12471=DIRECTION('',(-0.2802927903090359,0,0.9599145543749061));
#12472=FACE_BOUND('',#12473,.T.);
#12473=EDGE_LOOP('',(#12474,#12475,#12476));
#12474=ORIENTED_EDGE('',*,*,#12477,.T.);
#12475=ORIENTED_EDGE('',*,*,#12478,.T.);
#12476=ORIENTED_EDGE('',*,*,#12479,.T.);
#12477=EDGE_CURVE('',#55,#665,#12480,.F.);
#12478=EDGE_CURVE('',#665,#667,#12481,.T.);
#12479=EDGE_CURVE('',#667,#55,#12482,.T.);
#12480=LINE('',#54,#12483);
#12481=LINE('',#664,#12484);
#12482=LINE('',#666,#12485);
#12483=VECTOR('',#12486,1.0);
#12484=VECTOR('',#12487,1.0);
#12485=VECTOR('',#12488,1.0);
#12486=DIRECTION('',(-0.2802927903090359,0,0.9599145543749061));
#12487=DIRECTION('',(0,0,1));
#12488=DIRECTION('',(0.22937465630409523,0,-0.9733382079448942));
#12489=FACE_SURFACE('',(#12494),#12490,.T.);
#12490=PLANE('',#12491);
#12491=AXIS2_PLACEMENT_3D('',#666,#12492,#12493);
#12492=DIRECTION('',(0,1,0));
#12493=DIRECTION('',(0,0,-1));
#12494=FACE_BOUND('',#12495,.T.);
#12495=EDGE_LOOP('',(#12496,#12497,#12498));
#12496=ORIENTED_EDGE('',*,*,#12499,.T.);
#12497=ORIENTED_EDGE('',*,*,#12500,.T.);
#12498=ORIENTED_EDGE('',*,*,#12501,.T.);
#12499=EDGE_CURVE('',#667,#665,#12502,.F.);
#12500=EDGE_CURVE('',#665,#581,#12503,.T.);
#12501=EDGE_CURVE('',#581,#667,#12504,.T.);
#12502=LINE('',#666,#12505);
#12503=LINE('',#664,#12506);
#12504=LINE('',#580,#12507);
#12505=VECTOR('',#12508,1.0);
#12506=VECTOR('',#12509,1.0);
#12507=VECTOR('',#12510,1.0);
#12508=DIRECTION('',(0,0,-1));
#12509=DIRECTION('',(-0.49058249145337707,0,0.8713947550217395));
#12510=DIRECTION('',(0.774600065804404,0,0.632451372087857));
#12511=FACE_SURFACE('',(#12516),#12512,.T.);
#12512=PLANE('',#12513);
#12513=AXIS2_PLACEMENT_3D('',#580,#12514,#12515);
#12514=DIRECTION('',(0,1,0));
#12515=DIRECTION('',(0.49058249145337707,0,-0.8713947550217395));
#12516=FACE_BOUND('',#12517,.T.);
#12517=EDGE_LOOP('',(#12518,#12519,#12520));
#12518=ORIENTED_EDGE('',*,*,#12521,.T.);
#12519=ORIENTED_EDGE('',*,*,#12522,.T.);
#12520=ORIENTED_EDGE('',*,*,#12523,.T.);
#12521=EDGE_CURVE('',#581,#665,#12524,.F.);
#12522=EDGE_CURVE('',#665,#583,#12525,.T.);
#12523=EDGE_CURVE('',#583,#581,#12526,.T.);
#12524=LINE('',#580,#12527);
#12525=LINE('',#664,#12528);
#12526=LINE('',#582,#12529);
#12527=VECTOR('',#12530,1.0);
#12528=VECTOR('',#12531,1.0);
#12529=VECTOR('',#12532,1.0);
#12530=DIRECTION('',(0.49058249145337707,0,-0.8713947550217395));
#12531=DIRECTION('',(-0.7745923454022712,0,0.6324608275966257));
#12532=DIRECTION('',(0,0,1));
#12533=FACE_SURFACE('',(#12538),#12534,.T.);
#12534=PLANE('',#12535);
#12535=AXIS2_PLACEMENT_3D('',#590,#12536,#12537);
#12536=DIRECTION('',(-0,1,0));
#12537=DIRECTION('',(0,0,1));
#12538=FACE_BOUND('',#12539,.T.);
#12539=EDGE_LOOP('',(#12540,#12541,#12542));
#12540=ORIENTED_EDGE('',*,*,#12543,.T.);
#12541=ORIENTED_EDGE('',*,*,#12544,.T.);
#12542=ORIENTED_EDGE('',*,*,#12545,.T.);
#12543=EDGE_CURVE('',#591,#589,#12546,.F.);
#12544=EDGE_CURVE('',#589,#663,#12547,.T.);
#12545=EDGE_CURVE('',#663,#591,#12548,.T.);
#12546=LINE('',#590,#12549);
#12547=LINE('',#588,#12550);
#12548=LINE('',#662,#12551);
#12549=VECTOR('',#12552,1.0);
#12550=VECTOR('',#12553,1.0);
#12551=VECTOR('',#12554,1.0);
#12552=DIRECTION('',(0,0,1));
#12553=DIRECTION('',(0.490586758240887,0,-0.8713923528690722));
#12554=DIRECTION('',(-0.774600065804404,0,0.632451372087857));
#12555=FACE_SURFACE('',(#12560),#12556,.T.);
#12556=PLANE('',#12557);
#12557=AXIS2_PLACEMENT_3D('',#662,#12558,#12559);
#12558=DIRECTION('',(0,1,-0));
#12559=DIRECTION('',(-0.490586758240887,0,0.8713923528690722));
#12560=FACE_BOUND('',#12561,.T.);
#12561=EDGE_LOOP('',(#12562,#12563,#12564));
#12562=ORIENTED_EDGE('',*,*,#12565,.T.);
#12563=ORIENTED_EDGE('',*,*,#12566,.T.);
#12564=ORIENTED_EDGE('',*,*,#12567,.T.);
#12565=EDGE_CURVE('',#663,#589,#12568,.F.);
#12566=EDGE_CURVE('',#589,#665,#12569,.T.);
#12567=EDGE_CURVE('',#665,#663,#12570,.T.);
#12568=LINE('',#662,#12571);
#12569=LINE('',#588,#12572);
#12570=LINE('',#664,#12573);
#12571=VECTOR('',#12574,1.0);
#12572=VECTOR('',#12575,1.0);
#12573=VECTOR('',#12576,1.0);
#12574=DIRECTION('',(-0.490586758240887,0,0.8713923528690722));
#12575=DIRECTION('',(0.774600065804404,0,0.632451372087857));
#12576=DIRECTION('',(0,0,-1));
#12577=FACE_SURFACE('',(#12582),#12578,.T.);
#12578=PLANE('',#12579);
#12579=AXIS2_PLACEMENT_3D('',#574,#12580,#12581);
#12580=DIRECTION('',(-0,1,0));
#12581=DIRECTION('',(0,0,1));
#12582=FACE_BOUND('',#12583,.T.);
#12583=EDGE_LOOP('',(#12584,#12585,#12586));
#12584=ORIENTED_EDGE('',*,*,#12587,.T.);
#12585=ORIENTED_EDGE('',*,*,#12588,.T.);
#12586=ORIENTED_EDGE('',*,*,#12589,.T.);
#12587=EDGE_CURVE('',#575,#573,#12590,.F.);
#12588=EDGE_CURVE('',#573,#667,#12591,.T.);
#12589=EDGE_CURVE('',#667,#575,#12592,.T.);
#12590=LINE('',#574,#12593);
#12591=LINE('',#572,#12594);
#12592=LINE('',#666,#12595);
#12593=VECTOR('',#12596,1.0);
#12594=VECTOR('',#12597,1.0);
#12595=VECTOR('',#12598,1.0);
#12596=DIRECTION('',(0,0,1));
#12597=DIRECTION('',(0.490586758240887,0,-0.8713923528690722));
#12598=DIRECTION('',(-0.774600065804404,0,0.632451372087857));
#12599=FACE_SURFACE('',(#12604),#12600,.T.);
#12600=PLANE('',#12601);
#12601=AXIS2_PLACEMENT_3D('',#666,#12602,#12603);
#12602=DIRECTION('',(0,1,-0));
#12603=DIRECTION('',(-0.490586758240887,0,0.8713923528690722));
#12604=FACE_BOUND('',#12605,.T.);
#12605=EDGE_LOOP('',(#12606,#12607,#12608));
#12606=ORIENTED_EDGE('',*,*,#12609,.T.);
#12607=ORIENTED_EDGE('',*,*,#12610,.T.);
#12608=ORIENTED_EDGE('',*,*,#12611,.T.);
#12609=EDGE_CURVE('',#667,#573,#12612,.F.);
#12610=EDGE_CURVE('',#573,#669,#12613,.T.);
#12611=EDGE_CURVE('',#669,#667,#12614,.T.);
#12612=LINE('',#666,#12615);
#12613=LINE('',#572,#12616);
#12614=LINE('',#668,#12617);
#12615=VECTOR('',#12618,1.0);
#12616=VECTOR('',#12619,1.0);
#12617=VECTOR('',#12620,1.0);
#12618=DIRECTION('',(-0.490586758240887,0,0.8713923528690722));
#12619=DIRECTION('',(0.7745923454022712,0,0.6324608275966257));
#12620=DIRECTION('',(0,0,-1));
#12621=FACE_SURFACE('',(#12626),#12622,.T.);
#12622=PLANE('',#12623);
#12623=AXIS2_PLACEMENT_3D('',#666,#12624,#12625);
#12624=DIRECTION('',(0,1,0));
#12625=DIRECTION('',(0,0,1));
#12626=FACE_BOUND('',#12627,.T.);
#12627=EDGE_LOOP('',(#12628,#12629,#12630));
#12628=ORIENTED_EDGE('',*,*,#12631,.T.);
#12629=ORIENTED_EDGE('',*,*,#12632,.T.);
#12630=ORIENTED_EDGE('',*,*,#12633,.T.);
#12631=EDGE_CURVE('',#667,#669,#12634,.F.);
#12632=EDGE_CURVE('',#669,#427,#12635,.T.);
#12633=EDGE_CURVE('',#427,#667,#12636,.T.);
#12634=LINE('',#666,#12637);
#12635=LINE('',#668,#12638);
#12636=LINE('',#426,#12639);
#12637=VECTOR('',#12640,1.0);
#12638=VECTOR('',#12641,1.0);
#12639=VECTOR('',#12642,1.0);
#12640=DIRECTION('',(0,0,1));
#12641=DIRECTION('',(0.6646719130780063,0,0.7471353612065376));
#12642=DIRECTION('',(-0.5344093521216104,0,-0.845225794900369));
#12643=FACE_SURFACE('',(#12648),#12644,.T.);
#12644=PLANE('',#12645);
#12645=AXIS2_PLACEMENT_3D('',#426,#12646,#12647);
#12646=DIRECTION('',(0,1,0));
#12647=DIRECTION('',(-0.6646719130780063,0,-0.7471353612065376));
#12648=FACE_BOUND('',#12649,.T.);
#12649=EDGE_LOOP('',(#12650,#12651,#12652));
#12650=ORIENTED_EDGE('',*,*,#12653,.T.);
#12651=ORIENTED_EDGE('',*,*,#12654,.T.);
#12652=ORIENTED_EDGE('',*,*,#12655,.T.);
#12653=EDGE_CURVE('',#427,#669,#12656,.F.);
#12654=EDGE_CURVE('',#669,#671,#12657,.T.);
#12655=EDGE_CURVE('',#671,#427,#12658,.T.);
#12656=LINE('',#426,#12659);
#12657=LINE('',#668,#12660);
#12658=LINE('',#670,#12661);
#12659=VECTOR('',#12662,1.0);
#12660=VECTOR('',#12663,1.0);
#12661=VECTOR('',#12664,1.0);
#12662=DIRECTION('',(-0.6646719130780063,0,-0.7471353612065376));
#12663=DIRECTION('',(0,0,1));
#12664=DIRECTION('',(0.8321031750948962,0,0.5546208668964704));
#12665=FACE_SURFACE('',(#12670),#12666,.T.);
#12666=PLANE('',#12667);
#12667=AXIS2_PLACEMENT_3D('',#426,#12668,#12669);
#12668=DIRECTION('',(0,1,0));
#12669=DIRECTION('',(-0.8321031750948962,0,-0.5546208668964704));
#12670=FACE_BOUND('',#12671,.T.);
#12671=EDGE_LOOP('',(#12672,#12673,#12674));
#12672=ORIENTED_EDGE('',*,*,#12675,.T.);
#12673=ORIENTED_EDGE('',*,*,#12676,.T.);
#12674=ORIENTED_EDGE('',*,*,#12677,.T.);
#12675=EDGE_CURVE('',#427,#671,#12678,.F.);
#12676=EDGE_CURVE('',#671,#673,#12679,.T.);
#12677=EDGE_CURVE('',#673,#427,#12680,.T.);
#12678=LINE('',#426,#12681);
#12679=LINE('',#670,#12682);
#12680=LINE('',#672,#12683);
#12681=VECTOR('',#12684,1.0);
#12682=VECTOR('',#12685,1.0);
#12683=VECTOR('',#12686,1.0);
#12684=DIRECTION('',(-0.8321031750948962,0,-0.5546208668964704));
#12685=DIRECTION('',(0,0,1));
#12686=DIRECTION('',(0.9788522873459021,0,0.20456832491296195));
#12687=FACE_SURFACE('',(#12692),#12688,.T.);
#12688=PLANE('',#12689);
#12689=AXIS2_PLACEMENT_3D('',#672,#12690,#12691);
#12690=DIRECTION('',(0,1,0));
#12691=DIRECTION('',(0,0,-1));
#12692=FACE_BOUND('',#12693,.T.);
#12693=EDGE_LOOP('',(#12694,#12695,#12696));
#12694=ORIENTED_EDGE('',*,*,#12697,.T.);
#12695=ORIENTED_EDGE('',*,*,#12698,.T.);
#12696=ORIENTED_EDGE('',*,*,#12699,.T.);
#12697=EDGE_CURVE('',#673,#671,#12700,.F.);
#12698=EDGE_CURVE('',#671,#557,#12701,.T.);
#12699=EDGE_CURVE('',#557,#673,#12702,.T.);
#12700=LINE('',#672,#12703);
#12701=LINE('',#670,#12704);
#12702=LINE('',#556,#12705);
#12703=VECTOR('',#12706,1.0);
#12704=VECTOR('',#12707,1.0);
#12705=VECTOR('',#12708,1.0);
#12706=DIRECTION('',(0,0,-1));
#12707=DIRECTION('',(-0.490586758240887,0,0.8713923528690722));
#12708=DIRECTION('',(0.7745923454022712,0,0.6324608275966257));
#12709=FACE_SURFACE('',(#12714),#12710,.T.);
#12710=PLANE('',#12711);
#12711=AXIS2_PLACEMENT_3D('',#556,#12712,#12713);
#12712=DIRECTION('',(0,1,0));
#12713=DIRECTION('',(0.490586758240887,0,-0.8713923528690722));
#12714=FACE_BOUND('',#12715,.T.);
#12715=EDGE_LOOP('',(#12716,#12717,#12718));
#12716=ORIENTED_EDGE('',*,*,#12719,.T.);
#12717=ORIENTED_EDGE('',*,*,#12720,.T.);
#12718=ORIENTED_EDGE('',*,*,#12721,.T.);
#12719=EDGE_CURVE('',#557,#671,#12722,.F.);
#12720=EDGE_CURVE('',#671,#559,#12723,.T.);
#12721=EDGE_CURVE('',#559,#557,#12724,.T.);
#12722=LINE('',#556,#12725);
#12723=LINE('',#670,#12726);
#12724=LINE('',#558,#12727);
#12725=VECTOR('',#12728,1.0);
#12726=VECTOR('',#12729,1.0);
#12727=VECTOR('',#12730,1.0);
#12728=DIRECTION('',(0.490586758240887,0,-0.8713923528690722));
#12729=DIRECTION('',(-0.7745923454022712,0,0.6324608275966257));
#12730=DIRECTION('',(0,0,1));
#12731=FACE_SURFACE('',(#12736),#12732,.T.);
#12732=PLANE('',#12733);
#12733=AXIS2_PLACEMENT_3D('',#566,#12734,#12735);
#12734=DIRECTION('',(-0,1,0));
#12735=DIRECTION('',(0,0,1));
#12736=FACE_BOUND('',#12737,.T.);
#12737=EDGE_LOOP('',(#12738,#12739,#12740));
#12738=ORIENTED_EDGE('',*,*,#12741,.T.);
#12739=ORIENTED_EDGE('',*,*,#12742,.T.);
#12740=ORIENTED_EDGE('',*,*,#12743,.T.);
#12741=EDGE_CURVE('',#567,#565,#12744,.F.);
#12742=EDGE_CURVE('',#565,#669,#12745,.T.);
#12743=EDGE_CURVE('',#669,#567,#12746,.T.);
#12744=LINE('',#566,#12747);
#12745=LINE('',#564,#12748);
#12746=LINE('',#668,#12749);
#12747=VECTOR('',#12750,1.0);
#12748=VECTOR('',#12751,1.0);
#12749=VECTOR('',#12752,1.0);
#12750=DIRECTION('',(0,0,1));
#12751=DIRECTION('',(0.490586758240887,0,-0.8713923528690722));
#12752=DIRECTION('',(-0.774600065804404,0,0.632451372087857));
#12753=FACE_SURFACE('',(#12758),#12754,.T.);
#12754=PLANE('',#12755);
#12755=AXIS2_PLACEMENT_3D('',#668,#12756,#12757);
#12756=DIRECTION('',(0,1,-0));
#12757=DIRECTION('',(-0.490586758240887,0,0.8713923528690722));
#12758=FACE_BOUND('',#12759,.T.);
#12759=EDGE_LOOP('',(#12760,#12761,#12762));
#12760=ORIENTED_EDGE('',*,*,#12763,.T.);
#12761=ORIENTED_EDGE('',*,*,#12764,.T.);
#12762=ORIENTED_EDGE('',*,*,#12765,.T.);
#12763=EDGE_CURVE('',#669,#565,#12766,.F.);
#12764=EDGE_CURVE('',#565,#671,#12767,.T.);
#12765=EDGE_CURVE('',#671,#669,#12768,.T.);
#12766=LINE('',#668,#12769);
#12767=LINE('',#564,#12770);
#12768=LINE('',#670,#12771);
#12769=VECTOR('',#12772,1.0);
#12770=VECTOR('',#12773,1.0);
#12771=VECTOR('',#12774,1.0);
#12772=DIRECTION('',(-0.490586758240887,0,0.8713923528690722));
#12773=DIRECTION('',(0.774600065804404,0,0.632451372087857));
#12774=DIRECTION('',(0,0,-1));
#12775=FACE_SURFACE('',(#12780),#12776,.T.);
#12776=PLANE('',#12777);
#12777=AXIS2_PLACEMENT_3D('',#604,#12778,#12779);
#12778=DIRECTION('',(-0,1,0));
#12779=DIRECTION('',(0,0,1));
#12780=FACE_BOUND('',#12781,.T.);
#12781=EDGE_LOOP('',(#12782,#12783,#12784));
#12782=ORIENTED_EDGE('',*,*,#12785,.T.);
#12783=ORIENTED_EDGE('',*,*,#12786,.T.);
#12784=ORIENTED_EDGE('',*,*,#12787,.T.);
#12785=EDGE_CURVE('',#605,#609,#12788,.F.);
#12786=EDGE_CURVE('',#609,#673,#12789,.T.);
#12787=EDGE_CURVE('',#673,#605,#12790,.T.);
#12788=LINE('',#604,#12791);
#12789=LINE('',#608,#12792);
#12790=LINE('',#672,#12793);
#12791=VECTOR('',#12794,1.0);
#12792=VECTOR('',#12795,1.0);
#12793=VECTOR('',#12796,1.0);
#12794=DIRECTION('',(0,0,1));
#12795=DIRECTION('',(0.6451634501739851,0,-0.764044581526235));
#12796=DIRECTION('',(-0.774600065804404,0,0.632451372087857));
#12797=FACE_SURFACE('',(#12802),#12798,.T.);
#12798=PLANE('',#12799);
#12799=AXIS2_PLACEMENT_3D('',#672,#12800,#12801);
#12800=DIRECTION('',(0,1,-0));
#12801=DIRECTION('',(-0.6451634501739851,0,0.764044581526235));
#12802=FACE_BOUND('',#12803,.T.);
#12803=EDGE_LOOP('',(#12804,#12805,#12806));
#12804=ORIENTED_EDGE('',*,*,#12807,.T.);
#12805=ORIENTED_EDGE('',*,*,#12808,.T.);
#12806=ORIENTED_EDGE('',*,*,#12809,.T.);
#12807=EDGE_CURVE('',#673,#609,#12810,.F.);
#12808=EDGE_CURVE('',#609,#427,#12811,.T.);
#12809=EDGE_CURVE('',#427,#673,#12812,.T.);
#12810=LINE('',#672,#12813);
#12811=LINE('',#608,#12814);
#12812=LINE('',#426,#12815);
#12813=VECTOR('',#12816,1.0);
#12814=VECTOR('',#12817,1.0);
#12815=VECTOR('',#12818,1.0);
#12816=DIRECTION('',(-0.6451634501739851,0,0.764044581526235));
#12817=DIRECTION('',(1,0,0));
#12818=DIRECTION('',(-0.9788522873459021,0,-0.20456832491296195));
#12819=FACE_SURFACE('',(#12824),#12820,.T.);
#12820=PLANE('',#12821);
#12821=AXIS2_PLACEMENT_3D('',#666,#12822,#12823);
#12822=DIRECTION('',(-0,1,0));
#12823=DIRECTION('',(0.5344093521216104,0,0.845225794900369));
#12824=FACE_BOUND('',#12825,.T.);
#12825=EDGE_LOOP('',(#12826,#12827,#12828));
#12826=ORIENTED_EDGE('',*,*,#12829,.T.);
#12827=ORIENTED_EDGE('',*,*,#12830,.T.);
#12828=ORIENTED_EDGE('',*,*,#12831,.T.);
#12829=EDGE_CURVE('',#667,#427,#12832,.F.);
#12830=EDGE_CURVE('',#427,#55,#12833,.T.);
#12831=EDGE_CURVE('',#55,#667,#12834,.T.);
#12832=LINE('',#666,#12835);
#12833=LINE('',#426,#12836);
#12834=LINE('',#54,#12837);
#12835=VECTOR('',#12838,1.0);
#12836=VECTOR('',#12839,1.0);
#12837=VECTOR('',#12840,1.0);
#12838=DIRECTION('',(0.5344093521216104,0,0.845225794900369));
#12839=DIRECTION('',(-0.11091840231272304,0,-0.9938295165813866));
#12840=DIRECTION('',(-0.22937465630409523,0,0.9733382079448942));
#12841=FACE_SURFACE('',(#12846),#12842,.T.);
#12842=PLANE('',#12843);
#12843=AXIS2_PLACEMENT_3D('',#54,#12844,#12845);
#12844=DIRECTION('',(0,1,0));
#12845=DIRECTION('',(0.11091840231272304,0,0.9938295165813866));
#12846=FACE_BOUND('',#12847,.T.);
#12847=EDGE_LOOP('',(#12848,#12849,#12850));
#12848=ORIENTED_EDGE('',*,*,#12851,.T.);
#12849=ORIENTED_EDGE('',*,*,#12852,.T.);
#12850=ORIENTED_EDGE('',*,*,#12853,.T.);
#12851=EDGE_CURVE('',#55,#427,#12854,.F.);
#12852=EDGE_CURVE('',#427,#107,#12855,.T.);
#12853=EDGE_CURVE('',#107,#55,#12856,.T.);
#12854=LINE('',#54,#12857);
#12855=LINE('',#426,#12858);
#12856=LINE('',#106,#12859);
#12857=VECTOR('',#12860,1.0);
#12858=VECTOR('',#12861,1.0);
#12859=VECTOR('',#12862,1.0);
#12860=DIRECTION('',(0.11091840231272304,0,0.9938295165813866));
#12861=DIRECTION('',(0.34731435582359393,0,-0.9377487607237036));
#12862=DIRECTION('',(-0.901522511059746,0,-0.43273220593402817));
#12863=FACE_SURFACE('',(#12868),#12864,.T.);
#12864=PLANE('',#12865);
#12865=AXIS2_PLACEMENT_3D('',#54,#12866,#12867);
#12866=DIRECTION('',(-0,1,0));
#12867=DIRECTION('',(0.901522511059746,0,0.43273220593402817));
#12868=FACE_BOUND('',#12869,.T.);
#12869=EDGE_LOOP('',(#12870,#12871,#12872));
#12870=ORIENTED_EDGE('',*,*,#12873,.T.);
#12871=ORIENTED_EDGE('',*,*,#12874,.T.);
#12872=ORIENTED_EDGE('',*,*,#12875,.T.);
#12873=EDGE_CURVE('',#55,#107,#12876,.F.);
#12874=EDGE_CURVE('',#107,#89,#12877,.T.);
#12875=EDGE_CURVE('',#89,#55,#12878,.T.);
#12876=LINE('',#54,#12879);
#12877=LINE('',#106,#12880);
#12878=LINE('',#88,#12881);
#12879=VECTOR('',#12882,1.0);
#12880=VECTOR('',#12883,1.0);
#12881=VECTOR('',#12884,1.0);
#12882=DIRECTION('',(0.901522511059746,0,0.43273220593402817));
#12883=DIRECTION('',(-0.04297101039557866,0,-0.9990763195399954));
#12884=DIRECTION('',(-0.28249175470377813,0,0.959269726679822));
#12885=FACE_SURFACE('',(#12890),#12886,.T.);
#12886=PLANE('',#12887);
#12887=AXIS2_PLACEMENT_3D('',#88,#12888,#12889);
#12888=DIRECTION('',(0,1,0));
#12889=DIRECTION('',(0.04297101039557866,0,0.9990763195399954));
#12890=FACE_BOUND('',#12891,.T.);
#12891=EDGE_LOOP('',(#12892,#12893,#12894));
#12892=ORIENTED_EDGE('',*,*,#12895,.T.);
#12893=ORIENTED_EDGE('',*,*,#12896,.T.);
#12894=ORIENTED_EDGE('',*,*,#12897,.T.);
#12895=EDGE_CURVE('',#89,#107,#12898,.F.);
#12896=EDGE_CURVE('',#107,#87,#12899,.T.);
#12897=EDGE_CURVE('',#87,#89,#12900,.T.);
#12898=LINE('',#88,#12901);
#12899=LINE('',#106,#12902);
#12900=LINE('',#86,#12903);
#12901=VECTOR('',#12904,1.0);
#12902=VECTOR('',#12905,1.0);
#12903=VECTOR('',#12906,1.0);
#12904=DIRECTION('',(0.04297101039557866,0,0.9990763195399954));
#12905=DIRECTION('',(0,0,-1));
#12906=DIRECTION('',(-1,0,0));
#12907=FACE_SURFACE('',(#12912),#12908,.T.);
#12908=PLANE('',#12909);
#12909=AXIS2_PLACEMENT_3D('',#54,#12910,#12911);
#12910=DIRECTION('',(0,1,0));
#12911=DIRECTION('',(0.28249175470377813,0,-0.959269726679822));
#12912=FACE_BOUND('',#12913,.T.);
#12913=EDGE_LOOP('',(#12914,#12915,#12916));
#12914=ORIENTED_EDGE('',*,*,#12917,.T.);
#12915=ORIENTED_EDGE('',*,*,#12918,.T.);
#12916=ORIENTED_EDGE('',*,*,#12919,.T.);
#12917=EDGE_CURVE('',#55,#89,#12920,.F.);
#12918=EDGE_CURVE('',#89,#59,#12921,.T.);
#12919=EDGE_CURVE('',#59,#55,#12922,.T.);
#12920=LINE('',#54,#12923);
#12921=LINE('',#88,#12924);
#12922=LINE('',#58,#12925);
#12923=VECTOR('',#12926,1.0);
#12924=VECTOR('',#12927,1.0);
#12925=VECTOR('',#12928,1.0);
#12926=DIRECTION('',(0.28249175470377813,0,-0.959269726679822));
#12927=DIRECTION('',(-0.5259693022891472,0,-0.8505035526377699));
#12928=DIRECTION('',(0,0,1));
#12929=FACE_SURFACE('',(#12934),#12930,.T.);
#12930=PLANE('',#12931);
#12931=AXIS2_PLACEMENT_3D('',#58,#12932,#12933);
#12932=DIRECTION('',(0,1,0));
#12933=DIRECTION('',(0.5259693022891472,0,0.8505035526377699));
#12934=FACE_BOUND('',#12935,.T.);
#12935=EDGE_LOOP('',(#12936,#12937,#12938));
#12936=ORIENTED_EDGE('',*,*,#12939,.T.);
#12937=ORIENTED_EDGE('',*,*,#12940,.T.);
#12938=ORIENTED_EDGE('',*,*,#12941,.T.);
#12939=EDGE_CURVE('',#59,#89,#12942,.F.);
#12940=EDGE_CURVE('',#89,#93,#12943,.T.);
#12941=EDGE_CURVE('',#93,#59,#12944,.T.);
#12942=LINE('',#58,#12945);
#12943=LINE('',#88,#12946);
#12944=LINE('',#92,#12947);
#12945=VECTOR('',#12948,1.0);
#12946=VECTOR('',#12949,1.0);
#12947=VECTOR('',#12950,1.0);
#12948=DIRECTION('',(0.5259693022891472,0,0.8505035526377699));
#12949=DIRECTION('',(0,0,-1));
#12950=DIRECTION('',(-0.5685807441667382,0,-0.8226274596454937));
#12951=FACE_SURFACE('',(#12956),#12952,.T.);
#12952=PLANE('',#12953);
#12953=AXIS2_PLACEMENT_3D('',#58,#12954,#12955);
#12954=DIRECTION('',(0,1,0));
#12955=DIRECTION('',(0.5685807441667382,0,0.8226274596454937));
#12956=FACE_BOUND('',#12957,.T.);
#12957=EDGE_LOOP('',(#12958,#12959,#12960));
#12958=ORIENTED_EDGE('',*,*,#12961,.T.);
#12959=ORIENTED_EDGE('',*,*,#12962,.T.);
#12960=ORIENTED_EDGE('',*,*,#12963,.T.);
#12961=EDGE_CURVE('',#59,#93,#12964,.F.);
#12962=EDGE_CURVE('',#93,#79,#12965,.T.);
#12963=EDGE_CURVE('',#79,#59,#12966,.T.);
#12964=LINE('',#58,#12967);
#12965=LINE('',#92,#12968);
#12966=LINE('',#78,#12969);
#12967=VECTOR('',#12970,1.0);
#12968=VECTOR('',#12971,1.0);
#12969=VECTOR('',#12972,1.0);
#12970=DIRECTION('',(0.5685807441667382,0,0.8226274596454937));
#12971=DIRECTION('',(0.1168412475673972,0,-0.9931506043228762));
#12972=DIRECTION('',(-1,0,0));
#12973=FACE_SURFACE('',(#12978),#12974,.T.);
#12974=PLANE('',#12975);
#12975=AXIS2_PLACEMENT_3D('',#78,#12976,#12977);
#12976=DIRECTION('',(0,1,-0));
#12977=DIRECTION('',(-0.1168412475673972,0,0.9931506043228762));
#12978=FACE_BOUND('',#12979,.T.);
#12979=EDGE_LOOP('',(#12980,#12981,#12982));
#12980=ORIENTED_EDGE('',*,*,#12983,.T.);
#12981=ORIENTED_EDGE('',*,*,#12984,.T.);
#12982=ORIENTED_EDGE('',*,*,#12985,.T.);
#12983=EDGE_CURVE('',#79,#93,#12986,.F.);
#12984=EDGE_CURVE('',#93,#95,#12987,.T.);
#12985=EDGE_CURVE('',#95,#79,#12988,.T.);
#12986=LINE('',#78,#12989);
#12987=LINE('',#92,#12990);
#12988=LINE('',#94,#12991);
#12989=VECTOR('',#12992,1.0);
#12990=VECTOR('',#12993,1.0);
#12991=VECTOR('',#12994,1.0);
#12992=DIRECTION('',(-0.1168412475673972,0,0.9931506043228762));
#12993=DIRECTION('',(1,0,0));
#12994=DIRECTION('',(0,0,-1));
#12995=FACE_SURFACE('',(#13000),#12996,.T.);
#12996=PLANE('',#12997);
#12997=AXIS2_PLACEMENT_3D('',#626,#12998,#12999);
#12998=DIRECTION('',(0,-1,0));
#12999=DIRECTION('',(0.7745858064539242,0,-0.6324688359438145));
#13000=FACE_BOUND('',#13001,.T.);
#13001=EDGE_LOOP('',(#13002,#13003,#13004));
#13002=ORIENTED_EDGE('',*,*,#13005,.T.);
#13003=ORIENTED_EDGE('',*,*,#13006,.T.);
#13004=ORIENTED_EDGE('',*,*,#13007,.T.);
#13005=EDGE_CURVE('',#627,#659,#13008,.F.);
#13006=EDGE_CURVE('',#659,#429,#13009,.T.);
#13007=EDGE_CURVE('',#429,#627,#13010,.T.);
#13008=LINE('',#626,#13011);
#13009=LINE('',#658,#13012);
#13010=LINE('',#428,#13013);
#13011=VECTOR('',#13014,1.0);
#13012=VECTOR('',#13015,1.0);
#13013=VECTOR('',#13016,1.0);
#13014=DIRECTION('',(0.7745858064539242,0,-0.6324688359438145));
#13015=DIRECTION('',(0.9965204461512936,0,0.08334866767037666));
#13016=DIRECTION('',(-1,0,0));
#13017=FACE_SURFACE('',(#13022),#13018,.T.);
#13018=PLANE('',#13019);
#13019=AXIS2_PLACEMENT_3D('',#428,#13020,#13021);
#13020=DIRECTION('',(0,-1,0));
#13021=DIRECTION('',(-0.9965204461512936,0,-0.08334866767037666));
#13022=FACE_BOUND('',#13023,.T.);
#13023=EDGE_LOOP('',(#13024,#13025,#13026));
#13024=ORIENTED_EDGE('',*,*,#13027,.T.);
#13025=ORIENTED_EDGE('',*,*,#13028,.T.);
#13026=ORIENTED_EDGE('',*,*,#13029,.T.);
#13027=EDGE_CURVE('',#429,#659,#13030,.F.);
#13028=EDGE_CURVE('',#659,#501,#13031,.T.);
#13029=EDGE_CURVE('',#501,#429,#13032,.T.);
#13030=LINE('',#428,#13033);
#13031=LINE('',#658,#13034);
#13032=LINE('',#500,#13035);
#13033=VECTOR('',#13036,1.0);
#13034=VECTOR('',#13037,1.0);
#13035=VECTOR('',#13038,1.0);
#13036=DIRECTION('',(-0.9965204461512936,0,-0.08334866767037666));
#13037=DIRECTION('',(0,0,-1));
#13038=DIRECTION('',(0.8794722084193205,0,0.4759502438470255));
#13039=FACE_SURFACE('',(#13044),#13040,.T.);
#13040=PLANE('',#13041);
#13041=AXIS2_PLACEMENT_3D('',#428,#13042,#13043);
#13042=DIRECTION('',(0,-1,0));
#13043=DIRECTION('',(-0.8794722084193205,0,-0.4759502438470255));
#13044=FACE_BOUND('',#13045,.T.);
#13045=EDGE_LOOP('',(#13046,#13047,#13048));
#13046=ORIENTED_EDGE('',*,*,#13049,.T.);
#13047=ORIENTED_EDGE('',*,*,#13050,.T.);
#13048=ORIENTED_EDGE('',*,*,#13051,.T.);
#13049=EDGE_CURVE('',#429,#501,#13052,.F.);
#13050=EDGE_CURVE('',#501,#657,#13053,.T.);
#13051=EDGE_CURVE('',#657,#429,#13054,.T.);
#13052=LINE('',#428,#13055);
#13053=LINE('',#500,#13056);
#13054=LINE('',#656,#13057);
#13055=VECTOR('',#13058,1.0);
#13056=VECTOR('',#13059,1.0);
#13057=VECTOR('',#13060,1.0);
#13058=DIRECTION('',(-0.8794722084193205,0,-0.4759502438470255));
#13059=DIRECTION('',(0,0,-1));
#13060=DIRECTION('',(0.7075601288596867,0,0.7066531426718936));
#13061=FACE_SURFACE('',(#13066),#13062,.T.);
#13062=PLANE('',#13063);
#13063=AXIS2_PLACEMENT_3D('',#656,#13064,#13065);
#13064=DIRECTION('',(0,-1,0));
#13065=DIRECTION('',(0,0,1));
#13066=FACE_BOUND('',#13067,.T.);
#13067=EDGE_LOOP('',(#13068,#13069,#13070));
#13068=ORIENTED_EDGE('',*,*,#13071,.T.);
#13069=ORIENTED_EDGE('',*,*,#13072,.T.);
#13070=ORIENTED_EDGE('',*,*,#13073,.T.);
#13071=EDGE_CURVE('',#657,#501,#13074,.F.);
#13072=EDGE_CURVE('',#501,#555,#13075,.T.);
#13073=EDGE_CURVE('',#555,#657,#13076,.T.);
#13074=LINE('',#656,#13077);
#13075=LINE('',#500,#13078);
#13076=LINE('',#554,#13079);
#13077=VECTOR('',#13080,1.0);
#13078=VECTOR('',#13081,1.0);
#13079=VECTOR('',#13082,1.0);
#13080=DIRECTION('',(0,0,1));
#13081=DIRECTION('',(-0.490586758240887,0,-0.8713923528690722));
#13082=DIRECTION('',(0.7745923454022712,0,-0.6324608275966257));
#13083=FACE_SURFACE('',(#13088),#13084,.T.);
#13084=PLANE('',#13085);
#13085=AXIS2_PLACEMENT_3D('',#554,#13086,#13087);
#13086=DIRECTION('',(0,-1,0));
#13087=DIRECTION('',(0.490586758240887,0,0.8713923528690722));
#13088=FACE_BOUND('',#13089,.T.);
#13089=EDGE_LOOP('',(#13090,#13091,#13092));
#13090=ORIENTED_EDGE('',*,*,#13093,.T.);
#13091=ORIENTED_EDGE('',*,*,#13094,.T.);
#13092=ORIENTED_EDGE('',*,*,#13095,.T.);
#13093=EDGE_CURVE('',#555,#501,#13096,.F.);
#13094=EDGE_CURVE('',#501,#497,#13097,.T.);
#13095=EDGE_CURVE('',#497,#555,#13098,.T.);
#13096=LINE('',#554,#13099);
#13097=LINE('',#500,#13100);
#13098=LINE('',#496,#13101);
#13099=VECTOR('',#13102,1.0);
#13100=VECTOR('',#13103,1.0);
#13101=VECTOR('',#13104,1.0);
#13102=DIRECTION('',(0.490586758240887,0,0.8713923528690722));
#13103=DIRECTION('',(-0.7745923454022712,0,-0.6324608275966257));
#13104=DIRECTION('',(0,0,-1));
#13105=FACE_SURFACE('',(#13110),#13106,.T.);
#13106=PLANE('',#13107);
#13107=AXIS2_PLACEMENT_3D('',#610,#13108,#13109);
#13108=DIRECTION('',(0,-1,0));
#13109=DIRECTION('',(0,0,-1));
#13110=FACE_BOUND('',#13111,.T.);
#13111=EDGE_LOOP('',(#13112,#13113,#13114));
#13112=ORIENTED_EDGE('',*,*,#13115,.T.);
#13113=ORIENTED_EDGE('',*,*,#13116,.T.);
#13114=ORIENTED_EDGE('',*,*,#13117,.T.);
#13115=EDGE_CURVE('',#611,#505,#13118,.F.);
#13116=EDGE_CURVE('',#505,#659,#13119,.T.);
#13117=EDGE_CURVE('',#659,#611,#13120,.T.);
#13118=LINE('',#610,#13121);
#13119=LINE('',#504,#13122);
#13120=LINE('',#658,#13123);
#13121=VECTOR('',#13124,1.0);
#13122=VECTOR('',#13125,1.0);
#13123=VECTOR('',#13126,1.0);
#13124=DIRECTION('',(0,0,-1));
#13125=DIRECTION('',(0.490586758240887,0,0.8713923528690722));
#13126=DIRECTION('',(-0.774600065804404,0,-0.632451372087857));
#13127=FACE_SURFACE('',(#13132),#13128,.T.);
#13128=PLANE('',#13129);
#13129=AXIS2_PLACEMENT_3D('',#658,#13130,#13131);
#13130=DIRECTION('',(0,-1,-0));
#13131=DIRECTION('',(-0.490586758240887,0,-0.8713923528690722));
#13132=FACE_BOUND('',#13133,.T.);
#13133=EDGE_LOOP('',(#13134,#13135,#13136));
#13134=ORIENTED_EDGE('',*,*,#13137,.T.);
#13135=ORIENTED_EDGE('',*,*,#13138,.T.);
#13136=ORIENTED_EDGE('',*,*,#13139,.T.);
#13137=EDGE_CURVE('',#659,#505,#13140,.F.);
#13138=EDGE_CURVE('',#505,#501,#13141,.T.);
#13139=EDGE_CURVE('',#501,#659,#13142,.T.);
#13140=LINE('',#658,#13143);
#13141=LINE('',#504,#13144);
#13142=LINE('',#500,#13145);
#13143=VECTOR('',#13146,1.0);
#13144=VECTOR('',#13147,1.0);
#13145=VECTOR('',#13148,1.0);
#13146=DIRECTION('',(-0.490586758240887,0,-0.8713923528690722));
#13147=DIRECTION('',(0.774600065804404,0,-0.632451372087857));
#13148=DIRECTION('',(0,0,1));
#13149=FACE_SURFACE('',(#13154),#13150,.T.);
#13150=PLANE('',#13151);
#13151=AXIS2_PLACEMENT_3D('',#490,#13152,#13153);
#13152=DIRECTION('',(0,-1,0));
#13153=DIRECTION('',(0,0,-1));
#13154=FACE_BOUND('',#13155,.T.);
#13155=EDGE_LOOP('',(#13156,#13157,#13158));
#13156=ORIENTED_EDGE('',*,*,#13159,.T.);
#13157=ORIENTED_EDGE('',*,*,#13160,.T.);
#13158=ORIENTED_EDGE('',*,*,#13161,.T.);
#13159=EDGE_CURVE('',#491,#493,#13162,.F.);
#13160=EDGE_CURVE('',#493,#657,#13163,.T.);
#13161=EDGE_CURVE('',#657,#491,#13164,.T.);
#13162=LINE('',#490,#13165);
#13163=LINE('',#492,#13166);
#13164=LINE('',#656,#13167);
#13165=VECTOR('',#13168,1.0);
#13166=VECTOR('',#13169,1.0);
#13167=VECTOR('',#13170,1.0);
#13168=DIRECTION('',(0,0,-1));
#13169=DIRECTION('',(0.490586758240887,0,0.8713923528690722));
#13170=DIRECTION('',(-0.774600065804404,0,-0.632451372087857));
#13171=FACE_SURFACE('',(#13176),#13172,.T.);
#13172=PLANE('',#13173);
#13173=AXIS2_PLACEMENT_3D('',#656,#13174,#13175);
#13174=DIRECTION('',(0,-1,-0));
#13175=DIRECTION('',(-0.490586758240887,0,-0.8713923528690722));
#13176=FACE_BOUND('',#13177,.T.);
#13177=EDGE_LOOP('',(#13178,#13179,#13180));
#13178=ORIENTED_EDGE('',*,*,#13181,.T.);
#13179=ORIENTED_EDGE('',*,*,#13182,.T.);
#13180=ORIENTED_EDGE('',*,*,#13183,.T.);
#13181=EDGE_CURVE('',#657,#493,#13184,.F.);
#13182=EDGE_CURVE('',#493,#651,#13185,.T.);
#13183=EDGE_CURVE('',#651,#657,#13186,.T.);
#13184=LINE('',#656,#13187);
#13185=LINE('',#492,#13188);
#13186=LINE('',#650,#13189);
#13187=VECTOR('',#13190,1.0);
#13188=VECTOR('',#13191,1.0);
#13189=VECTOR('',#13192,1.0);
#13190=DIRECTION('',(-0.490586758240887,0,-0.8713923528690722));
#13191=DIRECTION('',(0.774600065804404,0,-0.632451372087857));
#13192=DIRECTION('',(0,0,1));
#13193=FACE_SURFACE('',(#13198),#13194,.T.);
#13194=PLANE('',#13195);
#13195=AXIS2_PLACEMENT_3D('',#656,#13196,#13197);
#13196=DIRECTION('',(0,-1,0));
#13197=DIRECTION('',(0,0,-1));
#13198=FACE_BOUND('',#13199,.T.);
#13199=EDGE_LOOP('',(#13200,#13201,#13202));
#13200=ORIENTED_EDGE('',*,*,#13203,.T.);
#13201=ORIENTED_EDGE('',*,*,#13204,.T.);
#13202=ORIENTED_EDGE('',*,*,#13205,.T.);
#13203=EDGE_CURVE('',#657,#651,#13206,.F.);
#13204=EDGE_CURVE('',#651,#429,#13207,.T.);
#13205=EDGE_CURVE('',#429,#657,#13208,.T.);
#13206=LINE('',#656,#13209);
#13207=LINE('',#650,#13210);
#13208=LINE('',#428,#13211);
#13209=VECTOR('',#13212,1.0);
#13210=VECTOR('',#13213,1.0);
#13211=VECTOR('',#13214,1.0);
#13212=DIRECTION('',(0,0,-1));
#13213=DIRECTION('',(0.566076803778606,0,0.8243525048326096));
#13214=DIRECTION('',(-0.7075601288596867,0,-0.7066531426718936));
#13215=FACE_SURFACE('',(#13220),#13216,.T.);
#13216=PLANE('',#13217);
#13217=AXIS2_PLACEMENT_3D('',#428,#13218,#13219);
#13218=DIRECTION('',(0,-1,0));
#13219=DIRECTION('',(-0.566076803778606,0,-0.8243525048326096));
#13220=FACE_BOUND('',#13221,.T.);
#13221=EDGE_LOOP('',(#13222,#13223,#13224));
#13222=ORIENTED_EDGE('',*,*,#13225,.T.);
#13223=ORIENTED_EDGE('',*,*,#13226,.T.);
#13224=ORIENTED_EDGE('',*,*,#13227,.T.);
#13225=EDGE_CURVE('',#429,#651,#13228,.F.);
#13226=EDGE_CURVE('',#651,#45,#13229,.T.);
#13227=EDGE_CURVE('',#45,#429,#13230,.T.);
#13228=LINE('',#428,#13231);
#13229=LINE('',#650,#13232);
#13230=LINE('',#44,#13233);
#13231=VECTOR('',#13234,1.0);
#13232=VECTOR('',#13235,1.0);
#13233=VECTOR('',#13236,1.0);
#13234=DIRECTION('',(-0.566076803778606,0,-0.8243525048326096));
#13235=DIRECTION('',(0.21842159600709363,0,-0.9758545006289174));
#13236=DIRECTION('',(0.11091840231272304,0,0.9938295165813866));
#13237=FACE_SURFACE('',(#13242),#13238,.T.);
#13238=PLANE('',#13239);
#13239=AXIS2_PLACEMENT_3D('',#428,#13240,#13241);
#13240=DIRECTION('',(0,-1,-0));
#13241=DIRECTION('',(-0.11091840231272304,0,-0.9938295165813866));
#13242=FACE_BOUND('',#13243,.T.);
#13243=EDGE_LOOP('',(#13244,#13245,#13246));
#13244=ORIENTED_EDGE('',*,*,#13247,.T.);
#13245=ORIENTED_EDGE('',*,*,#13248,.T.);
#13246=ORIENTED_EDGE('',*,*,#13249,.T.);
#13247=EDGE_CURVE('',#429,#45,#13250,.F.);
#13248=EDGE_CURVE('',#45,#113,#13251,.T.);
#13249=EDGE_CURVE('',#113,#429,#13252,.T.);
#13250=LINE('',#428,#13253);
#13251=LINE('',#44,#13254);
#13252=LINE('',#112,#13255);
#13253=VECTOR('',#13256,1.0);
#13254=VECTOR('',#13257,1.0);
#13255=VECTOR('',#13258,1.0);
#13256=DIRECTION('',(-0.11091840231272304,0,-0.9938295165813866));
#13257=DIRECTION('',(0.901522511059746,0,0.43273220593402817));
#13258=DIRECTION('',(-0.34731435582359393,0,0.9377487607237036));
#13259=FACE_SURFACE('',(#13264),#13260,.T.);
#13260=PLANE('',#13261);
#13261=AXIS2_PLACEMENT_3D('',#112,#13262,#13263);
#13262=DIRECTION('',(0,-1,0));
#13263=DIRECTION('',(-0.901522511059746,0,-0.43273220593402817));
#13264=FACE_BOUND('',#13265,.T.);
#13265=EDGE_LOOP('',(#13266,#13267,#13268));
#13266=ORIENTED_EDGE('',*,*,#13269,.T.);
#13267=ORIENTED_EDGE('',*,*,#13270,.T.);
#13268=ORIENTED_EDGE('',*,*,#13271,.T.);
#13269=EDGE_CURVE('',#113,#45,#13272,.F.);
#13270=EDGE_CURVE('',#45,#85,#13273,.T.);
#13271=EDGE_CURVE('',#85,#113,#13274,.T.);
#13272=LINE('',#112,#13275);
#13273=LINE('',#44,#13276);
#13274=LINE('',#84,#13277);
#13275=VECTOR('',#13278,1.0);
#13276=VECTOR('',#13279,1.0);
#13277=VECTOR('',#13280,1.0);
#13278=DIRECTION('',(-0.901522511059746,0,-0.43273220593402817));
#13279=DIRECTION('',(0.28249175470377813,0,-0.959269726679822));
#13280=DIRECTION('',(0.04297101039557866,0,0.9990763195399954));
#13281=FACE_SURFACE('',(#13286),#13282,.T.);
#13282=PLANE('',#13283);
#13283=AXIS2_PLACEMENT_3D('',#112,#13284,#13285);
#13284=DIRECTION('',(0,-1,-0));
#13285=DIRECTION('',(-0.04297101039557866,0,-0.9990763195399954));
#13286=FACE_BOUND('',#13287,.T.);
#13287=EDGE_LOOP('',(#13288,#13289,#13290));
#13288=ORIENTED_EDGE('',*,*,#13291,.T.);
#13289=ORIENTED_EDGE('',*,*,#13292,.T.);
#13290=ORIENTED_EDGE('',*,*,#13293,.T.);
#13291=EDGE_CURVE('',#113,#85,#13294,.F.);
#13292=EDGE_CURVE('',#85,#83,#13295,.T.);
#13293=EDGE_CURVE('',#83,#113,#13296,.T.);
#13294=LINE('',#112,#13297);
#13295=LINE('',#84,#13298);
#13296=LINE('',#82,#13299);
#13297=VECTOR('',#13300,1.0);
#13298=VECTOR('',#13301,1.0);
#13299=VECTOR('',#13302,1.0);
#13300=DIRECTION('',(-0.04297101039557866,0,-0.9990763195399954));
#13301=DIRECTION('',(1,0,0));
#13302=DIRECTION('',(0,0,1));
#13303=FACE_SURFACE('',(#13308),#13304,.T.);
#13304=PLANE('',#13305);
#13305=AXIS2_PLACEMENT_3D('',#510,#13306,#13307);
#13306=DIRECTION('',(0,-1,0));
#13307=DIRECTION('',(0,0,-1));
#13308=FACE_BOUND('',#13309,.T.);
#13309=EDGE_LOOP('',(#13310,#13311,#13312));
#13310=ORIENTED_EDGE('',*,*,#13313,.T.);
#13311=ORIENTED_EDGE('',*,*,#13314,.T.);
#13312=ORIENTED_EDGE('',*,*,#13315,.T.);
#13313=EDGE_CURVE('',#511,#513,#13316,.F.);
#13314=EDGE_CURVE('',#513,#651,#13317,.T.);
#13315=EDGE_CURVE('',#651,#511,#13318,.T.);
#13316=LINE('',#510,#13319);
#13317=LINE('',#512,#13320);
#13318=LINE('',#650,#13321);
#13319=VECTOR('',#13322,1.0);
#13320=VECTOR('',#13323,1.0);
#13321=VECTOR('',#13324,1.0);
#13322=DIRECTION('',(0,0,-1));
#13323=DIRECTION('',(0.49058249145337707,0,0.8713947550217395));
#13324=DIRECTION('',(-0.7745923454022712,0,-0.6324608275966257));
#13325=FACE_SURFACE('',(#13330),#13326,.T.);
#13326=PLANE('',#13327);
#13327=AXIS2_PLACEMENT_3D('',#650,#13328,#13329);
#13328=DIRECTION('',(0,-1,-0));
#13329=DIRECTION('',(-0.49058249145337707,0,-0.8713947550217395));
#13330=FACE_BOUND('',#13331,.T.);
#13331=EDGE_LOOP('',(#13332,#13333,#13334));
#13332=ORIENTED_EDGE('',*,*,#13335,.T.);
#13333=ORIENTED_EDGE('',*,*,#13336,.T.);
#13334=ORIENTED_EDGE('',*,*,#13337,.T.);
#13335=EDGE_CURVE('',#651,#513,#13338,.F.);
#13336=EDGE_CURVE('',#513,#647,#13339,.T.);
#13337=EDGE_CURVE('',#647,#651,#13340,.T.);
#13338=LINE('',#650,#13341);
#13339=LINE('',#512,#13342);
#13340=LINE('',#646,#13343);
#13341=VECTOR('',#13344,1.0);
#13342=VECTOR('',#13345,1.0);
#13343=VECTOR('',#13346,1.0);
#13344=DIRECTION('',(-0.49058249145337707,0,-0.8713947550217395));
#13345=DIRECTION('',(0.774600065804404,0,-0.632451372087857));
#13346=DIRECTION('',(0,0,1));
#13347=FACE_SURFACE('',(#13352),#13348,.T.);
#13348=PLANE('',#13349);
#13349=AXIS2_PLACEMENT_3D('',#650,#13350,#13351);
#13350=DIRECTION('',(0,-1,0));
#13351=DIRECTION('',(0,0,-1));
#13352=FACE_BOUND('',#13353,.T.);
#13353=EDGE_LOOP('',(#13354,#13355,#13356));
#13354=ORIENTED_EDGE('',*,*,#13357,.T.);
#13355=ORIENTED_EDGE('',*,*,#13358,.T.);
#13356=ORIENTED_EDGE('',*,*,#13359,.T.);
#13357=EDGE_CURVE('',#651,#647,#13360,.F.);
#13358=EDGE_CURVE('',#647,#45,#13361,.T.);
#13359=EDGE_CURVE('',#45,#651,#13362,.T.);
#13360=LINE('',#650,#13363);
#13361=LINE('',#646,#13364);
#13362=LINE('',#44,#13365);
#13363=VECTOR('',#13366,1.0);
#13364=VECTOR('',#13367,1.0);
#13365=VECTOR('',#13368,1.0);
#13366=DIRECTION('',(0,0,-1));
#13367=DIRECTION('',(0.26430257414832975,0,-0.9644398111331607));
#13368=DIRECTION('',(-0.21842159600709363,0,0.9758545006289174));
#13369=FACE_SURFACE('',(#13374),#13370,.T.);
#13370=PLANE('',#13371);
#13371=AXIS2_PLACEMENT_3D('',#44,#13372,#13373);
#13372=DIRECTION('',(0,-1,0));
#13373=DIRECTION('',(-0.26430257414832975,0,0.9644398111331607));
#13374=FACE_BOUND('',#13375,.T.);
#13375=EDGE_LOOP('',(#13376,#13377,#13378));
#13376=ORIENTED_EDGE('',*,*,#13379,.T.);
#13377=ORIENTED_EDGE('',*,*,#13380,.T.);
#13378=ORIENTED_EDGE('',*,*,#13381,.T.);
#13379=EDGE_CURVE('',#45,#647,#13382,.F.);
#13380=EDGE_CURVE('',#647,#643,#13383,.T.);
#13381=EDGE_CURVE('',#643,#45,#13384,.T.);
#13382=LINE('',#44,#13385);
#13383=LINE('',#646,#13386);
#13384=LINE('',#642,#13387);
#13385=VECTOR('',#13388,1.0);
#13386=VECTOR('',#13389,1.0);
#13387=VECTOR('',#13390,1.0);
#13388=DIRECTION('',(-0.26430257414832975,0,0.9644398111331607));
#13389=DIRECTION('',(0,0,-1));
#13390=DIRECTION('',(0.3331433788995208,0,-0.9428761790900279));
#13391=FACE_SURFACE('',(#13396),#13392,.T.);
#13392=PLANE('',#13393);
#13393=AXIS2_PLACEMENT_3D('',#44,#13394,#13395);
#13394=DIRECTION('',(0,-1,0));
#13395=DIRECTION('',(-0.3331433788995208,0,0.9428761790900279));
#13396=FACE_BOUND('',#13397,.T.);
#13397=EDGE_LOOP('',(#13398,#13399,#13400));
#13398=ORIENTED_EDGE('',*,*,#13401,.T.);
#13399=ORIENTED_EDGE('',*,*,#13402,.T.);
#13400=ORIENTED_EDGE('',*,*,#13403,.T.);
#13401=EDGE_CURVE('',#45,#643,#13404,.F.);
#13402=EDGE_CURVE('',#643,#639,#13405,.T.);
#13403=EDGE_CURVE('',#639,#45,#13406,.T.);
#13404=LINE('',#44,#13407);
#13405=LINE('',#642,#13408);
#13406=LINE('',#638,#13409);
#13407=VECTOR('',#13410,1.0);
#13408=VECTOR('',#13411,1.0);
#13409=VECTOR('',#13412,1.0);
#13410=DIRECTION('',(-0.3331433788995208,0,0.9428761790900279));
#13411=DIRECTION('',(0,0,-1));
#13412=DIRECTION('',(0.44516639304822986,0,-0.8954478669919477));
#13413=FACE_SURFACE('',(#13418),#13414,.T.);
#13414=PLANE('',#13415);
#13415=AXIS2_PLACEMENT_3D('',#638,#13416,#13417);
#13416=DIRECTION('',(0,-1,0));
#13417=DIRECTION('',(0,0,1));
#13418=FACE_BOUND('',#13419,.T.);
#13419=EDGE_LOOP('',(#13420,#13421,#13422));
#13420=ORIENTED_EDGE('',*,*,#13423,.T.);
#13421=ORIENTED_EDGE('',*,*,#13424,.T.);
#13422=ORIENTED_EDGE('',*,*,#13425,.T.);
#13423=EDGE_CURVE('',#639,#643,#13426,.F.);
#13424=EDGE_CURVE('',#643,#529,#13427,.T.);
#13425=EDGE_CURVE('',#529,#639,#13428,.T.);
#13426=LINE('',#638,#13429);
#13427=LINE('',#642,#13430);
#13428=LINE('',#528,#13431);
#13429=VECTOR('',#13432,1.0);
#13430=VECTOR('',#13433,1.0);
#13431=VECTOR('',#13434,1.0);
#13432=DIRECTION('',(0,0,1));
#13433=DIRECTION('',(-0.490586758240887,0,-0.8713923528690722));
#13434=DIRECTION('',(0.774600065804404,0,-0.632451372087857));
#13435=FACE_SURFACE('',(#13440),#13436,.T.);
#13436=PLANE('',#13437);
#13437=AXIS2_PLACEMENT_3D('',#528,#13438,#13439);
#13438=DIRECTION('',(0,-1,0));
#13439=DIRECTION('',(0.490586758240887,0,0.8713923528690722));
#13440=FACE_BOUND('',#13441,.T.);
#13441=EDGE_LOOP('',(#13442,#13443,#13444));
#13442=ORIENTED_EDGE('',*,*,#13445,.T.);
#13443=ORIENTED_EDGE('',*,*,#13446,.T.);
#13444=ORIENTED_EDGE('',*,*,#13447,.T.);
#13445=EDGE_CURVE('',#529,#643,#13448,.F.);
#13446=EDGE_CURVE('',#643,#527,#13449,.T.);
#13447=EDGE_CURVE('',#527,#529,#13450,.T.);
#13448=LINE('',#528,#13451);
#13449=LINE('',#642,#13452);
#13450=LINE('',#526,#13453);
#13451=VECTOR('',#13454,1.0);
#13452=VECTOR('',#13455,1.0);
#13453=VECTOR('',#13456,1.0);
#13454=DIRECTION('',(0.490586758240887,0,0.8713923528690722));
#13455=DIRECTION('',(-0.774600065804404,0,-0.632451372087857));
#13456=DIRECTION('',(0,0,-1));
#13457=FACE_SURFACE('',(#13462),#13458,.T.);
#13458=PLANE('',#13459);
#13459=AXIS2_PLACEMENT_3D('',#518,#13460,#13461);
#13460=DIRECTION('',(0,-1,0));
#13461=DIRECTION('',(0,0,-1));
#13462=FACE_BOUND('',#13463,.T.);
#13463=EDGE_LOOP('',(#13464,#13465,#13466));
#13464=ORIENTED_EDGE('',*,*,#13467,.T.);
#13465=ORIENTED_EDGE('',*,*,#13468,.T.);
#13466=ORIENTED_EDGE('',*,*,#13469,.T.);
#13467=EDGE_CURVE('',#519,#521,#13470,.F.);
#13468=EDGE_CURVE('',#521,#647,#13471,.T.);
#13469=EDGE_CURVE('',#647,#519,#13472,.T.);
#13470=LINE('',#518,#13473);
#13471=LINE('',#520,#13474);
#13472=LINE('',#646,#13475);
#13473=VECTOR('',#13476,1.0);
#13474=VECTOR('',#13477,1.0);
#13475=VECTOR('',#13478,1.0);
#13476=DIRECTION('',(0,0,-1));
#13477=DIRECTION('',(0.490586758240887,0,0.8713923528690722));
#13478=DIRECTION('',(-0.7745923454022712,0,-0.6324608275966257));
#13479=FACE_SURFACE('',(#13484),#13480,.T.);
#13480=PLANE('',#13481);
#13481=AXIS2_PLACEMENT_3D('',#646,#13482,#13483);
#13482=DIRECTION('',(0,-1,-0));
#13483=DIRECTION('',(-0.490586758240887,0,-0.8713923528690722));
#13484=FACE_BOUND('',#13485,.T.);
#13485=EDGE_LOOP('',(#13486,#13487,#13488));
#13486=ORIENTED_EDGE('',*,*,#13489,.T.);
#13487=ORIENTED_EDGE('',*,*,#13490,.T.);
#13488=ORIENTED_EDGE('',*,*,#13491,.T.);
#13489=EDGE_CURVE('',#647,#521,#13492,.F.);
#13490=EDGE_CURVE('',#521,#643,#13493,.T.);
#13491=EDGE_CURVE('',#643,#647,#13494,.T.);
#13492=LINE('',#646,#13495);
#13493=LINE('',#520,#13496);
#13494=LINE('',#642,#13497);
#13495=VECTOR('',#13498,1.0);
#13496=VECTOR('',#13499,1.0);
#13497=VECTOR('',#13500,1.0);
#13498=DIRECTION('',(-0.490586758240887,0,-0.8713923528690722));
#13499=DIRECTION('',(0.7745923454022712,0,-0.6324608275966257));
#13500=DIRECTION('',(0,0,1));
#13501=FACE_SURFACE('',(#13506),#13502,.T.);
#13502=PLANE('',#13503);
#13503=AXIS2_PLACEMENT_3D('',#534,#13504,#13505);
#13504=DIRECTION('',(0,-1,0));
#13505=DIRECTION('',(0,0,-1));
#13506=FACE_BOUND('',#13507,.T.);
#13507=EDGE_LOOP('',(#13508,#13509,#13510));
#13508=ORIENTED_EDGE('',*,*,#13511,.T.);
#13509=ORIENTED_EDGE('',*,*,#13512,.T.);
#13510=ORIENTED_EDGE('',*,*,#13513,.T.);
#13511=EDGE_CURVE('',#535,#537,#13514,.F.);
#13512=EDGE_CURVE('',#537,#639,#13515,.T.);
#13513=EDGE_CURVE('',#639,#535,#13516,.T.);
#13514=LINE('',#534,#13517);
#13515=LINE('',#536,#13518);
#13516=LINE('',#638,#13519);
#13517=VECTOR('',#13520,1.0);
#13518=VECTOR('',#13521,1.0);
#13519=VECTOR('',#13522,1.0);
#13520=DIRECTION('',(0,0,-1));
#13521=DIRECTION('',(0.49058249145337707,0,0.8713947550217395));
#13522=DIRECTION('',(-0.7745923454022712,0,-0.6324608275966257));
#13523=FACE_SURFACE('',(#13528),#13524,.T.);
#13524=PLANE('',#13525);
#13525=AXIS2_PLACEMENT_3D('',#638,#13526,#13527);
#13526=DIRECTION('',(0,-1,-0));
#13527=DIRECTION('',(-0.49058249145337707,0,-0.8713947550217395));
#13528=FACE_BOUND('',#13529,.T.);
#13529=EDGE_LOOP('',(#13530,#13531,#13532));
#13530=ORIENTED_EDGE('',*,*,#13533,.T.);
#13531=ORIENTED_EDGE('',*,*,#13534,.T.);
#13532=ORIENTED_EDGE('',*,*,#13535,.T.);
#13533=EDGE_CURVE('',#639,#537,#13536,.F.);
#13534=EDGE_CURVE('',#537,#635,#13537,.T.);
#13535=EDGE_CURVE('',#635,#639,#13538,.T.);
#13536=LINE('',#638,#13539);
#13537=LINE('',#536,#13540);
#13538=LINE('',#634,#13541);
#13539=VECTOR('',#13542,1.0);
#13540=VECTOR('',#13543,1.0);
#13541=VECTOR('',#13544,1.0);
#13542=DIRECTION('',(-0.49058249145337707,0,-0.8713947550217395));
#13543=DIRECTION('',(0.774600065804404,0,-0.632451372087857));
#13544=DIRECTION('',(0,0,1));
#13545=FACE_SURFACE('',(#13550),#13546,.T.);
#13546=PLANE('',#13547);
#13547=AXIS2_PLACEMENT_3D('',#638,#13548,#13549);
#13548=DIRECTION('',(0,-1,0));
#13549=DIRECTION('',(0,0,-1));
#13550=FACE_BOUND('',#13551,.T.);
#13551=EDGE_LOOP('',(#13552,#13553,#13554));
#13552=ORIENTED_EDGE('',*,*,#13555,.T.);
#13553=ORIENTED_EDGE('',*,*,#13556,.T.);
#13554=ORIENTED_EDGE('',*,*,#13557,.T.);
#13555=EDGE_CURVE('',#639,#635,#13558,.F.);
#13556=EDGE_CURVE('',#635,#45,#13559,.T.);
#13557=EDGE_CURVE('',#45,#639,#13560,.T.);
#13558=LINE('',#638,#13561);
#13559=LINE('',#634,#13562);
#13560=LINE('',#44,#13563);
#13561=VECTOR('',#13564,1.0);
#13562=VECTOR('',#13565,1.0);
#13563=VECTOR('',#13566,1.0);
#13564=DIRECTION('',(0,0,-1));
#13565=DIRECTION('',(0.6424778011413388,0,-0.7663042966345618));
#13566=DIRECTION('',(-0.44516639304822986,0,0.8954478669919477));
#13567=FACE_SURFACE('',(#13572),#13568,.T.);
#13568=PLANE('',#13569);
#13569=AXIS2_PLACEMENT_3D('',#44,#13570,#13571);
#13570=DIRECTION('',(0,-1,0));
#13571=DIRECTION('',(-0.6424778011413388,0,0.7663042966345618));
#13572=FACE_BOUND('',#13573,.T.);
#13573=EDGE_LOOP('',(#13574,#13575,#13576));
#13574=ORIENTED_EDGE('',*,*,#13577,.T.);
#13575=ORIENTED_EDGE('',*,*,#13578,.T.);
#13576=ORIENTED_EDGE('',*,*,#13579,.T.);
#13577=EDGE_CURVE('',#45,#635,#13580,.F.);
#13578=EDGE_CURVE('',#635,#631,#13581,.T.);
#13579=EDGE_CURVE('',#631,#45,#13582,.T.);
#13580=LINE('',#44,#13583);
#13581=LINE('',#634,#13584);
#13582=LINE('',#630,#13585);
#13583=VECTOR('',#13586,1.0);
#13584=VECTOR('',#13587,1.0);
#13585=VECTOR('',#13588,1.0);
#13586=DIRECTION('',(-0.6424778011413388,0,0.7663042966345618));
#13587=DIRECTION('',(0,0,-1));
#13588=DIRECTION('',(0.9366433941019849,0,-0.35028438772676374));
#13589=FACE_SURFACE('',(#13594),#13590,.T.);
#13590=PLANE('',#13591);
#13591=AXIS2_PLACEMENT_3D('',#44,#13592,#13593);
#13592=DIRECTION('',(0,-1,0));
#13593=DIRECTION('',(-0.9366433941019849,0,0.35028438772676374));
#13594=FACE_BOUND('',#13595,.T.);
#13595=EDGE_LOOP('',(#13596,#13597,#13598));
#13596=ORIENTED_EDGE('',*,*,#13599,.T.);
#13597=ORIENTED_EDGE('',*,*,#13600,.T.);
#13598=ORIENTED_EDGE('',*,*,#13601,.T.);
#13599=EDGE_CURVE('',#45,#631,#13602,.F.);
#13600=EDGE_CURVE('',#631,#551,#13603,.T.);
#13601=EDGE_CURVE('',#551,#45,#13604,.T.);
#13602=LINE('',#44,#13605);
#13603=LINE('',#630,#13606);
#13604=LINE('',#550,#13607);
#13605=VECTOR('',#13608,1.0);
#13606=VECTOR('',#13609,1.0);
#13607=VECTOR('',#13610,1.0);
#13608=DIRECTION('',(-0.9366433941019849,0,0.35028438772676374));
#13609=DIRECTION('',(-0.6451634501739851,0,-0.764044581526235));
#13610=DIRECTION('',(1,0,0));
#13611=FACE_SURFACE('',(#13616),#13612,.T.);
#13612=PLANE('',#13613);
#13613=AXIS2_PLACEMENT_3D('',#550,#13614,#13615);
#13614=DIRECTION('',(0,-1,0));
#13615=DIRECTION('',(0.6451634501739851,0,0.764044581526235));
#13616=FACE_BOUND('',#13617,.T.);
#13617=EDGE_LOOP('',(#13618,#13619,#13620));
#13618=ORIENTED_EDGE('',*,*,#13621,.T.);
#13619=ORIENTED_EDGE('',*,*,#13622,.T.);
#13620=ORIENTED_EDGE('',*,*,#13623,.T.);
#13621=EDGE_CURVE('',#551,#631,#13624,.F.);
#13622=EDGE_CURVE('',#631,#547,#13625,.T.);
#13623=EDGE_CURVE('',#547,#551,#13626,.T.);
#13624=LINE('',#550,#13627);
#13625=LINE('',#630,#13628);
#13626=LINE('',#546,#13629);
#13627=VECTOR('',#13630,1.0);
#13628=VECTOR('',#13631,1.0);
#13629=VECTOR('',#13632,1.0);
#13630=DIRECTION('',(0.6451634501739851,0,0.764044581526235));
#13631=DIRECTION('',(-0.7745962055985283,0,-0.6324560998775826));
#13632=DIRECTION('',(0,0,-1));
#13633=FACE_SURFACE('',(#13638),#13634,.T.);
#13634=PLANE('',#13635);
#13635=AXIS2_PLACEMENT_3D('',#542,#13636,#13637);
#13636=DIRECTION('',(0,-1,0));
#13637=DIRECTION('',(0,0,-1));
#13638=FACE_BOUND('',#13639,.T.);
#13639=EDGE_LOOP('',(#13640,#13641,#13642));
#13640=ORIENTED_EDGE('',*,*,#13643,.T.);
#13641=ORIENTED_EDGE('',*,*,#13644,.T.);
#13642=ORIENTED_EDGE('',*,*,#13645,.T.);
#13643=EDGE_CURVE('',#543,#545,#13646,.F.);
#13644=EDGE_CURVE('',#545,#635,#13647,.T.);
#13645=EDGE_CURVE('',#635,#543,#13648,.T.);
#13646=LINE('',#542,#13649);
#13647=LINE('',#544,#13650);
#13648=LINE('',#634,#13651);
#13649=VECTOR('',#13652,1.0);
#13650=VECTOR('',#13653,1.0);
#13651=VECTOR('',#13654,1.0);
#13652=DIRECTION('',(0,0,-1));
#13653=DIRECTION('',(0.490586758240887,0,0.8713923528690722));
#13654=DIRECTION('',(-0.774600065804404,0,-0.632451372087857));
#13655=FACE_SURFACE('',(#13660),#13656,.T.);
#13656=PLANE('',#13657);
#13657=AXIS2_PLACEMENT_3D('',#634,#13658,#13659);
#13658=DIRECTION('',(0,-1,-0));
#13659=DIRECTION('',(-0.490586758240887,0,-0.8713923528690722));
#13660=FACE_BOUND('',#13661,.T.);
#13661=EDGE_LOOP('',(#13662,#13663,#13664));
#13662=ORIENTED_EDGE('',*,*,#13665,.T.);
#13663=ORIENTED_EDGE('',*,*,#13666,.T.);
#13664=ORIENTED_EDGE('',*,*,#13667,.T.);
#13665=EDGE_CURVE('',#635,#545,#13668,.F.);
#13666=EDGE_CURVE('',#545,#631,#13669,.T.);
#13667=EDGE_CURVE('',#631,#635,#13670,.T.);
#13668=LINE('',#634,#13671);
#13669=LINE('',#544,#13672);
#13670=LINE('',#630,#13673);
#13671=VECTOR('',#13674,1.0);
#13672=VECTOR('',#13675,1.0);
#13673=VECTOR('',#13676,1.0);
#13674=DIRECTION('',(-0.490586758240887,0,-0.8713923528690722));
#13675=DIRECTION('',(0.7745962055985283,0,-0.6324560998775826));
#13676=DIRECTION('',(0,0,1));
#13677=FACE_SURFACE('',(#13682),#13678,.T.);
#13678=PLANE('',#13679);
#13679=AXIS2_PLACEMENT_3D('',#44,#13680,#13681);
#13680=DIRECTION('',(0,-1,0));
#13681=DIRECTION('',(0,0,-1));
#13682=FACE_BOUND('',#13683,.T.);
#13683=EDGE_LOOP('',(#13684,#13685,#13686));
#13684=ORIENTED_EDGE('',*,*,#13687,.T.);
#13685=ORIENTED_EDGE('',*,*,#13688,.T.);
#13686=ORIENTED_EDGE('',*,*,#13689,.T.);
#13687=EDGE_CURVE('',#45,#67,#13690,.F.);
#13688=EDGE_CURVE('',#67,#85,#13691,.T.);
#13689=EDGE_CURVE('',#85,#45,#13692,.T.);
#13690=LINE('',#44,#13693);
#13691=LINE('',#66,#13694);
#13692=LINE('',#84,#13695);
#13693=VECTOR('',#13696,1.0);
#13694=VECTOR('',#13697,1.0);
#13695=VECTOR('',#13698,1.0);
#13696=DIRECTION('',(0,0,-1));
#13697=DIRECTION('',(0.5259693022891472,0,0.8505035526377699));
#13698=DIRECTION('',(-0.28249175470377813,0,0.959269726679822));
#13699=FACE_SURFACE('',(#13704),#13700,.T.);
#13700=PLANE('',#13701);
#13701=AXIS2_PLACEMENT_3D('',#84,#13702,#13703);
#13702=DIRECTION('',(0,-1,-0));
#13703=DIRECTION('',(-0.5259693022891472,0,-0.8505035526377699));
#13704=FACE_BOUND('',#13705,.T.);
#13705=EDGE_LOOP('',(#13706,#13707,#13708));
#13706=ORIENTED_EDGE('',*,*,#13709,.T.);
#13707=ORIENTED_EDGE('',*,*,#13710,.T.);
#13708=ORIENTED_EDGE('',*,*,#13711,.T.);
#13709=EDGE_CURVE('',#85,#67,#13712,.F.);
#13710=EDGE_CURVE('',#67,#91,#13713,.T.);
#13711=EDGE_CURVE('',#91,#85,#13714,.T.);
#13712=LINE('',#84,#13715);
#13713=LINE('',#66,#13716);
#13714=LINE('',#90,#13717);
#13715=VECTOR('',#13718,1.0);
#13716=VECTOR('',#13719,1.0);
#13717=VECTOR('',#13720,1.0);
#13718=DIRECTION('',(-0.5259693022891472,0,-0.8505035526377699));
#13719=DIRECTION('',(0.5685807441667382,0,0.8226274596454937));
#13720=DIRECTION('',(0,0,1));
#13721=FACE_SURFACE('',(#13726),#13722,.T.);
#13722=PLANE('',#13723);
#13723=AXIS2_PLACEMENT_3D('',#90,#13724,#13725);
#13724=DIRECTION('',(0,-1,-0));
#13725=DIRECTION('',(-0.5685807441667382,0,-0.8226274596454937));
#13726=FACE_BOUND('',#13727,.T.);
#13727=EDGE_LOOP('',(#13728,#13729,#13730));
#13728=ORIENTED_EDGE('',*,*,#13731,.T.);
#13729=ORIENTED_EDGE('',*,*,#13732,.T.);
#13730=ORIENTED_EDGE('',*,*,#13733,.T.);
#13731=EDGE_CURVE('',#91,#67,#13734,.F.);
#13732=EDGE_CURVE('',#67,#81,#13735,.T.);
#13733=EDGE_CURVE('',#81,#91,#13736,.T.);
#13734=LINE('',#90,#13737);
#13735=LINE('',#66,#13738);
#13736=LINE('',#80,#13739);
#13737=VECTOR('',#13740,1.0);
#13738=VECTOR('',#13741,1.0);
#13739=VECTOR('',#13742,1.0);
#13740=DIRECTION('',(-0.5685807441667382,0,-0.8226274596454937));
#13741=DIRECTION('',(1,0,0));
#13742=DIRECTION('',(-0.1168412475673972,0,0.9931506043228762));
#13743=FACE_SURFACE('',(#13748),#13744,.T.);
#13744=PLANE('',#13745);
#13745=AXIS2_PLACEMENT_3D('',#90,#13746,#13747);
#13746=DIRECTION('',(0,-1,0));
#13747=DIRECTION('',(0.1168412475673972,0,-0.9931506043228762));
#13748=FACE_BOUND('',#13749,.T.);
#13749=EDGE_LOOP('',(#13750,#13751,#13752));
#13750=ORIENTED_EDGE('',*,*,#13753,.T.);
#13751=ORIENTED_EDGE('',*,*,#13754,.T.);
#13752=ORIENTED_EDGE('',*,*,#13755,.T.);
#13753=EDGE_CURVE('',#91,#81,#13756,.F.);
#13754=EDGE_CURVE('',#81,#97,#13757,.T.);
#13755=EDGE_CURVE('',#97,#91,#13758,.T.);
#13756=LINE('',#90,#13759);
#13757=LINE('',#80,#13760);
#13758=LINE('',#96,#13761);
#13759=VECTOR('',#13762,1.0);
#13760=VECTOR('',#13763,1.0);
#13761=VECTOR('',#13764,1.0);
#13762=DIRECTION('',(0.1168412475673972,0,-0.9931506043228762));
#13763=DIRECTION('',(0,0,1));
#13764=DIRECTION('',(-1,0,0));
#13765=FACE_SURFACE('',(#13770),#13766,.T.);
#13766=PLANE('',#13767);
#13767=AXIS2_PLACEMENT_3D('',#308,#13768,#13769);
#13768=DIRECTION('',(-0,-0,-1));
#13769=DIRECTION('',(0.8983843559891249,-0.43921014208918857,0));
#13770=FACE_BOUND('',#13771,.T.);
#13771=EDGE_LOOP('',(#13772,#13773,#13774));
#13772=ORIENTED_EDGE('',*,*,#13775,.T.);
#13773=ORIENTED_EDGE('',*,*,#13776,.T.);
#13774=ORIENTED_EDGE('',*,*,#13777,.T.);
#13775=EDGE_CURVE('',#309,#129,#13778,.F.);
#13776=EDGE_CURVE('',#129,#305,#13779,.T.);
#13777=EDGE_CURVE('',#305,#309,#13780,.T.);
#13778=LINE('',#308,#13781);
#13779=LINE('',#128,#13782);
#13780=LINE('',#304,#13783);
#13781=VECTOR('',#13784,1.0);
#13782=VECTOR('',#13785,1.0);
#13783=VECTOR('',#13786,1.0);
#13784=DIRECTION('',(0.8983843559891249,-0.43921014208918857,0));
#13785=DIRECTION('',(-0.9284766872420868,0.37139068546203485,0));
#13786=DIRECTION('',(1,-2.6645352591003757E-15,0));
#13787=FACE_SURFACE('',(#13792),#13788,.T.);
#13788=PLANE('',#13789);
#13789=AXIS2_PLACEMENT_3D('',#304,#13790,#13791);
#13790=DIRECTION('',(0,-0,-1));
#13791=DIRECTION('',(0.9284766872420868,-0.37139068546203485,0));
#13792=FACE_BOUND('',#13793,.T.);
#13793=EDGE_LOOP('',(#13794,#13795,#13796));
#13794=ORIENTED_EDGE('',*,*,#13797,.T.);
#13795=ORIENTED_EDGE('',*,*,#13798,.T.);
#13796=ORIENTED_EDGE('',*,*,#13799,.T.);
#13797=EDGE_CURVE('',#305,#129,#13800,.F.);
#13798=EDGE_CURVE('',#129,#41,#13801,.T.);
#13799=EDGE_CURVE('',#41,#305,#13802,.T.);
#13800=LINE('',#304,#13803);
#13801=LINE('',#128,#13804);
#13802=LINE('',#40,#13805);
#13803=VECTOR('',#13806,1.0);
#13804=VECTOR('',#13807,1.0);
#13805=VECTOR('',#13808,1.0);
#13806=DIRECTION('',(0.9284766872420868,-0.37139068546203485,0));
#13807=DIRECTION('',(-1,0,0));
#13808=DIRECTION('',(0.9662349377763744,0.25766265740360245,0));
#13809=FACE_SURFACE('',(#13814),#13810,.T.);
#13810=PLANE('',#13811);
#13811=AXIS2_PLACEMENT_3D('',#304,#13812,#13813);
#13812=DIRECTION('',(-0,0,-1));
#13813=DIRECTION('',(-0.9662349377763744,-0.25766265740360245,0));
#13814=FACE_BOUND('',#13815,.T.);
#13815=EDGE_LOOP('',(#13816,#13817,#13818));
#13816=ORIENTED_EDGE('',*,*,#13819,.T.);
#13817=ORIENTED_EDGE('',*,*,#13820,.T.);
#13818=ORIENTED_EDGE('',*,*,#13821,.T.);
#13819=EDGE_CURVE('',#305,#41,#13822,.F.);
#13820=EDGE_CURVE('',#41,#301,#13823,.T.);
#13821=EDGE_CURVE('',#301,#305,#13824,.T.);
#13822=LINE('',#304,#13825);
#13823=LINE('',#40,#13826);
#13824=LINE('',#300,#13827);
#13825=VECTOR('',#13828,1.0);
#13826=VECTOR('',#13829,1.0);
#13827=VECTOR('',#13830,1.0);
#13828=DIRECTION('',(-0.9662349377763744,-0.25766265740360245,0));
#13829=DIRECTION('',(0.9646935016120588,0.26337510882288134,0));
#13830=DIRECTION('',(0.9914448969488365,-0.1305259220006158,0));
#13831=FACE_SURFACE('',(#13836),#13832,.T.);
#13832=PLANE('',#13833);
#13833=AXIS2_PLACEMENT_3D('',#300,#13834,#13835);
#13834=DIRECTION('',(-0,0,-1));
#13835=DIRECTION('',(-0.9646935016120588,-0.26337510882288134,0));
#13836=FACE_BOUND('',#13837,.T.);
#13837=EDGE_LOOP('',(#13838,#13839,#13840));
#13838=ORIENTED_EDGE('',*,*,#13841,.T.);
#13839=ORIENTED_EDGE('',*,*,#13842,.T.);
#13840=ORIENTED_EDGE('',*,*,#13843,.T.);
#13841=EDGE_CURVE('',#301,#41,#13844,.F.);
#13842=EDGE_CURVE('',#41,#297,#13845,.T.);
#13843=EDGE_CURVE('',#297,#301,#13846,.T.);
#13844=LINE('',#300,#13847);
#13845=LINE('',#40,#13848);
#13846=LINE('',#296,#13849);
#13847=VECTOR('',#13850,1.0);
#13848=VECTOR('',#13851,1.0);
#13849=VECTOR('',#13852,1.0);
#13850=DIRECTION('',(-0.9646935016120588,-0.26337510882288134,0));
#13851=DIRECTION('',(0.9621166100620351,0.27263827435402027,0));
#13852=DIRECTION('',(0.9238792297209396,-0.3826841633648344,0));
#13853=FACE_SURFACE('',(#13858),#13854,.T.);
#13854=PLANE('',#13855);
#13855=AXIS2_PLACEMENT_3D('',#296,#13856,#13857);
#13856=DIRECTION('',(-0,0,-1));
#13857=DIRECTION('',(-0.9621166100620351,-0.27263827435402027,0));
#13858=FACE_BOUND('',#13859,.T.);
#13859=EDGE_LOOP('',(#13860,#13861,#13862));
#13860=ORIENTED_EDGE('',*,*,#13863,.T.);
#13861=ORIENTED_EDGE('',*,*,#13864,.T.);
#13862=ORIENTED_EDGE('',*,*,#13865,.T.);
#13863=EDGE_CURVE('',#297,#41,#13866,.F.);
#13864=EDGE_CURVE('',#41,#293,#13867,.T.);
#13865=EDGE_CURVE('',#293,#297,#13868,.T.);
#13866=LINE('',#296,#13869);
#13867=LINE('',#40,#13870);
#13868=LINE('',#292,#13871);
#13869=VECTOR('',#13872,1.0);
#13870=VECTOR('',#13873,1.0);
#13871=VECTOR('',#13874,1.0);
#13872=DIRECTION('',(-0.9621166100620351,-0.27263827435402027,0));
#13873=DIRECTION('',(0.9585743296086122,0.28484250844176984,0));
#13874=DIRECTION('',(0.7933544019012427,-0.608760045489125,0));
#13875=FACE_SURFACE('',(#13880),#13876,.T.);
#13876=PLANE('',#13877);
#13877=AXIS2_PLACEMENT_3D('',#292,#13878,#13879);
#13878=DIRECTION('',(-0,0,-1));
#13879=DIRECTION('',(-0.9585743296086122,-0.28484250844176984,0));
#13880=FACE_BOUND('',#13881,.T.);
#13881=EDGE_LOOP('',(#13882,#13883,#13884));
#13882=ORIENTED_EDGE('',*,*,#13885,.T.);
#13883=ORIENTED_EDGE('',*,*,#13886,.T.);
#13884=ORIENTED_EDGE('',*,*,#13887,.T.);
#13885=EDGE_CURVE('',#293,#41,#13888,.F.);
#13886=EDGE_CURVE('',#41,#289,#13889,.T.);
#13887=EDGE_CURVE('',#289,#293,#13890,.T.);
#13888=LINE('',#292,#13891);
#13889=LINE('',#40,#13892);
#13890=LINE('',#288,#13893);
#13891=VECTOR('',#13894,1.0);
#13892=VECTOR('',#13895,1.0);
#13893=VECTOR('',#13896,1.0);
#13894=DIRECTION('',(-0.9585743296086122,-0.28484250844176984,0));
#13895=DIRECTION('',(0.9542296990588581,0.29907470878367687,0));
#13896=DIRECTION('',(0.6087654118076424,-0.7933502841662512,0));
#13897=FACE_SURFACE('',(#13902),#13898,.T.);
#13898=PLANE('',#13899);
#13899=AXIS2_PLACEMENT_3D('',#288,#13900,#13901);
#13900=DIRECTION('',(-0,0,-1));
#13901=DIRECTION('',(-0.9542296990588581,-0.29907470878367687,0));
#13902=FACE_BOUND('',#13903,.T.);
#13903=EDGE_LOOP('',(#13904,#13905,#13906));
#13904=ORIENTED_EDGE('',*,*,#13907,.T.);
#13905=ORIENTED_EDGE('',*,*,#13908,.T.);
#13906=ORIENTED_EDGE('',*,*,#13909,.T.);
#13907=EDGE_CURVE('',#289,#41,#13910,.F.);
#13908=EDGE_CURVE('',#41,#285,#13911,.T.);
#13909=EDGE_CURVE('',#285,#289,#13912,.T.);
#13910=LINE('',#288,#13913);
#13911=LINE('',#40,#13914);
#13912=LINE('',#284,#13915);
#13913=VECTOR('',#13916,1.0);
#13914=VECTOR('',#13917,1.0);
#13915=VECTOR('',#13918,1.0);
#13916=DIRECTION('',(-0.9542296990588581,-0.29907470878367687,0));
#13917=DIRECTION('',(0.9493566301782307,0.3142005549591438,0));
#13918=DIRECTION('',(0.3826798146995753,-0.9238810309891089,0));
#13919=FACE_SURFACE('',(#13924),#13920,.T.);
#13920=PLANE('',#13921);
#13921=AXIS2_PLACEMENT_3D('',#284,#13922,#13923);
#13922=DIRECTION('',(-0,0,-1));
#13923=DIRECTION('',(-0.9493566301782307,-0.3142005549591438,0));
#13924=FACE_BOUND('',#13925,.T.);
#13925=EDGE_LOOP('',(#13926,#13927,#13928));
#13926=ORIENTED_EDGE('',*,*,#13929,.T.);
#13927=ORIENTED_EDGE('',*,*,#13930,.T.);
#13928=ORIENTED_EDGE('',*,*,#13931,.T.);
#13929=EDGE_CURVE('',#285,#41,#13932,.F.);
#13930=EDGE_CURVE('',#41,#277,#13933,.T.);
#13931=EDGE_CURVE('',#277,#285,#13934,.T.);
#13932=LINE('',#284,#13935);
#13933=LINE('',#40,#13936);
#13934=LINE('',#276,#13937);
#13935=VECTOR('',#13938,1.0);
#13936=VECTOR('',#13939,1.0);
#13937=VECTOR('',#13940,1.0);
#13938=DIRECTION('',(-0.9493566301782307,-0.3142005549591438,0));
#13939=DIRECTION('',(0.9443322930820817,0.32899319178721204,0));
#13940=DIRECTION('',(0.13052130647167157,-0.9914455045825402,0));
#13941=FACE_SURFACE('',(#13946),#13942,.T.);
#13942=PLANE('',#13943);
#13943=AXIS2_PLACEMENT_3D('',#276,#13944,#13945);
#13944=DIRECTION('',(-0,0,-1));
#13945=DIRECTION('',(-0.9443322930820817,-0.32899319178721204,0));
#13946=FACE_BOUND('',#13947,.T.);
#13947=EDGE_LOOP('',(#13948,#13949,#13950));
#13948=ORIENTED_EDGE('',*,*,#13951,.T.);
#13949=ORIENTED_EDGE('',*,*,#13952,.T.);
#13950=ORIENTED_EDGE('',*,*,#13953,.T.);
#13951=EDGE_CURVE('',#277,#41,#13954,.F.);
#13952=EDGE_CURVE('',#41,#637,#13955,.T.);
#13953=EDGE_CURVE('',#637,#277,#13956,.T.);
#13954=LINE('',#276,#13957);
#13955=LINE('',#40,#13958);
#13956=LINE('',#636,#13959);
#13957=VECTOR('',#13960,1.0);
#13958=VECTOR('',#13961,1.0);
#13959=VECTOR('',#13962,1.0);
#13960=DIRECTION('',(-0.9443322930820817,-0.32899319178721204,0));
#13961=DIRECTION('',(-0.5322854411999512,0.8465649467622511,0));
#13962=DIRECTION('',(0.9321695203157654,-0.3620220786005681,0));
#13963=FACE_SURFACE('',(#13968),#13964,.T.);
#13964=PLANE('',#13965);
#13965=AXIS2_PLACEMENT_3D('',#276,#13966,#13967);
#13966=DIRECTION('',(0,0,-1));
#13967=DIRECTION('',(-0.9321695203157654,0.3620220786005681,0));
#13968=FACE_BOUND('',#13969,.T.);
#13969=EDGE_LOOP('',(#13970,#13971,#13972));
#13970=ORIENTED_EDGE('',*,*,#13973,.T.);
#13971=ORIENTED_EDGE('',*,*,#13974,.T.);
#13972=ORIENTED_EDGE('',*,*,#13975,.T.);
#13973=EDGE_CURVE('',#277,#637,#13976,.F.);
#13974=EDGE_CURVE('',#637,#641,#13977,.T.);
#13975=EDGE_CURVE('',#641,#277,#13978,.T.);
#13976=LINE('',#276,#13979);
#13977=LINE('',#636,#13980);
#13978=LINE('',#640,#13981);
#13979=VECTOR('',#13982,1.0);
#13980=VECTOR('',#13983,1.0);
#13981=VECTOR('',#13984,1.0);
#13982=DIRECTION('',(-0.9321695203157654,0.3620220786005681,0));
#13983=DIRECTION('',(0,1,0));
#13984=DIRECTION('',(0.8194274133040426,-0.5731829675817711,0));
#13985=FACE_SURFACE('',(#13990),#13986,.T.);
#13986=PLANE('',#13987);
#13987=AXIS2_PLACEMENT_3D('',#640,#13988,#13989);
#13988=DIRECTION('',(0,-0,-1));
#13989=DIRECTION('',(0,-1,0));
#13990=FACE_BOUND('',#13991,.T.);
#13991=EDGE_LOOP('',(#13992,#13993,#13994));
#13992=ORIENTED_EDGE('',*,*,#13995,.T.);
#13993=ORIENTED_EDGE('',*,*,#13996,.T.);
#13994=ORIENTED_EDGE('',*,*,#13997,.T.);
#13995=EDGE_CURVE('',#641,#637,#13998,.F.);
#13996=EDGE_CURVE('',#637,#523,#13999,.T.);
#13997=EDGE_CURVE('',#523,#641,#14000,.T.);
#13998=LINE('',#640,#14001);
#13999=LINE('',#636,#14002);
#14000=LINE('',#522,#14003);
#14001=VECTOR('',#14004,1.0);
#14002=VECTOR('',#14005,1.0);
#14003=VECTOR('',#14006,1.0);
#14004=DIRECTION('',(0,-1,0));
#14005=DIRECTION('',(-0.49058609155122146,0.871392728209558,0));
#14006=DIRECTION('',(0.7745964468611136,0.6324558043927954,0));
#14007=FACE_SURFACE('',(#14012),#14008,.T.);
#14008=PLANE('',#14009);
#14009=AXIS2_PLACEMENT_3D('',#522,#14010,#14011);
#14010=DIRECTION('',(0,0,-1));
#14011=DIRECTION('',(0.49058609155122146,-0.871392728209558,0));
#14012=FACE_BOUND('',#14013,.T.);
#14013=EDGE_LOOP('',(#14014,#14015,#14016));
#14014=ORIENTED_EDGE('',*,*,#14017,.T.);
#14015=ORIENTED_EDGE('',*,*,#14018,.T.);
#14016=ORIENTED_EDGE('',*,*,#14019,.T.);
#14017=EDGE_CURVE('',#523,#637,#14020,.F.);
#14018=EDGE_CURVE('',#637,#525,#14021,.T.);
#14019=EDGE_CURVE('',#525,#523,#14022,.T.);
#14020=LINE('',#522,#14023);
#14021=LINE('',#636,#14024);
#14022=LINE('',#524,#14025);
#14023=VECTOR('',#14026,1.0);
#14024=VECTOR('',#14027,1.0);
#14025=VECTOR('',#14028,1.0);
#14026=DIRECTION('',(0.49058609155122146,-0.871392728209558,0));
#14027=DIRECTION('',(-0.7745966881237367,0.6324555089077323,0));
#14028=DIRECTION('',(0,1,0));
#14029=FACE_SURFACE('',(#14034),#14030,.T.);
#14030=PLANE('',#14031);
#14031=AXIS2_PLACEMENT_3D('',#308,#14032,#14033);
#14032=DIRECTION('',(0,0,-1));
#14033=DIRECTION('',(0.9914446479860056,0.13052781305110842,0));
#14034=FACE_BOUND('',#14035,.T.);
#14035=EDGE_LOOP('',(#14036,#14037,#14038));
#14036=ORIENTED_EDGE('',*,*,#14039,.T.);
#14037=ORIENTED_EDGE('',*,*,#14040,.T.);
#14038=ORIENTED_EDGE('',*,*,#14041,.T.);
#14039=EDGE_CURVE('',#309,#313,#14042,.F.);
#14040=EDGE_CURVE('',#313,#129,#14043,.T.);
#14041=EDGE_CURVE('',#129,#309,#14044,.T.);
#14042=LINE('',#308,#14045);
#14043=LINE('',#312,#14046);
#14044=LINE('',#128,#14047);
#14045=VECTOR('',#14048,1.0);
#14046=VECTOR('',#14049,1.0);
#14047=VECTOR('',#14050,1.0);
#14048=DIRECTION('',(0.9914446479860056,0.13052781305110842,0));
#14049=DIRECTION('',(0.8918214688216646,-0.45238751944408084,0));
#14050=DIRECTION('',(-0.8983843559891249,0.43921014208918857,0));
#14051=FACE_SURFACE('',(#14056),#14052,.T.);
#14052=PLANE('',#14053);
#14053=AXIS2_PLACEMENT_3D('',#128,#14054,#14055);
#14054=DIRECTION('',(0,0,-1));
#14055=DIRECTION('',(-0.8918214688216646,0.45238751944408084,0));
#14056=FACE_BOUND('',#14057,.T.);
#14057=EDGE_LOOP('',(#14058,#14059,#14060));
#14058=ORIENTED_EDGE('',*,*,#14061,.T.);
#14059=ORIENTED_EDGE('',*,*,#14062,.T.);
#14060=ORIENTED_EDGE('',*,*,#14063,.T.);
#14061=EDGE_CURVE('',#129,#313,#14064,.F.);
#14062=EDGE_CURVE('',#313,#317,#14065,.T.);
#14063=EDGE_CURVE('',#317,#129,#14066,.T.);
#14064=LINE('',#128,#14067);
#14065=LINE('',#312,#14068);
#14066=LINE('',#316,#14069);
#14067=VECTOR('',#14070,1.0);
#14068=VECTOR('',#14071,1.0);
#14069=VECTOR('',#14072,1.0);
#14070=DIRECTION('',(-0.8918214688216646,0.45238751944408084,0));
#14071=DIRECTION('',(0.92388136967978,0.38267899701788377,0));
#14072=DIRECTION('',(0.8823252947867675,-0.47064006860810725,0));
#14073=FACE_SURFACE('',(#14078),#14074,.T.);
#14074=PLANE('',#14075);
#14075=AXIS2_PLACEMENT_3D('',#128,#14076,#14077);
#14076=DIRECTION('',(0,0,-1));
#14077=DIRECTION('',(-0.8823252947867675,0.47064006860810725,0));
#14078=FACE_BOUND('',#14079,.T.);
#14079=EDGE_LOOP('',(#14080,#14081,#14082));
#14080=ORIENTED_EDGE('',*,*,#14083,.T.);
#14081=ORIENTED_EDGE('',*,*,#14084,.T.);
#14082=ORIENTED_EDGE('',*,*,#14085,.T.);
#14083=EDGE_CURVE('',#129,#317,#14086,.F.);
#14084=EDGE_CURVE('',#317,#321,#14087,.T.);
#14085=EDGE_CURVE('',#321,#129,#14088,.T.);
#14086=LINE('',#128,#14089);
#14087=LINE('',#316,#14090);
#14088=LINE('',#320,#14091);
#14089=VECTOR('',#14092,1.0);
#14090=VECTOR('',#14093,1.0);
#14091=VECTOR('',#14094,1.0);
#14092=DIRECTION('',(-0.8823252947867675,0.47064006860810725,0));
#14093=DIRECTION('',(0.7933489864926565,0.6087671029474859,0));
#14094=DIRECTION('',(0.8703107861948982,-0.4925029293647077,0));
#14095=FACE_SURFACE('',(#14100),#14096,.T.);
#14096=PLANE('',#14097);
#14097=AXIS2_PLACEMENT_3D('',#320,#14098,#14099);
#14098=DIRECTION('',(0,0,-1));
#14099=DIRECTION('',(0.6087655220797654,0.7933501995505835,0));
#14100=FACE_BOUND('',#14101,.T.);
#14101=EDGE_LOOP('',(#14102,#14103,#14104));
#14102=ORIENTED_EDGE('',*,*,#14105,.T.);
#14103=ORIENTED_EDGE('',*,*,#14106,.T.);
#14104=ORIENTED_EDGE('',*,*,#14107,.T.);
#14105=EDGE_CURVE('',#321,#325,#14108,.F.);
#14106=EDGE_CURVE('',#325,#129,#14109,.T.);
#14107=EDGE_CURVE('',#129,#321,#14110,.T.);
#14108=LINE('',#320,#14111);
#14109=LINE('',#324,#14112);
#14110=LINE('',#128,#14113);
#14111=VECTOR('',#14114,1.0);
#14112=VECTOR('',#14115,1.0);
#14113=VECTOR('',#14116,1.0);
#14114=DIRECTION('',(0.6087655220797654,0.7933501995505835,0));
#14115=DIRECTION('',(0.8565802942019377,-0.5160137591042723,0));
#14116=DIRECTION('',(-0.8703107861948982,0.4925029293647077,0));
#14117=FACE_SURFACE('',(#14122),#14118,.T.);
#14118=PLANE('',#14119);
#14119=AXIS2_PLACEMENT_3D('',#128,#14120,#14121);
#14120=DIRECTION('',(0,0,-1));
#14121=DIRECTION('',(-0.8565802942019377,0.5160137591042723,0));
#14122=FACE_BOUND('',#14123,.T.);
#14123=EDGE_LOOP('',(#14124,#14125,#14126));
#14124=ORIENTED_EDGE('',*,*,#14127,.T.);
#14125=ORIENTED_EDGE('',*,*,#14128,.T.);
#14126=ORIENTED_EDGE('',*,*,#14129,.T.);
#14127=EDGE_CURVE('',#129,#325,#14130,.F.);
#14128=EDGE_CURVE('',#325,#329,#14131,.T.);
#14129=EDGE_CURVE('',#329,#129,#14132,.T.);
#14130=LINE('',#128,#14133);
#14131=LINE('',#324,#14134);
#14132=LINE('',#328,#14135);
#14133=VECTOR('',#14136,1.0);
#14134=VECTOR('',#14137,1.0);
#14135=VECTOR('',#14138,1.0);
#14136=DIRECTION('',(-0.8565802942019377,0.5160137591042723,0));
#14137=DIRECTION('',(0.3826797339751855,0.9238810644258714,0));
#14138=DIRECTION('',(0.8423012942022666,-0.5390069849131707,0));
#14139=FACE_SURFACE('',(#14144),#14140,.T.);
#14140=PLANE('',#14141);
#14141=AXIS2_PLACEMENT_3D('',#128,#14142,#14143);
#14142=DIRECTION('',(0,0,-1));
#14143=DIRECTION('',(-0.8423012942022666,0.5390069849131707,0));
#14144=FACE_BOUND('',#14145,.T.);
#14145=EDGE_LOOP('',(#14146,#14147,#14148));
#14146=ORIENTED_EDGE('',*,*,#14149,.T.);
#14147=ORIENTED_EDGE('',*,*,#14150,.T.);
#14148=ORIENTED_EDGE('',*,*,#14151,.T.);
#14149=EDGE_CURVE('',#129,#329,#14152,.F.);
#14150=EDGE_CURVE('',#329,#283,#14153,.T.);
#14151=EDGE_CURVE('',#283,#129,#14154,.T.);
#14152=LINE('',#128,#14155);
#14153=LINE('',#328,#14156);
#14154=LINE('',#282,#14157);
#14155=VECTOR('',#14158,1.0);
#14156=VECTOR('',#14159,1.0);
#14157=VECTOR('',#14160,1.0);
#14158=DIRECTION('',(-0.8423012942022666,0.5390069849131707,0));
#14159=DIRECTION('',(0.13053567026511576,0.9914436135194159,0));
#14160=DIRECTION('',(0.8288486694938114,-0.5594728617889688,0));
#14161=FACE_SURFACE('',(#14166),#14162,.T.);
#14162=PLANE('',#14163);
#14163=AXIS2_PLACEMENT_3D('',#128,#14164,#14165);
#14164=DIRECTION('',(0,0,-1));
#14165=DIRECTION('',(-0.8288486694938114,0.5594728617889688,0));
#14166=FACE_BOUND('',#14167,.T.);
#14167=EDGE_LOOP('',(#14168,#14169,#14170));
#14168=ORIENTED_EDGE('',*,*,#14171,.T.);
#14169=ORIENTED_EDGE('',*,*,#14172,.T.);
#14170=ORIENTED_EDGE('',*,*,#14173,.T.);
#14171=EDGE_CURVE('',#129,#283,#14174,.F.);
#14172=EDGE_CURVE('',#283,#127,#14175,.T.);
#14173=EDGE_CURVE('',#127,#129,#14176,.T.);
#14174=LINE('',#128,#14177);
#14175=LINE('',#282,#14178);
#14176=LINE('',#126,#14179);
#14177=VECTOR('',#14180,1.0);
#14178=VECTOR('',#14181,1.0);
#14179=VECTOR('',#14182,1.0);
#14180=DIRECTION('',(-0.8288486694938114,0.5594728617889688,0));
#14181=DIRECTION('',(0.22043000092287232,0.9754027961273961,0));
#14182=DIRECTION('',(0,-1,0));
#14183=FACE_SURFACE('',(#14188),#14184,.T.);
#14184=PLANE('',#14185);
#14185=AXIS2_PLACEMENT_3D('',#126,#14186,#14187);
#14186=DIRECTION('',(0,0,-1));
#14187=DIRECTION('',(-0.22043000092287232,-0.9754027961273961,0));
#14188=FACE_BOUND('',#14189,.T.);
#14189=EDGE_LOOP('',(#14190,#14191,#14192));
#14190=ORIENTED_EDGE('',*,*,#14193,.T.);
#14191=ORIENTED_EDGE('',*,*,#14194,.T.);
#14192=ORIENTED_EDGE('',*,*,#14195,.T.);
#14193=EDGE_CURVE('',#127,#283,#14196,.F.);
#14194=EDGE_CURVE('',#283,#239,#14197,.T.);
#14195=EDGE_CURVE('',#239,#127,#14198,.T.);
#14196=LINE('',#126,#14199);
#14197=LINE('',#282,#14200);
#14198=LINE('',#238,#14201);
#14199=VECTOR('',#14202,1.0);
#14200=VECTOR('',#14203,1.0);
#14201=VECTOR('',#14204,1.0);
#14202=DIRECTION('',(-0.22043000092287232,-0.9754027961273961,0));
#14203=DIRECTION('',(0,1,0));
#14204=DIRECTION('',(0.8288486007662591,0.5594729636075495,0));
#14205=FACE_SURFACE('',(#14210),#14206,.T.);
#14206=PLANE('',#14207);
#14207=AXIS2_PLACEMENT_3D('',#126,#14208,#14209);
#14208=DIRECTION('',(0,0,-1));
#14209=DIRECTION('',(-0.8288486007662591,-0.5594729636075495,0));
#14210=FACE_BOUND('',#14211,.T.);
#14211=EDGE_LOOP('',(#14212,#14213,#14214));
#14212=ORIENTED_EDGE('',*,*,#14215,.T.);
#14213=ORIENTED_EDGE('',*,*,#14216,.T.);
#14214=ORIENTED_EDGE('',*,*,#14217,.T.);
#14215=EDGE_CURVE('',#127,#239,#14218,.F.);
#14216=EDGE_CURVE('',#239,#243,#14219,.T.);
#14217=EDGE_CURVE('',#243,#127,#14220,.T.);
#14218=LINE('',#126,#14221);
#14219=LINE('',#238,#14222);
#14220=LINE('',#242,#14223);
#14221=VECTOR('',#14224,1.0);
#14222=VECTOR('',#14225,1.0);
#14223=VECTOR('',#14226,1.0);
#14224=DIRECTION('',(-0.8288486007662591,-0.5594729636075495,0));
#14225=DIRECTION('',(-0.13053540432077632,0.9914436485342026,0));
#14226=DIRECTION('',(0.842301251645882,0.5390070514156382,0));
#14227=FACE_SURFACE('',(#14232),#14228,.T.);
#14228=PLANE('',#14229);
#14229=AXIS2_PLACEMENT_3D('',#242,#14230,#14231);
#14230=DIRECTION('',(0,0,-1));
#14231=DIRECTION('',(-0.3826804604958138,0.9238807634942466,0));
#14232=FACE_BOUND('',#14233,.T.);
#14233=EDGE_LOOP('',(#14234,#14235,#14236));
#14234=ORIENTED_EDGE('',*,*,#14237,.T.);
#14235=ORIENTED_EDGE('',*,*,#14238,.T.);
#14236=ORIENTED_EDGE('',*,*,#14239,.T.);
#14237=EDGE_CURVE('',#243,#247,#14240,.F.);
#14238=EDGE_CURVE('',#247,#127,#14241,.T.);
#14239=EDGE_CURVE('',#127,#243,#14242,.T.);
#14240=LINE('',#242,#14243);
#14241=LINE('',#246,#14244);
#14242=LINE('',#126,#14245);
#14243=VECTOR('',#14246,1.0);
#14244=VECTOR('',#14247,1.0);
#14245=VECTOR('',#14248,1.0);
#14246=DIRECTION('',(-0.3826804604958138,0.9238807634942466,0));
#14247=DIRECTION('',(0.8565802276154798,0.5160138696374477,0));
#14248=DIRECTION('',(-0.842301251645882,-0.5390070514156382,0));
#14249=FACE_SURFACE('',(#14254),#14250,.T.);
#14250=PLANE('',#14251);
#14251=AXIS2_PLACEMENT_3D('',#126,#14252,#14253);
#14252=DIRECTION('',(0,0,-1));
#14253=DIRECTION('',(-0.8565802276154798,-0.5160138696374477,0));
#14254=FACE_BOUND('',#14255,.T.);
#14255=EDGE_LOOP('',(#14256,#14257,#14258));
#14256=ORIENTED_EDGE('',*,*,#14259,.T.);
#14257=ORIENTED_EDGE('',*,*,#14260,.T.);
#14258=ORIENTED_EDGE('',*,*,#14261,.T.);
#14259=EDGE_CURVE('',#127,#247,#14262,.F.);
#14260=EDGE_CURVE('',#247,#251,#14263,.T.);
#14261=EDGE_CURVE('',#251,#127,#14264,.T.);
#14262=LINE('',#126,#14265);
#14263=LINE('',#246,#14266);
#14264=LINE('',#250,#14267);
#14265=VECTOR('',#14268,1.0);
#14266=VECTOR('',#14269,1.0);
#14267=VECTOR('',#14270,1.0);
#14268=DIRECTION('',(-0.8565802276154798,-0.5160138696374477,0));
#14269=DIRECTION('',(-0.6087640334084832,0.7933513418582181,0));
#14270=DIRECTION('',(0.8703107580421544,0.4925029791139244,0));
#14271=FACE_SURFACE('',(#14276),#14272,.T.);
#14272=PLANE('',#14273);
#14273=AXIS2_PLACEMENT_3D('',#126,#14274,#14275);
#14274=DIRECTION('',(0,0,-1));
#14275=DIRECTION('',(-0.8703107580421544,-0.4925029791139244,0));
#14276=FACE_BOUND('',#14277,.T.);
#14277=EDGE_LOOP('',(#14278,#14279,#14280));
#14278=ORIENTED_EDGE('',*,*,#14281,.T.);
#14279=ORIENTED_EDGE('',*,*,#14282,.T.);
#14280=ORIENTED_EDGE('',*,*,#14283,.T.);
#14281=EDGE_CURVE('',#127,#251,#14284,.F.);
#14282=EDGE_CURVE('',#251,#255,#14285,.T.);
#14283=EDGE_CURVE('',#255,#127,#14286,.T.);
#14284=LINE('',#126,#14287);
#14285=LINE('',#250,#14288);
#14286=LINE('',#254,#14289);
#14287=VECTOR('',#14290,1.0);
#14288=VECTOR('',#14291,1.0);
#14289=VECTOR('',#14292,1.0);
#14290=DIRECTION('',(-0.8703107580421544,-0.4925029791139244,0));
#14291=DIRECTION('',(-0.7933494551558762,0.6087664921822442,0));
#14292=DIRECTION('',(0.8823252568902266,0.47064013965406293,0));
#14293=FACE_SURFACE('',(#14298),#14294,.T.);
#14294=PLANE('',#14295);
#14295=AXIS2_PLACEMENT_3D('',#254,#14296,#14297);
#14296=DIRECTION('',(0,0,-1));
#14297=DIRECTION('',(-0.9238803202762261,0.3826815305267528,0));
#14298=FACE_BOUND('',#14299,.T.);
#14299=EDGE_LOOP('',(#14300,#14301,#14302));
#14300=ORIENTED_EDGE('',*,*,#14303,.T.);
#14301=ORIENTED_EDGE('',*,*,#14304,.T.);
#14302=ORIENTED_EDGE('',*,*,#14305,.T.);
#14303=EDGE_CURVE('',#255,#259,#14306,.F.);
#14304=EDGE_CURVE('',#259,#127,#14307,.T.);
#14305=EDGE_CURVE('',#127,#255,#14308,.T.);
#14306=LINE('',#254,#14309);
#14307=LINE('',#258,#14310);
#14308=LINE('',#126,#14311);
#14309=VECTOR('',#14312,1.0);
#14310=VECTOR('',#14313,1.0);
#14311=VECTOR('',#14314,1.0);
#14312=DIRECTION('',(-0.9238803202762261,0.3826815305267528,0));
#14313=DIRECTION('',(0.8918214645281362,0.45238752790819764,0));
#14314=DIRECTION('',(-0.8823252568902266,-0.47064013965406293,0));
#14315=FACE_SURFACE('',(#14320),#14316,.T.);
#14316=PLANE('',#14317);
#14317=AXIS2_PLACEMENT_3D('',#126,#14318,#14319);
#14318=DIRECTION('',(0,0,-1));
#14319=DIRECTION('',(-0.8918214645281362,-0.45238752790819764,0));
#14320=FACE_BOUND('',#14321,.T.);
#14321=EDGE_LOOP('',(#14322,#14323,#14324));
#14322=ORIENTED_EDGE('',*,*,#14325,.T.);
#14323=ORIENTED_EDGE('',*,*,#14326,.T.);
#14324=ORIENTED_EDGE('',*,*,#14327,.T.);
#14325=EDGE_CURVE('',#127,#259,#14328,.F.);
#14326=EDGE_CURVE('',#259,#195,#14329,.T.);
#14327=EDGE_CURVE('',#195,#127,#14330,.T.);
#14328=LINE('',#126,#14331);
#14329=LINE('',#258,#14332);
#14330=LINE('',#194,#14333);
#14331=VECTOR('',#14334,1.0);
#14332=VECTOR('',#14335,1.0);
#14333=VECTOR('',#14336,1.0);
#14334=DIRECTION('',(-0.8918214645281362,-0.45238752790819764,0));
#14335=DIRECTION('',(-0.99144529064532,0.13052293153778352,0));
#14336=DIRECTION('',(0.8983843008192235,0.4392102549366931,0));
#14337=FACE_SURFACE('',(#14342),#14338,.T.);
#14338=PLANE('',#14339);
#14339=AXIS2_PLACEMENT_3D('',#126,#14340,#14341);
#14340=DIRECTION('',(0,0,-1));
#14341=DIRECTION('',(-0.8983843008192235,-0.4392102549366931,0));
#14342=FACE_BOUND('',#14343,.T.);
#14343=EDGE_LOOP('',(#14344,#14345,#14346));
#14344=ORIENTED_EDGE('',*,*,#14347,.T.);
#14345=ORIENTED_EDGE('',*,*,#14348,.T.);
#14346=ORIENTED_EDGE('',*,*,#14349,.T.);
#14347=EDGE_CURVE('',#127,#195,#14350,.F.);
#14348=EDGE_CURVE('',#195,#197,#14351,.T.);
#14349=EDGE_CURVE('',#197,#127,#14352,.T.);
#14350=LINE('',#126,#14353);
#14351=LINE('',#194,#14354);
#14352=LINE('',#196,#14355);
#14353=VECTOR('',#14356,1.0);
#14354=VECTOR('',#14357,1.0);
#14355=VECTOR('',#14358,1.0);
#14356=DIRECTION('',(-0.8983843008192235,-0.4392102549366931,0));
#14357=DIRECTION('',(-1,0,0));
#14358=DIRECTION('',(0.9284766464732487,0.37139078738411124,0));
#14359=FACE_SURFACE('',(#14364),#14360,.T.);
#14360=PLANE('',#14361);
#14361=AXIS2_PLACEMENT_3D('',#126,#14362,#14363);
#14362=DIRECTION('',(-0,0,-1));
#14363=DIRECTION('',(-0.9284766464732487,-0.37139078738411124,0));
#14364=FACE_BOUND('',#14365,.T.);
#14365=EDGE_LOOP('',(#14366,#14367,#14368));
#14366=ORIENTED_EDGE('',*,*,#14369,.T.);
#14367=ORIENTED_EDGE('',*,*,#14370,.T.);
#14368=ORIENTED_EDGE('',*,*,#14371,.T.);
#14369=EDGE_CURVE('',#127,#197,#14372,.F.);
#14370=EDGE_CURVE('',#197,#73,#14373,.T.);
#14371=EDGE_CURVE('',#73,#127,#14374,.T.);
#14372=LINE('',#126,#14375);
#14373=LINE('',#196,#14376);
#14374=LINE('',#72,#14377);
#14375=VECTOR('',#14378,1.0);
#14376=VECTOR('',#14379,1.0);
#14377=VECTOR('',#14380,1.0);
#14378=DIRECTION('',(-0.9284766464732487,-0.37139078738411124,0));
#14379=DIRECTION('',(-0.9662349173551849,0.257662733983048,0));
#14380=DIRECTION('',(1,0,0));
#14381=FACE_SURFACE('',(#14386),#14382,.T.);
#14382=PLANE('',#14383);
#14383=AXIS2_PLACEMENT_3D('',#72,#14384,#14385);
#14384=DIRECTION('',(0,0,-1));
#14385=DIRECTION('',(0.9662349173551849,-0.257662733983048,0));
#14386=FACE_BOUND('',#14387,.T.);
#14387=EDGE_LOOP('',(#14388,#14389,#14390));
#14388=ORIENTED_EDGE('',*,*,#14391,.T.);
#14389=ORIENTED_EDGE('',*,*,#14392,.T.);
#14390=ORIENTED_EDGE('',*,*,#14393,.T.);
#14391=EDGE_CURVE('',#73,#197,#14394,.F.);
#14392=EDGE_CURVE('',#197,#203,#14395,.T.);
#14393=EDGE_CURVE('',#203,#73,#14396,.T.);
#14394=LINE('',#72,#14397);
#14395=LINE('',#196,#14398);
#14396=LINE('',#202,#14399);
#14397=VECTOR('',#14400,1.0);
#14398=VECTOR('',#14401,1.0);
#14399=VECTOR('',#14402,1.0);
#14400=DIRECTION('',(0.9662349173551849,-0.257662733983048,0));
#14401=DIRECTION('',(-0.9914455395896884,-0.13052104055558156,0));
#14402=DIRECTION('',(-0.9646935000378802,0.2633751145888015,0));
#14403=FACE_SURFACE('',(#14408),#14404,.T.);
#14404=PLANE('',#14405);
#14405=AXIS2_PLACEMENT_3D('',#72,#14406,#14407);
#14406=DIRECTION('',(0,0,-1));
#14407=DIRECTION('',(0.9646935000378802,-0.2633751145888015,0));
#14408=FACE_BOUND('',#14409,.T.);
#14409=EDGE_LOOP('',(#14410,#14411,#14412));
#14410=ORIENTED_EDGE('',*,*,#14413,.T.);
#14411=ORIENTED_EDGE('',*,*,#14414,.T.);
#14412=ORIENTED_EDGE('',*,*,#14415,.T.);
#14413=EDGE_CURVE('',#73,#203,#14416,.F.);
#14414=EDGE_CURVE('',#203,#207,#14417,.T.);
#14415=EDGE_CURVE('',#207,#73,#14418,.T.);
#14416=LINE('',#72,#14419);
#14417=LINE('',#202,#14420);
#14418=LINE('',#206,#14421);
#14419=VECTOR('',#14422,1.0);
#14420=VECTOR('',#14423,1.0);
#14421=VECTOR('',#14424,1.0);
#14422=DIRECTION('',(0.9646935000378802,-0.2633751145888015,0));
#14423=DIRECTION('',(-0.9238781802914813,-0.3826866968961701,0));
#14424=DIRECTION('',(-0.9621165961946547,0.2726383232907867,0));
#14425=FACE_SURFACE('',(#14430),#14426,.T.);
#14426=PLANE('',#14427);
#14427=AXIS2_PLACEMENT_3D('',#206,#14428,#14429);
#14428=DIRECTION('',(-0,0,-1));
#14429=DIRECTION('',(-0.793354870556795,-0.6087594347226258,0));
#14430=FACE_BOUND('',#14431,.T.);
#14431=EDGE_LOOP('',(#14432,#14433,#14434));
#14432=ORIENTED_EDGE('',*,*,#14435,.T.);
#14433=ORIENTED_EDGE('',*,*,#14436,.T.);
#14434=ORIENTED_EDGE('',*,*,#14437,.T.);
#14435=EDGE_CURVE('',#207,#211,#14438,.F.);
#14436=EDGE_CURVE('',#211,#73,#14439,.T.);
#14437=EDGE_CURVE('',#73,#207,#14440,.T.);
#14438=LINE('',#206,#14441);
#14439=LINE('',#210,#14442);
#14440=LINE('',#72,#14443);
#14441=VECTOR('',#14444,1.0);
#14442=VECTOR('',#14445,1.0);
#14443=VECTOR('',#14446,1.0);
#14444=DIRECTION('',(-0.793354870556795,-0.6087594347226258,0));
#14445=DIRECTION('',(-0.9585743192365733,0.2848425433465656,0));
#14446=DIRECTION('',(0.9621165961946547,-0.2726383232907867,0));
#14447=FACE_SURFACE('',(#14452),#14448,.T.);
#14448=PLANE('',#14449);
#14449=AXIS2_PLACEMENT_3D('',#72,#14450,#14451);
#14450=DIRECTION('',(0,0,-1));
#14451=DIRECTION('',(0.9585743192365733,-0.2848425433465656,0));
#14452=FACE_BOUND('',#14453,.T.);
#14453=EDGE_LOOP('',(#14454,#14455,#14456));
#14454=ORIENTED_EDGE('',*,*,#14457,.T.);
#14455=ORIENTED_EDGE('',*,*,#14458,.T.);
#14456=ORIENTED_EDGE('',*,*,#14459,.T.);
#14457=EDGE_CURVE('',#73,#211,#14460,.F.);
#14458=EDGE_CURVE('',#211,#215,#14461,.T.);
#14459=EDGE_CURVE('',#215,#73,#14462,.T.);
#14460=LINE('',#72,#14463);
#14461=LINE('',#210,#14464);
#14462=LINE('',#214,#14465);
#14463=VECTOR('',#14466,1.0);
#14464=VECTOR('',#14467,1.0);
#14465=VECTOR('',#14468,1.0);
#14466=DIRECTION('',(0.9585743192365733,-0.2848425433465656,0));
#14467=DIRECTION('',(-0.6087640334084832,-0.7933513418582181,0));
#14468=DIRECTION('',(-0.9542296751794148,0.29907478497357215,0));
#14469=FACE_SURFACE('',(#14474),#14470,.T.);
#14470=PLANE('',#14471);
#14471=AXIS2_PLACEMENT_3D('',#72,#14472,#14473);
#14472=DIRECTION('',(0,0,-1));
#14473=DIRECTION('',(0.9542296751794148,-0.29907478497357215,0));
#14474=FACE_BOUND('',#14475,.T.);
#14475=EDGE_LOOP('',(#14476,#14477,#14478));
#14476=ORIENTED_EDGE('',*,*,#14479,.T.);
#14477=ORIENTED_EDGE('',*,*,#14480,.T.);
#14478=ORIENTED_EDGE('',*,*,#14481,.T.);
#14479=EDGE_CURVE('',#73,#215,#14482,.F.);
#14480=EDGE_CURVE('',#215,#219,#14483,.T.);
#14481=EDGE_CURVE('',#219,#73,#14484,.T.);
#14482=LINE('',#72,#14485);
#14483=LINE('',#214,#14486);
#14484=LINE('',#218,#14487);
#14485=VECTOR('',#14488,1.0);
#14486=VECTOR('',#14489,1.0);
#14487=VECTOR('',#14490,1.0);
#14488=DIRECTION('',(0.9542296751794148,-0.29907478497357215,0));
#14489=DIRECTION('',(-0.3826804604958138,-0.9238807634942466,0));
#14490=DIRECTION('',(-0.9493566138795754,0.31420060420550844,0));
#14491=FACE_SURFACE('',(#14496),#14492,.T.);
#14492=PLANE('',#14493);
#14493=AXIS2_PLACEMENT_3D('',#218,#14494,#14495);
#14494=DIRECTION('',(-0,0,-1));
#14495=DIRECTION('',(-0.13052104055558156,-0.9914455395896884,0));
#14496=FACE_BOUND('',#14497,.T.);
#14497=EDGE_LOOP('',(#14498,#14499,#14500));
#14498=ORIENTED_EDGE('',*,*,#14501,.T.);
#14499=ORIENTED_EDGE('',*,*,#14502,.T.);
#14500=ORIENTED_EDGE('',*,*,#14503,.T.);
#14501=EDGE_CURVE('',#219,#223,#14504,.F.);
#14502=EDGE_CURVE('',#223,#73,#14505,.T.);
#14503=EDGE_CURVE('',#73,#219,#14506,.T.);
#14504=LINE('',#218,#14507);
#14505=LINE('',#222,#14508);
#14506=LINE('',#72,#14509);
#14507=VECTOR('',#14510,1.0);
#14508=VECTOR('',#14511,1.0);
#14509=VECTOR('',#14512,1.0);
#14510=DIRECTION('',(-0.13052104055558156,-0.9914455395896884,0));
#14511=DIRECTION('',(-0.9443322660053476,0.3289932695074556,0));
#14512=DIRECTION('',(0.9493566138795754,-0.31420060420550844,0));
#14513=FACE_SURFACE('',(#14518),#14514,.T.);
#14514=PLANE('',#14515);
#14515=AXIS2_PLACEMENT_3D('',#72,#14516,#14517);
#14516=DIRECTION('',(0,-0,-1));
#14517=DIRECTION('',(0.9443322660053476,-0.3289932695074556,0));
#14518=FACE_BOUND('',#14519,.T.);
#14519=EDGE_LOOP('',(#14520,#14521,#14522));
#14520=ORIENTED_EDGE('',*,*,#14523,.T.);
#14521=ORIENTED_EDGE('',*,*,#14524,.T.);
#14522=ORIENTED_EDGE('',*,*,#14525,.T.);
#14523=EDGE_CURVE('',#73,#223,#14526,.F.);
#14524=EDGE_CURVE('',#223,#641,#14527,.T.);
#14525=EDGE_CURVE('',#641,#73,#14528,.T.);
#14526=LINE('',#72,#14529);
#14527=LINE('',#222,#14530);
#14528=LINE('',#640,#14531);
#14529=VECTOR('',#14532,1.0);
#14530=VECTOR('',#14533,1.0);
#14531=VECTOR('',#14534,1.0);
#14532=DIRECTION('',(0.9443322660053476,-0.3289932695074556,0));
#14533=DIRECTION('',(-0.8942454599708163,-0.44757687308615834,0));
#14534=DIRECTION('',(0.46853509864145243,0.8834448830238615,0));
#14535=FACE_SURFACE('',(#14540),#14536,.T.);
#14536=PLANE('',#14537);
#14537=AXIS2_PLACEMENT_3D('',#72,#14538,#14539);
#14538=DIRECTION('',(0,0,-1));
#14539=DIRECTION('',(-0.46853509864145243,-0.8834448830238615,0));
#14540=FACE_BOUND('',#14541,.T.);
#14541=EDGE_LOOP('',(#14542,#14543,#14544));
#14542=ORIENTED_EDGE('',*,*,#14545,.T.);
#14543=ORIENTED_EDGE('',*,*,#14546,.T.);
#14544=ORIENTED_EDGE('',*,*,#14547,.T.);
#14545=EDGE_CURVE('',#73,#641,#14548,.F.);
#14546=EDGE_CURVE('',#641,#645,#14549,.T.);
#14547=EDGE_CURVE('',#645,#73,#14550,.T.);
#14548=LINE('',#72,#14551);
#14549=LINE('',#640,#14552);
#14550=LINE('',#644,#14553);
#14551=VECTOR('',#14554,1.0);
#14552=VECTOR('',#14555,1.0);
#14553=VECTOR('',#14556,1.0);
#14554=DIRECTION('',(-0.46853509864145243,-0.8834448830238615,0));
#14555=DIRECTION('',(0,1,0));
#14556=DIRECTION('',(0.6838983856016402,0.7295772736122407,0));
#14557=FACE_SURFACE('',(#14562),#14558,.T.);
#14558=PLANE('',#14559);
#14559=AXIS2_PLACEMENT_3D('',#644,#14560,#14561);
#14560=DIRECTION('',(0,-0,-1));
#14561=DIRECTION('',(0,-1,0));
#14562=FACE_BOUND('',#14563,.T.);
#14563=EDGE_LOOP('',(#14564,#14565,#14566));
#14564=ORIENTED_EDGE('',*,*,#14567,.T.);
#14565=ORIENTED_EDGE('',*,*,#14568,.T.);
#14566=ORIENTED_EDGE('',*,*,#14569,.T.);
#14567=EDGE_CURVE('',#645,#641,#14570,.F.);
#14568=EDGE_CURVE('',#641,#515,#14571,.T.);
#14569=EDGE_CURVE('',#515,#645,#14572,.T.);
#14570=LINE('',#644,#14573);
#14571=LINE('',#640,#14574);
#14572=LINE('',#514,#14575);
#14573=VECTOR('',#14576,1.0);
#14574=VECTOR('',#14577,1.0);
#14575=VECTOR('',#14578,1.0);
#14576=DIRECTION('',(0,-1,0));
#14577=DIRECTION('',(-0.49058609155122146,0.871392728209558,0));
#14578=DIRECTION('',(0.7745966881237367,0.6324555089077323,0));
#14579=FACE_SURFACE('',(#14584),#14580,.T.);
#14580=PLANE('',#14581);
#14581=AXIS2_PLACEMENT_3D('',#514,#14582,#14583);
#14582=DIRECTION('',(0,0,-1));
#14583=DIRECTION('',(0.49058609155122146,-0.871392728209558,0));
#14584=FACE_BOUND('',#14585,.T.);
#14585=EDGE_LOOP('',(#14586,#14587,#14588));
#14586=ORIENTED_EDGE('',*,*,#14589,.T.);
#14587=ORIENTED_EDGE('',*,*,#14590,.T.);
#14588=ORIENTED_EDGE('',*,*,#14591,.T.);
#14589=EDGE_CURVE('',#515,#641,#14592,.F.);
#14590=EDGE_CURVE('',#641,#517,#14593,.T.);
#14591=EDGE_CURVE('',#517,#515,#14594,.T.);
#14592=LINE('',#514,#14595);
#14593=LINE('',#640,#14596);
#14594=LINE('',#516,#14597);
#14595=VECTOR('',#14598,1.0);
#14596=VECTOR('',#14599,1.0);
#14597=VECTOR('',#14600,1.0);
#14598=DIRECTION('',(0.49058609155122146,-0.871392728209558,0));
#14599=DIRECTION('',(-0.7745966881237367,0.6324555089077323,0));
#14600=DIRECTION('',(0,1,0));
#14601=FACE_SURFACE('',(#14606),#14602,.T.);
#14602=PLANE('',#14603);
#14603=AXIS2_PLACEMENT_3D('',#222,#14604,#14605);
#14604=DIRECTION('',(0,-0,-1));
#14605=DIRECTION('',(0,-1,0));
#14606=FACE_BOUND('',#14607,.T.);
#14607=EDGE_LOOP('',(#14608,#14609,#14610));
#14608=ORIENTED_EDGE('',*,*,#14611,.T.);
#14609=ORIENTED_EDGE('',*,*,#14612,.T.);
#14610=ORIENTED_EDGE('',*,*,#14613,.T.);
#14611=EDGE_CURVE('',#223,#277,#14614,.F.);
#14612=EDGE_CURVE('',#277,#641,#14615,.T.);
#14613=EDGE_CURVE('',#641,#223,#14616,.T.);
#14614=LINE('',#222,#14617);
#14615=LINE('',#276,#14618);
#14616=LINE('',#640,#14619);
#14617=VECTOR('',#14620,1.0);
#14618=VECTOR('',#14621,1.0);
#14619=VECTOR('',#14622,1.0);
#14620=DIRECTION('',(0,-1,0));
#14621=DIRECTION('',(-0.8194274133040426,0.5731829675817711,0));
#14622=DIRECTION('',(0.8942454599708163,0.44757687308615834,0));
#14623=FACE_SURFACE('',(#14628),#14624,.T.);
#14624=PLANE('',#14625);
#14625=AXIS2_PLACEMENT_3D('',#44,#14626,#14627);
#14626=DIRECTION('',(0,0,-1));
#14627=DIRECTION('',(-0.936643964813679,0.35028286166769845,0));
#14628=FACE_BOUND('',#14629,.T.);
#14629=EDGE_LOOP('',(#14630,#14631,#14632));
#14630=ORIENTED_EDGE('',*,*,#14633,.T.);
#14631=ORIENTED_EDGE('',*,*,#14634,.T.);
#14632=ORIENTED_EDGE('',*,*,#14635,.T.);
#14633=EDGE_CURVE('',#45,#629,#14636,.F.);
#14634=EDGE_CURVE('',#629,#41,#14637,.T.);
#14635=EDGE_CURVE('',#41,#45,#14638,.T.);
#14636=LINE('',#44,#14639);
#14637=LINE('',#628,#14640);
#14638=LINE('',#40,#14641);
#14639=VECTOR('',#14642,1.0);
#14640=VECTOR('',#14643,1.0);
#14641=VECTOR('',#14644,1.0);
#14642=DIRECTION('',(-0.936643964813679,0.35028286166769845,0));
#14643=DIRECTION('',(0.9988937651108614,0.04702388778745776,0));
#14644=DIRECTION('',(0,-1,0));
#14645=FACE_SURFACE('',(#14650),#14646,.T.);
#14646=PLANE('',#14647);
#14647=AXIS2_PLACEMENT_3D('',#40,#14648,#14649);
#14648=DIRECTION('',(-0,0,-1));
#14649=DIRECTION('',(-0.9988937651108614,-0.04702388778745776,0));
#14650=FACE_BOUND('',#14651,.T.);
#14651=EDGE_LOOP('',(#14652,#14653,#14654));
#14652=ORIENTED_EDGE('',*,*,#14655,.T.);
#14653=ORIENTED_EDGE('',*,*,#14656,.T.);
#14654=ORIENTED_EDGE('',*,*,#14657,.T.);
#14655=EDGE_CURVE('',#41,#629,#14658,.F.);
#14656=EDGE_CURVE('',#629,#633,#14659,.T.);
#14657=EDGE_CURVE('',#633,#41,#14660,.T.);
#14658=LINE('',#40,#14661);
#14659=LINE('',#628,#14662);
#14660=LINE('',#632,#14663);
#14661=VECTOR('',#14664,1.0);
#14662=VECTOR('',#14665,1.0);
#14663=VECTOR('',#14666,1.0);
#14664=DIRECTION('',(-0.9988937651108614,-0.04702388778745776,0));
#14665=DIRECTION('',(0,1,0));
#14666=DIRECTION('',(0.7916863255018911,-0.6109277878876634,0));
#14667=FACE_SURFACE('',(#14672),#14668,.T.);
#14668=PLANE('',#14669);
#14669=AXIS2_PLACEMENT_3D('',#40,#14670,#14671);
#14670=DIRECTION('',(0,0,-1));
#14671=DIRECTION('',(-0.7916863255018911,0.6109277878876634,0));
#14672=FACE_BOUND('',#14673,.T.);
#14673=EDGE_LOOP('',(#14674,#14675,#14676));
#14674=ORIENTED_EDGE('',*,*,#14677,.T.);
#14675=ORIENTED_EDGE('',*,*,#14678,.T.);
#14676=ORIENTED_EDGE('',*,*,#14679,.T.);
#14677=EDGE_CURVE('',#41,#633,#14680,.F.);
#14678=EDGE_CURVE('',#633,#637,#14681,.T.);
#14679=EDGE_CURVE('',#637,#41,#14682,.T.);
#14680=LINE('',#40,#14683);
#14681=LINE('',#632,#14684);
#14682=LINE('',#636,#14685);
#14683=VECTOR('',#14686,1.0);
#14684=VECTOR('',#14687,1.0);
#14685=VECTOR('',#14688,1.0);
#14686=DIRECTION('',(-0.7916863255018911,0.6109277878876634,0));
#14687=DIRECTION('',(0,1,0));
#14688=DIRECTION('',(0.5322854411999512,-0.8465649467622511,0));
#14689=FACE_SURFACE('',(#14694),#14690,.T.);
#14690=PLANE('',#14691);
#14691=AXIS2_PLACEMENT_3D('',#636,#14692,#14693);
#14692=DIRECTION('',(0,-0,-1));
#14693=DIRECTION('',(0,-1,0));
#14694=FACE_BOUND('',#14695,.T.);
#14695=EDGE_LOOP('',(#14696,#14697,#14698));
#14696=ORIENTED_EDGE('',*,*,#14699,.T.);
#14697=ORIENTED_EDGE('',*,*,#14700,.T.);
#14698=ORIENTED_EDGE('',*,*,#14701,.T.);
#14699=EDGE_CURVE('',#637,#633,#14702,.F.);
#14700=EDGE_CURVE('',#633,#531,#14703,.T.);
#14701=EDGE_CURVE('',#531,#637,#14704,.T.);
#14702=LINE('',#636,#14705);
#14703=LINE('',#632,#14706);
#14704=LINE('',#530,#14707);
#14705=VECTOR('',#14708,1.0);
#14706=VECTOR('',#14709,1.0);
#14707=VECTOR('',#14710,1.0);
#14708=DIRECTION('',(0,-1,0));
#14709=DIRECTION('',(-0.49058600821512044,0.8713927751270111,0));
#14710=DIRECTION('',(0.7745966881237367,0.6324555089077323,0));
#14711=FACE_SURFACE('',(#14716),#14712,.T.);
#14712=PLANE('',#14713);
#14713=AXIS2_PLACEMENT_3D('',#530,#14714,#14715);
#14714=DIRECTION('',(0,0,-1));
#14715=DIRECTION('',(0.49058600821512044,-0.8713927751270111,0));
#14716=FACE_BOUND('',#14717,.T.);
#14717=EDGE_LOOP('',(#14718,#14719,#14720));
#14718=ORIENTED_EDGE('',*,*,#14721,.T.);
#14719=ORIENTED_EDGE('',*,*,#14722,.T.);
#14720=ORIENTED_EDGE('',*,*,#14723,.T.);
#14721=EDGE_CURVE('',#531,#633,#14724,.F.);
#14722=EDGE_CURVE('',#633,#533,#14725,.T.);
#14723=EDGE_CURVE('',#533,#531,#14726,.T.);
#14724=LINE('',#530,#14727);
#14725=LINE('',#632,#14728);
#14726=LINE('',#532,#14729);
#14727=VECTOR('',#14730,1.0);
#14728=VECTOR('',#14731,1.0);
#14729=VECTOR('',#14732,1.0);
#14730=DIRECTION('',(0.49058600821512044,-0.8713927751270111,0));
#14731=DIRECTION('',(-0.7745966579659068,0.6324555458433803,0));
#14732=DIRECTION('',(0,1,0));
#14733=FACE_SURFACE('',(#14738),#14734,.T.);
#14734=PLANE('',#14735);
#14735=AXIS2_PLACEMENT_3D('',#44,#14736,#14737);
#14736=DIRECTION('',(0,0,-1));
#14737=DIRECTION('',(-1,0,0));
#14738=FACE_BOUND('',#14739,.T.);
#14739=EDGE_LOOP('',(#14740,#14741,#14742));
#14740=ORIENTED_EDGE('',*,*,#14743,.T.);
#14741=ORIENTED_EDGE('',*,*,#14744,.T.);
#14742=ORIENTED_EDGE('',*,*,#14745,.T.);
#14743=EDGE_CURVE('',#45,#551,#14746,.F.);
#14744=EDGE_CURVE('',#551,#629,#14747,.T.);
#14745=EDGE_CURVE('',#629,#45,#14748,.T.);
#14746=LINE('',#44,#14749);
#14747=LINE('',#550,#14750);
#14748=LINE('',#628,#14751);
#14749=VECTOR('',#14752,1.0);
#14750=VECTOR('',#14753,1.0);
#14751=VECTOR('',#14754,1.0);
#14752=DIRECTION('',(-1,0,0));
#14753=DIRECTION('',(0.6451653204666999,0.7640430022368508,0));
#14754=DIRECTION('',(0.936643964813679,-0.35028286166769845,0));
#14755=FACE_SURFACE('',(#14760),#14756,.T.);
#14756=PLANE('',#14757);
#14757=AXIS2_PLACEMENT_3D('',#628,#14758,#14759);
#14758=DIRECTION('',(0,0,-1));
#14759=DIRECTION('',(-0.6451653204666999,-0.7640430022368508,0));
#14760=FACE_BOUND('',#14761,.T.);
#14761=EDGE_LOOP('',(#14762,#14763,#14764));
#14762=ORIENTED_EDGE('',*,*,#14765,.T.);
#14763=ORIENTED_EDGE('',*,*,#14766,.T.);
#14764=ORIENTED_EDGE('',*,*,#14767,.T.);
#14765=EDGE_CURVE('',#629,#551,#14768,.F.);
#14766=EDGE_CURVE('',#551,#549,#14769,.T.);
#14767=EDGE_CURVE('',#549,#629,#14770,.T.);
#14768=LINE('',#628,#14771);
#14769=LINE('',#550,#14772);
#14770=LINE('',#548,#14773);
#14771=VECTOR('',#14774,1.0);
#14772=VECTOR('',#14775,1.0);
#14773=VECTOR('',#14776,1.0);
#14774=DIRECTION('',(-0.6451653204666999,-0.7640430022368508,0));
#14775=DIRECTION('',(0,1,0));
#14776=DIRECTION('',(0.7745966881237367,0.6324555089077323,0));
#14777=FACE_SURFACE('',(#14782),#14778,.T.);
#14778=PLANE('',#14779);
#14779=AXIS2_PLACEMENT_3D('',#628,#14780,#14781);
#14780=DIRECTION('',(0,0,-1));
#14781=DIRECTION('',(-0.7745966579659068,0.6324555458433803,0));
#14782=FACE_BOUND('',#14783,.T.);
#14783=EDGE_LOOP('',(#14784,#14785,#14786));
#14784=ORIENTED_EDGE('',*,*,#14787,.T.);
#14785=ORIENTED_EDGE('',*,*,#14788,.T.);
#14786=ORIENTED_EDGE('',*,*,#14789,.T.);
#14787=EDGE_CURVE('',#629,#541,#14790,.F.);
#14788=EDGE_CURVE('',#541,#633,#14791,.T.);
#14789=EDGE_CURVE('',#633,#629,#14792,.T.);
#14790=LINE('',#628,#14793);
#14791=LINE('',#540,#14794);
#14792=LINE('',#632,#14795);
#14793=VECTOR('',#14796,1.0);
#14794=VECTOR('',#14797,1.0);
#14795=VECTOR('',#14798,1.0);
#14796=DIRECTION('',(-0.7745966579659068,0.6324555458433803,0));
#14797=DIRECTION('',(0.49058602488233877,0.8713927657435224,0));
#14798=DIRECTION('',(0,-1,0));
#14799=FACE_SURFACE('',(#14804),#14800,.T.);
#14800=PLANE('',#14801);
#14801=AXIS2_PLACEMENT_3D('',#632,#14802,#14803);
#14802=DIRECTION('',(0,0,-1));
#14803=DIRECTION('',(-0.49058602488233877,-0.8713927657435224,0));
#14804=FACE_BOUND('',#14805,.T.);
#14805=EDGE_LOOP('',(#14806,#14807,#14808));
#14806=ORIENTED_EDGE('',*,*,#14809,.T.);
#14807=ORIENTED_EDGE('',*,*,#14810,.T.);
#14808=ORIENTED_EDGE('',*,*,#14811,.T.);
#14809=EDGE_CURVE('',#633,#541,#14812,.F.);
#14810=EDGE_CURVE('',#541,#539,#14813,.T.);
#14811=EDGE_CURVE('',#539,#633,#14814,.T.);
#14812=LINE('',#632,#14815);
#14813=LINE('',#540,#14816);
#14814=LINE('',#538,#14817);
#14815=VECTOR('',#14818,1.0);
#14816=VECTOR('',#14819,1.0);
#14817=VECTOR('',#14820,1.0);
#14818=DIRECTION('',(-0.49058602488233877,-0.8713927657435224,0));
#14819=DIRECTION('',(0,1,0));
#14820=DIRECTION('',(0.7745966655053642,0.6324555366094686,0));
#14821=FACE_SURFACE('',(#14826),#14822,.T.);
#14822=PLANE('',#14823);
#14823=AXIS2_PLACEMENT_3D('',#508,#14824,#14825);
#14824=DIRECTION('',(0,0,-1));
#14825=DIRECTION('',(0,1,0));
#14826=FACE_BOUND('',#14827,.T.);
#14827=EDGE_LOOP('',(#14828,#14829,#14830));
#14828=ORIENTED_EDGE('',*,*,#14831,.T.);
#14829=ORIENTED_EDGE('',*,*,#14832,.T.);
#14830=ORIENTED_EDGE('',*,*,#14833,.T.);
#14831=EDGE_CURVE('',#509,#507,#14834,.F.);
#14832=EDGE_CURVE('',#507,#645,#14835,.T.);
#14833=EDGE_CURVE('',#645,#509,#14836,.T.);
#14834=LINE('',#508,#14837);
#14835=LINE('',#506,#14838);
#14836=LINE('',#644,#14839);
#14837=VECTOR('',#14840,1.0);
#14838=VECTOR('',#14841,1.0);
#14839=VECTOR('',#14842,1.0);
#14840=DIRECTION('',(0,1,0));
#14841=DIRECTION('',(0.49058595821347134,-0.8713928032774715,0));
#14842=DIRECTION('',(-0.7745966881237367,0.6324555089077323,0));
#14843=FACE_SURFACE('',(#14848),#14844,.T.);
#14844=PLANE('',#14845);
#14845=AXIS2_PLACEMENT_3D('',#644,#14846,#14847);
#14846=DIRECTION('',(0,0,-1));
#14847=DIRECTION('',(-0.49058595821347134,0.8713928032774715,0));
#14848=FACE_BOUND('',#14849,.T.);
#14849=EDGE_LOOP('',(#14850,#14851,#14852));
#14850=ORIENTED_EDGE('',*,*,#14853,.T.);
#14851=ORIENTED_EDGE('',*,*,#14854,.T.);
#14852=ORIENTED_EDGE('',*,*,#14855,.T.);
#14853=EDGE_CURVE('',#645,#507,#14856,.F.);
#14854=EDGE_CURVE('',#507,#649,#14857,.T.);
#14855=EDGE_CURVE('',#649,#645,#14858,.T.);
#14856=LINE('',#644,#14859);
#14857=LINE('',#506,#14860);
#14858=LINE('',#648,#14861);
#14859=VECTOR('',#14862,1.0);
#14860=VECTOR('',#14863,1.0);
#14861=VECTOR('',#14864,1.0);
#14862=DIRECTION('',(-0.49058595821347134,0.8713928032774715,0));
#14863=DIRECTION('',(0.7745966881237367,0.6324555089077323,0));
#14864=DIRECTION('',(0,-1,0));
#14865=FACE_SURFACE('',(#14870),#14866,.T.);
#14866=PLANE('',#14867);
#14867=AXIS2_PLACEMENT_3D('',#644,#14868,#14869);
#14868=DIRECTION('',(0,0,-1));
#14869=DIRECTION('',(0,1,0));
#14870=FACE_BOUND('',#14871,.T.);
#14871=EDGE_LOOP('',(#14872,#14873,#14874));
#14872=ORIENTED_EDGE('',*,*,#14875,.T.);
#14873=ORIENTED_EDGE('',*,*,#14876,.T.);
#14874=ORIENTED_EDGE('',*,*,#14877,.T.);
#14875=EDGE_CURVE('',#645,#649,#14878,.F.);
#14876=EDGE_CURVE('',#649,#73,#14879,.T.);
#14877=EDGE_CURVE('',#73,#645,#14880,.T.);
#14878=LINE('',#644,#14881);
#14879=LINE('',#648,#14882);
#14880=LINE('',#72,#14883);
#14881=VECTOR('',#14884,1.0);
#14882=VECTOR('',#14885,1.0);
#14883=VECTOR('',#14886,1.0);
#14884=DIRECTION('',(0,1,0));
#14885=DIRECTION('',(0.9705891893040899,0.24074182354968923,0));
#14886=DIRECTION('',(-0.6838983856016402,-0.7295772736122407,0));
#14887=FACE_SURFACE('',(#14892),#14888,.T.);
#14888=PLANE('',#14889);
#14889=AXIS2_PLACEMENT_3D('',#72,#14890,#14891);
#14890=DIRECTION('',(-0,0,-1));
#14891=DIRECTION('',(-0.9705891893040899,-0.24074182354968923,0));
#14892=FACE_BOUND('',#14893,.T.);
#14893=EDGE_LOOP('',(#14894,#14895,#14896));
#14894=ORIENTED_EDGE('',*,*,#14897,.T.);
#14895=ORIENTED_EDGE('',*,*,#14898,.T.);
#14896=ORIENTED_EDGE('',*,*,#14899,.T.);
#14897=EDGE_CURVE('',#73,#649,#14900,.F.);
#14898=EDGE_CURVE('',#649,#55,#14901,.T.);
#14899=EDGE_CURVE('',#55,#73,#14902,.T.);
#14900=LINE('',#72,#14903);
#14901=LINE('',#648,#14904);
#14902=LINE('',#54,#14905);
#14903=VECTOR('',#14906,1.0);
#14904=VECTOR('',#14907,1.0);
#14905=VECTOR('',#14908,1.0);
#14906=DIRECTION('',(-0.9705891893040899,-0.24074182354968923,0));
#14907=DIRECTION('',(0.8311198067333275,0.556093397601119,0));
#14908=DIRECTION('',(0,-1,0));
#14909=FACE_SURFACE('',(#14914),#14910,.T.);
#14910=PLANE('',#14911);
#14911=AXIS2_PLACEMENT_3D('',#54,#14912,#14913);
#14912=DIRECTION('',(-0,0,-1));
#14913=DIRECTION('',(-0.8311198067333275,-0.556093397601119,0));
#14914=FACE_BOUND('',#14915,.T.);
#14915=EDGE_LOOP('',(#14916,#14917,#14918));
#14916=ORIENTED_EDGE('',*,*,#14919,.T.);
#14917=ORIENTED_EDGE('',*,*,#14920,.T.);
#14918=ORIENTED_EDGE('',*,*,#14921,.T.);
#14919=EDGE_CURVE('',#55,#649,#14922,.F.);
#14920=EDGE_CURVE('',#649,#655,#14923,.T.);
#14921=EDGE_CURVE('',#655,#55,#14924,.T.);
#14922=LINE('',#54,#14925);
#14923=LINE('',#648,#14926);
#14924=LINE('',#654,#14927);
#14925=VECTOR('',#14928,1.0);
#14926=VECTOR('',#14929,1.0);
#14927=VECTOR('',#14930,1.0);
#14928=DIRECTION('',(-0.8311198067333275,-0.556093397601119,0));
#14929=DIRECTION('',(-0.26422206690887895,0.9644618703496785,0));
#14930=DIRECTION('',(1,0,0));
#14931=FACE_SURFACE('',(#14936),#14932,.T.);
#14932=PLANE('',#14933);
#14933=AXIS2_PLACEMENT_3D('',#654,#14934,#14935);
#14934=DIRECTION('',(0,-0,-1));
#14935=DIRECTION('',(0.26422206690887895,-0.9644618703496785,0));
#14936=FACE_BOUND('',#14937,.T.);
#14937=EDGE_LOOP('',(#14938,#14939,#14940));
#14938=ORIENTED_EDGE('',*,*,#14941,.T.);
#14939=ORIENTED_EDGE('',*,*,#14942,.T.);
#14940=ORIENTED_EDGE('',*,*,#14943,.T.);
#14941=EDGE_CURVE('',#655,#649,#14944,.F.);
#14942=EDGE_CURVE('',#649,#489,#14945,.T.);
#14943=EDGE_CURVE('',#489,#655,#14946,.T.);
#14944=LINE('',#654,#14947);
#14945=LINE('',#648,#14948);
#14946=LINE('',#488,#14949);
#14947=VECTOR('',#14950,1.0);
#14948=VECTOR('',#14951,1.0);
#14949=VECTOR('',#14952,1.0);
#14950=DIRECTION('',(0.26422206690887895,-0.9644618703496785,0));
#14951=DIRECTION('',(-0.7745966881237367,0.6324555089077323,0));
#14952=DIRECTION('',(0.30663852535706837,0.9518260422823294,0));
#14953=FACE_SURFACE('',(#14958),#14954,.T.);
#14954=PLANE('',#14955);
#14955=AXIS2_PLACEMENT_3D('',#654,#14956,#14957);
#14956=DIRECTION('',(0,0,-1));
#14957=DIRECTION('',(-0.30663852535706837,-0.9518260422823294,0));
#14958=FACE_BOUND('',#14959,.T.);
#14959=EDGE_LOOP('',(#14960,#14961,#14962));
#14960=ORIENTED_EDGE('',*,*,#14963,.T.);
#14961=ORIENTED_EDGE('',*,*,#14964,.T.);
#14962=ORIENTED_EDGE('',*,*,#14965,.T.);
#14963=EDGE_CURVE('',#655,#489,#14966,.F.);
#14964=EDGE_CURVE('',#489,#487,#14967,.T.);
#14965=EDGE_CURVE('',#487,#655,#14968,.T.);
#14966=LINE('',#654,#14969);
#14967=LINE('',#488,#14970);
#14968=LINE('',#486,#14971);
#14969=VECTOR('',#14972,1.0);
#14970=VECTOR('',#14973,1.0);
#14971=VECTOR('',#14974,1.0);
#14972=DIRECTION('',(-0.30663852535706837,-0.9518260422823294,0));
#14973=DIRECTION('',(0,1,0));
#14974=DIRECTION('',(0.7745967919092007,0.6324553817969883,0));
ENDSEC;
END-ISO-10303-21;
