ISO-10303-21;
HEADER;
FILE_DESCRIPTION((''),'2;1');
FILE_NAME('2', '2026-07-30T22:34:52', (''), (''), 'ImageToStl.com STEP Converter','', '');
FILE_SCHEMA(('AUTOMOTIVE_DESIGN_CC2'));
ENDSEC;
DATA;
#1=PRODUCT_DEFINITION_CONTEXT('',#4,'design');
#2=APPLICATION_PROTOCOL_DEFINITION('INTERNATIONAL STANDARD','automotive_design',1994,#4);
#3=(GEOMETRIC_REPRESENTATION_CONTEXT(3)GLOBAL_UNCERTAINTY_ASSIGNED_CONTEXT((#5))GLOBAL_UNIT_ASSIGNED_CONTEXT((#6,#7,#8))REPRESENTATION_CONTEXT('NONE','WORKSPACE'));
#4=APPLICATION_CONTEXT(' ');
#5=UNCERTAINTY_MEASURE_WITH_UNIT(LENGTH_MEASURE(1.0E-006),#6,'','');
#6=(CONVERSION_BASED_UNIT('METRE',#10)LENGTH_UNIT()NAMED_UNIT(#11));
#7=(NAMED_UNIT(#12)PLANE_ANGLE_UNIT()SI_UNIT($,.RADIAN.));
#8=(NAMED_UNIT(#12)SOLID_ANGLE_UNIT()SI_UNIT($,.STERADIAN.));
#9=AXIS2_PLACEMENT_3D('',#14,#15,#16);
#10=LENGTH_MEASURE_WITH_UNIT(LENGTH_MEASURE(1.0),#17);
#11=DIMENSIONAL_EXPONENTS(1.0,0.0,0.0,0.0,0.0,0.0,0.0);
#12=DIMENSIONAL_EXPONENTS(0.0,0.0,0.0,0.0,0.0,0.0,0.0);
#13=PRODUCT_CONTEXT('',#4,'mechanical');
#14=CARTESIAN_POINT('',(0.0,0.0,0.0));
#15=DIRECTION('',(0.0,0.0,1.0));
#16=DIRECTION('',(1.0,0.0,0.0));
#17=(NAMED_UNIT(#11)LENGTH_UNIT()SI_UNIT(.MILLI.,.METRE.));
#18=PRESENTATION_STYLE_ASSIGNMENT((#19));
#19=SURFACE_STYLE_USAGE(.BOTH.,#20);
#20=SURFACE_SIDE_STYLE('',(#21));
#21=SURFACE_STYLE_FILL_AREA(#22);
#22=FILL_AREA_STYLE('',(#23));
#23=FILL_AREA_STYLE_COLOUR('',#24);
#24=COLOUR_RGB('',0.62745,0.62745,0.62745);
#25=PRESENTATION_STYLE_ASSIGNMENT((#26));
#26=SURFACE_STYLE_USAGE(.BOTH.,#27);
#27=SURFACE_SIDE_STYLE('',(#28));
#28=SURFACE_STYLE_FILL_AREA(#29);
#29=FILL_AREA_STYLE('',(#30));
#30=FILL_AREA_STYLE_COLOUR('',#31);
#31=COLOUR_RGB('',0.59608,0.59608,0.59608);
#32=SHAPE_DEFINITION_REPRESENTATION(#33,#34);
#33=PRODUCT_DEFINITION_SHAPE('productshape0','',#37);
#34=MANIFOLD_SURFACE_SHAPE_REPRESENTATION('',(#35,#9),#3);
#35=SHELL_BASED_SURFACE_MODEL('shell0',(#39));
#36=PRODUCT('product0','','',(#13));
#37=PRODUCT_DEFINITION('mesh0','',#38,#2);
#38=PRODUCT_DEFINITION_FORMATION_WITH_SPECIFIED_SOURCE('prodsource0','',#36,.NOT_KNOWN.);
#39=CLOSED_SHELL('',(#757,#779,#801,#823,#845,#867,#889,#911,#933,#955,#977,#999,#1021,#1043,#1065,#1087,#1109,#1131,#1153,#1175,#1197,#1219,#1241,#1263,#1285,#1307,#1329,#1351,#1373,#1395,#1417,#1439,#1461,#1483,#1505,#1527,#1549,#1571,#1593,#1615,#1637,#1659,#1681,#1703,#1725,#1747,#1769,#1791,#1813,#1835,#1857,#1879,#1901,#1923,#1945,#1967,#1989,#2011,#2033,#2055,#2077,#2099,#2121,#2143,#2165,#2187,#2209,#2231,#2253,#2275,#2297,#2319,#2341,#2363,#2385,#2407,#2429,#2451,#2473,#2495,#2517,#2539,#2561,#2583,#2605,#2627,#2649,#2671,#2693,#2715,#2737,#2759,#2781,#2803,#2825,#2847,#2869,#2891,#2913,#2935,#2957,#2979,#3001,#3023,#3045,#3067,#3089,#3111,#3133,#3155,#3177,#3199,#3221,#3243,#3265,#3287,#3309,#3331,#3353,#3375,#3397,#3419,#3441,#3463,#3485,#3507,#3529,#3551,#3573,#3595,#3617,#3639,#3661,#3683,#3705,#3727,#3749,#3771,#3793,#3815,#3837,#3859,#3881,#3903,#3925,#3947,#3969,#3991,#4013,#4035,#4057,#4079,#4101,#4123,#4145,#4167,#4189,#4211,#4233,#4255,#4277,#4299,#4321,#4343,#4365,#4387,#4409,#4431,#4453,#4475,#4497,#4519,#4541,#4563,#4585,#4607,#4629,#4651,#4673,#4695,#4717,#4739,#4761,#4783,#4805,#4827,#4849,#4871,#4893,#4915,#4937,#4959,#4981,#5003,#5025,#5047,#5069,#5091,#5113,#5135,#5157,#5179,#5201,#5223,#5245,#5267,#5289,#5311,#5333,#5355,#5377,#5399,#5421,#5443,#5465,#5487,#5509,#5531,#5553,#5575,#5597,#5619,#5641,#5663,#5685,#5707,#5729,#5751,#5773,#5795,#5817,#5839,#5861,#5883,#5905,#5927,#5949,#5971,#5993,#6015,#6037,#6059,#6081,#6103,#6125,#6147,#6169,#6191,#6213,#6235,#6257,#6279,#6301,#6323,#6345,#6367,#6389,#6411,#6433,#6455,#6477,#6499,#6521,#6543,#6565,#6587,#6609,#6631,#6653,#6675,#6697,#6719,#6741,#6763,#6785,#6807,#6829,#6851,#6873,#6895,#6917,#6939,#6961,#6983,#7005,#7027,#7049,#7071,#7093,#7115,#7137,#7159,#7181,#7203,#7225,#7247,#7269,#7291,#7313,#7335,#7357,#7379,#7401,#7423,#7445,#7467,#7489,#7511,#7533,#7555,#7577,#7599,#7621,#7643,#7665,#7687,#7709,#7731,#7753,#7775,#7797,#7819,#7841,#7863,#7885,#7907,#7929,#7951,#7973,#7995,#8017,#8039,#8061,#8083,#8105,#8127,#8149,#8171,#8193,#8215,#8237,#8259,#8281,#8303,#8325,#8347,#8369,#8391,#8413,#8435,#8457,#8479,#8501,#8523,#8545,#8567,#8589,#8611,#8633,#8655,#8677,#8699,#8721,#8743,#8765,#8787,#8809,#8831,#8853,#8875,#8897,#8919,#8941,#8963,#8985,#9007,#9029,#9051,#9073,#9095,#9117,#9139,#9161,#9183,#9205,#9227,#9249,#9271,#9293,#9315,#9337,#9359,#9381,#9403,#9425,#9447,#9469,#9491,#9513,#9535,#9557,#9579,#9601,#9623,#9645,#9667,#9689,#9711,#9733,#9755,#9777,#9799,#9821,#9843,#9865,#9887,#9909,#9931,#9953,#9975,#9997,#10019,#10041,#10063,#10085,#10107,#10129,#10151,#10173,#10195,#10217,#10239,#10261,#10283,#10305,#10327,#10349,#10371,#10393,#10415,#10437,#10459,#10481,#10503,#10525,#10547,#10569,#10591,#10613,#10635,#10657,#10679,#10701,#10723,#10745,#10767,#10789,#10811,#10833,#10855,#10877,#10899,#10921,#10943,#10965,#10987,#11009,#11031,#11053,#11075,#11097,#11119,#11141,#11163,#11185,#11207,#11229,#11251,#11273,#11295,#11317,#11339,#11361,#11383,#11405,#11427,#11449,#11471,#11493,#11515,#11537,#11559,#11581,#11603,#11625,#11647,#11669,#11691,#11713,#11735,#11757,#11779,#11801,#11823,#11845,#11867,#11889,#11911,#11933,#11955,#11977,#11999,#12021,#12043,#12065,#12087,#12109,#12131,#12153,#12175,#12197,#12219,#12241,#12263,#12285,#12307,#12329,#12351,#12373,#12395,#12417,#12439,#12461,#12483,#12505,#12527,#12549,#12571,#12593,#12615,#12637,#12659,#12681,#12703,#12725,#12747,#12769,#12791,#12813,#12835,#12857,#12879,#12901,#12923,#12945,#12967,#12989,#13011,#13033,#13055,#13077,#13099,#13121,#13143,#13165,#13187,#13209,#13231,#13253,#13275,#13297,#13319,#13341,#13363,#13385,#13407,#13429,#13451,#13473,#13495,#13517,#13539,#13561,#13583,#13605,#13627,#13649,#13671,#13693,#13715,#13737,#13759,#13781,#13803,#13825,#13847,#13869,#13891,#13913,#13935,#13957,#13979,#14001,#14023,#14045,#14067,#14089,#14111,#14133,#14155,#14177,#14199,#14221,#14243,#14265,#14287,#14309,#14331,#14353,#14375,#14397,#14419,#14441,#14463,#14485,#14507,#14529,#14551,#14573,#14595,#14617,#14639,#14661,#14683,#14705,#14727,#14749,#14771,#14793,#14815,#14837,#14859,#14881,#14903,#14925,#14947,#14969,#14991,#15013,#15035,#15057,#15079,#15101,#15123,#15145,#15167,#15189,#15211,#15233,#15255,#15277,#15299,#15321,#15343,#15365,#15387,#15409,#15431,#15453,#15475,#15497,#15519,#15541,#15563,#15585,#15607,#15629,#15651,#15673,#15695,#15717,#15739,#15761,#15783,#15805,#15827,#15849,#15871,#15893,#15915,#15937,#15959,#15981,#16003,#16025,#16047,#16069,#16091,#16113,#16135,#16157,#16179,#16201,#16223,#16245,#16267,#16289,#16311,#16333,#16355,#16377,#16399,#16421,#16443,#16465,#16487,#16509,#16531,#16553,#16575,#16597,#16619,#16641,#16663,#16685,#16707,#16729,#16751,#16773,#16795,#16817,#16839,#16861,#16883,#16905,#16927,#16949,#16971,#16993,#17015));
#40=CARTESIAN_POINT('',(7.699999809265137,-65.5999984741211,24));
#41=VERTEX_POINT('',#40);
#42=CARTESIAN_POINT('',(7.699999809265137,-60,24));
#43=VERTEX_POINT('',#42);
#44=CARTESIAN_POINT('',(7.699999809265137,-65.5999984741211,22));
#45=VERTEX_POINT('',#44);
#46=CARTESIAN_POINT('',(7.699999809265137,-60,22));
#47=VERTEX_POINT('',#46);
#48=CARTESIAN_POINT('',(-7.700000286102295,-60,24));
#49=VERTEX_POINT('',#48);
#50=CARTESIAN_POINT('',(-7.700000286102295,-60,22));
#51=VERTEX_POINT('',#50);
#52=CARTESIAN_POINT('',(-7.700000286102295,-65.5999984741211,24));
#53=VERTEX_POINT('',#52);
#54=CARTESIAN_POINT('',(-7.700000286102295,-65.5999984741211,22));
#55=VERTEX_POINT('',#54);
#56=CARTESIAN_POINT('',(12.30273723602295,-53.78707504272461,24));
#57=VERTEX_POINT('',#56);
#58=CARTESIAN_POINT('',(9.253131866455078,-54.316768646240234,24));
#59=VERTEX_POINT('',#58);
#60=CARTESIAN_POINT('',(6.181191444396973,-54.69603729248047,24));
#61=VERTEX_POINT('',#60);
#62=CARTESIAN_POINT('',(36.55111312866211,-134.8130645751953,24));
#63=VERTEX_POINT('',#62);
#64=CARTESIAN_POINT('',(36.70096206665039,-134.45127868652344,24));
#65=VERTEX_POINT('',#64);
#66=CARTESIAN_POINT('',(36.70096206665039,-90.95128631591797,24));
#67=VERTEX_POINT('',#66);
#68=CARTESIAN_POINT('',(36.93933868408203,-134.140625,24));
#69=VERTEX_POINT('',#68);
#70=CARTESIAN_POINT('',(36.93933868408203,-91.26194763183594,24));
#71=VERTEX_POINT('',#70);
#72=CARTESIAN_POINT('',(37.25,-133.90225219726562,24));
#73=VERTEX_POINT('',#72);
#74=CARTESIAN_POINT('',(37.25,-91.50032043457031,24));
#75=VERTEX_POINT('',#74);
#76=CARTESIAN_POINT('',(37.61177062988281,-133.7523956298828,24));
#77=VERTEX_POINT('',#76);
#78=CARTESIAN_POINT('',(37.61177062988281,-91.65017700195312,24));
#79=VERTEX_POINT('',#78);
#80=CARTESIAN_POINT('',(38,-133.70127868652344,24));
#81=VERTEX_POINT('',#80);
#82=CARTESIAN_POINT('',(38,-91.70128631591797,24));
#83=VERTEX_POINT('',#82);
#84=CARTESIAN_POINT('',(38.38822937011719,-91.65017700195312,24));
#85=VERTEX_POINT('',#84);
#86=CARTESIAN_POINT('',(38.38822937011719,-133.7523956298828,24));
#87=VERTEX_POINT('',#86);
#88=CARTESIAN_POINT('',(38.75,-91.50032043457031,24));
#89=VERTEX_POINT('',#88);
#90=CARTESIAN_POINT('',(38.75,-133.90225219726562,24));
#91=VERTEX_POINT('',#90);
#92=CARTESIAN_POINT('',(39.06066131591797,-91.26194763183594,24));
#93=VERTEX_POINT('',#92);
#94=CARTESIAN_POINT('',(39.06066131591797,-134.140625,24));
#95=VERTEX_POINT('',#94);
#96=CARTESIAN_POINT('',(39.29903793334961,-90.95128631591797,24));
#97=VERTEX_POINT('',#96);
#98=CARTESIAN_POINT('',(39.29903793334961,-134.45127868652344,24));
#99=VERTEX_POINT('',#98);
#100=CARTESIAN_POINT('',(39.448890686035156,-90.58951568603516,24));
#101=VERTEX_POINT('',#100);
#102=CARTESIAN_POINT('',(39.448890686035156,-134.8130645751953,24));
#103=VERTEX_POINT('',#102);
#104=CARTESIAN_POINT('',(40,-137.20127868652344,24));
#105=VERTEX_POINT('',#104);
#106=CARTESIAN_POINT('',(39.5,-135.20127868652344,24));
#107=VERTEX_POINT('',#106);
#108=CARTESIAN_POINT('',(39.448890686035156,-135.58950805664062,24));
#109=VERTEX_POINT('',#108);
#110=CARTESIAN_POINT('',(-12.30273723602295,-53.78707504272461,24));
#111=VERTEX_POINT('',#110);
#112=CARTESIAN_POINT('',(-15.32264518737793,-53.10823440551758,24));
#113=VERTEX_POINT('',#112);
#114=CARTESIAN_POINT('',(-18.305564880371094,-52.281890869140625,24));
#115=VERTEX_POINT('',#114);
#116=CARTESIAN_POINT('',(-2.0217777318976005E-07,-55,24));
#117=VERTEX_POINT('',#116);
#118=CARTESIAN_POINT('',(-3.0943307876586914,-54.9239616394043,24));
#119=VERTEX_POINT('',#118);
#120=CARTESIAN_POINT('',(-6.181191921234131,-54.6960334777832,24));
#121=VERTEX_POINT('',#120);
#122=CARTESIAN_POINT('',(-39.44888687133789,-89.81305694580078,24));
#123=VERTEX_POINT('',#122);
#124=CARTESIAN_POINT('',(-39.5,-45.20128631591797,24));
#125=VERTEX_POINT('',#124);
#126=CARTESIAN_POINT('',(-39.5,-90.20128631591797,24));
#127=VERTEX_POINT('',#126);
#128=CARTESIAN_POINT('',(-40,-40.6723747253418,24));
#129=VERTEX_POINT('',#128);
#130=CARTESIAN_POINT('',(-40,-137.20127868652344,24));
#131=VERTEX_POINT('',#130);
#132=CARTESIAN_POINT('',(-39.44888687133789,-45.589515686035156,24));
#133=VERTEX_POINT('',#132);
#134=CARTESIAN_POINT('',(-39.29903793334961,-89.45128631591797,24));
#135=VERTEX_POINT('',#134);
#136=CARTESIAN_POINT('',(-39.29903793334961,-45.95128631591797,24));
#137=VERTEX_POINT('',#136);
#138=CARTESIAN_POINT('',(-39.06066131591797,-89.140625,24));
#139=VERTEX_POINT('',#138);
#140=CARTESIAN_POINT('',(-39.06066131591797,-46.26194763183594,24));
#141=VERTEX_POINT('',#140);
#142=CARTESIAN_POINT('',(-38.75,-88.9022445678711,24));
#143=VERTEX_POINT('',#142);
#144=CARTESIAN_POINT('',(-38.75,-46.50032424926758,24));
#145=VERTEX_POINT('',#144);
#146=CARTESIAN_POINT('',(-38.38822937011719,-88.75239562988281,24));
#147=VERTEX_POINT('',#146);
#148=CARTESIAN_POINT('',(-38.38822937011719,-46.65017318725586,24));
#149=VERTEX_POINT('',#148);
#150=CARTESIAN_POINT('',(-38,-88.70128631591797,24));
#151=VERTEX_POINT('',#150);
#152=CARTESIAN_POINT('',(-38,-46.70128631591797,24));
#153=VERTEX_POINT('',#152);
#154=CARTESIAN_POINT('',(-37.61177062988281,-46.65017318725586,24));
#155=VERTEX_POINT('',#154);
#156=CARTESIAN_POINT('',(-37.61177062988281,-88.75239562988281,24));
#157=VERTEX_POINT('',#156);
#158=CARTESIAN_POINT('',(-29.725072860717773,-47.54655838012695,24));
#159=VERTEX_POINT('',#158);
#160=CARTESIAN_POINT('',(-26.960952758789062,-48.93950271606445,24));
#161=VERTEX_POINT('',#160);
#162=CARTESIAN_POINT('',(-37.25,-88.9022445678711,24));
#163=VERTEX_POINT('',#162);
#164=CARTESIAN_POINT('',(-24.131750106811523,-50.195003509521484,24));
#165=VERTEX_POINT('',#164);
#166=CARTESIAN_POINT('',(-21.244298934936523,-51.31003189086914,24));
#167=VERTEX_POINT('',#166);
#168=CARTESIAN_POINT('',(-36.93933868408203,-89.140625,24));
#169=VERTEX_POINT('',#168);
#170=CARTESIAN_POINT('',(-36.70096206665039,-89.45128631591797,24));
#171=VERTEX_POINT('',#170);
#172=CARTESIAN_POINT('',(-36.551109313964844,-89.81305694580078,24));
#173=VERTEX_POINT('',#172);
#174=CARTESIAN_POINT('',(-36.5,-90.20128631591797,24));
#175=VERTEX_POINT('',#174);
#176=CARTESIAN_POINT('',(-36.551109313964844,-90.58951568603516,24));
#177=VERTEX_POINT('',#176);
#178=CARTESIAN_POINT('',(-36.551109313964844,-134.8130645751953,24));
#179=VERTEX_POINT('',#178);
#180=CARTESIAN_POINT('',(36.5,-135.20127868652344,24));
#181=VERTEX_POINT('',#180);
#182=CARTESIAN_POINT('',(-36.5,-135.20127868652344,24));
#183=VERTEX_POINT('',#182);
#184=CARTESIAN_POINT('',(36.55111312866211,-135.58950805664062,24));
#185=VERTEX_POINT('',#184);
#186=CARTESIAN_POINT('',(-36.551109313964844,-135.58950805664062,24));
#187=VERTEX_POINT('',#186);
#188=CARTESIAN_POINT('',(36.70096206665039,-135.95127868652344,24));
#189=VERTEX_POINT('',#188);
#190=CARTESIAN_POINT('',(-36.70096206665039,-135.95127868652344,24));
#191=VERTEX_POINT('',#190);
#192=CARTESIAN_POINT('',(36.93933868408203,-136.26194763183594,24));
#193=VERTEX_POINT('',#192);
#194=CARTESIAN_POINT('',(-36.93933868408203,-136.26194763183594,24));
#195=VERTEX_POINT('',#194);
#196=CARTESIAN_POINT('',(37.25,-136.5003204345703,24));
#197=VERTEX_POINT('',#196);
#198=CARTESIAN_POINT('',(-37.25,-136.5003204345703,24));
#199=VERTEX_POINT('',#198);
#200=CARTESIAN_POINT('',(37.61177062988281,-136.65017700195312,24));
#201=VERTEX_POINT('',#200);
#202=CARTESIAN_POINT('',(-37.61177062988281,-136.65017700195312,24));
#203=VERTEX_POINT('',#202);
#204=CARTESIAN_POINT('',(-38,-136.70127868652344,24));
#205=VERTEX_POINT('',#204);
#206=CARTESIAN_POINT('',(-38.38822937011719,-136.65017700195312,24));
#207=VERTEX_POINT('',#206);
#208=CARTESIAN_POINT('',(-36.70096206665039,-90.95128631591797,24));
#209=VERTEX_POINT('',#208);
#210=CARTESIAN_POINT('',(-36.70096206665039,-134.45127868652344,24));
#211=VERTEX_POINT('',#210);
#212=CARTESIAN_POINT('',(-36.93933868408203,-134.140625,24));
#213=VERTEX_POINT('',#212);
#214=CARTESIAN_POINT('',(-36.93933868408203,-91.26194763183594,24));
#215=VERTEX_POINT('',#214);
#216=CARTESIAN_POINT('',(-37.25,-133.90225219726562,24));
#217=VERTEX_POINT('',#216);
#218=CARTESIAN_POINT('',(-37.25,-91.50032043457031,24));
#219=VERTEX_POINT('',#218);
#220=CARTESIAN_POINT('',(-37.61177062988281,-133.7523956298828,24));
#221=VERTEX_POINT('',#220);
#222=CARTESIAN_POINT('',(-37.61177062988281,-91.65017700195312,24));
#223=VERTEX_POINT('',#222);
#224=CARTESIAN_POINT('',(-38,-133.70127868652344,24));
#225=VERTEX_POINT('',#224);
#226=CARTESIAN_POINT('',(-38,-91.70128631591797,24));
#227=VERTEX_POINT('',#226);
#228=CARTESIAN_POINT('',(-38.38822937011719,-91.65017700195312,24));
#229=VERTEX_POINT('',#228);
#230=CARTESIAN_POINT('',(-38.38822937011719,-133.7523956298828,24));
#231=VERTEX_POINT('',#230);
#232=CARTESIAN_POINT('',(-38.75,-91.50032043457031,24));
#233=VERTEX_POINT('',#232);
#234=CARTESIAN_POINT('',(-38.75,-133.90225219726562,24));
#235=VERTEX_POINT('',#234);
#236=CARTESIAN_POINT('',(-39.06066131591797,-91.26194763183594,24));
#237=VERTEX_POINT('',#236);
#238=CARTESIAN_POINT('',(-39.06066131591797,-134.140625,24));
#239=VERTEX_POINT('',#238);
#240=CARTESIAN_POINT('',(-39.29903793334961,-90.95128631591797,24));
#241=VERTEX_POINT('',#240);
#242=CARTESIAN_POINT('',(-39.29903793334961,-134.45127868652344,24));
#243=VERTEX_POINT('',#242);
#244=CARTESIAN_POINT('',(-39.44888687133789,-90.58951568603516,24));
#245=VERTEX_POINT('',#244);
#246=CARTESIAN_POINT('',(-39.44888687133789,-134.8130645751953,24));
#247=VERTEX_POINT('',#246);
#248=CARTESIAN_POINT('',(-39.5,-135.20127868652344,24));
#249=VERTEX_POINT('',#248);
#250=CARTESIAN_POINT('',(-39.44888687133789,-135.58950805664062,24));
#251=VERTEX_POINT('',#250);
#252=CARTESIAN_POINT('',(-39.29903793334961,-135.95127868652344,24));
#253=VERTEX_POINT('',#252);
#254=CARTESIAN_POINT('',(-39.06066131591797,-136.26194763183594,24));
#255=VERTEX_POINT('',#254);
#256=CARTESIAN_POINT('',(-38.75,-136.5003204345703,24));
#257=VERTEX_POINT('',#256);
#258=CARTESIAN_POINT('',(37.56111145019531,-42.578285217285156,24));
#259=VERTEX_POINT('',#258);
#260=CARTESIAN_POINT('',(38.38822937011719,-43.75239562988281,24));
#261=VERTEX_POINT('',#260);
#262=CARTESIAN_POINT('',(40,-40.6723747253418,24));
#263=VERTEX_POINT('',#262);
#264=CARTESIAN_POINT('',(38.75,-43.90224838256836,24));
#265=VERTEX_POINT('',#264);
#266=CARTESIAN_POINT('',(39.06066131591797,-44.140625,24));
#267=VERTEX_POINT('',#266);
#268=CARTESIAN_POINT('',(35.031558990478516,-44.36210250854492,24));
#269=VERTEX_POINT('',#268);
#270=CARTESIAN_POINT('',(36.93933868408203,-44.140625,24));
#271=VERTEX_POINT('',#270);
#272=CARTESIAN_POINT('',(37.25,-43.90224838256836,24));
#273=VERTEX_POINT('',#272);
#274=CARTESIAN_POINT('',(37.61177062988281,-43.75239562988281,24));
#275=VERTEX_POINT('',#274);
#276=CARTESIAN_POINT('',(32.417442321777344,-46.019527435302734,24));
#277=VERTEX_POINT('',#276);
#278=CARTESIAN_POINT('',(36.70096206665039,-45.95128631591797,24));
#279=VERTEX_POINT('',#278);
#280=CARTESIAN_POINT('',(36.55111312866211,-45.589515686035156,24));
#281=VERTEX_POINT('',#280);
#282=CARTESIAN_POINT('',(36.5,-45.20128631591797,24));
#283=VERTEX_POINT('',#282);
#284=CARTESIAN_POINT('',(29.725072860717773,-47.54655838012695,24));
#285=VERTEX_POINT('',#284);
#286=CARTESIAN_POINT('',(37.25,-46.50032424926758,24));
#287=VERTEX_POINT('',#286);
#288=CARTESIAN_POINT('',(36.93933868408203,-46.26194763183594,24));
#289=VERTEX_POINT('',#288);
#290=CARTESIAN_POINT('',(26.960952758789062,-48.93950271606445,24));
#291=VERTEX_POINT('',#290);
#292=CARTESIAN_POINT('',(37.61177062988281,-88.75239562988281,24));
#293=VERTEX_POINT('',#292);
#294=CARTESIAN_POINT('',(37.61177062988281,-46.65017318725586,24));
#295=VERTEX_POINT('',#294);
#296=CARTESIAN_POINT('',(37.25,-88.9022445678711,24));
#297=VERTEX_POINT('',#296);
#298=CARTESIAN_POINT('',(24.131750106811523,-50.195003509521484,24));
#299=VERTEX_POINT('',#298);
#300=CARTESIAN_POINT('',(21.244298934936523,-51.31003189086914,24));
#301=VERTEX_POINT('',#300);
#302=CARTESIAN_POINT('',(18.305564880371094,-52.281890869140625,24));
#303=VERTEX_POINT('',#302);
#304=CARTESIAN_POINT('',(36.93933868408203,-89.140625,24));
#305=VERTEX_POINT('',#304);
#306=CARTESIAN_POINT('',(15.322644233703613,-53.108238220214844,24));
#307=VERTEX_POINT('',#306);
#308=CARTESIAN_POINT('',(3.094330310821533,-54.9239616394043,24));
#309=VERTEX_POINT('',#308);
#310=CARTESIAN_POINT('',(-9.253132820129395,-54.316768646240234,24));
#311=VERTEX_POINT('',#310);
#312=CARTESIAN_POINT('',(-37.25,-46.50032424926758,24));
#313=VERTEX_POINT('',#312);
#314=CARTESIAN_POINT('',(-32.417442321777344,-46.019527435302734,24));
#315=VERTEX_POINT('',#314);
#316=CARTESIAN_POINT('',(-36.93933868408203,-46.26194763183594,24));
#317=VERTEX_POINT('',#316);
#318=CARTESIAN_POINT('',(-36.70096206665039,-45.95128631591797,24));
#319=VERTEX_POINT('',#318);
#320=CARTESIAN_POINT('',(-35.031558990478516,-44.36210250854492,24));
#321=VERTEX_POINT('',#320);
#322=CARTESIAN_POINT('',(-36.551109313964844,-45.589515686035156,24));
#323=VERTEX_POINT('',#322);
#324=CARTESIAN_POINT('',(-36.5,-45.20128631591797,24));
#325=VERTEX_POINT('',#324);
#326=CARTESIAN_POINT('',(-36.551109313964844,-44.81305694580078,24));
#327=VERTEX_POINT('',#326);
#328=CARTESIAN_POINT('',(-36.70096206665039,-44.45128631591797,24));
#329=VERTEX_POINT('',#328);
#330=CARTESIAN_POINT('',(-36.93933868408203,-44.140625,24));
#331=VERTEX_POINT('',#330);
#332=CARTESIAN_POINT('',(-37.56111145019531,-42.578285217285156,24));
#333=VERTEX_POINT('',#332);
#334=CARTESIAN_POINT('',(-37.25,-43.90224838256836,24));
#335=VERTEX_POINT('',#334);
#336=CARTESIAN_POINT('',(-37.61177062988281,-43.75239562988281,24));
#337=VERTEX_POINT('',#336);
#338=CARTESIAN_POINT('',(-38,-43.70128631591797,24));
#339=VERTEX_POINT('',#338);
#340=CARTESIAN_POINT('',(-38.38822937011719,-43.75239562988281,24));
#341=VERTEX_POINT('',#340);
#342=CARTESIAN_POINT('',(-38.75,-43.90224838256836,24));
#343=VERTEX_POINT('',#342);
#344=CARTESIAN_POINT('',(-39.06066131591797,-44.140625,24));
#345=VERTEX_POINT('',#344);
#346=CARTESIAN_POINT('',(-39.29903793334961,-44.45128631591797,24));
#347=VERTEX_POINT('',#346);
#348=CARTESIAN_POINT('',(-39.44888687133789,-44.81305694580078,24));
#349=VERTEX_POINT('',#348);
#350=CARTESIAN_POINT('',(39.5,-90.20128631591797,24));
#351=VERTEX_POINT('',#350);
#352=CARTESIAN_POINT('',(39.5,-45.20128631591797,24));
#353=VERTEX_POINT('',#352);
#354=CARTESIAN_POINT('',(39.448890686035156,-44.81305694580078,24));
#355=VERTEX_POINT('',#354);
#356=CARTESIAN_POINT('',(39.29903793334961,-44.45128631591797,24));
#357=VERTEX_POINT('',#356);
#358=CARTESIAN_POINT('',(39.29903793334961,-135.95127868652344,24));
#359=VERTEX_POINT('',#358);
#360=CARTESIAN_POINT('',(39.06066131591797,-136.26194763183594,24));
#361=VERTEX_POINT('',#360);
#362=CARTESIAN_POINT('',(38.75,-136.5003204345703,24));
#363=VERTEX_POINT('',#362);
#364=CARTESIAN_POINT('',(38.38822937011719,-136.65017700195312,24));
#365=VERTEX_POINT('',#364);
#366=CARTESIAN_POINT('',(38,-136.70127868652344,24));
#367=VERTEX_POINT('',#366);
#368=CARTESIAN_POINT('',(36.55111312866211,-90.58951568603516,24));
#369=VERTEX_POINT('',#368);
#370=CARTESIAN_POINT('',(36.5,-90.20128631591797,24));
#371=VERTEX_POINT('',#370);
#372=CARTESIAN_POINT('',(36.55111312866211,-89.81305694580078,24));
#373=VERTEX_POINT('',#372);
#374=CARTESIAN_POINT('',(36.70096206665039,-89.45128631591797,24));
#375=VERTEX_POINT('',#374);
#376=CARTESIAN_POINT('',(38,-88.70128631591797,24));
#377=VERTEX_POINT('',#376);
#378=CARTESIAN_POINT('',(38,-46.70128631591797,24));
#379=VERTEX_POINT('',#378);
#380=CARTESIAN_POINT('',(38.38822937011719,-46.65017318725586,24));
#381=VERTEX_POINT('',#380);
#382=CARTESIAN_POINT('',(38.38822937011719,-88.75239562988281,24));
#383=VERTEX_POINT('',#382);
#384=CARTESIAN_POINT('',(38.75,-46.50032424926758,24));
#385=VERTEX_POINT('',#384);
#386=CARTESIAN_POINT('',(38.75,-88.9022445678711,24));
#387=VERTEX_POINT('',#386);
#388=CARTESIAN_POINT('',(39.06066131591797,-46.26194763183594,24));
#389=VERTEX_POINT('',#388);
#390=CARTESIAN_POINT('',(39.06066131591797,-89.140625,24));
#391=VERTEX_POINT('',#390);
#392=CARTESIAN_POINT('',(39.29903793334961,-45.95128631591797,24));
#393=VERTEX_POINT('',#392);
#394=CARTESIAN_POINT('',(39.29903793334961,-89.45128631591797,24));
#395=VERTEX_POINT('',#394);
#396=CARTESIAN_POINT('',(39.448890686035156,-45.589515686035156,24));
#397=VERTEX_POINT('',#396);
#398=CARTESIAN_POINT('',(39.448890686035156,-89.81305694580078,24));
#399=VERTEX_POINT('',#398);
#400=CARTESIAN_POINT('',(36.55111312866211,-44.81305694580078,24));
#401=VERTEX_POINT('',#400);
#402=CARTESIAN_POINT('',(36.70096206665039,-44.45128631591797,24));
#403=VERTEX_POINT('',#402);
#404=CARTESIAN_POINT('',(38,-43.70128631591797,24));
#405=VERTEX_POINT('',#404);
#406=CARTESIAN_POINT('',(12.30273723602295,-53.78707504272461,22));
#407=VERTEX_POINT('',#406);
#408=CARTESIAN_POINT('',(15.322644233703613,-53.108238220214844,22));
#409=VERTEX_POINT('',#408);
#410=CARTESIAN_POINT('',(18.305564880371094,-52.281890869140625,22));
#411=VERTEX_POINT('',#410);
#412=CARTESIAN_POINT('',(-2.0217777318976005E-07,-55,22));
#413=VERTEX_POINT('',#412);
#414=CARTESIAN_POINT('',(3.094330310821533,-54.9239616394043,22));
#415=VERTEX_POINT('',#414);
#416=CARTESIAN_POINT('',(6.181191444396973,-54.69603729248047,22));
#417=VERTEX_POINT('',#416);
#418=CARTESIAN_POINT('',(-12.30273723602295,-53.78707504272461,22));
#419=VERTEX_POINT('',#418);
#420=CARTESIAN_POINT('',(-9.253132820129395,-54.316768646240234,22));
#421=VERTEX_POINT('',#420);
#422=CARTESIAN_POINT('',(-6.181191921234131,-54.6960334777832,22));
#423=VERTEX_POINT('',#422);
#424=CARTESIAN_POINT('',(-36.551109313964844,-134.8130645751953,22));
#425=VERTEX_POINT('',#424);
#426=CARTESIAN_POINT('',(-36.70096206665039,-134.45127868652344,22));
#427=VERTEX_POINT('',#426);
#428=CARTESIAN_POINT('',(-36.70096206665039,-90.95128631591797,22));
#429=VERTEX_POINT('',#428);
#430=CARTESIAN_POINT('',(-36.93933868408203,-134.140625,22));
#431=VERTEX_POINT('',#430);
#432=CARTESIAN_POINT('',(-36.93933868408203,-91.26194763183594,22));
#433=VERTEX_POINT('',#432);
#434=CARTESIAN_POINT('',(-37.25,-133.90225219726562,22));
#435=VERTEX_POINT('',#434);
#436=CARTESIAN_POINT('',(-37.25,-91.50032043457031,22));
#437=VERTEX_POINT('',#436);
#438=CARTESIAN_POINT('',(-37.61177062988281,-133.7523956298828,22));
#439=VERTEX_POINT('',#438);
#440=CARTESIAN_POINT('',(-37.61177062988281,-91.65017700195312,22));
#441=VERTEX_POINT('',#440);
#442=CARTESIAN_POINT('',(-38,-133.70127868652344,22));
#443=VERTEX_POINT('',#442);
#444=CARTESIAN_POINT('',(-38,-91.70128631591797,22));
#445=VERTEX_POINT('',#444);
#446=CARTESIAN_POINT('',(-38.38822937011719,-91.65017700195312,22));
#447=VERTEX_POINT('',#446);
#448=CARTESIAN_POINT('',(-38.38822937011719,-133.7523956298828,22));
#449=VERTEX_POINT('',#448);
#450=CARTESIAN_POINT('',(-38.75,-91.50032043457031,22));
#451=VERTEX_POINT('',#450);
#452=CARTESIAN_POINT('',(-38.75,-133.90225219726562,22));
#453=VERTEX_POINT('',#452);
#454=CARTESIAN_POINT('',(-39.06066131591797,-91.26194763183594,22));
#455=VERTEX_POINT('',#454);
#456=CARTESIAN_POINT('',(-39.06066131591797,-134.140625,22));
#457=VERTEX_POINT('',#456);
#458=CARTESIAN_POINT('',(-39.29903793334961,-90.95128631591797,22));
#459=VERTEX_POINT('',#458);
#460=CARTESIAN_POINT('',(-39.29903793334961,-134.45127868652344,22));
#461=VERTEX_POINT('',#460);
#462=CARTESIAN_POINT('',(-39.44888687133789,-90.58951568603516,22));
#463=VERTEX_POINT('',#462);
#464=CARTESIAN_POINT('',(-39.44888687133789,-134.8130645751953,22));
#465=VERTEX_POINT('',#464);
#466=CARTESIAN_POINT('',(-40,-137.20127868652344,22));
#467=VERTEX_POINT('',#466);
#468=CARTESIAN_POINT('',(-39.5,-135.20127868652344,22));
#469=VERTEX_POINT('',#468);
#470=CARTESIAN_POINT('',(-39.44888687133789,-135.58950805664062,22));
#471=VERTEX_POINT('',#470);
#472=CARTESIAN_POINT('',(36.55111312866211,-134.8130645751953,22));
#473=VERTEX_POINT('',#472);
#474=CARTESIAN_POINT('',(-36.5,-135.20127868652344,22));
#475=VERTEX_POINT('',#474);
#476=CARTESIAN_POINT('',(36.5,-135.20127868652344,22));
#477=VERTEX_POINT('',#476);
#478=CARTESIAN_POINT('',(-36.551109313964844,-135.58950805664062,22));
#479=VERTEX_POINT('',#478);
#480=CARTESIAN_POINT('',(36.55111312866211,-135.58950805664062,22));
#481=VERTEX_POINT('',#480);
#482=CARTESIAN_POINT('',(-36.70096206665039,-135.95127868652344,22));
#483=VERTEX_POINT('',#482);
#484=CARTESIAN_POINT('',(36.70096206665039,-135.95127868652344,22));
#485=VERTEX_POINT('',#484);
#486=CARTESIAN_POINT('',(-36.93933868408203,-136.26194763183594,22));
#487=VERTEX_POINT('',#486);
#488=CARTESIAN_POINT('',(36.93933868408203,-136.26194763183594,22));
#489=VERTEX_POINT('',#488);
#490=CARTESIAN_POINT('',(-37.25,-136.5003204345703,22));
#491=VERTEX_POINT('',#490);
#492=CARTESIAN_POINT('',(37.25,-136.5003204345703,22));
#493=VERTEX_POINT('',#492);
#494=CARTESIAN_POINT('',(-37.61177062988281,-136.65017700195312,22));
#495=VERTEX_POINT('',#494);
#496=CARTESIAN_POINT('',(37.61177062988281,-136.65017700195312,22));
#497=VERTEX_POINT('',#496);
#498=CARTESIAN_POINT('',(40,-137.20127868652344,22));
#499=VERTEX_POINT('',#498);
#500=CARTESIAN_POINT('',(38,-136.70127868652344,22));
#501=VERTEX_POINT('',#500);
#502=CARTESIAN_POINT('',(38.38822937011719,-136.65017700195312,22));
#503=VERTEX_POINT('',#502);
#504=CARTESIAN_POINT('',(-39.29903793334961,-135.95127868652344,22));
#505=VERTEX_POINT('',#504);
#506=CARTESIAN_POINT('',(-39.06066131591797,-136.26194763183594,22));
#507=VERTEX_POINT('',#506);
#508=CARTESIAN_POINT('',(-38.75,-136.5003204345703,22));
#509=VERTEX_POINT('',#508);
#510=CARTESIAN_POINT('',(-38.38822937011719,-136.65017700195312,22));
#511=VERTEX_POINT('',#510);
#512=CARTESIAN_POINT('',(-38,-136.70127868652344,22));
#513=VERTEX_POINT('',#512);
#514=CARTESIAN_POINT('',(-39.44888687133789,-45.589515686035156,22));
#515=VERTEX_POINT('',#514);
#516=CARTESIAN_POINT('',(-39.44888687133789,-89.81305694580078,22));
#517=VERTEX_POINT('',#516);
#518=CARTESIAN_POINT('',(-39.5,-45.20128631591797,22));
#519=VERTEX_POINT('',#518);
#520=CARTESIAN_POINT('',(-39.5,-90.20128631591797,22));
#521=VERTEX_POINT('',#520);
#522=CARTESIAN_POINT('',(-40,-40.6723747253418,22));
#523=VERTEX_POINT('',#522);
#524=CARTESIAN_POINT('',(-39.29903793334961,-89.45128631591797,22));
#525=VERTEX_POINT('',#524);
#526=CARTESIAN_POINT('',(-39.29903793334961,-45.95128631591797,22));
#527=VERTEX_POINT('',#526);
#528=CARTESIAN_POINT('',(-39.06066131591797,-89.140625,22));
#529=VERTEX_POINT('',#528);
#530=CARTESIAN_POINT('',(-39.06066131591797,-46.26194763183594,22));
#531=VERTEX_POINT('',#530);
#532=CARTESIAN_POINT('',(-38.75,-88.9022445678711,22));
#533=VERTEX_POINT('',#532);
#534=CARTESIAN_POINT('',(-38.75,-46.50032424926758,22));
#535=VERTEX_POINT('',#534);
#536=CARTESIAN_POINT('',(-38.38822937011719,-88.75239562988281,22));
#537=VERTEX_POINT('',#536);
#538=CARTESIAN_POINT('',(-38.38822937011719,-46.65017318725586,22));
#539=VERTEX_POINT('',#538);
#540=CARTESIAN_POINT('',(-38,-88.70128631591797,22));
#541=VERTEX_POINT('',#540);
#542=CARTESIAN_POINT('',(-38,-46.70128631591797,22));
#543=VERTEX_POINT('',#542);
#544=CARTESIAN_POINT('',(-37.61177062988281,-46.65017318725586,22));
#545=VERTEX_POINT('',#544);
#546=CARTESIAN_POINT('',(-37.25,-46.50032424926758,22));
#547=VERTEX_POINT('',#546);
#548=CARTESIAN_POINT('',(-29.725072860717773,-47.54655838012695,22));
#549=VERTEX_POINT('',#548);
#550=CARTESIAN_POINT('',(-37.61177062988281,-88.75239562988281,22));
#551=VERTEX_POINT('',#550);
#552=CARTESIAN_POINT('',(-32.417442321777344,-46.019527435302734,22));
#553=VERTEX_POINT('',#552);
#554=CARTESIAN_POINT('',(-36.93933868408203,-46.26194763183594,22));
#555=VERTEX_POINT('',#554);
#556=CARTESIAN_POINT('',(-36.70096206665039,-45.95128631591797,22));
#557=VERTEX_POINT('',#556);
#558=CARTESIAN_POINT('',(-35.031558990478516,-44.36210250854492,22));
#559=VERTEX_POINT('',#558);
#560=CARTESIAN_POINT('',(-36.551109313964844,-45.589515686035156,22));
#561=VERTEX_POINT('',#560);
#562=CARTESIAN_POINT('',(-36.5,-45.20128631591797,22));
#563=VERTEX_POINT('',#562);
#564=CARTESIAN_POINT('',(-36.551109313964844,-44.81305694580078,22));
#565=VERTEX_POINT('',#564);
#566=CARTESIAN_POINT('',(-36.70096206665039,-44.45128631591797,22));
#567=VERTEX_POINT('',#566);
#568=CARTESIAN_POINT('',(-36.93933868408203,-44.140625,22));
#569=VERTEX_POINT('',#568);
#570=CARTESIAN_POINT('',(-37.56111145019531,-42.578285217285156,22));
#571=VERTEX_POINT('',#570);
#572=CARTESIAN_POINT('',(-37.25,-43.90224838256836,22));
#573=VERTEX_POINT('',#572);
#574=CARTESIAN_POINT('',(-37.61177062988281,-43.75239562988281,22));
#575=VERTEX_POINT('',#574);
#576=CARTESIAN_POINT('',(-38,-43.70128631591797,22));
#577=VERTEX_POINT('',#576);
#578=CARTESIAN_POINT('',(-38.38822937011719,-43.75239562988281,22));
#579=VERTEX_POINT('',#578);
#580=CARTESIAN_POINT('',(-38.75,-43.90224838256836,22));
#581=VERTEX_POINT('',#580);
#582=CARTESIAN_POINT('',(-39.06066131591797,-44.140625,22));
#583=VERTEX_POINT('',#582);
#584=CARTESIAN_POINT('',(-39.29903793334961,-44.45128631591797,22));
#585=VERTEX_POINT('',#584);
#586=CARTESIAN_POINT('',(-39.44888687133789,-44.81305694580078,22));
#587=VERTEX_POINT('',#586);
#588=CARTESIAN_POINT('',(-36.551109313964844,-90.58951568603516,22));
#589=VERTEX_POINT('',#588);
#590=CARTESIAN_POINT('',(-36.5,-90.20128631591797,22));
#591=VERTEX_POINT('',#590);
#592=CARTESIAN_POINT('',(-36.551109313964844,-89.81305694580078,22));
#593=VERTEX_POINT('',#592);
#594=CARTESIAN_POINT('',(-36.70096206665039,-89.45128631591797,22));
#595=VERTEX_POINT('',#594);
#596=CARTESIAN_POINT('',(-36.93933868408203,-89.140625,22));
#597=VERTEX_POINT('',#596);
#598=CARTESIAN_POINT('',(-21.244298934936523,-51.31003189086914,22));
#599=VERTEX_POINT('',#598);
#600=CARTESIAN_POINT('',(-37.25,-88.9022445678711,22));
#601=VERTEX_POINT('',#600);
#602=CARTESIAN_POINT('',(-24.131750106811523,-50.195003509521484,22));
#603=VERTEX_POINT('',#602);
#604=CARTESIAN_POINT('',(-26.960952758789062,-48.93950271606445,22));
#605=VERTEX_POINT('',#604);
#606=CARTESIAN_POINT('',(38.75,-136.5003204345703,22));
#607=VERTEX_POINT('',#606);
#608=CARTESIAN_POINT('',(39.06066131591797,-136.26194763183594,22));
#609=VERTEX_POINT('',#608);
#610=CARTESIAN_POINT('',(39.29903793334961,-135.95127868652344,22));
#611=VERTEX_POINT('',#610);
#612=CARTESIAN_POINT('',(39.448890686035156,-135.58950805664062,22));
#613=VERTEX_POINT('',#612);
#614=CARTESIAN_POINT('',(39.5,-135.20127868652344,22));
#615=VERTEX_POINT('',#614);
#616=CARTESIAN_POINT('',(39.448890686035156,-134.8130645751953,22));
#617=VERTEX_POINT('',#616);
#618=CARTESIAN_POINT('',(39.448890686035156,-90.58951568603516,22));
#619=VERTEX_POINT('',#618);
#620=CARTESIAN_POINT('',(39.29903793334961,-134.45127868652344,22));
#621=VERTEX_POINT('',#620);
#622=CARTESIAN_POINT('',(39.29903793334961,-90.95128631591797,22));
#623=VERTEX_POINT('',#622);
#624=CARTESIAN_POINT('',(39.06066131591797,-134.140625,22));
#625=VERTEX_POINT('',#624);
#626=CARTESIAN_POINT('',(39.06066131591797,-91.26194763183594,22));
#627=VERTEX_POINT('',#626);
#628=CARTESIAN_POINT('',(38.75,-133.90225219726562,22));
#629=VERTEX_POINT('',#628);
#630=CARTESIAN_POINT('',(38.75,-91.50032043457031,22));
#631=VERTEX_POINT('',#630);
#632=CARTESIAN_POINT('',(38.38822937011719,-133.7523956298828,22));
#633=VERTEX_POINT('',#632);
#634=CARTESIAN_POINT('',(38.38822937011719,-91.65017700195312,22));
#635=VERTEX_POINT('',#634);
#636=CARTESIAN_POINT('',(38,-133.70127868652344,22));
#637=VERTEX_POINT('',#636);
#638=CARTESIAN_POINT('',(38,-91.70128631591797,22));
#639=VERTEX_POINT('',#638);
#640=CARTESIAN_POINT('',(37.61177062988281,-91.65017700195312,22));
#641=VERTEX_POINT('',#640);
#642=CARTESIAN_POINT('',(37.61177062988281,-133.7523956298828,22));
#643=VERTEX_POINT('',#642);
#644=CARTESIAN_POINT('',(37.25,-91.50032043457031,22));
#645=VERTEX_POINT('',#644);
#646=CARTESIAN_POINT('',(37.25,-133.90225219726562,22));
#647=VERTEX_POINT('',#646);
#648=CARTESIAN_POINT('',(36.93933868408203,-91.26194763183594,22));
#649=VERTEX_POINT('',#648);
#650=CARTESIAN_POINT('',(36.93933868408203,-134.140625,22));
#651=VERTEX_POINT('',#650);
#652=CARTESIAN_POINT('',(36.70096206665039,-90.95128631591797,22));
#653=VERTEX_POINT('',#652);
#654=CARTESIAN_POINT('',(36.70096206665039,-134.45127868652344,22));
#655=VERTEX_POINT('',#654);
#656=CARTESIAN_POINT('',(39.448890686035156,-89.81305694580078,22));
#657=VERTEX_POINT('',#656);
#658=CARTESIAN_POINT('',(39.5,-45.20128631591797,22));
#659=VERTEX_POINT('',#658);
#660=CARTESIAN_POINT('',(39.5,-90.20128631591797,22));
#661=VERTEX_POINT('',#660);
#662=CARTESIAN_POINT('',(40,-40.6723747253418,22));
#663=VERTEX_POINT('',#662);
#664=CARTESIAN_POINT('',(39.448890686035156,-45.589515686035156,22));
#665=VERTEX_POINT('',#664);
#666=CARTESIAN_POINT('',(39.29903793334961,-89.45128631591797,22));
#667=VERTEX_POINT('',#666);
#668=CARTESIAN_POINT('',(39.29903793334961,-45.95128631591797,22));
#669=VERTEX_POINT('',#668);
#670=CARTESIAN_POINT('',(39.06066131591797,-89.140625,22));
#671=VERTEX_POINT('',#670);
#672=CARTESIAN_POINT('',(39.06066131591797,-46.26194763183594,22));
#673=VERTEX_POINT('',#672);
#674=CARTESIAN_POINT('',(38.75,-88.9022445678711,22));
#675=VERTEX_POINT('',#674);
#676=CARTESIAN_POINT('',(38.75,-46.50032424926758,22));
#677=VERTEX_POINT('',#676);
#678=CARTESIAN_POINT('',(38.38822937011719,-88.75239562988281,22));
#679=VERTEX_POINT('',#678);
#680=CARTESIAN_POINT('',(38.38822937011719,-46.65017318725586,22));
#681=VERTEX_POINT('',#680);
#682=CARTESIAN_POINT('',(38,-88.70128631591797,22));
#683=VERTEX_POINT('',#682);
#684=CARTESIAN_POINT('',(38,-46.70128631591797,22));
#685=VERTEX_POINT('',#684);
#686=CARTESIAN_POINT('',(37.61177062988281,-46.65017318725586,22));
#687=VERTEX_POINT('',#686);
#688=CARTESIAN_POINT('',(37.61177062988281,-88.75239562988281,22));
#689=VERTEX_POINT('',#688);
#690=CARTESIAN_POINT('',(29.725072860717773,-47.54655838012695,22));
#691=VERTEX_POINT('',#690);
#692=CARTESIAN_POINT('',(26.960952758789062,-48.93950271606445,22));
#693=VERTEX_POINT('',#692);
#694=CARTESIAN_POINT('',(37.25,-88.9022445678711,22));
#695=VERTEX_POINT('',#694);
#696=CARTESIAN_POINT('',(24.131750106811523,-50.195003509521484,22));
#697=VERTEX_POINT('',#696);
#698=CARTESIAN_POINT('',(21.244298934936523,-51.31003189086914,22));
#699=VERTEX_POINT('',#698);
#700=CARTESIAN_POINT('',(36.93933868408203,-89.140625,22));
#701=VERTEX_POINT('',#700);
#702=CARTESIAN_POINT('',(36.70096206665039,-89.45128631591797,22));
#703=VERTEX_POINT('',#702);
#704=CARTESIAN_POINT('',(36.55111312866211,-89.81305694580078,22));
#705=VERTEX_POINT('',#704);
#706=CARTESIAN_POINT('',(36.5,-90.20128631591797,22));
#707=VERTEX_POINT('',#706);
#708=CARTESIAN_POINT('',(36.55111312866211,-90.58951568603516,22));
#709=VERTEX_POINT('',#708);
#710=CARTESIAN_POINT('',(39.448890686035156,-44.81305694580078,22));
#711=VERTEX_POINT('',#710);
#712=CARTESIAN_POINT('',(39.29903793334961,-44.45128631591797,22));
#713=VERTEX_POINT('',#712);
#714=CARTESIAN_POINT('',(39.06066131591797,-44.140625,22));
#715=VERTEX_POINT('',#714);
#716=CARTESIAN_POINT('',(38.75,-43.90224838256836,22));
#717=VERTEX_POINT('',#716);
#718=CARTESIAN_POINT('',(38.38822937011719,-43.75239562988281,22));
#719=VERTEX_POINT('',#718);
#720=CARTESIAN_POINT('',(37.56111145019531,-42.578285217285156,22));
#721=VERTEX_POINT('',#720);
#722=CARTESIAN_POINT('',(38,-43.70128631591797,22));
#723=VERTEX_POINT('',#722);
#724=CARTESIAN_POINT('',(37.61177062988281,-43.75239562988281,22));
#725=VERTEX_POINT('',#724);
#726=CARTESIAN_POINT('',(37.25,-43.90224838256836,22));
#727=VERTEX_POINT('',#726);
#728=CARTESIAN_POINT('',(36.93933868408203,-44.140625,22));
#729=VERTEX_POINT('',#728);
#730=CARTESIAN_POINT('',(35.031558990478516,-44.36210250854492,22));
#731=VERTEX_POINT('',#730);
#732=CARTESIAN_POINT('',(36.70096206665039,-44.45128631591797,22));
#733=VERTEX_POINT('',#732);
#734=CARTESIAN_POINT('',(36.55111312866211,-44.81305694580078,22));
#735=VERTEX_POINT('',#734);
#736=CARTESIAN_POINT('',(36.5,-45.20128631591797,22));
#737=VERTEX_POINT('',#736);
#738=CARTESIAN_POINT('',(36.55111312866211,-45.589515686035156,22));
#739=VERTEX_POINT('',#738);
#740=CARTESIAN_POINT('',(36.70096206665039,-45.95128631591797,22));
#741=VERTEX_POINT('',#740);
#742=CARTESIAN_POINT('',(32.417442321777344,-46.019527435302734,22));
#743=VERTEX_POINT('',#742);
#744=CARTESIAN_POINT('',(36.93933868408203,-46.26194763183594,22));
#745=VERTEX_POINT('',#744);
#746=CARTESIAN_POINT('',(37.25,-46.50032424926758,22));
#747=VERTEX_POINT('',#746);
#748=CARTESIAN_POINT('',(-18.305564880371094,-52.281890869140625,22));
#749=VERTEX_POINT('',#748);
#750=CARTESIAN_POINT('',(-15.32264518737793,-53.10823440551758,22));
#751=VERTEX_POINT('',#750);
#752=CARTESIAN_POINT('',(-3.0943307876586914,-54.9239616394043,22));
#753=VERTEX_POINT('',#752);
#754=CARTESIAN_POINT('',(9.253131866455078,-54.316768646240234,22));
#755=VERTEX_POINT('',#754);
#756=STYLED_ITEM('',(#25),#757);
#757=FACE_SURFACE('',(#762),#758,.T.);
#758=PLANE('',#759);
#759=AXIS2_PLACEMENT_3D('',#40,#760,#761);
#760=DIRECTION('',(-1,0,0));
#761=DIRECTION('',(0,1,0));
#762=FACE_BOUND('',#763,.T.);
#763=EDGE_LOOP('',(#764,#765,#766));
#764=ORIENTED_EDGE('',*,*,#767,.T.);
#765=ORIENTED_EDGE('',*,*,#768,.T.);
#766=ORIENTED_EDGE('',*,*,#769,.T.);
#767=EDGE_CURVE('',#41,#43,#770,.F.);
#768=EDGE_CURVE('',#43,#45,#771,.T.);
#769=EDGE_CURVE('',#45,#41,#772,.T.);
#770=LINE('',#40,#773);
#771=LINE('',#42,#774);
#772=LINE('',#44,#775);
#773=VECTOR('',#776,1.0);
#774=VECTOR('',#777,1.0);
#775=VECTOR('',#778,1.0);
#776=DIRECTION('',(0,1,0));
#777=DIRECTION('',(0,-0.9417418825671904,-0.33633647827555685));
#778=DIRECTION('',(0,0,1));
#779=FACE_SURFACE('',(#784),#780,.T.);
#780=PLANE('',#781);
#781=AXIS2_PLACEMENT_3D('',#44,#782,#783);
#782=DIRECTION('',(-1,0,0));
#783=DIRECTION('',(0,0.9417418825671904,0.33633647827555685));
#784=FACE_BOUND('',#785,.T.);
#785=EDGE_LOOP('',(#786,#787,#788));
#786=ORIENTED_EDGE('',*,*,#789,.T.);
#787=ORIENTED_EDGE('',*,*,#790,.T.);
#788=ORIENTED_EDGE('',*,*,#791,.T.);
#789=EDGE_CURVE('',#45,#43,#792,.F.);
#790=EDGE_CURVE('',#43,#47,#793,.T.);
#791=EDGE_CURVE('',#47,#45,#794,.T.);
#792=LINE('',#44,#795);
#793=LINE('',#42,#796);
#794=LINE('',#46,#797);
#795=VECTOR('',#798,1.0);
#796=VECTOR('',#799,1.0);
#797=VECTOR('',#800,1.0);
#798=DIRECTION('',(0,0.9417418825671904,0.33633647827555685));
#799=DIRECTION('',(0,0,-1));
#800=DIRECTION('',(0,-1,0));
#801=FACE_SURFACE('',(#806),#802,.T.);
#802=PLANE('',#803);
#803=AXIS2_PLACEMENT_3D('',#42,#804,#805);
#804=DIRECTION('',(-0,-1,-0));
#805=DIRECTION('',(-1,0,0));
#806=FACE_BOUND('',#807,.T.);
#807=EDGE_LOOP('',(#808,#809,#810));
#808=ORIENTED_EDGE('',*,*,#811,.T.);
#809=ORIENTED_EDGE('',*,*,#812,.T.);
#810=ORIENTED_EDGE('',*,*,#813,.T.);
#811=EDGE_CURVE('',#43,#49,#814,.F.);
#812=EDGE_CURVE('',#49,#47,#815,.T.);
#813=EDGE_CURVE('',#47,#43,#816,.T.);
#814=LINE('',#42,#817);
#815=LINE('',#48,#818);
#816=LINE('',#46,#819);
#817=VECTOR('',#820,1.0);
#818=VECTOR('',#821,1.0);
#819=VECTOR('',#822,1.0);
#820=DIRECTION('',(-1,0,0));
#821=DIRECTION('',(0.9916720736271014,0,-0.12878858019298484));
#822=DIRECTION('',(0,0,1));
#823=FACE_SURFACE('',(#828),#824,.T.);
#824=PLANE('',#825);
#825=AXIS2_PLACEMENT_3D('',#46,#826,#827);
#826=DIRECTION('',(0,-1,0));
#827=DIRECTION('',(-0.9916720736271014,0,0.12878858019298484));
#828=FACE_BOUND('',#829,.T.);
#829=EDGE_LOOP('',(#830,#831,#832));
#830=ORIENTED_EDGE('',*,*,#833,.T.);
#831=ORIENTED_EDGE('',*,*,#834,.T.);
#832=ORIENTED_EDGE('',*,*,#835,.T.);
#833=EDGE_CURVE('',#47,#49,#836,.F.);
#834=EDGE_CURVE('',#49,#51,#837,.T.);
#835=EDGE_CURVE('',#51,#47,#838,.T.);
#836=LINE('',#46,#839);
#837=LINE('',#48,#840);
#838=LINE('',#50,#841);
#839=VECTOR('',#842,1.0);
#840=VECTOR('',#843,1.0);
#841=VECTOR('',#844,1.0);
#842=DIRECTION('',(-0.9916720736271014,0,0.12878858019298484));
#843=DIRECTION('',(0,0,-1));
#844=DIRECTION('',(1,0,0));
#845=FACE_SURFACE('',(#850),#846,.T.);
#846=PLANE('',#847);
#847=AXIS2_PLACEMENT_3D('',#48,#848,#849);
#848=DIRECTION('',(1,0,0));
#849=DIRECTION('',(0,-1,0));
#850=FACE_BOUND('',#851,.T.);
#851=EDGE_LOOP('',(#852,#853,#854));
#852=ORIENTED_EDGE('',*,*,#855,.T.);
#853=ORIENTED_EDGE('',*,*,#856,.T.);
#854=ORIENTED_EDGE('',*,*,#857,.T.);
#855=EDGE_CURVE('',#49,#53,#858,.F.);
#856=EDGE_CURVE('',#53,#51,#859,.T.);
#857=EDGE_CURVE('',#51,#49,#860,.T.);
#858=LINE('',#48,#861);
#859=LINE('',#52,#862);
#860=LINE('',#50,#863);
#861=VECTOR('',#864,1.0);
#862=VECTOR('',#865,1.0);
#863=VECTOR('',#866,1.0);
#864=DIRECTION('',(0,-1,0));
#865=DIRECTION('',(0,0.9417418825671904,-0.33633647827555685));
#866=DIRECTION('',(0,0,1));
#867=FACE_SURFACE('',(#872),#868,.T.);
#868=PLANE('',#869);
#869=AXIS2_PLACEMENT_3D('',#50,#870,#871);
#870=DIRECTION('',(1,0,0));
#871=DIRECTION('',(0,-0.9417418825671904,0.33633647827555685));
#872=FACE_BOUND('',#873,.T.);
#873=EDGE_LOOP('',(#874,#875,#876));
#874=ORIENTED_EDGE('',*,*,#877,.T.);
#875=ORIENTED_EDGE('',*,*,#878,.T.);
#876=ORIENTED_EDGE('',*,*,#879,.T.);
#877=EDGE_CURVE('',#51,#53,#880,.F.);
#878=EDGE_CURVE('',#53,#55,#881,.T.);
#879=EDGE_CURVE('',#55,#51,#882,.T.);
#880=LINE('',#50,#883);
#881=LINE('',#52,#884);
#882=LINE('',#54,#885);
#883=VECTOR('',#886,1.0);
#884=VECTOR('',#887,1.0);
#885=VECTOR('',#888,1.0);
#886=DIRECTION('',(0,-0.9417418825671904,0.33633647827555685));
#887=DIRECTION('',(0,0,-1));
#888=DIRECTION('',(0,1,0));
#889=FACE_SURFACE('',(#894),#890,.T.);
#890=PLANE('',#891);
#891=AXIS2_PLACEMENT_3D('',#52,#892,#893);
#892=DIRECTION('',(-0,1,0));
#893=DIRECTION('',(1,0,0));
#894=FACE_BOUND('',#895,.T.);
#895=EDGE_LOOP('',(#896,#897,#898));
#896=ORIENTED_EDGE('',*,*,#899,.T.);
#897=ORIENTED_EDGE('',*,*,#900,.T.);
#898=ORIENTED_EDGE('',*,*,#901,.T.);
#899=EDGE_CURVE('',#53,#41,#902,.F.);
#900=EDGE_CURVE('',#41,#55,#903,.T.);
#901=EDGE_CURVE('',#55,#53,#904,.T.);
#902=LINE('',#52,#905);
#903=LINE('',#40,#906);
#904=LINE('',#54,#907);
#905=VECTOR('',#908,1.0);
#906=VECTOR('',#909,1.0);
#907=VECTOR('',#910,1.0);
#908=DIRECTION('',(1,0,0));
#909=DIRECTION('',(-0.9916720736271014,0,-0.12878858019298484));
#910=DIRECTION('',(0,0,1));
#911=FACE_SURFACE('',(#916),#912,.T.);
#912=PLANE('',#913);
#913=AXIS2_PLACEMENT_3D('',#54,#914,#915);
#914=DIRECTION('',(0,1,0));
#915=DIRECTION('',(0.9916720736271014,0,0.12878858019298484));
#916=FACE_BOUND('',#917,.T.);
#917=EDGE_LOOP('',(#918,#919,#920));
#918=ORIENTED_EDGE('',*,*,#921,.T.);
#919=ORIENTED_EDGE('',*,*,#922,.T.);
#920=ORIENTED_EDGE('',*,*,#923,.T.);
#921=EDGE_CURVE('',#55,#41,#924,.F.);
#922=EDGE_CURVE('',#41,#45,#925,.T.);
#923=EDGE_CURVE('',#45,#55,#926,.T.);
#924=LINE('',#54,#927);
#925=LINE('',#40,#928);
#926=LINE('',#44,#929);
#927=VECTOR('',#930,1.0);
#928=VECTOR('',#931,1.0);
#929=VECTOR('',#932,1.0);
#930=DIRECTION('',(0.9916720736271014,0,0.12878858019298484));
#931=DIRECTION('',(0,0,-1));
#932=DIRECTION('',(-1,0,0));
#933=FACE_SURFACE('',(#938),#934,.T.);
#934=PLANE('',#935);
#935=AXIS2_PLACEMENT_3D('',#40,#936,#937);
#936=DIRECTION('',(0,0,1));
#937=DIRECTION('',(0.36305067843463384,0.9317693946938544,0));
#938=FACE_BOUND('',#939,.T.);
#939=EDGE_LOOP('',(#940,#941,#942));
#940=ORIENTED_EDGE('',*,*,#943,.T.);
#941=ORIENTED_EDGE('',*,*,#944,.T.);
#942=ORIENTED_EDGE('',*,*,#945,.T.);
#943=EDGE_CURVE('',#41,#57,#946,.F.);
#944=EDGE_CURVE('',#57,#43,#947,.T.);
#945=EDGE_CURVE('',#43,#41,#948,.T.);
#946=LINE('',#40,#949);
#947=LINE('',#56,#950);
#948=LINE('',#42,#951);
#949=VECTOR('',#952,1.0);
#950=VECTOR('',#953,1.0);
#951=VECTOR('',#954,1.0);
#952=DIRECTION('',(0.36305067843463384,0.9317693946938544,0));
#953=DIRECTION('',(-0.5952752160348338,-0.803521883444802,0));
#954=DIRECTION('',(0,-1,0));
#955=FACE_SURFACE('',(#960),#956,.T.);
#956=PLANE('',#957);
#957=AXIS2_PLACEMENT_3D('',#42,#958,#959);
#958=DIRECTION('',(0,0,1));
#959=DIRECTION('',(0.5952752160348338,0.803521883444802,0));
#960=FACE_BOUND('',#961,.T.);
#961=EDGE_LOOP('',(#962,#963,#964));
#962=ORIENTED_EDGE('',*,*,#965,.T.);
#963=ORIENTED_EDGE('',*,*,#966,.T.);
#964=ORIENTED_EDGE('',*,*,#967,.T.);
#965=EDGE_CURVE('',#43,#57,#968,.F.);
#966=EDGE_CURVE('',#57,#59,#969,.T.);
#967=EDGE_CURVE('',#59,#43,#970,.T.);
#968=LINE('',#42,#971);
#969=LINE('',#56,#972);
#970=LINE('',#58,#973);
#971=VECTOR('',#974,1.0);
#972=VECTOR('',#975,1.0);
#973=VECTOR('',#976,1.0);
#974=DIRECTION('',(0.5952752160348338,0.803521883444802,0));
#975=DIRECTION('',(-0.9852484111644315,-0.17113026704228365,0));
#976=DIRECTION('',(-0.26361657166506575,-0.9646275463325507,0));
#977=FACE_SURFACE('',(#982),#978,.T.);
#978=PLANE('',#979);
#979=AXIS2_PLACEMENT_3D('',#42,#980,#981);
#980=DIRECTION('',(0,-0,1));
#981=DIRECTION('',(0.26361657166506575,0.9646275463325507,0));
#982=FACE_BOUND('',#983,.T.);
#983=EDGE_LOOP('',(#984,#985,#986));
#984=ORIENTED_EDGE('',*,*,#987,.T.);
#985=ORIENTED_EDGE('',*,*,#988,.T.);
#986=ORIENTED_EDGE('',*,*,#989,.T.);
#987=EDGE_CURVE('',#43,#59,#990,.F.);
#988=EDGE_CURVE('',#59,#61,#991,.T.);
#989=EDGE_CURVE('',#61,#43,#992,.T.);
#990=LINE('',#42,#993);
#991=LINE('',#58,#994);
#992=LINE('',#60,#995);
#993=VECTOR('',#996,1.0);
#994=VECTOR('',#997,1.0);
#995=VECTOR('',#998,1.0);
#996=DIRECTION('',(0.26361657166506575,0.9646275463325507,0));
#997=DIRECTION('',(-0.992464575454685,-0.12253189979573359,0));
#998=DIRECTION('',(0.27528923070340816,-0.9613614509947471,0));
#999=FACE_SURFACE('',(#1004),#1000,.T.);
#1000=PLANE('',#1001);
#1001=AXIS2_PLACEMENT_3D('',#52,#1002,#1003);
#1002=DIRECTION('',(-0,0,1));
#1003=DIRECTION('',(0.538662883104089,-0.842521393417396,0));
#1004=FACE_BOUND('',#1005,.T.);
#1005=EDGE_LOOP('',(#1006,#1007,#1008));
#1006=ORIENTED_EDGE('',*,*,#1009,.T.);
#1007=ORIENTED_EDGE('',*,*,#1010,.T.);
#1008=ORIENTED_EDGE('',*,*,#1011,.T.);
#1009=EDGE_CURVE('',#53,#63,#1012,.F.);
#1010=EDGE_CURVE('',#63,#41,#1013,.T.);
#1011=EDGE_CURVE('',#41,#53,#1014,.T.);
#1012=LINE('',#52,#1015);
#1013=LINE('',#62,#1016);
#1014=LINE('',#40,#1017);
#1015=VECTOR('',#1018,1.0);
#1016=VECTOR('',#1019,1.0);
#1017=VECTOR('',#1020,1.0);
#1018=DIRECTION('',(0.538662883104089,-0.842521393417396,0));
#1019=DIRECTION('',(-0.384755553264504,0.9230185069824578,0));
#1020=DIRECTION('',(-1,0,0));
#1021=FACE_SURFACE('',(#1026),#1022,.T.);
#1022=PLANE('',#1023);
#1023=AXIS2_PLACEMENT_3D('',#40,#1024,#1025);
#1024=DIRECTION('',(0,0,1));
#1025=DIRECTION('',(0.384755553264504,-0.9230185069824578,0));
#1026=FACE_BOUND('',#1027,.T.);
#1027=EDGE_LOOP('',(#1028,#1029,#1030));
#1028=ORIENTED_EDGE('',*,*,#1031,.T.);
#1029=ORIENTED_EDGE('',*,*,#1032,.T.);
#1030=ORIENTED_EDGE('',*,*,#1033,.T.);
#1031=EDGE_CURVE('',#41,#63,#1034,.F.);
#1032=EDGE_CURVE('',#63,#65,#1035,.T.);
#1033=EDGE_CURVE('',#65,#41,#1036,.T.);
#1034=LINE('',#40,#1037);
#1035=LINE('',#62,#1038);
#1036=LINE('',#64,#1039);
#1037=VECTOR('',#1040,1.0);
#1038=VECTOR('',#1041,1.0);
#1039=VECTOR('',#1042,1.0);
#1040=DIRECTION('',(0.384755553264504,-0.9230185069824578,0));
#1041=DIRECTION('',(0.3826666839415662,0.9238864697576026,0));
#1042=DIRECTION('',(-0.38818148707606265,0.9215829496531587,0));
#1043=FACE_SURFACE('',(#1048),#1044,.T.);
#1044=PLANE('',#1045);
#1045=AXIS2_PLACEMENT_3D('',#40,#1046,#1047);
#1046=DIRECTION('',(0,0,1));
#1047=DIRECTION('',(0.38818148707606265,-0.9215829496531587,0));
#1048=FACE_BOUND('',#1049,.T.);
#1049=EDGE_LOOP('',(#1050,#1051,#1052));
#1050=ORIENTED_EDGE('',*,*,#1053,.T.);
#1051=ORIENTED_EDGE('',*,*,#1054,.T.);
#1052=ORIENTED_EDGE('',*,*,#1055,.T.);
#1053=EDGE_CURVE('',#41,#65,#1056,.F.);
#1054=EDGE_CURVE('',#65,#67,#1057,.T.);
#1055=EDGE_CURVE('',#67,#41,#1058,.T.);
#1056=LINE('',#40,#1059);
#1057=LINE('',#64,#1060);
#1058=LINE('',#66,#1061);
#1059=VECTOR('',#1062,1.0);
#1060=VECTOR('',#1063,1.0);
#1061=VECTOR('',#1064,1.0);
#1062=DIRECTION('',(0.38818148707606265,-0.9215829496531587,0));
#1063=DIRECTION('',(0,1,0));
#1064=DIRECTION('',(-0.7528925118456143,0.6581434992513421,0));
#1065=FACE_SURFACE('',(#1070),#1066,.T.);
#1066=PLANE('',#1067);
#1067=AXIS2_PLACEMENT_3D('',#66,#1068,#1069);
#1068=DIRECTION('',(0,0,1));
#1069=DIRECTION('',(0,-1,0));
#1070=FACE_BOUND('',#1071,.T.);
#1071=EDGE_LOOP('',(#1072,#1073,#1074));
#1072=ORIENTED_EDGE('',*,*,#1075,.T.);
#1073=ORIENTED_EDGE('',*,*,#1076,.T.);
#1074=ORIENTED_EDGE('',*,*,#1077,.T.);
#1075=EDGE_CURVE('',#67,#65,#1078,.F.);
#1076=EDGE_CURVE('',#65,#69,#1079,.T.);
#1077=EDGE_CURVE('',#69,#67,#1080,.T.);
#1078=LINE('',#66,#1081);
#1079=LINE('',#64,#1082);
#1080=LINE('',#68,#1083);
#1081=VECTOR('',#1084,1.0);
#1082=VECTOR('',#1085,1.0);
#1083=VECTOR('',#1086,1.0);
#1084=DIRECTION('',(0,-1,0));
#1085=DIRECTION('',(0.6087673117897281,0.793348826239951,0));
#1086=DIRECTION('',(-0.005519255305389421,0.9999847687944421,0));
#1087=FACE_SURFACE('',(#1092),#1088,.T.);
#1088=PLANE('',#1089);
#1089=AXIS2_PLACEMENT_3D('',#66,#1090,#1091);
#1090=DIRECTION('',(0,0,1));
#1091=DIRECTION('',(0.005519255305389421,-0.9999847687944421,0));
#1092=FACE_BOUND('',#1093,.T.);
#1093=EDGE_LOOP('',(#1094,#1095,#1096));
#1094=ORIENTED_EDGE('',*,*,#1097,.T.);
#1095=ORIENTED_EDGE('',*,*,#1098,.T.);
#1096=ORIENTED_EDGE('',*,*,#1099,.T.);
#1097=EDGE_CURVE('',#67,#69,#1100,.F.);
#1098=EDGE_CURVE('',#69,#71,#1101,.T.);
#1099=EDGE_CURVE('',#71,#67,#1102,.T.);
#1100=LINE('',#66,#1103);
#1101=LINE('',#68,#1104);
#1102=LINE('',#70,#1105);
#1103=VECTOR('',#1106,1.0);
#1104=VECTOR('',#1107,1.0);
#1105=VECTOR('',#1108,1.0);
#1106=DIRECTION('',(0.005519255305389421,-0.9999847687944421,0));
#1107=DIRECTION('',(0,1,0));
#1108=DIRECTION('',(-0.6087579018137039,0.7933560467907059,0));
#1109=FACE_SURFACE('',(#1114),#1110,.T.);
#1110=PLANE('',#1111);
#1111=AXIS2_PLACEMENT_3D('',#70,#1112,#1113);
#1112=DIRECTION('',(0,0,1));
#1113=DIRECTION('',(0,-1,0));
#1114=FACE_BOUND('',#1115,.T.);
#1115=EDGE_LOOP('',(#1116,#1117,#1118));
#1116=ORIENTED_EDGE('',*,*,#1119,.T.);
#1117=ORIENTED_EDGE('',*,*,#1120,.T.);
#1118=ORIENTED_EDGE('',*,*,#1121,.T.);
#1119=EDGE_CURVE('',#71,#69,#1122,.F.);
#1120=EDGE_CURVE('',#69,#73,#1123,.T.);
#1121=EDGE_CURVE('',#73,#71,#1124,.T.);
#1122=LINE('',#70,#1125);
#1123=LINE('',#68,#1126);
#1124=LINE('',#72,#1127);
#1125=VECTOR('',#1128,1.0);
#1126=VECTOR('',#1129,1.0);
#1127=VECTOR('',#1130,1.0);
#1128=DIRECTION('',(0,-1,0));
#1129=DIRECTION('',(0.7933607517316084,0.608751770109835,0));
#1130=DIRECTION('',(-0.007285432747417995,0.999973460882679,0));
#1131=FACE_SURFACE('',(#1136),#1132,.T.);
#1132=PLANE('',#1133);
#1133=AXIS2_PLACEMENT_3D('',#70,#1134,#1135);
#1134=DIRECTION('',(0,0,1));
#1135=DIRECTION('',(0.007285432747417995,-0.999973460882679,0));
#1136=FACE_BOUND('',#1137,.T.);
#1137=EDGE_LOOP('',(#1138,#1139,#1140));
#1138=ORIENTED_EDGE('',*,*,#1141,.T.);
#1139=ORIENTED_EDGE('',*,*,#1142,.T.);
#1140=ORIENTED_EDGE('',*,*,#1143,.T.);
#1141=EDGE_CURVE('',#71,#73,#1144,.F.);
#1142=EDGE_CURVE('',#73,#75,#1145,.T.);
#1143=EDGE_CURVE('',#75,#71,#1146,.T.);
#1144=LINE('',#70,#1147);
#1145=LINE('',#72,#1148);
#1146=LINE('',#74,#1149);
#1147=VECTOR('',#1150,1.0);
#1148=VECTOR('',#1151,1.0);
#1149=VECTOR('',#1152,1.0);
#1150=DIRECTION('',(0.007285432747417995,-0.999973460882679,0));
#1151=DIRECTION('',(0,1,0));
#1152=DIRECTION('',(-0.7933607517316084,0.608751770109835,0));
#1153=FACE_SURFACE('',(#1158),#1154,.T.);
#1154=PLANE('',#1155);
#1155=AXIS2_PLACEMENT_3D('',#74,#1156,#1157);
#1156=DIRECTION('',(0,0,1));
#1157=DIRECTION('',(0,-1,0));
#1158=FACE_BOUND('',#1159,.T.);
#1159=EDGE_LOOP('',(#1160,#1161,#1162));
#1160=ORIENTED_EDGE('',*,*,#1163,.T.);
#1161=ORIENTED_EDGE('',*,*,#1164,.T.);
#1162=ORIENTED_EDGE('',*,*,#1165,.T.);
#1163=EDGE_CURVE('',#75,#73,#1166,.F.);
#1164=EDGE_CURVE('',#73,#77,#1167,.T.);
#1165=EDGE_CURVE('',#77,#75,#1168,.T.);
#1166=LINE('',#74,#1169);
#1167=LINE('',#72,#1170);
#1168=LINE('',#76,#1171);
#1169=VECTOR('',#1172,1.0);
#1170=VECTOR('',#1173,1.0);
#1171=VECTOR('',#1174,1.0);
#1172=DIRECTION('',(0,-1,0));
#1173=DIRECTION('',(0.9238738748920926,0.38269709078051545,0));
#1174=DIRECTION('',(-0.008561884073484688,0.9999633463988128,0));
#1175=FACE_SURFACE('',(#1180),#1176,.T.);
#1176=PLANE('',#1177);
#1177=AXIS2_PLACEMENT_3D('',#74,#1178,#1179);
#1178=DIRECTION('',(0,0,1));
#1179=DIRECTION('',(0.008561884073484688,-0.9999633463988128,0));
#1180=FACE_BOUND('',#1181,.T.);
#1181=EDGE_LOOP('',(#1182,#1183,#1184));
#1182=ORIENTED_EDGE('',*,*,#1185,.T.);
#1183=ORIENTED_EDGE('',*,*,#1186,.T.);
#1184=ORIENTED_EDGE('',*,*,#1187,.T.);
#1185=EDGE_CURVE('',#75,#77,#1188,.F.);
#1186=EDGE_CURVE('',#77,#79,#1189,.T.);
#1187=EDGE_CURVE('',#79,#75,#1190,.T.);
#1188=LINE('',#74,#1191);
#1189=LINE('',#76,#1192);
#1190=LINE('',#78,#1193);
#1191=VECTOR('',#1194,1.0);
#1192=VECTOR('',#1195,1.0);
#1193=VECTOR('',#1196,1.0);
#1194=DIRECTION('',(0.008561884073484688,-0.9999633463988128,0));
#1195=DIRECTION('',(0,1,0));
#1196=DIRECTION('',(-0.9238738748920926,0.38269709078051545,0));
#1197=FACE_SURFACE('',(#1202),#1198,.T.);
#1198=PLANE('',#1199);
#1199=AXIS2_PLACEMENT_3D('',#78,#1200,#1201);
#1200=DIRECTION('',(0,0,1));
#1201=DIRECTION('',(0,-1,0));
#1202=FACE_BOUND('',#1203,.T.);
#1203=EDGE_LOOP('',(#1204,#1205,#1206));
#1204=ORIENTED_EDGE('',*,*,#1207,.T.);
#1205=ORIENTED_EDGE('',*,*,#1208,.T.);
#1206=ORIENTED_EDGE('',*,*,#1209,.T.);
#1207=EDGE_CURVE('',#79,#77,#1210,.F.);
#1208=EDGE_CURVE('',#77,#81,#1211,.T.);
#1209=EDGE_CURVE('',#81,#79,#1212,.T.);
#1210=LINE('',#78,#1213);
#1211=LINE('',#76,#1214);
#1212=LINE('',#80,#1215);
#1213=VECTOR('',#1216,1.0);
#1214=VECTOR('',#1217,1.0);
#1215=VECTOR('',#1218,1.0);
#1216=DIRECTION('',(0,-1,0));
#1217=DIRECTION('',(0.9914430181377333,0.13054019222424268,0));
#1218=DIRECTION('',(-0.009231929963863118,0.9999573848265446,0));
#1219=FACE_SURFACE('',(#1224),#1220,.T.);
#1220=PLANE('',#1221);
#1221=AXIS2_PLACEMENT_3D('',#78,#1222,#1223);
#1222=DIRECTION('',(0,0,1));
#1223=DIRECTION('',(0.009231929963863118,-0.9999573848265446,0));
#1224=FACE_BOUND('',#1225,.T.);
#1225=EDGE_LOOP('',(#1226,#1227,#1228));
#1226=ORIENTED_EDGE('',*,*,#1229,.T.);
#1227=ORIENTED_EDGE('',*,*,#1230,.T.);
#1228=ORIENTED_EDGE('',*,*,#1231,.T.);
#1229=EDGE_CURVE('',#79,#81,#1232,.F.);
#1230=EDGE_CURVE('',#81,#83,#1233,.T.);
#1231=EDGE_CURVE('',#83,#79,#1234,.T.);
#1232=LINE('',#78,#1235);
#1233=LINE('',#80,#1236);
#1234=LINE('',#82,#1237);
#1235=VECTOR('',#1238,1.0);
#1236=VECTOR('',#1239,1.0);
#1237=VECTOR('',#1240,1.0);
#1238=DIRECTION('',(0.009231929963863118,-0.9999573848265446,0));
#1239=DIRECTION('',(0,1,0));
#1240=DIRECTION('',(-0.9914455395896884,0.13052104055558156,0));
#1241=FACE_SURFACE('',(#1246),#1242,.T.);
#1242=PLANE('',#1243);
#1243=AXIS2_PLACEMENT_3D('',#82,#1244,#1245);
#1244=DIRECTION('',(-0,0,1));
#1245=DIRECTION('',(0,-1,0));
#1246=FACE_BOUND('',#1247,.T.);
#1247=EDGE_LOOP('',(#1248,#1249,#1250));
#1248=ORIENTED_EDGE('',*,*,#1251,.T.);
#1249=ORIENTED_EDGE('',*,*,#1252,.T.);
#1250=ORIENTED_EDGE('',*,*,#1253,.T.);
#1251=EDGE_CURVE('',#83,#81,#1254,.F.);
#1252=EDGE_CURVE('',#81,#85,#1255,.T.);
#1253=EDGE_CURVE('',#85,#83,#1256,.T.);
#1254=LINE('',#82,#1257);
#1255=LINE('',#80,#1258);
#1256=LINE('',#84,#1259);
#1257=VECTOR('',#1260,1.0);
#1258=VECTOR('',#1261,1.0);
#1259=VECTOR('',#1262,1.0);
#1260=DIRECTION('',(0,-1,0));
#1261=DIRECTION('',(0.009231929963863118,0.9999573848265446,0));
#1262=DIRECTION('',(-0.9914455395896884,-0.13052104055558156,0));
#1263=FACE_SURFACE('',(#1268),#1264,.T.);
#1264=PLANE('',#1265);
#1265=AXIS2_PLACEMENT_3D('',#84,#1266,#1267);
#1266=DIRECTION('',(0,0,1));
#1267=DIRECTION('',(-0.009231929963863118,-0.9999573848265446,0));
#1268=FACE_BOUND('',#1269,.T.);
#1269=EDGE_LOOP('',(#1270,#1271,#1272));
#1270=ORIENTED_EDGE('',*,*,#1273,.T.);
#1271=ORIENTED_EDGE('',*,*,#1274,.T.);
#1272=ORIENTED_EDGE('',*,*,#1275,.T.);
#1273=EDGE_CURVE('',#85,#81,#1276,.F.);
#1274=EDGE_CURVE('',#81,#87,#1277,.T.);
#1275=EDGE_CURVE('',#87,#85,#1278,.T.);
#1276=LINE('',#84,#1279);
#1277=LINE('',#80,#1280);
#1278=LINE('',#86,#1281);
#1279=VECTOR('',#1282,1.0);
#1280=VECTOR('',#1283,1.0);
#1281=VECTOR('',#1284,1.0);
#1282=DIRECTION('',(-0.009231929963863118,-0.9999573848265446,0));
#1283=DIRECTION('',(0.9914430181377333,-0.13054019222424268,0));
#1284=DIRECTION('',(0,1,0));
#1285=FACE_SURFACE('',(#1290),#1286,.T.);
#1286=PLANE('',#1287);
#1287=AXIS2_PLACEMENT_3D('',#84,#1288,#1289);
#1288=DIRECTION('',(-0,0,1));
#1289=DIRECTION('',(0,-1,0));
#1290=FACE_BOUND('',#1291,.T.);
#1291=EDGE_LOOP('',(#1292,#1293,#1294));
#1292=ORIENTED_EDGE('',*,*,#1295,.T.);
#1293=ORIENTED_EDGE('',*,*,#1296,.T.);
#1294=ORIENTED_EDGE('',*,*,#1297,.T.);
#1295=EDGE_CURVE('',#85,#87,#1298,.F.);
#1296=EDGE_CURVE('',#87,#89,#1299,.T.);
#1297=EDGE_CURVE('',#89,#85,#1300,.T.);
#1298=LINE('',#84,#1301);
#1299=LINE('',#86,#1302);
#1300=LINE('',#88,#1303);
#1301=VECTOR('',#1304,1.0);
#1302=VECTOR('',#1305,1.0);
#1303=VECTOR('',#1306,1.0);
#1304=DIRECTION('',(0,-1,0));
#1305=DIRECTION('',(0.008561884073484688,0.9999633463988128,0));
#1306=DIRECTION('',(-0.9238738748920926,-0.38269709078051545,0));
#1307=FACE_SURFACE('',(#1312),#1308,.T.);
#1308=PLANE('',#1309);
#1309=AXIS2_PLACEMENT_3D('',#88,#1310,#1311);
#1310=DIRECTION('',(0,0,1));
#1311=DIRECTION('',(-0.008561884073484688,-0.9999633463988128,0));
#1312=FACE_BOUND('',#1313,.T.);
#1313=EDGE_LOOP('',(#1314,#1315,#1316));
#1314=ORIENTED_EDGE('',*,*,#1317,.T.);
#1315=ORIENTED_EDGE('',*,*,#1318,.T.);
#1316=ORIENTED_EDGE('',*,*,#1319,.T.);
#1317=EDGE_CURVE('',#89,#87,#1320,.F.);
#1318=EDGE_CURVE('',#87,#91,#1321,.T.);
#1319=EDGE_CURVE('',#91,#89,#1322,.T.);
#1320=LINE('',#88,#1323);
#1321=LINE('',#86,#1324);
#1322=LINE('',#90,#1325);
#1323=VECTOR('',#1326,1.0);
#1324=VECTOR('',#1327,1.0);
#1325=VECTOR('',#1328,1.0);
#1326=DIRECTION('',(-0.008561884073484688,-0.9999633463988128,0));
#1327=DIRECTION('',(0.9238738748920926,-0.38269709078051545,0));
#1328=DIRECTION('',(0,1,0));
#1329=FACE_SURFACE('',(#1334),#1330,.T.);
#1330=PLANE('',#1331);
#1331=AXIS2_PLACEMENT_3D('',#88,#1332,#1333);
#1332=DIRECTION('',(-0,0,1));
#1333=DIRECTION('',(0,-1,0));
#1334=FACE_BOUND('',#1335,.T.);
#1335=EDGE_LOOP('',(#1336,#1337,#1338));
#1336=ORIENTED_EDGE('',*,*,#1339,.T.);
#1337=ORIENTED_EDGE('',*,*,#1340,.T.);
#1338=ORIENTED_EDGE('',*,*,#1341,.T.);
#1339=EDGE_CURVE('',#89,#91,#1342,.F.);
#1340=EDGE_CURVE('',#91,#93,#1343,.T.);
#1341=EDGE_CURVE('',#93,#89,#1344,.T.);
#1342=LINE('',#88,#1345);
#1343=LINE('',#90,#1346);
#1344=LINE('',#92,#1347);
#1345=VECTOR('',#1348,1.0);
#1346=VECTOR('',#1349,1.0);
#1347=VECTOR('',#1350,1.0);
#1348=DIRECTION('',(0,-1,0));
#1349=DIRECTION('',(0.007285432747417995,0.999973460882679,0));
#1350=DIRECTION('',(-0.7933607517316084,-0.608751770109835,0));
#1351=FACE_SURFACE('',(#1356),#1352,.T.);
#1352=PLANE('',#1353);
#1353=AXIS2_PLACEMENT_3D('',#92,#1354,#1355);
#1354=DIRECTION('',(0,0,1));
#1355=DIRECTION('',(-0.007285432747417995,-0.999973460882679,0));
#1356=FACE_BOUND('',#1357,.T.);
#1357=EDGE_LOOP('',(#1358,#1359,#1360));
#1358=ORIENTED_EDGE('',*,*,#1361,.T.);
#1359=ORIENTED_EDGE('',*,*,#1362,.T.);
#1360=ORIENTED_EDGE('',*,*,#1363,.T.);
#1361=EDGE_CURVE('',#93,#91,#1364,.F.);
#1362=EDGE_CURVE('',#91,#95,#1365,.T.);
#1363=EDGE_CURVE('',#95,#93,#1366,.T.);
#1364=LINE('',#92,#1367);
#1365=LINE('',#90,#1368);
#1366=LINE('',#94,#1369);
#1367=VECTOR('',#1370,1.0);
#1368=VECTOR('',#1371,1.0);
#1369=VECTOR('',#1372,1.0);
#1370=DIRECTION('',(-0.007285432747417995,-0.999973460882679,0));
#1371=DIRECTION('',(0.7933607517316084,-0.608751770109835,0));
#1372=DIRECTION('',(0,1,0));
#1373=FACE_SURFACE('',(#1378),#1374,.T.);
#1374=PLANE('',#1375);
#1375=AXIS2_PLACEMENT_3D('',#92,#1376,#1377);
#1376=DIRECTION('',(-0,0,1));
#1377=DIRECTION('',(0,-1,0));
#1378=FACE_BOUND('',#1379,.T.);
#1379=EDGE_LOOP('',(#1380,#1381,#1382));
#1380=ORIENTED_EDGE('',*,*,#1383,.T.);
#1381=ORIENTED_EDGE('',*,*,#1384,.T.);
#1382=ORIENTED_EDGE('',*,*,#1385,.T.);
#1383=EDGE_CURVE('',#93,#95,#1386,.F.);
#1384=EDGE_CURVE('',#95,#97,#1387,.T.);
#1385=EDGE_CURVE('',#97,#93,#1388,.T.);
#1386=LINE('',#92,#1389);
#1387=LINE('',#94,#1390);
#1388=LINE('',#96,#1391);
#1389=VECTOR('',#1392,1.0);
#1390=VECTOR('',#1393,1.0);
#1391=VECTOR('',#1394,1.0);
#1392=DIRECTION('',(0,-1,0));
#1393=DIRECTION('',(0.005519255305389421,0.9999847687944421,0));
#1394=DIRECTION('',(-0.6087579018137039,-0.7933560467907059,0));
#1395=FACE_SURFACE('',(#1400),#1396,.T.);
#1396=PLANE('',#1397);
#1397=AXIS2_PLACEMENT_3D('',#96,#1398,#1399);
#1398=DIRECTION('',(0,0,1));
#1399=DIRECTION('',(-0.005519255305389421,-0.9999847687944421,0));
#1400=FACE_BOUND('',#1401,.T.);
#1401=EDGE_LOOP('',(#1402,#1403,#1404));
#1402=ORIENTED_EDGE('',*,*,#1405,.T.);
#1403=ORIENTED_EDGE('',*,*,#1406,.T.);
#1404=ORIENTED_EDGE('',*,*,#1407,.T.);
#1405=EDGE_CURVE('',#97,#95,#1408,.F.);
#1406=EDGE_CURVE('',#95,#99,#1409,.T.);
#1407=EDGE_CURVE('',#99,#97,#1410,.T.);
#1408=LINE('',#96,#1411);
#1409=LINE('',#94,#1412);
#1410=LINE('',#98,#1413);
#1411=VECTOR('',#1414,1.0);
#1412=VECTOR('',#1415,1.0);
#1413=VECTOR('',#1416,1.0);
#1414=DIRECTION('',(-0.005519255305389421,-0.9999847687944421,0));
#1415=DIRECTION('',(0.6087673117897281,-0.793348826239951,0));
#1416=DIRECTION('',(0,1,0));
#1417=FACE_SURFACE('',(#1422),#1418,.T.);
#1418=PLANE('',#1419);
#1419=AXIS2_PLACEMENT_3D('',#96,#1420,#1421);
#1420=DIRECTION('',(-0,0,1));
#1421=DIRECTION('',(0,-1,0));
#1422=FACE_BOUND('',#1423,.T.);
#1423=EDGE_LOOP('',(#1424,#1425,#1426));
#1424=ORIENTED_EDGE('',*,*,#1427,.T.);
#1425=ORIENTED_EDGE('',*,*,#1428,.T.);
#1426=ORIENTED_EDGE('',*,*,#1429,.T.);
#1427=EDGE_CURVE('',#97,#99,#1430,.F.);
#1428=EDGE_CURVE('',#99,#101,#1431,.T.);
#1429=EDGE_CURVE('',#101,#97,#1432,.T.);
#1430=LINE('',#96,#1433);
#1431=LINE('',#98,#1434);
#1432=LINE('',#100,#1435);
#1433=VECTOR('',#1436,1.0);
#1434=VECTOR('',#1437,1.0);
#1435=VECTOR('',#1438,1.0);
#1436=DIRECTION('',(0,-1,0));
#1437=DIRECTION('',(0.0034164581603046518,0.9999941638897895,0));
#1438=DIRECTION('',(-0.3826887756846641,-0.9238773192177482,0));
#1439=FACE_SURFACE('',(#1444),#1440,.T.);
#1440=PLANE('',#1441);
#1441=AXIS2_PLACEMENT_3D('',#100,#1442,#1443);
#1442=DIRECTION('',(0,0,1));
#1443=DIRECTION('',(-0.0034164581603046518,-0.9999941638897895,0));
#1444=FACE_BOUND('',#1445,.T.);
#1445=EDGE_LOOP('',(#1446,#1447,#1448));
#1446=ORIENTED_EDGE('',*,*,#1449,.T.);
#1447=ORIENTED_EDGE('',*,*,#1450,.T.);
#1448=ORIENTED_EDGE('',*,*,#1451,.T.);
#1449=EDGE_CURVE('',#101,#99,#1452,.F.);
#1450=EDGE_CURVE('',#99,#103,#1453,.T.);
#1451=EDGE_CURVE('',#103,#101,#1454,.T.);
#1452=LINE('',#100,#1455);
#1453=LINE('',#98,#1456);
#1454=LINE('',#102,#1457);
#1455=VECTOR('',#1458,1.0);
#1456=VECTOR('',#1459,1.0);
#1457=VECTOR('',#1460,1.0);
#1458=DIRECTION('',(-0.0034164581603046518,-0.9999941638897895,0));
#1459=DIRECTION('',(0.3826749989337844,-0.9238830257078156,0));
#1460=DIRECTION('',(0,1,0));
#1461=FACE_SURFACE('',(#1466),#1462,.T.);
#1462=PLANE('',#1463);
#1463=AXIS2_PLACEMENT_3D('',#100,#1464,#1465);
#1464=DIRECTION('',(0,0,1));
#1465=DIRECTION('',(0,-1,0));
#1466=FACE_BOUND('',#1467,.T.);
#1467=EDGE_LOOP('',(#1468,#1469,#1470));
#1468=ORIENTED_EDGE('',*,*,#1471,.T.);
#1469=ORIENTED_EDGE('',*,*,#1472,.T.);
#1470=ORIENTED_EDGE('',*,*,#1473,.T.);
#1471=EDGE_CURVE('',#101,#103,#1474,.F.);
#1472=EDGE_CURVE('',#103,#105,#1475,.T.);
#1473=EDGE_CURVE('',#105,#101,#1476,.T.);
#1474=LINE('',#100,#1477);
#1475=LINE('',#102,#1478);
#1476=LINE('',#104,#1479);
#1477=VECTOR('',#1480,1.0);
#1478=VECTOR('',#1481,1.0);
#1479=VECTOR('',#1482,1.0);
#1480=DIRECTION('',(0,-1,0));
#1481=DIRECTION('',(0.22485291385885428,-0.9743927170957214,0));
#1482=DIRECTION('',(-0.011822569283042489,0.9999301109855366,0));
#1483=FACE_SURFACE('',(#1488),#1484,.T.);
#1484=PLANE('',#1485);
#1485=AXIS2_PLACEMENT_3D('',#104,#1486,#1487);
#1486=DIRECTION('',(0,0,1));
#1487=DIRECTION('',(-0.22485291385885428,0.9743927170957214,0));
#1488=FACE_BOUND('',#1489,.T.);
#1489=EDGE_LOOP('',(#1490,#1491,#1492));
#1490=ORIENTED_EDGE('',*,*,#1493,.T.);
#1491=ORIENTED_EDGE('',*,*,#1494,.T.);
#1492=ORIENTED_EDGE('',*,*,#1495,.T.);
#1493=EDGE_CURVE('',#105,#103,#1496,.F.);
#1494=EDGE_CURVE('',#103,#107,#1497,.T.);
#1495=EDGE_CURVE('',#107,#105,#1498,.T.);
#1496=LINE('',#104,#1499);
#1497=LINE('',#102,#1500);
#1498=LINE('',#106,#1501);
#1499=VECTOR('',#1502,1.0);
#1500=VECTOR('',#1503,1.0);
#1501=VECTOR('',#1504,1.0);
#1502=DIRECTION('',(-0.22485291385885428,0.9743927170957214,0));
#1503=DIRECTION('',(0.13052608329549653,-0.991444875713994,0));
#1504=DIRECTION('',(0.24253562503633297,-0.9701425001453319,0));
#1505=FACE_SURFACE('',(#1510),#1506,.T.);
#1506=PLANE('',#1507);
#1507=AXIS2_PLACEMENT_3D('',#104,#1508,#1509);
#1508=DIRECTION('',(0,0,1));
#1509=DIRECTION('',(-0.24253562503633297,0.9701425001453319,0));
#1510=FACE_BOUND('',#1511,.T.);
#1511=EDGE_LOOP('',(#1512,#1513,#1514));
#1512=ORIENTED_EDGE('',*,*,#1515,.T.);
#1513=ORIENTED_EDGE('',*,*,#1516,.T.);
#1514=ORIENTED_EDGE('',*,*,#1517,.T.);
#1515=EDGE_CURVE('',#105,#107,#1518,.F.);
#1516=EDGE_CURVE('',#107,#109,#1519,.T.);
#1517=EDGE_CURVE('',#109,#105,#1520,.T.);
#1518=LINE('',#104,#1521);
#1519=LINE('',#106,#1522);
#1520=LINE('',#108,#1523);
#1521=VECTOR('',#1524,1.0);
#1522=VECTOR('',#1525,1.0);
#1523=VECTOR('',#1526,1.0);
#1524=DIRECTION('',(-0.24253562503633297,0.9701425001453319,0));
#1525=DIRECTION('',(-0.13052104055558156,-0.9914455395896884,0));
#1526=DIRECTION('',(0.3235374175168748,-0.9462153768918107,0));
#1527=FACE_SURFACE('',(#1532),#1528,.T.);
#1528=PLANE('',#1529);
#1529=AXIS2_PLACEMENT_3D('',#48,#1530,#1531);
#1530=DIRECTION('',(0,0,1));
#1531=DIRECTION('',(-0.5952751762179622,0.8035219129424375,0));
#1532=FACE_BOUND('',#1533,.T.);
#1533=EDGE_LOOP('',(#1534,#1535,#1536));
#1534=ORIENTED_EDGE('',*,*,#1537,.T.);
#1535=ORIENTED_EDGE('',*,*,#1538,.T.);
#1536=ORIENTED_EDGE('',*,*,#1539,.T.);
#1537=EDGE_CURVE('',#49,#111,#1540,.F.);
#1538=EDGE_CURVE('',#111,#53,#1541,.T.);
#1539=EDGE_CURVE('',#53,#49,#1542,.T.);
#1540=LINE('',#48,#1543);
#1541=LINE('',#110,#1544);
#1542=LINE('',#52,#1545);
#1543=VECTOR('',#1546,1.0);
#1544=VECTOR('',#1547,1.0);
#1545=VECTOR('',#1548,1.0);
#1546=DIRECTION('',(-0.5952751762179622,0.8035219129424375,0));
#1547=DIRECTION('',(0.3630506457805101,-0.9317694074170684,0));
#1548=DIRECTION('',(0,1,0));
#1549=FACE_SURFACE('',(#1554),#1550,.T.);
#1550=PLANE('',#1551);
#1551=AXIS2_PLACEMENT_3D('',#52,#1552,#1553);
#1552=DIRECTION('',(0,0,1));
#1553=DIRECTION('',(-0.3630506457805101,0.9317694074170684,0));
#1554=FACE_BOUND('',#1555,.T.);
#1555=EDGE_LOOP('',(#1556,#1557,#1558));
#1556=ORIENTED_EDGE('',*,*,#1559,.T.);
#1557=ORIENTED_EDGE('',*,*,#1560,.T.);
#1558=ORIENTED_EDGE('',*,*,#1561,.T.);
#1559=EDGE_CURVE('',#53,#111,#1562,.F.);
#1560=EDGE_CURVE('',#111,#113,#1563,.T.);
#1561=EDGE_CURVE('',#113,#53,#1564,.T.);
#1562=LINE('',#52,#1565);
#1563=LINE('',#110,#1566);
#1564=LINE('',#112,#1567);
#1565=VECTOR('',#1568,1.0);
#1566=VECTOR('',#1569,1.0);
#1567=VECTOR('',#1570,1.0);
#1568=DIRECTION('',(-0.3630506457805101,0.9317694074170684,0));
#1569=DIRECTION('',(-0.9756539239957599,0.21931580105335777,0));
#1570=DIRECTION('',(0.5208921111762798,-0.85362252109133,0));
#1571=FACE_SURFACE('',(#1576),#1572,.T.);
#1572=PLANE('',#1573);
#1573=AXIS2_PLACEMENT_3D('',#52,#1574,#1575);
#1574=DIRECTION('',(0,0,1));
#1575=DIRECTION('',(-0.5208921111762798,0.85362252109133,0));
#1576=FACE_BOUND('',#1577,.T.);
#1577=EDGE_LOOP('',(#1578,#1579,#1580));
#1578=ORIENTED_EDGE('',*,*,#1581,.T.);
#1579=ORIENTED_EDGE('',*,*,#1582,.T.);
#1580=ORIENTED_EDGE('',*,*,#1583,.T.);
#1581=EDGE_CURVE('',#53,#113,#1584,.F.);
#1582=EDGE_CURVE('',#113,#115,#1585,.T.);
#1583=EDGE_CURVE('',#115,#53,#1586,.T.);
#1584=LINE('',#52,#1587);
#1585=LINE('',#112,#1588);
#1586=LINE('',#114,#1589);
#1587=VECTOR('',#1590,1.0);
#1588=VECTOR('',#1591,1.0);
#1589=VECTOR('',#1592,1.0);
#1590=DIRECTION('',(-0.5208921111762798,0.85362252109133,0));
#1591=DIRECTION('',(-0.9637047371456262,0.2669703721446999,0));
#1592=DIRECTION('',(0.6229413334295473,-0.7822685568939975,0));
#1593=FACE_SURFACE('',(#1598),#1594,.T.);
#1594=PLANE('',#1595);
#1595=AXIS2_PLACEMENT_3D('',#42,#1596,#1597);
#1596=DIRECTION('',(0,0,1));
#1597=DIRECTION('',(-0.8386923823636053,0.5446054422839163,0));
#1598=FACE_BOUND('',#1599,.T.);
#1599=EDGE_LOOP('',(#1600,#1601,#1602));
#1600=ORIENTED_EDGE('',*,*,#1603,.T.);
#1601=ORIENTED_EDGE('',*,*,#1604,.T.);
#1602=ORIENTED_EDGE('',*,*,#1605,.T.);
#1603=EDGE_CURVE('',#43,#117,#1606,.F.);
#1604=EDGE_CURVE('',#117,#49,#1607,.T.);
#1605=EDGE_CURVE('',#49,#43,#1608,.T.);
#1606=LINE('',#42,#1609);
#1607=LINE('',#116,#1610);
#1608=LINE('',#48,#1611);
#1609=VECTOR('',#1612,1.0);
#1610=VECTOR('',#1613,1.0);
#1611=VECTOR('',#1614,1.0);
#1612=DIRECTION('',(-0.8386923823636053,0.5446054422839163,0));
#1613=DIRECTION('',(-0.8386923847051572,-0.5446054386779267,0));
#1614=DIRECTION('',(1,0,0));
#1615=FACE_SURFACE('',(#1620),#1616,.T.);
#1616=PLANE('',#1617);
#1617=AXIS2_PLACEMENT_3D('',#48,#1618,#1619);
#1618=DIRECTION('',(0,0,1));
#1619=DIRECTION('',(0.8386923847051572,0.5446054386779267,0));
#1620=FACE_BOUND('',#1621,.T.);
#1621=EDGE_LOOP('',(#1622,#1623,#1624));
#1622=ORIENTED_EDGE('',*,*,#1625,.T.);
#1623=ORIENTED_EDGE('',*,*,#1626,.T.);
#1624=ORIENTED_EDGE('',*,*,#1627,.T.);
#1625=EDGE_CURVE('',#49,#117,#1628,.F.);
#1626=EDGE_CURVE('',#117,#119,#1629,.T.);
#1627=EDGE_CURVE('',#119,#49,#1630,.T.);
#1628=LINE('',#48,#1631);
#1629=LINE('',#116,#1632);
#1630=LINE('',#118,#1633);
#1631=VECTOR('',#1634,1.0);
#1632=VECTOR('',#1635,1.0);
#1633=VECTOR('',#1636,1.0);
#1634=DIRECTION('',(0.8386923847051572,0.5446054386779267,0));
#1635=DIRECTION('',(-0.9996982095863487,0.024566028369457923,0));
#1636=DIRECTION('',(-0.6719606756542021,-0.7405868283829711,0));
#1637=FACE_SURFACE('',(#1642),#1638,.T.);
#1638=PLANE('',#1639);
#1639=AXIS2_PLACEMENT_3D('',#48,#1640,#1641);
#1640=DIRECTION('',(0,0,1));
#1641=DIRECTION('',(0.6719606756542021,0.7405868283829711,0));
#1642=FACE_BOUND('',#1643,.T.);
#1643=EDGE_LOOP('',(#1644,#1645,#1646));
#1644=ORIENTED_EDGE('',*,*,#1647,.T.);
#1645=ORIENTED_EDGE('',*,*,#1648,.T.);
#1646=ORIENTED_EDGE('',*,*,#1649,.T.);
#1647=EDGE_CURVE('',#49,#119,#1650,.F.);
#1648=EDGE_CURVE('',#119,#121,#1651,.T.);
#1649=EDGE_CURVE('',#121,#49,#1652,.T.);
#1650=LINE('',#48,#1653);
#1651=LINE('',#118,#1654);
#1652=LINE('',#120,#1655);
#1653=VECTOR('',#1656,1.0);
#1654=VECTOR('',#1657,1.0);
#1655=VECTOR('',#1658,1.0);
#1656=DIRECTION('',(0.6719606756542021,0.7405868283829711,0));
#1657=DIRECTION('',(-0.9972850592115452,0.07363769872439452,0));
#1658=DIRECTION('',(-0.2752890477156785,-0.9613615033939079,0));
#1659=FACE_SURFACE('',(#1664),#1660,.T.);
#1660=PLANE('',#1661);
#1661=AXIS2_PLACEMENT_3D('',#122,#1662,#1663);
#1662=DIRECTION('',(0,0,1));
#1663=DIRECTION('',(-0.00114573114656342,0.9999993436498544,0));
#1664=FACE_BOUND('',#1665,.T.);
#1665=EDGE_LOOP('',(#1666,#1667,#1668));
#1666=ORIENTED_EDGE('',*,*,#1669,.T.);
#1667=ORIENTED_EDGE('',*,*,#1670,.T.);
#1668=ORIENTED_EDGE('',*,*,#1671,.T.);
#1669=EDGE_CURVE('',#123,#125,#1672,.F.);
#1670=EDGE_CURVE('',#125,#127,#1673,.T.);
#1671=EDGE_CURVE('',#127,#123,#1674,.T.);
#1672=LINE('',#122,#1675);
#1673=LINE('',#124,#1676);
#1674=LINE('',#126,#1677);
#1675=VECTOR('',#1678,1.0);
#1676=VECTOR('',#1679,1.0);
#1677=VECTOR('',#1680,1.0);
#1678=DIRECTION('',(-0.00114573114656342,0.9999993436498544,0));
#1679=DIRECTION('',(0,-1,0));
#1680=DIRECTION('',(0.13053061640817715,0.9914442789083516,0));
#1681=FACE_SURFACE('',(#1686),#1682,.T.);
#1682=PLANE('',#1683);
#1683=AXIS2_PLACEMENT_3D('',#126,#1684,#1685);
#1684=DIRECTION('',(0,-0,1));
#1685=DIRECTION('',(0,1,0));
#1686=FACE_BOUND('',#1687,.T.);
#1687=EDGE_LOOP('',(#1688,#1689,#1690));
#1688=ORIENTED_EDGE('',*,*,#1691,.T.);
#1689=ORIENTED_EDGE('',*,*,#1692,.T.);
#1690=ORIENTED_EDGE('',*,*,#1693,.T.);
#1691=EDGE_CURVE('',#127,#125,#1694,.F.);
#1692=EDGE_CURVE('',#125,#129,#1695,.T.);
#1693=EDGE_CURVE('',#129,#127,#1696,.T.);
#1694=LINE('',#126,#1697);
#1695=LINE('',#124,#1698);
#1696=LINE('',#128,#1699);
#1697=VECTOR('',#1700,1.0);
#1698=VECTOR('',#1701,1.0);
#1699=VECTOR('',#1702,1.0);
#1700=DIRECTION('',(0,1,0));
#1701=DIRECTION('',(-0.10973507118225533,0.9939608715400348,0));
#1702=DIRECTION('',(0.010094599458380846,-0.9999490482328461,0));
#1703=FACE_SURFACE('',(#1708),#1704,.T.);
#1704=PLANE('',#1705);
#1705=AXIS2_PLACEMENT_3D('',#126,#1706,#1707);
#1706=DIRECTION('',(0,0,1));
#1707=DIRECTION('',(-0.010094599458380846,0.9999490482328461,0));
#1708=FACE_BOUND('',#1709,.T.);
#1709=EDGE_LOOP('',(#1710,#1711,#1712));
#1710=ORIENTED_EDGE('',*,*,#1713,.T.);
#1711=ORIENTED_EDGE('',*,*,#1714,.T.);
#1712=ORIENTED_EDGE('',*,*,#1715,.T.);
#1713=EDGE_CURVE('',#127,#129,#1716,.F.);
#1714=EDGE_CURVE('',#129,#131,#1717,.T.);
#1715=EDGE_CURVE('',#131,#127,#1718,.T.);
#1716=LINE('',#126,#1719);
#1717=LINE('',#128,#1720);
#1718=LINE('',#130,#1721);
#1719=VECTOR('',#1722,1.0);
#1720=VECTOR('',#1723,1.0);
#1721=VECTOR('',#1724,1.0);
#1722=DIRECTION('',(-0.010094599458380846,0.9999490482328461,0));
#1723=DIRECTION('',(0,-1,0));
#1724=DIRECTION('',(0.010637697663955678,0.999943418093449,0));
#1725=FACE_SURFACE('',(#1730),#1726,.T.);
#1726=PLANE('',#1727);
#1727=AXIS2_PLACEMENT_3D('',#124,#1728,#1729);
#1728=DIRECTION('',(0,0,1));
#1729=DIRECTION('',(0.00114573114656342,-0.9999993436498544,0));
#1730=FACE_BOUND('',#1731,.T.);
#1731=EDGE_LOOP('',(#1732,#1733,#1734));
#1732=ORIENTED_EDGE('',*,*,#1735,.T.);
#1733=ORIENTED_EDGE('',*,*,#1736,.T.);
#1734=ORIENTED_EDGE('',*,*,#1737,.T.);
#1735=EDGE_CURVE('',#125,#123,#1738,.F.);
#1736=EDGE_CURVE('',#123,#133,#1739,.T.);
#1737=EDGE_CURVE('',#133,#125,#1740,.T.);
#1738=LINE('',#124,#1741);
#1739=LINE('',#122,#1742);
#1740=LINE('',#132,#1743);
#1741=VECTOR('',#1744,1.0);
#1742=VECTOR('',#1745,1.0);
#1743=VECTOR('',#1746,1.0);
#1744=DIRECTION('',(0.00114573114656342,-0.9999993436498544,0));
#1745=DIRECTION('',(0,1,0));
#1746=DIRECTION('',(-0.13053061640817715,0.9914442789083516,0));
#1747=FACE_SURFACE('',(#1752),#1748,.T.);
#1748=PLANE('',#1749);
#1749=AXIS2_PLACEMENT_3D('',#132,#1750,#1751);
#1750=DIRECTION('',(0,0,1));
#1751=DIRECTION('',(0,-1,0));
#1752=FACE_BOUND('',#1753,.T.);
#1753=EDGE_LOOP('',(#1754,#1755,#1756));
#1754=ORIENTED_EDGE('',*,*,#1757,.T.);
#1755=ORIENTED_EDGE('',*,*,#1758,.T.);
#1756=ORIENTED_EDGE('',*,*,#1759,.T.);
#1757=EDGE_CURVE('',#133,#123,#1760,.F.);
#1758=EDGE_CURVE('',#123,#135,#1761,.T.);
#1759=EDGE_CURVE('',#135,#133,#1762,.T.);
#1760=LINE('',#132,#1763);
#1761=LINE('',#122,#1764);
#1762=LINE('',#134,#1765);
#1763=VECTOR('',#1766,1.0);
#1764=VECTOR('',#1767,1.0);
#1765=VECTOR('',#1768,1.0);
#1766=DIRECTION('',(0,-1,0));
#1767=DIRECTION('',(0.3826804604958137,0.9238807634942465,0));
#1768=DIRECTION('',(-0.0034163705966785926,0.9999941641889447,0));
#1769=FACE_SURFACE('',(#1774),#1770,.T.);
#1770=PLANE('',#1771);
#1771=AXIS2_PLACEMENT_3D('',#132,#1772,#1773);
#1772=DIRECTION('',(0,0,1));
#1773=DIRECTION('',(0.0034163705966785926,-0.9999941641889447,0));
#1774=FACE_BOUND('',#1775,.T.);
#1775=EDGE_LOOP('',(#1776,#1777,#1778));
#1776=ORIENTED_EDGE('',*,*,#1779,.T.);
#1777=ORIENTED_EDGE('',*,*,#1780,.T.);
#1778=ORIENTED_EDGE('',*,*,#1781,.T.);
#1779=EDGE_CURVE('',#133,#135,#1782,.F.);
#1780=EDGE_CURVE('',#135,#137,#1783,.T.);
#1781=EDGE_CURVE('',#137,#133,#1784,.T.);
#1782=LINE('',#132,#1785);
#1783=LINE('',#134,#1786);
#1784=LINE('',#136,#1787);
#1785=VECTOR('',#1788,1.0);
#1786=VECTOR('',#1789,1.0);
#1787=VECTOR('',#1790,1.0);
#1788=DIRECTION('',(0.0034163705966785926,-0.9999941641889447,0));
#1789=DIRECTION('',(0,1,0));
#1790=DIRECTION('',(-0.3826804604958137,0.9238807634942465,0));
#1791=FACE_SURFACE('',(#1796),#1792,.T.);
#1792=PLANE('',#1793);
#1793=AXIS2_PLACEMENT_3D('',#136,#1794,#1795);
#1794=DIRECTION('',(0,0,1));
#1795=DIRECTION('',(0,-1,0));
#1796=FACE_BOUND('',#1797,.T.);
#1797=EDGE_LOOP('',(#1798,#1799,#1800));
#1798=ORIENTED_EDGE('',*,*,#1801,.T.);
#1799=ORIENTED_EDGE('',*,*,#1802,.T.);
#1800=ORIENTED_EDGE('',*,*,#1803,.T.);
#1801=EDGE_CURVE('',#137,#135,#1804,.F.);
#1802=EDGE_CURVE('',#135,#139,#1805,.T.);
#1803=EDGE_CURVE('',#139,#137,#1806,.T.);
#1804=LINE('',#136,#1807);
#1805=LINE('',#134,#1808);
#1806=LINE('',#138,#1809);
#1807=VECTOR('',#1810,1.0);
#1808=VECTOR('',#1811,1.0);
#1809=VECTOR('',#1812,1.0);
#1810=DIRECTION('',(0,-1,0));
#1811=DIRECTION('',(0.6087579018137039,0.7933560467907059,0));
#1812=DIRECTION('',(-0.005519255305389421,0.9999847687944421,0));
#1813=FACE_SURFACE('',(#1818),#1814,.T.);
#1814=PLANE('',#1815);
#1815=AXIS2_PLACEMENT_3D('',#136,#1816,#1817);
#1816=DIRECTION('',(0,0,1));
#1817=DIRECTION('',(0.005519255305389421,-0.9999847687944421,0));
#1818=FACE_BOUND('',#1819,.T.);
#1819=EDGE_LOOP('',(#1820,#1821,#1822));
#1820=ORIENTED_EDGE('',*,*,#1823,.T.);
#1821=ORIENTED_EDGE('',*,*,#1824,.T.);
#1822=ORIENTED_EDGE('',*,*,#1825,.T.);
#1823=EDGE_CURVE('',#137,#139,#1826,.F.);
#1824=EDGE_CURVE('',#139,#141,#1827,.T.);
#1825=EDGE_CURVE('',#141,#137,#1828,.T.);
#1826=LINE('',#136,#1829);
#1827=LINE('',#138,#1830);
#1828=LINE('',#140,#1831);
#1829=VECTOR('',#1832,1.0);
#1830=VECTOR('',#1833,1.0);
#1831=VECTOR('',#1834,1.0);
#1832=DIRECTION('',(0.005519255305389421,-0.9999847687944421,0));
#1833=DIRECTION('',(0,1,0));
#1834=DIRECTION('',(-0.6087579018137039,0.7933560467907059,0));
#1835=FACE_SURFACE('',(#1840),#1836,.T.);
#1836=PLANE('',#1837);
#1837=AXIS2_PLACEMENT_3D('',#140,#1838,#1839);
#1838=DIRECTION('',(0,0,1));
#1839=DIRECTION('',(0,-1,0));
#1840=FACE_BOUND('',#1841,.T.);
#1841=EDGE_LOOP('',(#1842,#1843,#1844));
#1842=ORIENTED_EDGE('',*,*,#1845,.T.);
#1843=ORIENTED_EDGE('',*,*,#1846,.T.);
#1844=ORIENTED_EDGE('',*,*,#1847,.T.);
#1845=EDGE_CURVE('',#141,#139,#1848,.F.);
#1846=EDGE_CURVE('',#139,#143,#1849,.T.);
#1847=EDGE_CURVE('',#143,#141,#1850,.T.);
#1848=LINE('',#140,#1851);
#1849=LINE('',#138,#1852);
#1850=LINE('',#142,#1853);
#1851=VECTOR('',#1854,1.0);
#1852=VECTOR('',#1855,1.0);
#1853=VECTOR('',#1856,1.0);
#1854=DIRECTION('',(0,-1,0));
#1855=DIRECTION('',(0.7933513418582181,0.6087640334084832,0));
#1856=DIRECTION('',(-0.007285434050891342,0.9999734608731824,0));
#1857=FACE_SURFACE('',(#1862),#1858,.T.);
#1858=PLANE('',#1859);
#1859=AXIS2_PLACEMENT_3D('',#140,#1860,#1861);
#1860=DIRECTION('',(0,0,1));
#1861=DIRECTION('',(0.007285434050891342,-0.9999734608731824,0));
#1862=FACE_BOUND('',#1863,.T.);
#1863=EDGE_LOOP('',(#1864,#1865,#1866));
#1864=ORIENTED_EDGE('',*,*,#1867,.T.);
#1865=ORIENTED_EDGE('',*,*,#1868,.T.);
#1866=ORIENTED_EDGE('',*,*,#1869,.T.);
#1867=EDGE_CURVE('',#141,#143,#1870,.F.);
#1868=EDGE_CURVE('',#143,#145,#1871,.T.);
#1869=EDGE_CURVE('',#145,#141,#1872,.T.);
#1870=LINE('',#140,#1873);
#1871=LINE('',#142,#1874);
#1872=LINE('',#144,#1875);
#1873=VECTOR('',#1876,1.0);
#1874=VECTOR('',#1877,1.0);
#1875=VECTOR('',#1878,1.0);
#1876=DIRECTION('',(0.007285434050891342,-0.9999734608731824,0));
#1877=DIRECTION('',(0,1,0));
#1878=DIRECTION('',(-0.7933560467907059,0.6087579018137039,0));
#1879=FACE_SURFACE('',(#1884),#1880,.T.);
#1880=PLANE('',#1881);
#1881=AXIS2_PLACEMENT_3D('',#144,#1882,#1883);
#1882=DIRECTION('',(0,0,1));
#1883=DIRECTION('',(0,-1,0));
#1884=FACE_BOUND('',#1885,.T.);
#1885=EDGE_LOOP('',(#1886,#1887,#1888));
#1886=ORIENTED_EDGE('',*,*,#1889,.T.);
#1887=ORIENTED_EDGE('',*,*,#1890,.T.);
#1888=ORIENTED_EDGE('',*,*,#1891,.T.);
#1889=EDGE_CURVE('',#145,#143,#1892,.F.);
#1890=EDGE_CURVE('',#143,#147,#1893,.T.);
#1891=EDGE_CURVE('',#147,#145,#1894,.T.);
#1892=LINE('',#144,#1895);
#1893=LINE('',#142,#1896);
#1894=LINE('',#146,#1897);
#1895=VECTOR('',#1898,1.0);
#1896=VECTOR('',#1899,1.0);
#1897=VECTOR('',#1900,1.0);
#1898=DIRECTION('',(0,-1,0));
#1899=DIRECTION('',(0.9238807634942465,0.3826804604958137,0));
#1900=DIRECTION('',(-0.008561884846431445,0.9999633463921948,0));
#1901=FACE_SURFACE('',(#1906),#1902,.T.);
#1902=PLANE('',#1903);
#1903=AXIS2_PLACEMENT_3D('',#144,#1904,#1905);
#1904=DIRECTION('',(0,0,1));
#1905=DIRECTION('',(0.008561884846431445,-0.9999633463921948,0));
#1906=FACE_BOUND('',#1907,.T.);
#1907=EDGE_LOOP('',(#1908,#1909,#1910));
#1908=ORIENTED_EDGE('',*,*,#1911,.T.);
#1909=ORIENTED_EDGE('',*,*,#1912,.T.);
#1910=ORIENTED_EDGE('',*,*,#1913,.T.);
#1911=EDGE_CURVE('',#145,#147,#1914,.F.);
#1912=EDGE_CURVE('',#147,#149,#1915,.T.);
#1913=EDGE_CURVE('',#149,#145,#1916,.T.);
#1914=LINE('',#144,#1917);
#1915=LINE('',#146,#1918);
#1916=LINE('',#148,#1919);
#1917=VECTOR('',#1920,1.0);
#1918=VECTOR('',#1921,1.0);
#1919=VECTOR('',#1922,1.0);
#1920=DIRECTION('',(0.008561884846431445,-0.9999633463921948,0));
#1921=DIRECTION('',(0,1,0));
#1922=DIRECTION('',(-0.9238807634942465,0.3826804604958137,0));
#1923=FACE_SURFACE('',(#1928),#1924,.T.);
#1924=PLANE('',#1925);
#1925=AXIS2_PLACEMENT_3D('',#148,#1926,#1927);
#1926=DIRECTION('',(0,0,1));
#1927=DIRECTION('',(0,-1,0));
#1928=FACE_BOUND('',#1929,.T.);
#1929=EDGE_LOOP('',(#1930,#1931,#1932));
#1930=ORIENTED_EDGE('',*,*,#1933,.T.);
#1931=ORIENTED_EDGE('',*,*,#1934,.T.);
#1932=ORIENTED_EDGE('',*,*,#1935,.T.);
#1933=EDGE_CURVE('',#149,#147,#1936,.F.);
#1934=EDGE_CURVE('',#147,#151,#1937,.T.);
#1935=EDGE_CURVE('',#151,#149,#1938,.T.);
#1936=LINE('',#148,#1939);
#1937=LINE('',#146,#1940);
#1938=LINE('',#150,#1941);
#1939=VECTOR('',#1942,1.0);
#1940=VECTOR('',#1943,1.0);
#1941=VECTOR('',#1944,1.0);
#1942=DIRECTION('',(0,-1,0));
#1943=DIRECTION('',(0.9914455395896884,0.13052104055558156,0));
#1944=DIRECTION('',(-0.009231927451633556,0.9999573848497383,0));
#1945=FACE_SURFACE('',(#1950),#1946,.T.);
#1946=PLANE('',#1947);
#1947=AXIS2_PLACEMENT_3D('',#148,#1948,#1949);
#1948=DIRECTION('',(0,0,1));
#1949=DIRECTION('',(0.009231927451633556,-0.9999573848497383,0));
#1950=FACE_BOUND('',#1951,.T.);
#1951=EDGE_LOOP('',(#1952,#1953,#1954));
#1952=ORIENTED_EDGE('',*,*,#1955,.T.);
#1953=ORIENTED_EDGE('',*,*,#1956,.T.);
#1954=ORIENTED_EDGE('',*,*,#1957,.T.);
#1955=EDGE_CURVE('',#149,#151,#1958,.F.);
#1956=EDGE_CURVE('',#151,#153,#1959,.T.);
#1957=EDGE_CURVE('',#153,#149,#1960,.T.);
#1958=LINE('',#148,#1961);
#1959=LINE('',#150,#1962);
#1960=LINE('',#152,#1963);
#1961=VECTOR('',#1964,1.0);
#1962=VECTOR('',#1965,1.0);
#1963=VECTOR('',#1966,1.0);
#1964=DIRECTION('',(0.009231927451633556,-0.9999573848497383,0));
#1965=DIRECTION('',(0,1,0));
#1966=DIRECTION('',(-0.9914442789083516,0.13053061640817715,0));
#1967=FACE_SURFACE('',(#1972),#1968,.T.);
#1968=PLANE('',#1969);
#1969=AXIS2_PLACEMENT_3D('',#152,#1970,#1971);
#1970=DIRECTION('',(-0,0,1));
#1971=DIRECTION('',(0,-1,0));
#1972=FACE_BOUND('',#1973,.T.);
#1973=EDGE_LOOP('',(#1974,#1975,#1976));
#1974=ORIENTED_EDGE('',*,*,#1977,.T.);
#1975=ORIENTED_EDGE('',*,*,#1978,.T.);
#1976=ORIENTED_EDGE('',*,*,#1979,.T.);
#1977=EDGE_CURVE('',#153,#151,#1980,.F.);
#1978=EDGE_CURVE('',#151,#155,#1981,.T.);
#1979=EDGE_CURVE('',#155,#153,#1982,.T.);
#1980=LINE('',#152,#1983);
#1981=LINE('',#150,#1984);
#1982=LINE('',#154,#1985);
#1983=VECTOR('',#1986,1.0);
#1984=VECTOR('',#1987,1.0);
#1985=VECTOR('',#1988,1.0);
#1986=DIRECTION('',(0,-1,0));
#1987=DIRECTION('',(0.009231927451633556,0.9999573848497383,0));
#1988=DIRECTION('',(-0.9914442789083516,-0.13053061640817715,0));
#1989=FACE_SURFACE('',(#1994),#1990,.T.);
#1990=PLANE('',#1991);
#1991=AXIS2_PLACEMENT_3D('',#154,#1992,#1993);
#1992=DIRECTION('',(0,0,1));
#1993=DIRECTION('',(-0.009231927451633556,-0.9999573848497383,0));
#1994=FACE_BOUND('',#1995,.T.);
#1995=EDGE_LOOP('',(#1996,#1997,#1998));
#1996=ORIENTED_EDGE('',*,*,#1999,.T.);
#1997=ORIENTED_EDGE('',*,*,#2000,.T.);
#1998=ORIENTED_EDGE('',*,*,#2001,.T.);
#1999=EDGE_CURVE('',#155,#151,#2002,.F.);
#2000=EDGE_CURVE('',#151,#157,#2003,.T.);
#2001=EDGE_CURVE('',#157,#155,#2004,.T.);
#2002=LINE('',#154,#2005);
#2003=LINE('',#150,#2006);
#2004=LINE('',#156,#2007);
#2005=VECTOR('',#2008,1.0);
#2006=VECTOR('',#2009,1.0);
#2007=VECTOR('',#2010,1.0);
#2008=DIRECTION('',(-0.009231927451633556,-0.9999573848497383,0));
#2009=DIRECTION('',(0.9914455395896884,-0.13052104055558156,0));
#2010=DIRECTION('',(0,1,0));
#2011=FACE_SURFACE('',(#2016),#2012,.T.);
#2012=PLANE('',#2013);
#2013=AXIS2_PLACEMENT_3D('',#154,#2014,#2015);
#2014=DIRECTION('',(0,0,1));
#2015=DIRECTION('',(0,-1,0));
#2016=FACE_BOUND('',#2017,.T.);
#2017=EDGE_LOOP('',(#2018,#2019,#2020));
#2018=ORIENTED_EDGE('',*,*,#2021,.T.);
#2019=ORIENTED_EDGE('',*,*,#2022,.T.);
#2020=ORIENTED_EDGE('',*,*,#2023,.T.);
#2021=EDGE_CURVE('',#155,#157,#2024,.F.);
#2022=EDGE_CURVE('',#157,#159,#2025,.T.);
#2023=EDGE_CURVE('',#159,#155,#2026,.T.);
#2024=LINE('',#154,#2027);
#2025=LINE('',#156,#2028);
#2026=LINE('',#158,#2029);
#2027=VECTOR('',#2030,1.0);
#2028=VECTOR('',#2031,1.0);
#2029=VECTOR('',#2032,1.0);
#2030=DIRECTION('',(0,-1,0));
#2031=DIRECTION('',(0.18798531866198873,0.9821718383091375,0));
#2032=DIRECTION('',(-0.9936028583390412,0.11293077481575718,0));
#2033=FACE_SURFACE('',(#2038),#2034,.T.);
#2034=PLANE('',#2035);
#2035=AXIS2_PLACEMENT_3D('',#158,#2036,#2037);
#2036=DIRECTION('',(0,0,1));
#2037=DIRECTION('',(-0.18798531866198873,-0.9821718383091375,0));
#2038=FACE_BOUND('',#2039,.T.);
#2039=EDGE_LOOP('',(#2040,#2041,#2042));
#2040=ORIENTED_EDGE('',*,*,#2043,.T.);
#2041=ORIENTED_EDGE('',*,*,#2044,.T.);
#2042=ORIENTED_EDGE('',*,*,#2045,.T.);
#2043=EDGE_CURVE('',#159,#157,#2046,.F.);
#2044=EDGE_CURVE('',#157,#161,#2047,.T.);
#2045=EDGE_CURVE('',#161,#159,#2048,.T.);
#2046=LINE('',#158,#2049);
#2047=LINE('',#156,#2050);
#2048=LINE('',#160,#2051);
#2049=VECTOR('',#2052,1.0);
#2050=VECTOR('',#2053,1.0);
#2051=VECTOR('',#2054,1.0);
#2052=DIRECTION('',(-0.18798531866198873,-0.9821718383091375,0));
#2053=DIRECTION('',(0.25843383313755286,0.9660289612065632,0));
#2054=DIRECTION('',(-0.8930161939029693,0.4500245298059365,0));
#2055=FACE_SURFACE('',(#2060),#2056,.T.);
#2056=PLANE('',#2057);
#2057=AXIS2_PLACEMENT_3D('',#160,#2058,#2059);
#2058=DIRECTION('',(0,0,1));
#2059=DIRECTION('',(-0.25843383313755286,-0.9660289612065632,0));
#2060=FACE_BOUND('',#2061,.T.);
#2061=EDGE_LOOP('',(#2062,#2063,#2064));
#2062=ORIENTED_EDGE('',*,*,#2065,.T.);
#2063=ORIENTED_EDGE('',*,*,#2066,.T.);
#2064=ORIENTED_EDGE('',*,*,#2067,.T.);
#2065=EDGE_CURVE('',#161,#157,#2068,.F.);
#2066=EDGE_CURVE('',#157,#163,#2069,.T.);
#2067=EDGE_CURVE('',#163,#161,#2070,.T.);
#2068=LINE('',#160,#2071);
#2069=LINE('',#156,#2072);
#2070=LINE('',#162,#2073);
#2071=VECTOR('',#2074,1.0);
#2072=VECTOR('',#2075,1.0);
#2073=VECTOR('',#2076,1.0);
#2074=DIRECTION('',(-0.25843383313755286,-0.9660289612065632,0));
#2075=DIRECTION('',(0.9238807634942465,-0.3826804604958137,0));
#2076=DIRECTION('',(0.24933455553656564,0.9684174097027497,0));
#2077=FACE_SURFACE('',(#2082),#2078,.T.);
#2078=PLANE('',#2079);
#2079=AXIS2_PLACEMENT_3D('',#160,#2080,#2081);
#2080=DIRECTION('',(0,0,1));
#2081=DIRECTION('',(-0.24933455553656564,-0.9684174097027497,0));
#2082=FACE_BOUND('',#2083,.T.);
#2083=EDGE_LOOP('',(#2084,#2085,#2086));
#2084=ORIENTED_EDGE('',*,*,#2087,.T.);
#2085=ORIENTED_EDGE('',*,*,#2088,.T.);
#2086=ORIENTED_EDGE('',*,*,#2089,.T.);
#2087=EDGE_CURVE('',#161,#163,#2090,.F.);
#2088=EDGE_CURVE('',#163,#165,#2091,.T.);
#2089=EDGE_CURVE('',#165,#161,#2092,.T.);
#2090=LINE('',#160,#2093);
#2091=LINE('',#162,#2094);
#2092=LINE('',#164,#2095);
#2093=VECTOR('',#2096,1.0);
#2094=VECTOR('',#2097,1.0);
#2095=VECTOR('',#2098,1.0);
#2096=DIRECTION('',(-0.24933455553656564,-0.9684174097027497,0));
#2097=DIRECTION('',(0.32097676094936484,0.9470870704061238,0));
#2098=DIRECTION('',(-0.9140419292871105,0.4056197129148151,0));
#2099=FACE_SURFACE('',(#2104),#2100,.T.);
#2100=PLANE('',#2101);
#2101=AXIS2_PLACEMENT_3D('',#164,#2102,#2103);
#2102=DIRECTION('',(0,0,1));
#2103=DIRECTION('',(-0.32097676094936484,-0.9470870704061238,0));
#2104=FACE_BOUND('',#2105,.T.);
#2105=EDGE_LOOP('',(#2106,#2107,#2108));
#2106=ORIENTED_EDGE('',*,*,#2109,.T.);
#2107=ORIENTED_EDGE('',*,*,#2110,.T.);
#2108=ORIENTED_EDGE('',*,*,#2111,.T.);
#2109=EDGE_CURVE('',#165,#163,#2112,.F.);
#2110=EDGE_CURVE('',#163,#167,#2113,.T.);
#2111=EDGE_CURVE('',#167,#165,#2114,.T.);
#2112=LINE('',#164,#2115);
#2113=LINE('',#162,#2116);
#2114=LINE('',#166,#2117);
#2115=VECTOR('',#2118,1.0);
#2116=VECTOR('',#2119,1.0);
#2117=VECTOR('',#2120,1.0);
#2118=DIRECTION('',(-0.32097676094936484,-0.9470870704061238,0));
#2119=DIRECTION('',(0.3917419677277919,0.9200751223246706,0));
#2120=DIRECTION('',(-0.9328608706234004,0.36023686105082475,0));
#2121=FACE_SURFACE('',(#2126),#2122,.T.);
#2122=PLANE('',#2123);
#2123=AXIS2_PLACEMENT_3D('',#166,#2124,#2125);
#2124=DIRECTION('',(0,0,1));
#2125=DIRECTION('',(-0.3917419677277919,-0.9200751223246706,0));
#2126=FACE_BOUND('',#2127,.T.);
#2127=EDGE_LOOP('',(#2128,#2129,#2130));
#2128=ORIENTED_EDGE('',*,*,#2131,.T.);
#2129=ORIENTED_EDGE('',*,*,#2132,.T.);
#2130=ORIENTED_EDGE('',*,*,#2133,.T.);
#2131=EDGE_CURVE('',#167,#163,#2134,.F.);
#2132=EDGE_CURVE('',#163,#169,#2135,.T.);
#2133=EDGE_CURVE('',#169,#167,#2136,.T.);
#2134=LINE('',#166,#2137);
#2135=LINE('',#162,#2138);
#2136=LINE('',#168,#2139);
#2137=VECTOR('',#2140,1.0);
#2138=VECTOR('',#2141,1.0);
#2139=VECTOR('',#2142,1.0);
#2140=DIRECTION('',(-0.3917419677277919,-0.9200751223246706,0));
#2141=DIRECTION('',(0.7933513418582181,-0.6087640334084832,0));
#2142=DIRECTION('',(0.3832063550008692,0.9236627574428602,0));
#2143=FACE_SURFACE('',(#2148),#2144,.T.);
#2144=PLANE('',#2145);
#2145=AXIS2_PLACEMENT_3D('',#166,#2146,#2147);
#2146=DIRECTION('',(0,0,1));
#2147=DIRECTION('',(-0.3832063550008692,-0.9236627574428602,0));
#2148=FACE_BOUND('',#2149,.T.);
#2149=EDGE_LOOP('',(#2150,#2151,#2152));
#2150=ORIENTED_EDGE('',*,*,#2153,.T.);
#2151=ORIENTED_EDGE('',*,*,#2154,.T.);
#2152=ORIENTED_EDGE('',*,*,#2155,.T.);
#2153=EDGE_CURVE('',#167,#169,#2156,.F.);
#2154=EDGE_CURVE('',#169,#53,#2157,.T.);
#2155=EDGE_CURVE('',#53,#167,#2158,.T.);
#2156=LINE('',#166,#2159);
#2157=LINE('',#168,#2160);
#2158=LINE('',#52,#2161);
#2159=VECTOR('',#2162,1.0);
#2160=VECTOR('',#2163,1.0);
#2161=VECTOR('',#2164,1.0);
#2162=DIRECTION('',(-0.3832063550008692,-0.9236627574428602,0));
#2163=DIRECTION('',(0.7789267756731664,0.6271148843229641,0));
#2164=DIRECTION('',(-0.6879168880148959,0.7257894702900429,0));
#2165=FACE_SURFACE('',(#2170),#2166,.T.);
#2166=PLANE('',#2167);
#2167=AXIS2_PLACEMENT_3D('',#52,#2168,#2169);
#2168=DIRECTION('',(0,0,1));
#2169=DIRECTION('',(-0.7789267756731664,-0.6271148843229641,0));
#2170=FACE_BOUND('',#2171,.T.);
#2171=EDGE_LOOP('',(#2172,#2173,#2174));
#2172=ORIENTED_EDGE('',*,*,#2175,.T.);
#2173=ORIENTED_EDGE('',*,*,#2176,.T.);
#2174=ORIENTED_EDGE('',*,*,#2177,.T.);
#2175=EDGE_CURVE('',#53,#169,#2178,.F.);
#2176=EDGE_CURVE('',#169,#171,#2179,.T.);
#2177=EDGE_CURVE('',#171,#53,#2180,.T.);
#2178=LINE('',#52,#2181);
#2179=LINE('',#168,#2182);
#2180=LINE('',#170,#2183);
#2181=VECTOR('',#2184,1.0);
#2182=VECTOR('',#2185,1.0);
#2183=VECTOR('',#2186,1.0);
#2184=DIRECTION('',(-0.7789267756731664,-0.6271148843229641,0));
#2185=DIRECTION('',(0.6087579018137039,-0.7933560467907059,0));
#2186=DIRECTION('',(0.7723464041112857,0.6352015680525094,0));
#2187=FACE_SURFACE('',(#2192),#2188,.T.);
#2188=PLANE('',#2189);
#2189=AXIS2_PLACEMENT_3D('',#52,#2190,#2191);
#2190=DIRECTION('',(0,0,1));
#2191=DIRECTION('',(-0.7723464041112857,-0.6352015680525094,0));
#2192=FACE_BOUND('',#2193,.T.);
#2193=EDGE_LOOP('',(#2194,#2195,#2196));
#2194=ORIENTED_EDGE('',*,*,#2197,.T.);
#2195=ORIENTED_EDGE('',*,*,#2198,.T.);
#2196=ORIENTED_EDGE('',*,*,#2199,.T.);
#2197=EDGE_CURVE('',#53,#171,#2200,.F.);
#2198=EDGE_CURVE('',#171,#173,#2201,.T.);
#2199=EDGE_CURVE('',#173,#53,#2202,.T.);
#2200=LINE('',#52,#2203);
#2201=LINE('',#170,#2204);
#2202=LINE('',#172,#2205);
#2203=VECTOR('',#2206,1.0);
#2204=VECTOR('',#2207,1.0);
#2205=VECTOR('',#2208,1.0);
#2206=DIRECTION('',(-0.7723464041112857,-0.6352015680525094,0));
#2207=DIRECTION('',(0.3826887756846641,-0.9238773192177482,0));
#2208=DIRECTION('',(0.7659907941437445,0.6428515406274109,0));
#2209=FACE_SURFACE('',(#2214),#2210,.T.);
#2210=PLANE('',#2211);
#2211=AXIS2_PLACEMENT_3D('',#172,#2212,#2213);
#2212=DIRECTION('',(-0,0,1));
#2213=DIRECTION('',(0.13052104055558156,-0.9914455395896884,0));
#2214=FACE_BOUND('',#2215,.T.);
#2215=EDGE_LOOP('',(#2216,#2217,#2218));
#2216=ORIENTED_EDGE('',*,*,#2219,.T.);
#2217=ORIENTED_EDGE('',*,*,#2220,.T.);
#2218=ORIENTED_EDGE('',*,*,#2221,.T.);
#2219=EDGE_CURVE('',#173,#175,#2222,.F.);
#2220=EDGE_CURVE('',#175,#53,#2223,.T.);
#2221=EDGE_CURVE('',#53,#173,#2224,.T.);
#2222=LINE('',#172,#2225);
#2223=LINE('',#174,#2226);
#2224=LINE('',#52,#2227);
#2225=VECTOR('',#2228,1.0);
#2226=VECTOR('',#2229,1.0);
#2227=VECTOR('',#2230,1.0);
#2228=DIRECTION('',(0.13052104055558156,-0.9914455395896884,0));
#2229=DIRECTION('',(0.760356883454355,0.649505511742264,0));
#2230=DIRECTION('',(-0.7659907941437445,-0.6428515406274109,0));
#2231=FACE_SURFACE('',(#2236),#2232,.T.);
#2232=PLANE('',#2233);
#2233=AXIS2_PLACEMENT_3D('',#52,#2234,#2235);
#2234=DIRECTION('',(0,0,1));
#2235=DIRECTION('',(-0.760356883454355,-0.649505511742264,0));
#2236=FACE_BOUND('',#2237,.T.);
#2237=EDGE_LOOP('',(#2238,#2239,#2240));
#2238=ORIENTED_EDGE('',*,*,#2241,.T.);
#2239=ORIENTED_EDGE('',*,*,#2242,.T.);
#2240=ORIENTED_EDGE('',*,*,#2243,.T.);
#2241=EDGE_CURVE('',#53,#175,#2244,.F.);
#2242=EDGE_CURVE('',#175,#177,#2245,.T.);
#2243=EDGE_CURVE('',#177,#53,#2246,.T.);
#2244=LINE('',#52,#2247);
#2245=LINE('',#174,#2248);
#2246=LINE('',#176,#2249);
#2247=VECTOR('',#2250,1.0);
#2248=VECTOR('',#2251,1.0);
#2249=VECTOR('',#2252,1.0);
#2250=DIRECTION('',(-0.760356883454355,-0.649505511742264,0));
#2251=DIRECTION('',(-0.13052104055558156,-0.9914455395896884,0));
#2252=DIRECTION('',(0.7558806628353861,0.654709419171236,0));
#2253=FACE_SURFACE('',(#2258),#2254,.T.);
#2254=PLANE('',#2255);
#2255=AXIS2_PLACEMENT_3D('',#52,#2256,#2257);
#2256=DIRECTION('',(0,0,1));
#2257=DIRECTION('',(-0.7558806628353861,-0.654709419171236,0));
#2258=FACE_BOUND('',#2259,.T.);
#2259=EDGE_LOOP('',(#2260,#2261,#2262));
#2260=ORIENTED_EDGE('',*,*,#2263,.T.);
#2261=ORIENTED_EDGE('',*,*,#2264,.T.);
#2262=ORIENTED_EDGE('',*,*,#2265,.T.);
#2263=EDGE_CURVE('',#53,#177,#2266,.F.);
#2264=EDGE_CURVE('',#177,#63,#2267,.T.);
#2265=EDGE_CURVE('',#63,#53,#2268,.T.);
#2266=LINE('',#52,#2269);
#2267=LINE('',#176,#2270);
#2268=LINE('',#62,#2271);
#2269=VECTOR('',#2272,1.0);
#2270=VECTOR('',#2273,1.0);
#2271=VECTOR('',#2274,1.0);
#2272=DIRECTION('',(-0.7558806628353861,-0.654709419171236,0));
#2273=DIRECTION('',(0.8556168872378658,-0.5176096427554119,0));
#2274=DIRECTION('',(-0.538662883104089,0.842521393417396,0));
#2275=FACE_SURFACE('',(#2280),#2276,.T.);
#2276=PLANE('',#2277);
#2277=AXIS2_PLACEMENT_3D('',#62,#2278,#2279);
#2278=DIRECTION('',(0,0,1));
#2279=DIRECTION('',(-0.8556168872378658,0.5176096427554119,0));
#2280=FACE_BOUND('',#2281,.T.);
#2281=EDGE_LOOP('',(#2282,#2283,#2284));
#2282=ORIENTED_EDGE('',*,*,#2285,.T.);
#2283=ORIENTED_EDGE('',*,*,#2286,.T.);
#2284=ORIENTED_EDGE('',*,*,#2287,.T.);
#2285=EDGE_CURVE('',#63,#177,#2288,.F.);
#2286=EDGE_CURVE('',#177,#179,#2289,.T.);
#2287=EDGE_CURVE('',#179,#63,#2290,.T.);
#2288=LINE('',#62,#2291);
#2289=LINE('',#176,#2292);
#2290=LINE('',#178,#2293);
#2291=VECTOR('',#2294,1.0);
#2292=VECTOR('',#2295,1.0);
#2293=VECTOR('',#2296,1.0);
#2294=DIRECTION('',(-0.8556168872378658,0.5176096427554119,0));
#2295=DIRECTION('',(0,-1,0));
#2296=DIRECTION('',(1,0,0));
#2297=FACE_SURFACE('',(#2302),#2298,.T.);
#2298=PLANE('',#2299);
#2299=AXIS2_PLACEMENT_3D('',#62,#2300,#2301);
#2300=DIRECTION('',(0,0,1));
#2301=DIRECTION('',(-1,0,0));
#2302=FACE_BOUND('',#2303,.T.);
#2303=EDGE_LOOP('',(#2304,#2305,#2306));
#2304=ORIENTED_EDGE('',*,*,#2307,.T.);
#2305=ORIENTED_EDGE('',*,*,#2308,.T.);
#2306=ORIENTED_EDGE('',*,*,#2309,.T.);
#2307=EDGE_CURVE('',#63,#179,#2310,.F.);
#2308=EDGE_CURVE('',#179,#181,#2311,.T.);
#2309=EDGE_CURVE('',#181,#63,#2312,.T.);
#2310=LINE('',#62,#2313);
#2311=LINE('',#178,#2314);
#2312=LINE('',#180,#2315);
#2313=VECTOR('',#2316,1.0);
#2314=VECTOR('',#2317,1.0);
#2315=VECTOR('',#2318,1.0);
#2316=DIRECTION('',(-1,0,0));
#2317=DIRECTION('',(0.9999858795086096,-0.005314205810149092,0));
#2318=DIRECTION('',(0.13053565950523363,0.9914436149360859,0));
#2319=FACE_SURFACE('',(#2324),#2320,.T.);
#2320=PLANE('',#2321);
#2321=AXIS2_PLACEMENT_3D('',#180,#2322,#2323);
#2322=DIRECTION('',(0,0,1));
#2323=DIRECTION('',(-0.9999858795086096,0.005314205810149092,0));
#2324=FACE_BOUND('',#2325,.T.);
#2325=EDGE_LOOP('',(#2326,#2327,#2328));
#2326=ORIENTED_EDGE('',*,*,#2329,.T.);
#2327=ORIENTED_EDGE('',*,*,#2330,.T.);
#2328=ORIENTED_EDGE('',*,*,#2331,.T.);
#2329=EDGE_CURVE('',#181,#179,#2332,.F.);
#2330=EDGE_CURVE('',#179,#183,#2333,.T.);
#2331=EDGE_CURVE('',#183,#181,#2334,.T.);
#2332=LINE('',#180,#2335);
#2333=LINE('',#178,#2336);
#2334=LINE('',#182,#2337);
#2335=VECTOR('',#2338,1.0);
#2336=VECTOR('',#2339,1.0);
#2337=VECTOR('',#2340,1.0);
#2338=DIRECTION('',(-0.9999858795086096,0.005314205810149092,0));
#2339=DIRECTION('',(0.13052608329549653,-0.991444875713994,0));
#2340=DIRECTION('',(1,0,0));
#2341=FACE_SURFACE('',(#2346),#2342,.T.);
#2342=PLANE('',#2343);
#2343=AXIS2_PLACEMENT_3D('',#180,#2344,#2345);
#2344=DIRECTION('',(0,0,1));
#2345=DIRECTION('',(-1,0,0));
#2346=FACE_BOUND('',#2347,.T.);
#2347=EDGE_LOOP('',(#2348,#2349,#2350));
#2348=ORIENTED_EDGE('',*,*,#2351,.T.);
#2349=ORIENTED_EDGE('',*,*,#2352,.T.);
#2350=ORIENTED_EDGE('',*,*,#2353,.T.);
#2351=EDGE_CURVE('',#181,#183,#2354,.F.);
#2352=EDGE_CURVE('',#183,#185,#2355,.T.);
#2353=EDGE_CURVE('',#185,#181,#2356,.T.);
#2354=LINE('',#180,#2357);
#2355=LINE('',#182,#2358);
#2356=LINE('',#184,#2359);
#2357=VECTOR('',#2360,1.0);
#2358=VECTOR('',#2361,1.0);
#2359=VECTOR('',#2362,1.0);
#2360=DIRECTION('',(-1,0,0));
#2361=DIRECTION('',(0.9999858784000718,-0.005314414402058166,0));
#2362=DIRECTION('',(-0.13053061640817715,0.9914442789083516,0));
#2363=FACE_SURFACE('',(#2368),#2364,.T.);
#2364=PLANE('',#2365);
#2365=AXIS2_PLACEMENT_3D('',#184,#2366,#2367);
#2366=DIRECTION('',(0,0,1));
#2367=DIRECTION('',(-0.9999858784000718,0.005314414402058166,0));
#2368=FACE_BOUND('',#2369,.T.);
#2369=EDGE_LOOP('',(#2370,#2371,#2372));
#2370=ORIENTED_EDGE('',*,*,#2373,.T.);
#2371=ORIENTED_EDGE('',*,*,#2374,.T.);
#2372=ORIENTED_EDGE('',*,*,#2375,.T.);
#2373=EDGE_CURVE('',#185,#183,#2376,.F.);
#2374=EDGE_CURVE('',#183,#187,#2377,.T.);
#2375=EDGE_CURVE('',#187,#185,#2378,.T.);
#2376=LINE('',#184,#2379);
#2377=LINE('',#182,#2380);
#2378=LINE('',#186,#2381);
#2379=VECTOR('',#2382,1.0);
#2380=VECTOR('',#2383,1.0);
#2381=VECTOR('',#2384,1.0);
#2382=DIRECTION('',(-0.9999858784000718,0.005314414402058166,0));
#2383=DIRECTION('',(-0.13052104055558156,-0.9914455395896884,0));
#2384=DIRECTION('',(1,0,0));
#2385=FACE_SURFACE('',(#2390),#2386,.T.);
#2386=PLANE('',#2387);
#2387=AXIS2_PLACEMENT_3D('',#184,#2388,#2389);
#2388=DIRECTION('',(0,0,1));
#2389=DIRECTION('',(-1,0,0));
#2390=FACE_BOUND('',#2391,.T.);
#2391=EDGE_LOOP('',(#2392,#2393,#2394));
#2392=ORIENTED_EDGE('',*,*,#2395,.T.);
#2393=ORIENTED_EDGE('',*,*,#2396,.T.);
#2394=ORIENTED_EDGE('',*,*,#2397,.T.);
#2395=EDGE_CURVE('',#185,#187,#2398,.F.);
#2396=EDGE_CURVE('',#187,#189,#2399,.T.);
#2397=EDGE_CURVE('',#189,#185,#2400,.T.);
#2398=LINE('',#184,#2401);
#2399=LINE('',#186,#2402);
#2400=LINE('',#188,#2403);
#2401=VECTOR('',#2404,1.0);
#2402=VECTOR('',#2405,1.0);
#2403=VECTOR('',#2406,1.0);
#2404=DIRECTION('',(-1,0,0));
#2405=DIRECTION('',(0.999987804802108,-0.004938648303044768,0));
#2406=DIRECTION('',(-0.3826804604958137,0.9238807634942465,0));
#2407=FACE_SURFACE('',(#2412),#2408,.T.);
#2408=PLANE('',#2409);
#2409=AXIS2_PLACEMENT_3D('',#188,#2410,#2411);
#2410=DIRECTION('',(0,0,1));
#2411=DIRECTION('',(-0.999987804802108,0.004938648303044768,0));
#2412=FACE_BOUND('',#2413,.T.);
#2413=EDGE_LOOP('',(#2414,#2415,#2416));
#2414=ORIENTED_EDGE('',*,*,#2417,.T.);
#2415=ORIENTED_EDGE('',*,*,#2418,.T.);
#2416=ORIENTED_EDGE('',*,*,#2419,.T.);
#2417=EDGE_CURVE('',#189,#187,#2420,.F.);
#2418=EDGE_CURVE('',#187,#191,#2421,.T.);
#2419=EDGE_CURVE('',#191,#189,#2422,.T.);
#2420=LINE('',#188,#2423);
#2421=LINE('',#186,#2424);
#2422=LINE('',#190,#2425);
#2423=VECTOR('',#2426,1.0);
#2424=VECTOR('',#2427,1.0);
#2425=VECTOR('',#2428,1.0);
#2426=DIRECTION('',(-0.999987804802108,0.004938648303044768,0));
#2427=DIRECTION('',(-0.3826887756846641,-0.9238773192177482,0));
#2428=DIRECTION('',(1,0,0));
#2429=FACE_SURFACE('',(#2434),#2430,.T.);
#2430=PLANE('',#2431);
#2431=AXIS2_PLACEMENT_3D('',#188,#2432,#2433);
#2432=DIRECTION('',(0,0,1));
#2433=DIRECTION('',(-1,0,0));
#2434=FACE_BOUND('',#2435,.T.);
#2435=EDGE_LOOP('',(#2436,#2437,#2438));
#2436=ORIENTED_EDGE('',*,*,#2439,.T.);
#2437=ORIENTED_EDGE('',*,*,#2440,.T.);
#2438=ORIENTED_EDGE('',*,*,#2441,.T.);
#2439=EDGE_CURVE('',#189,#191,#2442,.F.);
#2440=EDGE_CURVE('',#191,#193,#2443,.T.);
#2441=EDGE_CURVE('',#193,#189,#2444,.T.);
#2442=LINE('',#188,#2445);
#2443=LINE('',#190,#2446);
#2444=LINE('',#192,#2447);
#2445=VECTOR('',#2448,1.0);
#2446=VECTOR('',#2449,1.0);
#2447=VECTOR('',#2450,1.0);
#2448=DIRECTION('',(-1,0,0));
#2449=DIRECTION('',(0.9999911012544997,-0.004218697881207811,0));
#2450=DIRECTION('',(-0.6087484920429461,0.7933632670066336,0));
#2451=FACE_SURFACE('',(#2456),#2452,.T.);
#2452=PLANE('',#2453);
#2453=AXIS2_PLACEMENT_3D('',#192,#2454,#2455);
#2454=DIRECTION('',(0,0,1));
#2455=DIRECTION('',(-0.9999911012544997,0.004218697881207811,0));
#2456=FACE_BOUND('',#2457,.T.);
#2457=EDGE_LOOP('',(#2458,#2459,#2460));
#2458=ORIENTED_EDGE('',*,*,#2461,.T.);
#2459=ORIENTED_EDGE('',*,*,#2462,.T.);
#2460=ORIENTED_EDGE('',*,*,#2463,.T.);
#2461=EDGE_CURVE('',#193,#191,#2464,.F.);
#2462=EDGE_CURVE('',#191,#195,#2465,.T.);
#2463=EDGE_CURVE('',#195,#193,#2466,.T.);
#2464=LINE('',#192,#2467);
#2465=LINE('',#190,#2468);
#2466=LINE('',#194,#2469);
#2467=VECTOR('',#2470,1.0);
#2468=VECTOR('',#2471,1.0);
#2469=VECTOR('',#2472,1.0);
#2470=DIRECTION('',(-0.9999911012544997,0.004218697881207811,0));
#2471=DIRECTION('',(-0.6087484920429461,-0.7933632670066336,0));
#2472=DIRECTION('',(1,0,0));
#2473=FACE_SURFACE('',(#2478),#2474,.T.);
#2474=PLANE('',#2475);
#2475=AXIS2_PLACEMENT_3D('',#192,#2476,#2477);
#2476=DIRECTION('',(0,0,1));
#2477=DIRECTION('',(-1,0,0));
#2478=FACE_BOUND('',#2479,.T.);
#2479=EDGE_LOOP('',(#2480,#2481,#2482));
#2480=ORIENTED_EDGE('',*,*,#2483,.T.);
#2481=ORIENTED_EDGE('',*,*,#2484,.T.);
#2482=ORIENTED_EDGE('',*,*,#2485,.T.);
#2483=EDGE_CURVE('',#193,#195,#2486,.F.);
#2484=EDGE_CURVE('',#195,#197,#2487,.T.);
#2485=EDGE_CURVE('',#197,#193,#2488,.T.);
#2486=LINE('',#192,#2489);
#2487=LINE('',#194,#2490);
#2488=LINE('',#196,#2491);
#2489=VECTOR('',#2492,1.0);
#2490=VECTOR('',#2493,1.0);
#2491=VECTOR('',#2494,1.0);
#2492=DIRECTION('',(-1,0,0));
#2493=DIRECTION('',(0.9999948382490337,-0.003213016540400499,0));
#2494=DIRECTION('',(-0.7933607517316084,0.608751770109835,0));
#2495=FACE_SURFACE('',(#2500),#2496,.T.);
#2496=PLANE('',#2497);
#2497=AXIS2_PLACEMENT_3D('',#196,#2498,#2499);
#2498=DIRECTION('',(0,0,1));
#2499=DIRECTION('',(-0.9999948382490337,0.003213016540400499,0));
#2500=FACE_BOUND('',#2501,.T.);
#2501=EDGE_LOOP('',(#2502,#2503,#2504));
#2502=ORIENTED_EDGE('',*,*,#2505,.T.);
#2503=ORIENTED_EDGE('',*,*,#2506,.T.);
#2504=ORIENTED_EDGE('',*,*,#2507,.T.);
#2505=EDGE_CURVE('',#197,#195,#2508,.F.);
#2506=EDGE_CURVE('',#195,#199,#2509,.T.);
#2507=EDGE_CURVE('',#199,#197,#2510,.T.);
#2508=LINE('',#196,#2511);
#2509=LINE('',#194,#2512);
#2510=LINE('',#198,#2513);
#2511=VECTOR('',#2514,1.0);
#2512=VECTOR('',#2515,1.0);
#2513=VECTOR('',#2516,1.0);
#2514=DIRECTION('',(-0.9999948382490337,0.003213016540400499,0));
#2515=DIRECTION('',(-0.7933607517316084,-0.608751770109835,0));
#2516=DIRECTION('',(1,0,0));
#2517=FACE_SURFACE('',(#2522),#2518,.T.);
#2518=PLANE('',#2519);
#2519=AXIS2_PLACEMENT_3D('',#196,#2520,#2521);
#2520=DIRECTION('',(0,0,1));
#2521=DIRECTION('',(-1,0,0));
#2522=FACE_BOUND('',#2523,.T.);
#2523=EDGE_LOOP('',(#2524,#2525,#2526));
#2524=ORIENTED_EDGE('',*,*,#2527,.T.);
#2525=ORIENTED_EDGE('',*,*,#2528,.T.);
#2526=ORIENTED_EDGE('',*,*,#2529,.T.);
#2527=EDGE_CURVE('',#197,#199,#2530,.F.);
#2528=EDGE_CURVE('',#199,#201,#2531,.T.);
#2529=EDGE_CURVE('',#201,#197,#2532,.T.);
#2530=LINE('',#196,#2533);
#2531=LINE('',#198,#2534);
#2532=LINE('',#200,#2535);
#2533=VECTOR('',#2536,1.0);
#2534=VECTOR('',#2537,1.0);
#2535=VECTOR('',#2538,1.0);
#2536=DIRECTION('',(-1,0,0));
#2537=DIRECTION('',(0.9999979964505292,-0.002001772946016156,0));
#2538=DIRECTION('',(-0.9238738748920926,0.38269709078051545,0));
#2539=FACE_SURFACE('',(#2544),#2540,.T.);
#2540=PLANE('',#2541);
#2541=AXIS2_PLACEMENT_3D('',#200,#2542,#2543);
#2542=DIRECTION('',(0,0,1));
#2543=DIRECTION('',(-0.9999979964505292,0.002001772946016156,0));
#2544=FACE_BOUND('',#2545,.T.);
#2545=EDGE_LOOP('',(#2546,#2547,#2548));
#2546=ORIENTED_EDGE('',*,*,#2549,.T.);
#2547=ORIENTED_EDGE('',*,*,#2550,.T.);
#2548=ORIENTED_EDGE('',*,*,#2551,.T.);
#2549=EDGE_CURVE('',#201,#199,#2552,.F.);
#2550=EDGE_CURVE('',#199,#203,#2553,.T.);
#2551=EDGE_CURVE('',#203,#201,#2554,.T.);
#2552=LINE('',#200,#2555);
#2553=LINE('',#198,#2556);
#2554=LINE('',#202,#2557);
#2555=VECTOR('',#2558,1.0);
#2556=VECTOR('',#2559,1.0);
#2557=VECTOR('',#2560,1.0);
#2558=DIRECTION('',(-0.9999979964505292,0.002001772946016156,0));
#2559=DIRECTION('',(-0.9238738748920926,-0.38269709078051545,0));
#2560=DIRECTION('',(1,0,0));
#2561=FACE_SURFACE('',(#2566),#2562,.T.);
#2562=PLANE('',#2563);
#2563=AXIS2_PLACEMENT_3D('',#200,#2564,#2565);
#2564=DIRECTION('',(0,0,1));
#2565=DIRECTION('',(-1,0,0));
#2566=FACE_BOUND('',#2567,.T.);
#2567=EDGE_LOOP('',(#2568,#2569,#2570));
#2568=ORIENTED_EDGE('',*,*,#2571,.T.);
#2569=ORIENTED_EDGE('',*,*,#2572,.T.);
#2570=ORIENTED_EDGE('',*,*,#2573,.T.);
#2571=EDGE_CURVE('',#201,#203,#2574,.F.);
#2572=EDGE_CURVE('',#203,#105,#2575,.T.);
#2573=EDGE_CURVE('',#105,#201,#2576,.T.);
#2574=LINE('',#200,#2577);
#2575=LINE('',#202,#2578);
#2576=LINE('',#104,#2579);
#2577=VECTOR('',#2580,1.0);
#2578=VECTOR('',#2581,1.0);
#2579=VECTOR('',#2582,1.0);
#2580=DIRECTION('',(-1,0,0));
#2581=DIRECTION('',(0.9999747906367773,-0.007100569761200481,0));
#2582=DIRECTION('',(-0.9743937138380541,0.22484859446499694,0));
#2583=FACE_SURFACE('',(#2588),#2584,.T.);
#2584=PLANE('',#2585);
#2585=AXIS2_PLACEMENT_3D('',#104,#2586,#2587);
#2586=DIRECTION('',(0,0,1));
#2587=DIRECTION('',(-0.9999747906367773,0.007100569761200481,0));
#2588=FACE_BOUND('',#2589,.T.);
#2589=EDGE_LOOP('',(#2590,#2591,#2592));
#2590=ORIENTED_EDGE('',*,*,#2593,.T.);
#2591=ORIENTED_EDGE('',*,*,#2594,.T.);
#2592=ORIENTED_EDGE('',*,*,#2595,.T.);
#2593=EDGE_CURVE('',#105,#203,#2596,.F.);
#2594=EDGE_CURVE('',#203,#131,#2597,.T.);
#2595=EDGE_CURVE('',#131,#105,#2598,.T.);
#2596=LINE('',#104,#2599);
#2597=LINE('',#202,#2600);
#2598=LINE('',#130,#2601);
#2599=VECTOR('',#2602,1.0);
#2600=VECTOR('',#2603,1.0);
#2601=VECTOR('',#2604,1.0);
#2602=DIRECTION('',(-0.9999747906367773,0.007100569761200481,0));
#2603=DIRECTION('',(-0.9743937138380541,-0.22484859446499694,0));
#2604=DIRECTION('',(1,0,0));
#2605=FACE_SURFACE('',(#2610),#2606,.T.);
#2606=PLANE('',#2607);
#2607=AXIS2_PLACEMENT_3D('',#130,#2608,#2609);
#2608=DIRECTION('',(0,0,1));
#2609=DIRECTION('',(0.9743937138380541,0.22484859446499694,0));
#2610=FACE_BOUND('',#2611,.T.);
#2611=EDGE_LOOP('',(#2612,#2613,#2614));
#2612=ORIENTED_EDGE('',*,*,#2615,.T.);
#2613=ORIENTED_EDGE('',*,*,#2616,.T.);
#2614=ORIENTED_EDGE('',*,*,#2617,.T.);
#2615=EDGE_CURVE('',#131,#203,#2618,.F.);
#2616=EDGE_CURVE('',#203,#205,#2619,.T.);
#2617=EDGE_CURVE('',#205,#131,#2620,.T.);
#2618=LINE('',#130,#2621);
#2619=LINE('',#202,#2622);
#2620=LINE('',#204,#2623);
#2621=VECTOR('',#2624,1.0);
#2622=VECTOR('',#2625,1.0);
#2623=VECTOR('',#2626,1.0);
#2624=DIRECTION('',(0.9743937138380541,0.22484859446499694,0));
#2625=DIRECTION('',(-0.9914480606845127,-0.13050188874081017,0));
#2626=DIRECTION('',(-0.9701425001453319,-0.24253562503633297,0));
#2627=FACE_SURFACE('',(#2632),#2628,.T.);
#2628=PLANE('',#2629);
#2629=AXIS2_PLACEMENT_3D('',#130,#2630,#2631);
#2630=DIRECTION('',(0,0,1));
#2631=DIRECTION('',(0.9701425001453319,0.24253562503633297,0));
#2632=FACE_BOUND('',#2633,.T.);
#2633=EDGE_LOOP('',(#2634,#2635,#2636));
#2634=ORIENTED_EDGE('',*,*,#2637,.T.);
#2635=ORIENTED_EDGE('',*,*,#2638,.T.);
#2636=ORIENTED_EDGE('',*,*,#2639,.T.);
#2637=EDGE_CURVE('',#131,#205,#2640,.F.);
#2638=EDGE_CURVE('',#205,#207,#2641,.T.);
#2639=EDGE_CURVE('',#207,#131,#2642,.T.);
#2640=LINE('',#130,#2643);
#2641=LINE('',#204,#2644);
#2642=LINE('',#206,#2645);
#2643=VECTOR('',#2646,1.0);
#2644=VECTOR('',#2647,1.0);
#2645=VECTOR('',#2648,1.0);
#2646=DIRECTION('',(0.9701425001453319,0.24253562503633297,0));
#2647=DIRECTION('',(-0.9914480606845127,0.13050188874081017,0));
#2648=DIRECTION('',(-0.9462167480554607,-0.3235334073930367,0));
#2649=FACE_SURFACE('',(#2654),#2650,.T.);
#2650=PLANE('',#2651);
#2651=AXIS2_PLACEMENT_3D('',#176,#2652,#2653);
#2652=DIRECTION('',(0,0,1));
#2653=DIRECTION('',(-0.3826887756846641,-0.9238773192177482,0));
#2654=FACE_BOUND('',#2655,.T.);
#2655=EDGE_LOOP('',(#2656,#2657,#2658));
#2656=ORIENTED_EDGE('',*,*,#2659,.T.);
#2657=ORIENTED_EDGE('',*,*,#2660,.T.);
#2658=ORIENTED_EDGE('',*,*,#2661,.T.);
#2659=EDGE_CURVE('',#177,#209,#2662,.F.);
#2660=EDGE_CURVE('',#209,#179,#2663,.T.);
#2661=EDGE_CURVE('',#179,#177,#2664,.T.);
#2662=LINE('',#176,#2665);
#2663=LINE('',#208,#2666);
#2664=LINE('',#178,#2667);
#2665=VECTOR('',#2668,1.0);
#2666=VECTOR('',#2669,1.0);
#2667=VECTOR('',#2670,1.0);
#2668=DIRECTION('',(-0.3826887756846641,-0.9238773192177482,0));
#2669=DIRECTION('',(0.0034164569717890923,-0.99999416389385,0));
#2670=DIRECTION('',(0,1,0));
#2671=FACE_SURFACE('',(#2676),#2672,.T.);
#2672=PLANE('',#2673);
#2673=AXIS2_PLACEMENT_3D('',#178,#2674,#2675);
#2674=DIRECTION('',(0,0,1));
#2675=DIRECTION('',(-0.0034164569717890923,0.99999416389385,0));
#2676=FACE_BOUND('',#2677,.T.);
#2677=EDGE_LOOP('',(#2678,#2679,#2680));
#2678=ORIENTED_EDGE('',*,*,#2681,.T.);
#2679=ORIENTED_EDGE('',*,*,#2682,.T.);
#2680=ORIENTED_EDGE('',*,*,#2683,.T.);
#2681=EDGE_CURVE('',#179,#209,#2684,.F.);
#2682=EDGE_CURVE('',#209,#211,#2685,.T.);
#2683=EDGE_CURVE('',#211,#179,#2686,.T.);
#2684=LINE('',#178,#2687);
#2685=LINE('',#208,#2688);
#2686=LINE('',#210,#2689);
#2687=VECTOR('',#2690,1.0);
#2688=VECTOR('',#2691,1.0);
#2689=VECTOR('',#2692,1.0);
#2690=DIRECTION('',(-0.0034164569717890923,0.99999416389385,0));
#2691=DIRECTION('',(0,-1,0));
#2692=DIRECTION('',(0.3826749989337844,-0.9238830257078156,0));
#2693=FACE_SURFACE('',(#2698),#2694,.T.);
#2694=PLANE('',#2695);
#2695=AXIS2_PLACEMENT_3D('',#210,#2696,#2697);
#2696=DIRECTION('',(0,-0,1));
#2697=DIRECTION('',(0,1,0));
#2698=FACE_BOUND('',#2699,.T.);
#2699=EDGE_LOOP('',(#2700,#2701,#2702));
#2700=ORIENTED_EDGE('',*,*,#2703,.T.);
#2701=ORIENTED_EDGE('',*,*,#2704,.T.);
#2702=ORIENTED_EDGE('',*,*,#2705,.T.);
#2703=EDGE_CURVE('',#211,#209,#2706,.F.);
#2704=EDGE_CURVE('',#209,#213,#2707,.T.);
#2705=EDGE_CURVE('',#213,#211,#2708,.T.);
#2706=LINE('',#210,#2709);
#2707=LINE('',#208,#2710);
#2708=LINE('',#212,#2711);
#2709=VECTOR('',#2712,1.0);
#2710=VECTOR('',#2713,1.0);
#2711=VECTOR('',#2714,1.0);
#2712=DIRECTION('',(0,1,0));
#2713=DIRECTION('',(-0.005519255305389421,-0.9999847687944421,0));
#2714=DIRECTION('',(0.6087673117897281,-0.793348826239951,0));
#2715=FACE_SURFACE('',(#2720),#2716,.T.);
#2716=PLANE('',#2717);
#2717=AXIS2_PLACEMENT_3D('',#212,#2718,#2719);
#2718=DIRECTION('',(0,0,1));
#2719=DIRECTION('',(0.005519255305389421,0.9999847687944421,0));
#2720=FACE_BOUND('',#2721,.T.);
#2721=EDGE_LOOP('',(#2722,#2723,#2724));
#2722=ORIENTED_EDGE('',*,*,#2725,.T.);
#2723=ORIENTED_EDGE('',*,*,#2726,.T.);
#2724=ORIENTED_EDGE('',*,*,#2727,.T.);
#2725=EDGE_CURVE('',#213,#209,#2728,.F.);
#2726=EDGE_CURVE('',#209,#215,#2729,.T.);
#2727=EDGE_CURVE('',#215,#213,#2730,.T.);
#2728=LINE('',#212,#2731);
#2729=LINE('',#208,#2732);
#2730=LINE('',#214,#2733);
#2731=VECTOR('',#2734,1.0);
#2732=VECTOR('',#2735,1.0);
#2733=VECTOR('',#2736,1.0);
#2734=DIRECTION('',(0.005519255305389421,0.9999847687944421,0));
#2735=DIRECTION('',(-0.6087579018137039,-0.7933560467907059,0));
#2736=DIRECTION('',(0,-1,0));
#2737=FACE_SURFACE('',(#2742),#2738,.T.);
#2738=PLANE('',#2739);
#2739=AXIS2_PLACEMENT_3D('',#212,#2740,#2741);
#2740=DIRECTION('',(0,-0,1));
#2741=DIRECTION('',(0,1,0));
#2742=FACE_BOUND('',#2743,.T.);
#2743=EDGE_LOOP('',(#2744,#2745,#2746));
#2744=ORIENTED_EDGE('',*,*,#2747,.T.);
#2745=ORIENTED_EDGE('',*,*,#2748,.T.);
#2746=ORIENTED_EDGE('',*,*,#2749,.T.);
#2747=EDGE_CURVE('',#213,#215,#2750,.F.);
#2748=EDGE_CURVE('',#215,#217,#2751,.T.);
#2749=EDGE_CURVE('',#217,#213,#2752,.T.);
#2750=LINE('',#212,#2753);
#2751=LINE('',#214,#2754);
#2752=LINE('',#216,#2755);
#2753=VECTOR('',#2756,1.0);
#2754=VECTOR('',#2757,1.0);
#2755=VECTOR('',#2758,1.0);
#2756=DIRECTION('',(0,1,0));
#2757=DIRECTION('',(-0.007285432747417995,-0.999973460882679,0));
#2758=DIRECTION('',(0.7933607517316084,-0.608751770109835,0));
#2759=FACE_SURFACE('',(#2764),#2760,.T.);
#2760=PLANE('',#2761);
#2761=AXIS2_PLACEMENT_3D('',#216,#2762,#2763);
#2762=DIRECTION('',(0,0,1));
#2763=DIRECTION('',(0.007285432747417995,0.999973460882679,0));
#2764=FACE_BOUND('',#2765,.T.);
#2765=EDGE_LOOP('',(#2766,#2767,#2768));
#2766=ORIENTED_EDGE('',*,*,#2769,.T.);
#2767=ORIENTED_EDGE('',*,*,#2770,.T.);
#2768=ORIENTED_EDGE('',*,*,#2771,.T.);
#2769=EDGE_CURVE('',#217,#215,#2772,.F.);
#2770=EDGE_CURVE('',#215,#219,#2773,.T.);
#2771=EDGE_CURVE('',#219,#217,#2774,.T.);
#2772=LINE('',#216,#2775);
#2773=LINE('',#214,#2776);
#2774=LINE('',#218,#2777);
#2775=VECTOR('',#2778,1.0);
#2776=VECTOR('',#2779,1.0);
#2777=VECTOR('',#2780,1.0);
#2778=DIRECTION('',(0.007285432747417995,0.999973460882679,0));
#2779=DIRECTION('',(-0.7933607517316084,-0.608751770109835,0));
#2780=DIRECTION('',(0,-1,0));
#2781=FACE_SURFACE('',(#2786),#2782,.T.);
#2782=PLANE('',#2783);
#2783=AXIS2_PLACEMENT_3D('',#216,#2784,#2785);
#2784=DIRECTION('',(0,-0,1));
#2785=DIRECTION('',(0,1,0));
#2786=FACE_BOUND('',#2787,.T.);
#2787=EDGE_LOOP('',(#2788,#2789,#2790));
#2788=ORIENTED_EDGE('',*,*,#2791,.T.);
#2789=ORIENTED_EDGE('',*,*,#2792,.T.);
#2790=ORIENTED_EDGE('',*,*,#2793,.T.);
#2791=EDGE_CURVE('',#217,#219,#2794,.F.);
#2792=EDGE_CURVE('',#219,#221,#2795,.T.);
#2793=EDGE_CURVE('',#221,#217,#2796,.T.);
#2794=LINE('',#216,#2797);
#2795=LINE('',#218,#2798);
#2796=LINE('',#220,#2799);
#2797=VECTOR('',#2800,1.0);
#2798=VECTOR('',#2801,1.0);
#2799=VECTOR('',#2802,1.0);
#2800=DIRECTION('',(0,1,0));
#2801=DIRECTION('',(-0.008561884073484688,-0.9999633463988128,0));
#2802=DIRECTION('',(0.9238738748920926,-0.38269709078051545,0));
#2803=FACE_SURFACE('',(#2808),#2804,.T.);
#2804=PLANE('',#2805);
#2805=AXIS2_PLACEMENT_3D('',#220,#2806,#2807);
#2806=DIRECTION('',(0,0,1));
#2807=DIRECTION('',(0.008561884073484688,0.9999633463988128,0));
#2808=FACE_BOUND('',#2809,.T.);
#2809=EDGE_LOOP('',(#2810,#2811,#2812));
#2810=ORIENTED_EDGE('',*,*,#2813,.T.);
#2811=ORIENTED_EDGE('',*,*,#2814,.T.);
#2812=ORIENTED_EDGE('',*,*,#2815,.T.);
#2813=EDGE_CURVE('',#221,#219,#2816,.F.);
#2814=EDGE_CURVE('',#219,#223,#2817,.T.);
#2815=EDGE_CURVE('',#223,#221,#2818,.T.);
#2816=LINE('',#220,#2819);
#2817=LINE('',#218,#2820);
#2818=LINE('',#222,#2821);
#2819=VECTOR('',#2822,1.0);
#2820=VECTOR('',#2823,1.0);
#2821=VECTOR('',#2824,1.0);
#2822=DIRECTION('',(0.008561884073484688,0.9999633463988128,0));
#2823=DIRECTION('',(-0.9238738748920926,-0.38269709078051545,0));
#2824=DIRECTION('',(0,-1,0));
#2825=FACE_SURFACE('',(#2830),#2826,.T.);
#2826=PLANE('',#2827);
#2827=AXIS2_PLACEMENT_3D('',#220,#2828,#2829);
#2828=DIRECTION('',(0,-0,1));
#2829=DIRECTION('',(0,1,0));
#2830=FACE_BOUND('',#2831,.T.);
#2831=EDGE_LOOP('',(#2832,#2833,#2834));
#2832=ORIENTED_EDGE('',*,*,#2835,.T.);
#2833=ORIENTED_EDGE('',*,*,#2836,.T.);
#2834=ORIENTED_EDGE('',*,*,#2837,.T.);
#2835=EDGE_CURVE('',#221,#223,#2838,.F.);
#2836=EDGE_CURVE('',#223,#225,#2839,.T.);
#2837=EDGE_CURVE('',#225,#221,#2840,.T.);
#2838=LINE('',#220,#2841);
#2839=LINE('',#222,#2842);
#2840=LINE('',#224,#2843);
#2841=VECTOR('',#2844,1.0);
#2842=VECTOR('',#2845,1.0);
#2843=VECTOR('',#2846,1.0);
#2844=DIRECTION('',(0,1,0));
#2845=DIRECTION('',(-0.009231929963863118,-0.9999573848265446,0));
#2846=DIRECTION('',(0.9914430181377333,-0.13054019222424268,0));
#2847=FACE_SURFACE('',(#2852),#2848,.T.);
#2848=PLANE('',#2849);
#2849=AXIS2_PLACEMENT_3D('',#224,#2850,#2851);
#2850=DIRECTION('',(0,0,1));
#2851=DIRECTION('',(0.009231929963863118,0.9999573848265446,0));
#2852=FACE_BOUND('',#2853,.T.);
#2853=EDGE_LOOP('',(#2854,#2855,#2856));
#2854=ORIENTED_EDGE('',*,*,#2857,.T.);
#2855=ORIENTED_EDGE('',*,*,#2858,.T.);
#2856=ORIENTED_EDGE('',*,*,#2859,.T.);
#2857=EDGE_CURVE('',#225,#223,#2860,.F.);
#2858=EDGE_CURVE('',#223,#227,#2861,.T.);
#2859=EDGE_CURVE('',#227,#225,#2862,.T.);
#2860=LINE('',#224,#2863);
#2861=LINE('',#222,#2864);
#2862=LINE('',#226,#2865);
#2863=VECTOR('',#2866,1.0);
#2864=VECTOR('',#2867,1.0);
#2865=VECTOR('',#2868,1.0);
#2866=DIRECTION('',(0.009231929963863118,0.9999573848265446,0));
#2867=DIRECTION('',(-0.9914455395896884,-0.13052104055558156,0));
#2868=DIRECTION('',(0,-1,0));
#2869=FACE_SURFACE('',(#2874),#2870,.T.);
#2870=PLANE('',#2871);
#2871=AXIS2_PLACEMENT_3D('',#224,#2872,#2873);
#2872=DIRECTION('',(0,-0,1));
#2873=DIRECTION('',(0,1,0));
#2874=FACE_BOUND('',#2875,.T.);
#2875=EDGE_LOOP('',(#2876,#2877,#2878));
#2876=ORIENTED_EDGE('',*,*,#2879,.T.);
#2877=ORIENTED_EDGE('',*,*,#2880,.T.);
#2878=ORIENTED_EDGE('',*,*,#2881,.T.);
#2879=EDGE_CURVE('',#225,#227,#2882,.F.);
#2880=EDGE_CURVE('',#227,#229,#2883,.T.);
#2881=EDGE_CURVE('',#229,#225,#2884,.T.);
#2882=LINE('',#224,#2885);
#2883=LINE('',#226,#2886);
#2884=LINE('',#228,#2887);
#2885=VECTOR('',#2888,1.0);
#2886=VECTOR('',#2889,1.0);
#2887=VECTOR('',#2890,1.0);
#2888=DIRECTION('',(0,1,0));
#2889=DIRECTION('',(-0.9914455395896884,0.13052104055558156,0));
#2890=DIRECTION('',(0.009231929963863118,-0.9999573848265446,0));
#2891=FACE_SURFACE('',(#2896),#2892,.T.);
#2892=PLANE('',#2893);
#2893=AXIS2_PLACEMENT_3D('',#224,#2894,#2895);
#2894=DIRECTION('',(0,0,1));
#2895=DIRECTION('',(-0.009231929963863118,0.9999573848265446,0));
#2896=FACE_BOUND('',#2897,.T.);
#2897=EDGE_LOOP('',(#2898,#2899,#2900));
#2898=ORIENTED_EDGE('',*,*,#2901,.T.);
#2899=ORIENTED_EDGE('',*,*,#2902,.T.);
#2900=ORIENTED_EDGE('',*,*,#2903,.T.);
#2901=EDGE_CURVE('',#225,#229,#2904,.F.);
#2902=EDGE_CURVE('',#229,#231,#2905,.T.);
#2903=EDGE_CURVE('',#231,#225,#2906,.T.);
#2904=LINE('',#224,#2907);
#2905=LINE('',#228,#2908);
#2906=LINE('',#230,#2909);
#2907=VECTOR('',#2910,1.0);
#2908=VECTOR('',#2911,1.0);
#2909=VECTOR('',#2912,1.0);
#2910=DIRECTION('',(-0.009231929963863118,0.9999573848265446,0));
#2911=DIRECTION('',(0,-1,0));
#2912=DIRECTION('',(0.9914430181377333,0.13054019222424268,0));
#2913=FACE_SURFACE('',(#2918),#2914,.T.);
#2914=PLANE('',#2915);
#2915=AXIS2_PLACEMENT_3D('',#230,#2916,#2917);
#2916=DIRECTION('',(0,-0,1));
#2917=DIRECTION('',(0,1,0));
#2918=FACE_BOUND('',#2919,.T.);
#2919=EDGE_LOOP('',(#2920,#2921,#2922));
#2920=ORIENTED_EDGE('',*,*,#2923,.T.);
#2921=ORIENTED_EDGE('',*,*,#2924,.T.);
#2922=ORIENTED_EDGE('',*,*,#2925,.T.);
#2923=EDGE_CURVE('',#231,#229,#2926,.F.);
#2924=EDGE_CURVE('',#229,#233,#2927,.T.);
#2925=EDGE_CURVE('',#233,#231,#2928,.T.);
#2926=LINE('',#230,#2929);
#2927=LINE('',#228,#2930);
#2928=LINE('',#232,#2931);
#2929=VECTOR('',#2932,1.0);
#2930=VECTOR('',#2933,1.0);
#2931=VECTOR('',#2934,1.0);
#2932=DIRECTION('',(0,1,0));
#2933=DIRECTION('',(-0.9238738748920926,0.38269709078051545,0));
#2934=DIRECTION('',(0.008561884073484688,-0.9999633463988128,0));
#2935=FACE_SURFACE('',(#2940),#2936,.T.);
#2936=PLANE('',#2937);
#2937=AXIS2_PLACEMENT_3D('',#230,#2938,#2939);
#2938=DIRECTION('',(0,0,1));
#2939=DIRECTION('',(-0.008561884073484688,0.9999633463988128,0));
#2940=FACE_BOUND('',#2941,.T.);
#2941=EDGE_LOOP('',(#2942,#2943,#2944));
#2942=ORIENTED_EDGE('',*,*,#2945,.T.);
#2943=ORIENTED_EDGE('',*,*,#2946,.T.);
#2944=ORIENTED_EDGE('',*,*,#2947,.T.);
#2945=EDGE_CURVE('',#231,#233,#2948,.F.);
#2946=EDGE_CURVE('',#233,#235,#2949,.T.);
#2947=EDGE_CURVE('',#235,#231,#2950,.T.);
#2948=LINE('',#230,#2951);
#2949=LINE('',#232,#2952);
#2950=LINE('',#234,#2953);
#2951=VECTOR('',#2954,1.0);
#2952=VECTOR('',#2955,1.0);
#2953=VECTOR('',#2956,1.0);
#2954=DIRECTION('',(-0.008561884073484688,0.9999633463988128,0));
#2955=DIRECTION('',(0,-1,0));
#2956=DIRECTION('',(0.9238738748920926,0.38269709078051545,0));
#2957=FACE_SURFACE('',(#2962),#2958,.T.);
#2958=PLANE('',#2959);
#2959=AXIS2_PLACEMENT_3D('',#234,#2960,#2961);
#2960=DIRECTION('',(0,-0,1));
#2961=DIRECTION('',(0,1,0));
#2962=FACE_BOUND('',#2963,.T.);
#2963=EDGE_LOOP('',(#2964,#2965,#2966));
#2964=ORIENTED_EDGE('',*,*,#2967,.T.);
#2965=ORIENTED_EDGE('',*,*,#2968,.T.);
#2966=ORIENTED_EDGE('',*,*,#2969,.T.);
#2967=EDGE_CURVE('',#235,#233,#2970,.F.);
#2968=EDGE_CURVE('',#233,#237,#2971,.T.);
#2969=EDGE_CURVE('',#237,#235,#2972,.T.);
#2970=LINE('',#234,#2973);
#2971=LINE('',#232,#2974);
#2972=LINE('',#236,#2975);
#2973=VECTOR('',#2976,1.0);
#2974=VECTOR('',#2977,1.0);
#2975=VECTOR('',#2978,1.0);
#2976=DIRECTION('',(0,1,0));
#2977=DIRECTION('',(-0.7933607517316084,0.608751770109835,0));
#2978=DIRECTION('',(0.007285432747417995,-0.999973460882679,0));
#2979=FACE_SURFACE('',(#2984),#2980,.T.);
#2980=PLANE('',#2981);
#2981=AXIS2_PLACEMENT_3D('',#234,#2982,#2983);
#2982=DIRECTION('',(0,0,1));
#2983=DIRECTION('',(-0.007285432747417995,0.999973460882679,0));
#2984=FACE_BOUND('',#2985,.T.);
#2985=EDGE_LOOP('',(#2986,#2987,#2988));
#2986=ORIENTED_EDGE('',*,*,#2989,.T.);
#2987=ORIENTED_EDGE('',*,*,#2990,.T.);
#2988=ORIENTED_EDGE('',*,*,#2991,.T.);
#2989=EDGE_CURVE('',#235,#237,#2992,.F.);
#2990=EDGE_CURVE('',#237,#239,#2993,.T.);
#2991=EDGE_CURVE('',#239,#235,#2994,.T.);
#2992=LINE('',#234,#2995);
#2993=LINE('',#236,#2996);
#2994=LINE('',#238,#2997);
#2995=VECTOR('',#2998,1.0);
#2996=VECTOR('',#2999,1.0);
#2997=VECTOR('',#3000,1.0);
#2998=DIRECTION('',(-0.007285432747417995,0.999973460882679,0));
#2999=DIRECTION('',(0,-1,0));
#3000=DIRECTION('',(0.7933607517316084,0.608751770109835,0));
#3001=FACE_SURFACE('',(#3006),#3002,.T.);
#3002=PLANE('',#3003);
#3003=AXIS2_PLACEMENT_3D('',#238,#3004,#3005);
#3004=DIRECTION('',(0,-0,1));
#3005=DIRECTION('',(0,1,0));
#3006=FACE_BOUND('',#3007,.T.);
#3007=EDGE_LOOP('',(#3008,#3009,#3010));
#3008=ORIENTED_EDGE('',*,*,#3011,.T.);
#3009=ORIENTED_EDGE('',*,*,#3012,.T.);
#3010=ORIENTED_EDGE('',*,*,#3013,.T.);
#3011=EDGE_CURVE('',#239,#237,#3014,.F.);
#3012=EDGE_CURVE('',#237,#241,#3015,.T.);
#3013=EDGE_CURVE('',#241,#239,#3016,.T.);
#3014=LINE('',#238,#3017);
#3015=LINE('',#236,#3018);
#3016=LINE('',#240,#3019);
#3017=VECTOR('',#3020,1.0);
#3018=VECTOR('',#3021,1.0);
#3019=VECTOR('',#3022,1.0);
#3020=DIRECTION('',(0,1,0));
#3021=DIRECTION('',(-0.6087579018137039,0.7933560467907059,0));
#3022=DIRECTION('',(0.005519255305389421,-0.9999847687944421,0));
#3023=FACE_SURFACE('',(#3028),#3024,.T.);
#3024=PLANE('',#3025);
#3025=AXIS2_PLACEMENT_3D('',#238,#3026,#3027);
#3026=DIRECTION('',(0,0,1));
#3027=DIRECTION('',(-0.005519255305389421,0.9999847687944421,0));
#3028=FACE_BOUND('',#3029,.T.);
#3029=EDGE_LOOP('',(#3030,#3031,#3032));
#3030=ORIENTED_EDGE('',*,*,#3033,.T.);
#3031=ORIENTED_EDGE('',*,*,#3034,.T.);
#3032=ORIENTED_EDGE('',*,*,#3035,.T.);
#3033=EDGE_CURVE('',#239,#241,#3036,.F.);
#3034=EDGE_CURVE('',#241,#243,#3037,.T.);
#3035=EDGE_CURVE('',#243,#239,#3038,.T.);
#3036=LINE('',#238,#3039);
#3037=LINE('',#240,#3040);
#3038=LINE('',#242,#3041);
#3039=VECTOR('',#3042,1.0);
#3040=VECTOR('',#3043,1.0);
#3041=VECTOR('',#3044,1.0);
#3042=DIRECTION('',(-0.005519255305389421,0.9999847687944421,0));
#3043=DIRECTION('',(0,-1,0));
#3044=DIRECTION('',(0.6087673117897281,0.793348826239951,0));
#3045=FACE_SURFACE('',(#3050),#3046,.T.);
#3046=PLANE('',#3047);
#3047=AXIS2_PLACEMENT_3D('',#242,#3048,#3049);
#3048=DIRECTION('',(0,-0,1));
#3049=DIRECTION('',(0,1,0));
#3050=FACE_BOUND('',#3051,.T.);
#3051=EDGE_LOOP('',(#3052,#3053,#3054));
#3052=ORIENTED_EDGE('',*,*,#3055,.T.);
#3053=ORIENTED_EDGE('',*,*,#3056,.T.);
#3054=ORIENTED_EDGE('',*,*,#3057,.T.);
#3055=EDGE_CURVE('',#243,#241,#3058,.F.);
#3056=EDGE_CURVE('',#241,#245,#3059,.T.);
#3057=EDGE_CURVE('',#245,#243,#3060,.T.);
#3058=LINE('',#242,#3061);
#3059=LINE('',#240,#3062);
#3060=LINE('',#244,#3063);
#3061=VECTOR('',#3064,1.0);
#3062=VECTOR('',#3065,1.0);
#3063=VECTOR('',#3066,1.0);
#3064=DIRECTION('',(0,1,0));
#3065=DIRECTION('',(-0.3826804604958137,0.9238807634942465,0));
#3066=DIRECTION('',(0.0034163711909213487,-0.9999941641869146,0));
#3067=FACE_SURFACE('',(#3072),#3068,.T.);
#3068=PLANE('',#3069);
#3069=AXIS2_PLACEMENT_3D('',#242,#3070,#3071);
#3070=DIRECTION('',(0,0,1));
#3071=DIRECTION('',(-0.0034163711909213487,0.9999941641869146,0));
#3072=FACE_BOUND('',#3073,.T.);
#3073=EDGE_LOOP('',(#3074,#3075,#3076));
#3074=ORIENTED_EDGE('',*,*,#3077,.T.);
#3075=ORIENTED_EDGE('',*,*,#3078,.T.);
#3076=ORIENTED_EDGE('',*,*,#3079,.T.);
#3077=EDGE_CURVE('',#243,#245,#3080,.F.);
#3078=EDGE_CURVE('',#245,#247,#3081,.T.);
#3079=EDGE_CURVE('',#247,#243,#3082,.T.);
#3080=LINE('',#242,#3083);
#3081=LINE('',#244,#3084);
#3082=LINE('',#246,#3085);
#3083=VECTOR('',#3086,1.0);
#3084=VECTOR('',#3087,1.0);
#3085=VECTOR('',#3088,1.0);
#3086=DIRECTION('',(-0.0034163711909213487,0.9999941641869146,0));
#3087=DIRECTION('',(0,-1,0));
#3088=DIRECTION('',(0.3826666839415662,0.9238864697576026,0));
#3089=FACE_SURFACE('',(#3094),#3090,.T.);
#3090=PLANE('',#3091);
#3091=AXIS2_PLACEMENT_3D('',#246,#3092,#3093);
#3092=DIRECTION('',(0,-0,1));
#3093=DIRECTION('',(0,1,0));
#3094=FACE_BOUND('',#3095,.T.);
#3095=EDGE_LOOP('',(#3096,#3097,#3098));
#3096=ORIENTED_EDGE('',*,*,#3099,.T.);
#3097=ORIENTED_EDGE('',*,*,#3100,.T.);
#3098=ORIENTED_EDGE('',*,*,#3101,.T.);
#3099=EDGE_CURVE('',#247,#245,#3102,.F.);
#3100=EDGE_CURVE('',#245,#131,#3103,.T.);
#3101=EDGE_CURVE('',#131,#247,#3104,.T.);
#3102=LINE('',#246,#3105);
#3103=LINE('',#244,#3106);
#3104=LINE('',#130,#3107);
#3105=VECTOR('',#3108,1.0);
#3106=VECTOR('',#3109,1.0);
#3107=VECTOR('',#3110,1.0);
#3108=DIRECTION('',(0,1,0));
#3109=DIRECTION('',(-0.011822651105682402,-0.9999301100181119,0));
#3110=DIRECTION('',(0.22485439156703524,0.9743923760954919,0));
#3111=FACE_SURFACE('',(#3116),#3112,.T.);
#3112=PLANE('',#3113);
#3113=AXIS2_PLACEMENT_3D('',#246,#3114,#3115);
#3114=DIRECTION('',(0,0,1));
#3115=DIRECTION('',(-0.22485439156703524,-0.9743923760954919,0));
#3116=FACE_BOUND('',#3117,.T.);
#3117=EDGE_LOOP('',(#3118,#3119,#3120));
#3118=ORIENTED_EDGE('',*,*,#3121,.T.);
#3119=ORIENTED_EDGE('',*,*,#3122,.T.);
#3120=ORIENTED_EDGE('',*,*,#3123,.T.);
#3121=EDGE_CURVE('',#247,#131,#3124,.F.);
#3122=EDGE_CURVE('',#131,#249,#3125,.T.);
#3123=EDGE_CURVE('',#249,#247,#3126,.T.);
#3124=LINE('',#246,#3127);
#3125=LINE('',#130,#3128);
#3126=LINE('',#248,#3129);
#3127=VECTOR('',#3130,1.0);
#3128=VECTOR('',#3131,1.0);
#3129=VECTOR('',#3132,1.0);
#3130=DIRECTION('',(-0.22485439156703524,-0.9743923760954919,0));
#3131=DIRECTION('',(0.24253562503633297,0.9701425001453319,0));
#3132=DIRECTION('',(0.13053565950523363,0.9914436149360859,0));
#3133=FACE_SURFACE('',(#3138),#3134,.T.);
#3134=PLANE('',#3135);
#3135=AXIS2_PLACEMENT_3D('',#248,#3136,#3137);
#3136=DIRECTION('',(0,0,1));
#3137=DIRECTION('',(-0.24253562503633297,-0.9701425001453319,0));
#3138=FACE_BOUND('',#3139,.T.);
#3139=EDGE_LOOP('',(#3140,#3141,#3142));
#3140=ORIENTED_EDGE('',*,*,#3143,.T.);
#3141=ORIENTED_EDGE('',*,*,#3144,.T.);
#3142=ORIENTED_EDGE('',*,*,#3145,.T.);
#3143=EDGE_CURVE('',#249,#131,#3146,.F.);
#3144=EDGE_CURVE('',#131,#251,#3147,.T.);
#3145=EDGE_CURVE('',#251,#249,#3148,.T.);
#3146=LINE('',#248,#3149);
#3147=LINE('',#130,#3150);
#3148=LINE('',#250,#3151);
#3149=VECTOR('',#3152,1.0);
#3150=VECTOR('',#3153,1.0);
#3151=VECTOR('',#3154,1.0);
#3152=DIRECTION('',(-0.24253562503633297,-0.9701425001453319,0));
#3153=DIRECTION('',(0.32353942257225643,0.9462146913051027,0));
#3154=DIRECTION('',(-0.13053061640817715,0.9914442789083516,0));
#3155=FACE_SURFACE('',(#3160),#3156,.T.);
#3156=PLANE('',#3157);
#3157=AXIS2_PLACEMENT_3D('',#250,#3158,#3159);
#3158=DIRECTION('',(0,0,1));
#3159=DIRECTION('',(-0.32353942257225643,-0.9462146913051027,0));
#3160=FACE_BOUND('',#3161,.T.);
#3161=EDGE_LOOP('',(#3162,#3163,#3164));
#3162=ORIENTED_EDGE('',*,*,#3165,.T.);
#3163=ORIENTED_EDGE('',*,*,#3166,.T.);
#3164=ORIENTED_EDGE('',*,*,#3167,.T.);
#3165=EDGE_CURVE('',#251,#131,#3168,.F.);
#3166=EDGE_CURVE('',#131,#253,#3169,.T.);
#3167=EDGE_CURVE('',#253,#251,#3170,.T.);
#3168=LINE('',#250,#3171);
#3169=LINE('',#130,#3172);
#3170=LINE('',#252,#3173);
#3171=VECTOR('',#3174,1.0);
#3172=VECTOR('',#3175,1.0);
#3173=VECTOR('',#3176,1.0);
#3174=DIRECTION('',(-0.32353942257225643,-0.9462146913051027,0));
#3175=DIRECTION('',(0.48911432864483145,0.8722196819117967,0));
#3176=DIRECTION('',(-0.3826804604958137,0.9238807634942465,0));
#3177=FACE_SURFACE('',(#3182),#3178,.T.);
#3178=PLANE('',#3179);
#3179=AXIS2_PLACEMENT_3D('',#252,#3180,#3181);
#3180=DIRECTION('',(0,0,1));
#3181=DIRECTION('',(-0.48911432864483145,-0.8722196819117967,0));
#3182=FACE_BOUND('',#3183,.T.);
#3183=EDGE_LOOP('',(#3184,#3185,#3186));
#3184=ORIENTED_EDGE('',*,*,#3187,.T.);
#3185=ORIENTED_EDGE('',*,*,#3188,.T.);
#3186=ORIENTED_EDGE('',*,*,#3189,.T.);
#3187=EDGE_CURVE('',#253,#131,#3190,.F.);
#3188=EDGE_CURVE('',#131,#255,#3191,.T.);
#3189=EDGE_CURVE('',#255,#253,#3192,.T.);
#3190=LINE('',#252,#3193);
#3191=LINE('',#130,#3194);
#3192=LINE('',#254,#3195);
#3193=VECTOR('',#3196,1.0);
#3194=VECTOR('',#3197,1.0);
#3195=VECTOR('',#3198,1.0);
#3196=DIRECTION('',(-0.48911432864483145,-0.8722196819117967,0));
#3197=DIRECTION('',(0.7071096527852877,0.7071039095761457,0));
#3198=DIRECTION('',(-0.6087484920429461,0.7933632670066336,0));
#3199=FACE_SURFACE('',(#3204),#3200,.T.);
#3200=PLANE('',#3201);
#3201=AXIS2_PLACEMENT_3D('',#254,#3202,#3203);
#3202=DIRECTION('',(0,0,1));
#3203=DIRECTION('',(-0.7071096527852877,-0.7071039095761457,0));
#3204=FACE_BOUND('',#3205,.T.);
#3205=EDGE_LOOP('',(#3206,#3207,#3208));
#3206=ORIENTED_EDGE('',*,*,#3209,.T.);
#3207=ORIENTED_EDGE('',*,*,#3210,.T.);
#3208=ORIENTED_EDGE('',*,*,#3211,.T.);
#3209=EDGE_CURVE('',#255,#131,#3212,.F.);
#3210=EDGE_CURVE('',#131,#257,#3213,.T.);
#3211=EDGE_CURVE('',#257,#255,#3214,.T.);
#3212=LINE('',#254,#3215);
#3213=LINE('',#130,#3216);
#3214=LINE('',#256,#3217);
#3215=VECTOR('',#3218,1.0);
#3216=VECTOR('',#3219,1.0);
#3217=VECTOR('',#3220,1.0);
#3218=DIRECTION('',(-0.7071096527852877,-0.7071039095761457,0));
#3219=DIRECTION('',(0.8722208174764925,0.4891123036283583,0));
#3220=DIRECTION('',(-0.7933607517316084,0.608751770109835,0));
#3221=FACE_SURFACE('',(#3226),#3222,.T.);
#3222=PLANE('',#3223);
#3223=AXIS2_PLACEMENT_3D('',#256,#3224,#3225);
#3224=DIRECTION('',(0,0,1));
#3225=DIRECTION('',(-0.8722208174764925,-0.4891123036283583,0));
#3226=FACE_BOUND('',#3227,.T.);
#3227=EDGE_LOOP('',(#3228,#3229,#3230));
#3228=ORIENTED_EDGE('',*,*,#3231,.T.);
#3229=ORIENTED_EDGE('',*,*,#3232,.T.);
#3230=ORIENTED_EDGE('',*,*,#3233,.T.);
#3231=EDGE_CURVE('',#257,#131,#3234,.F.);
#3232=EDGE_CURVE('',#131,#207,#3235,.T.);
#3233=EDGE_CURVE('',#207,#257,#3236,.T.);
#3234=LINE('',#256,#3237);
#3235=LINE('',#130,#3238);
#3236=LINE('',#206,#3239);
#3237=VECTOR('',#3240,1.0);
#3238=VECTOR('',#3241,1.0);
#3239=VECTOR('',#3242,1.0);
#3240=DIRECTION('',(-0.8722208174764925,-0.4891123036283583,0));
#3241=DIRECTION('',(0.9462167480554607,0.3235334073930367,0));
#3242=DIRECTION('',(-0.9238738748920926,0.38269709078051545,0));
#3243=FACE_SURFACE('',(#3248),#3244,.T.);
#3244=PLANE('',#3245);
#3245=AXIS2_PLACEMENT_3D('',#244,#3246,#3247);
#3246=DIRECTION('',(0,0,1));
#3247=DIRECTION('',(-0.13053061640817715,0.9914442789083516,0));
#3248=FACE_BOUND('',#3249,.T.);
#3249=EDGE_LOOP('',(#3250,#3251,#3252));
#3250=ORIENTED_EDGE('',*,*,#3253,.T.);
#3251=ORIENTED_EDGE('',*,*,#3254,.T.);
#3252=ORIENTED_EDGE('',*,*,#3255,.T.);
#3253=EDGE_CURVE('',#245,#127,#3256,.F.);
#3254=EDGE_CURVE('',#127,#131,#3257,.T.);
#3255=EDGE_CURVE('',#131,#245,#3258,.T.);
#3256=LINE('',#244,#3259);
#3257=LINE('',#126,#3260);
#3258=LINE('',#130,#3261);
#3259=VECTOR('',#3262,1.0);
#3260=VECTOR('',#3263,1.0);
#3261=VECTOR('',#3264,1.0);
#3262=DIRECTION('',(-0.13053061640817715,0.9914442789083516,0));
#3263=DIRECTION('',(-0.010637697663955678,-0.999943418093449,0));
#3264=DIRECTION('',(0.011822651105682402,0.9999301100181119,0));
#3265=FACE_SURFACE('',(#3270),#3266,.T.);
#3266=PLANE('',#3267);
#3267=AXIS2_PLACEMENT_3D('',#258,#3268,#3269);
#3268=DIRECTION('',(-0,0,1));
#3269=DIRECTION('',(0.5759087526623025,-0.8175139806798114,0));
#3270=FACE_BOUND('',#3271,.T.);
#3271=EDGE_LOOP('',(#3272,#3273,#3274));
#3272=ORIENTED_EDGE('',*,*,#3275,.T.);
#3273=ORIENTED_EDGE('',*,*,#3276,.T.);
#3274=ORIENTED_EDGE('',*,*,#3277,.T.);
#3275=EDGE_CURVE('',#259,#261,#3278,.F.);
#3276=EDGE_CURVE('',#261,#263,#3279,.T.);
#3277=EDGE_CURVE('',#263,#259,#3280,.T.);
#3278=LINE('',#258,#3281);
#3279=LINE('',#260,#3282);
#3280=LINE('',#262,#3283);
#3281=VECTOR('',#3284,1.0);
#3282=VECTOR('',#3285,1.0);
#3283=VECTOR('',#3286,1.0);
#3284=DIRECTION('',(0.5759087526623025,-0.8175139806798114,0));
#3285=DIRECTION('',(0.4636517352257543,0.8860175327961333,0));
#3286=DIRECTION('',(-0.7879414821484307,-0.6157501284691171,0));
#3287=FACE_SURFACE('',(#3292),#3288,.T.);
#3288=PLANE('',#3289);
#3289=AXIS2_PLACEMENT_3D('',#262,#3290,#3291);
#3290=DIRECTION('',(0,0,1));
#3291=DIRECTION('',(-0.4636517352257543,-0.8860175327961333,0));
#3292=FACE_BOUND('',#3293,.T.);
#3293=EDGE_LOOP('',(#3294,#3295,#3296));
#3294=ORIENTED_EDGE('',*,*,#3297,.T.);
#3295=ORIENTED_EDGE('',*,*,#3298,.T.);
#3296=ORIENTED_EDGE('',*,*,#3299,.T.);
#3297=EDGE_CURVE('',#263,#261,#3300,.F.);
#3298=EDGE_CURVE('',#261,#265,#3301,.T.);
#3299=EDGE_CURVE('',#265,#263,#3302,.T.);
#3300=LINE('',#262,#3303);
#3301=LINE('',#260,#3304);
#3302=LINE('',#264,#3305);
#3303=VECTOR('',#3306,1.0);
#3304=VECTOR('',#3307,1.0);
#3305=VECTOR('',#3308,1.0);
#3306=DIRECTION('',(-0.4636517352257543,-0.8860175327961333,0));
#3307=DIRECTION('',(0.9238773192177482,-0.3826887756846641,0));
#3308=DIRECTION('',(0.3609253786447994,0.9325946981674881,0));
#3309=FACE_SURFACE('',(#3314),#3310,.T.);
#3310=PLANE('',#3311);
#3311=AXIS2_PLACEMENT_3D('',#262,#3312,#3313);
#3312=DIRECTION('',(0,0,1));
#3313=DIRECTION('',(-0.3609253786447994,-0.9325946981674881,0));
#3314=FACE_BOUND('',#3315,.T.);
#3315=EDGE_LOOP('',(#3316,#3317,#3318));
#3316=ORIENTED_EDGE('',*,*,#3319,.T.);
#3317=ORIENTED_EDGE('',*,*,#3320,.T.);
#3318=ORIENTED_EDGE('',*,*,#3321,.T.);
#3319=EDGE_CURVE('',#263,#265,#3322,.F.);
#3320=EDGE_CURVE('',#265,#267,#3323,.T.);
#3321=EDGE_CURVE('',#267,#263,#3324,.T.);
#3322=LINE('',#262,#3325);
#3323=LINE('',#264,#3326);
#3324=LINE('',#266,#3327);
#3325=VECTOR('',#3328,1.0);
#3326=VECTOR('',#3329,1.0);
#3327=VECTOR('',#3330,1.0);
#3328=DIRECTION('',(-0.3609253786447994,-0.9325946981674881,0));
#3329=DIRECTION('',(0.7933560467907059,-0.6087579018137039,0));
#3330=DIRECTION('',(0.2614208951220762,0.9652249041511374,0));
#3331=FACE_SURFACE('',(#3336),#3332,.T.);
#3332=PLANE('',#3333);
#3333=AXIS2_PLACEMENT_3D('',#268,#3334,#3335);
#3334=DIRECTION('',(0,0,1));
#3335=DIRECTION('',(0.9933287092502963,0.11531728135513963,0));
#3336=FACE_BOUND('',#3337,.T.);
#3337=EDGE_LOOP('',(#3338,#3339,#3340));
#3338=ORIENTED_EDGE('',*,*,#3341,.T.);
#3339=ORIENTED_EDGE('',*,*,#3342,.T.);
#3340=ORIENTED_EDGE('',*,*,#3343,.T.);
#3341=EDGE_CURVE('',#269,#271,#3344,.F.);
#3342=EDGE_CURVE('',#271,#259,#3345,.T.);
#3343=EDGE_CURVE('',#259,#269,#3346,.T.);
#3344=LINE('',#268,#3347);
#3345=LINE('',#270,#3348);
#3346=LINE('',#258,#3349);
#3347=VECTOR('',#3350,1.0);
#3348=VECTOR('',#3351,1.0);
#3349=VECTOR('',#3352,1.0);
#3350=DIRECTION('',(0.9933287092502963,0.11531728135513963,0));
#3351=DIRECTION('',(0.36976845086900917,0.9291239383106719,0));
#3352=DIRECTION('',(-0.8172340155784724,-0.5763059636872458,0));
#3353=FACE_SURFACE('',(#3358),#3354,.T.);
#3354=PLANE('',#3355);
#3355=AXIS2_PLACEMENT_3D('',#258,#3356,#3357);
#3356=DIRECTION('',(0,0,1));
#3357=DIRECTION('',(-0.36976845086900917,-0.9291239383106719,0));
#3358=FACE_BOUND('',#3359,.T.);
#3359=EDGE_LOOP('',(#3360,#3361,#3362));
#3360=ORIENTED_EDGE('',*,*,#3363,.T.);
#3361=ORIENTED_EDGE('',*,*,#3364,.T.);
#3362=ORIENTED_EDGE('',*,*,#3365,.T.);
#3363=EDGE_CURVE('',#259,#271,#3366,.F.);
#3364=EDGE_CURVE('',#271,#273,#3367,.T.);
#3365=EDGE_CURVE('',#273,#259,#3368,.T.);
#3366=LINE('',#258,#3369);
#3367=LINE('',#270,#3370);
#3368=LINE('',#272,#3371);
#3369=VECTOR('',#3372,1.0);
#3370=VECTOR('',#3373,1.0);
#3371=VECTOR('',#3374,1.0);
#3372=DIRECTION('',(-0.36976845086900917,-0.9291239383106719,0));
#3373=DIRECTION('',(0.7933560467907059,0.6087579018137039,0));
#3374=DIRECTION('',(0.2287541649464588,0.9734842227892799,0));
#3375=FACE_SURFACE('',(#3380),#3376,.T.);
#3376=PLANE('',#3377);
#3377=AXIS2_PLACEMENT_3D('',#258,#3378,#3379);
#3378=DIRECTION('',(0,0,1));
#3379=DIRECTION('',(-0.2287541649464588,-0.9734842227892799,0));
#3380=FACE_BOUND('',#3381,.T.);
#3381=EDGE_LOOP('',(#3382,#3383,#3384));
#3382=ORIENTED_EDGE('',*,*,#3385,.T.);
#3383=ORIENTED_EDGE('',*,*,#3386,.T.);
#3384=ORIENTED_EDGE('',*,*,#3387,.T.);
#3385=EDGE_CURVE('',#259,#273,#3388,.F.);
#3386=EDGE_CURVE('',#273,#275,#3389,.T.);
#3387=EDGE_CURVE('',#275,#259,#3390,.T.);
#3388=LINE('',#258,#3391);
#3389=LINE('',#272,#3392);
#3390=LINE('',#274,#3393);
#3391=VECTOR('',#3394,1.0);
#3392=VECTOR('',#3395,1.0);
#3393=VECTOR('',#3396,1.0);
#3394=DIRECTION('',(-0.2287541649464588,-0.9734842227892799,0));
#3395=DIRECTION('',(0.9238773192177482,0.3826887756846641,0));
#3396=DIRECTION('',(-0.04310675555588108,0.9990704718013866,0));
#3397=FACE_SURFACE('',(#3402),#3398,.T.);
#3398=PLANE('',#3399);
#3399=AXIS2_PLACEMENT_3D('',#276,#3400,#3401);
#3400=DIRECTION('',(0,0,1));
#3401=DIRECTION('',(0.9998731244072772,0.01592906425468522,0));
#3402=FACE_BOUND('',#3403,.T.);
#3403=EDGE_LOOP('',(#3404,#3405,#3406));
#3404=ORIENTED_EDGE('',*,*,#3407,.T.);
#3405=ORIENTED_EDGE('',*,*,#3408,.T.);
#3406=ORIENTED_EDGE('',*,*,#3409,.T.);
#3407=EDGE_CURVE('',#277,#279,#3410,.F.);
#3408=EDGE_CURVE('',#279,#269,#3411,.T.);
#3409=EDGE_CURVE('',#269,#277,#3412,.T.);
#3410=LINE('',#276,#3413);
#3411=LINE('',#278,#3414);
#3412=LINE('',#268,#3415);
#3413=VECTOR('',#3416,1.0);
#3414=VECTOR('',#3417,1.0);
#3415=VECTOR('',#3418,1.0);
#3416=DIRECTION('',(0.9998731244072772,0.01592906425468522,0));
#3417=DIRECTION('',(-0.7242947594227895,0.6894904651064315,0));
#3418=DIRECTION('',(-0.8445535202187991,-0.5354711490697088,0));
#3419=FACE_SURFACE('',(#3424),#3420,.T.);
#3420=PLANE('',#3421);
#3421=AXIS2_PLACEMENT_3D('',#268,#3422,#3423);
#3422=DIRECTION('',(0,0,1));
#3423=DIRECTION('',(0.7242947594227895,-0.6894904651064315,0));
#3424=FACE_BOUND('',#3425,.T.);
#3425=EDGE_LOOP('',(#3426,#3427,#3428));
#3426=ORIENTED_EDGE('',*,*,#3429,.T.);
#3427=ORIENTED_EDGE('',*,*,#3430,.T.);
#3428=ORIENTED_EDGE('',*,*,#3431,.T.);
#3429=EDGE_CURVE('',#269,#279,#3432,.F.);
#3430=EDGE_CURVE('',#279,#281,#3433,.T.);
#3431=EDGE_CURVE('',#281,#269,#3434,.T.);
#3432=LINE('',#268,#3435);
#3433=LINE('',#278,#3436);
#3434=LINE('',#280,#3437);
#3435=VECTOR('',#3438,1.0);
#3436=VECTOR('',#3439,1.0);
#3437=VECTOR('',#3440,1.0);
#3438=DIRECTION('',(0.7242947594227895,-0.6894904651064315,0));
#3439=DIRECTION('',(-0.3826804604958137,0.9238807634942465,0));
#3440=DIRECTION('',(-0.7779209130286877,0.6283621989526526,0));
#3441=FACE_SURFACE('',(#3446),#3442,.T.);
#3442=PLANE('',#3443);
#3443=AXIS2_PLACEMENT_3D('',#268,#3444,#3445);
#3444=DIRECTION('',(0,0,1));
#3445=DIRECTION('',(0.7779209130286877,-0.6283621989526526,0));
#3446=FACE_BOUND('',#3447,.T.);
#3447=EDGE_LOOP('',(#3448,#3449,#3450));
#3448=ORIENTED_EDGE('',*,*,#3451,.T.);
#3449=ORIENTED_EDGE('',*,*,#3452,.T.);
#3450=ORIENTED_EDGE('',*,*,#3453,.T.);
#3451=EDGE_CURVE('',#269,#281,#3454,.F.);
#3452=EDGE_CURVE('',#281,#283,#3455,.T.);
#3453=EDGE_CURVE('',#283,#269,#3456,.T.);
#3454=LINE('',#268,#3457);
#3455=LINE('',#280,#3458);
#3456=LINE('',#282,#3459);
#3457=VECTOR('',#3460,1.0);
#3458=VECTOR('',#3461,1.0);
#3459=VECTOR('',#3462,1.0);
#3460=DIRECTION('',(0.7779209130286877,-0.6283621989526526,0));
#3461=DIRECTION('',(-0.13053061640817715,0.9914442789083516,0));
#3462=DIRECTION('',(-0.8682241262111339,0.49617221472480005,0));
#3463=FACE_SURFACE('',(#3468),#3464,.T.);
#3464=PLANE('',#3465);
#3465=AXIS2_PLACEMENT_3D('',#284,#3466,#3467);
#3466=DIRECTION('',(0,0,1));
#3467=DIRECTION('',(0.9904724378502587,0.13771111015079904,0));
#3468=FACE_BOUND('',#3469,.T.);
#3469=EDGE_LOOP('',(#3470,#3471,#3472));
#3470=ORIENTED_EDGE('',*,*,#3473,.T.);
#3471=ORIENTED_EDGE('',*,*,#3474,.T.);
#3472=ORIENTED_EDGE('',*,*,#3475,.T.);
#3473=EDGE_CURVE('',#285,#287,#3476,.F.);
#3474=EDGE_CURVE('',#287,#277,#3477,.T.);
#3475=EDGE_CURVE('',#277,#285,#3478,.T.);
#3476=LINE('',#284,#3479);
#3477=LINE('',#286,#3480);
#3478=LINE('',#276,#3481);
#3479=VECTOR('',#3482,1.0);
#3480=VECTOR('',#3483,1.0);
#3481=VECTOR('',#3484,1.0);
#3482=DIRECTION('',(0.9904724378502587,0.13771111015079904,0));
#3483=DIRECTION('',(-0.9950871957002742,0.09900238862453972,0));
#3484=DIRECTION('',(-0.8698343628380498,-0.49334387725614265,0));
#3485=FACE_SURFACE('',(#3490),#3486,.T.);
#3486=PLANE('',#3487);
#3487=AXIS2_PLACEMENT_3D('',#276,#3488,#3489);
#3488=DIRECTION('',(0,0,1));
#3489=DIRECTION('',(0.9950871957002742,-0.09900238862453972,0));
#3490=FACE_BOUND('',#3491,.T.);
#3491=EDGE_LOOP('',(#3492,#3493,#3494));
#3492=ORIENTED_EDGE('',*,*,#3495,.T.);
#3493=ORIENTED_EDGE('',*,*,#3496,.T.);
#3494=ORIENTED_EDGE('',*,*,#3497,.T.);
#3495=EDGE_CURVE('',#277,#287,#3498,.F.);
#3496=EDGE_CURVE('',#287,#289,#3499,.T.);
#3497=EDGE_CURVE('',#289,#277,#3500,.T.);
#3498=LINE('',#276,#3501);
#3499=LINE('',#286,#3502);
#3500=LINE('',#288,#3503);
#3501=VECTOR('',#3504,1.0);
#3502=VECTOR('',#3505,1.0);
#3503=VECTOR('',#3506,1.0);
#3504=DIRECTION('',(0.9950871957002742,-0.09900238862453972,0));
#3505=DIRECTION('',(-0.7933560467907059,0.6087579018137039,0));
#3506=DIRECTION('',(-0.9985660583422297,0.05353342065348254,0));
#3507=FACE_SURFACE('',(#3512),#3508,.T.);
#3508=PLANE('',#3509);
#3509=AXIS2_PLACEMENT_3D('',#276,#3510,#3511);
#3510=DIRECTION('',(-0,0,1));
#3511=DIRECTION('',(0.9985660583422297,-0.05353342065348254,0));
#3512=FACE_BOUND('',#3513,.T.);
#3513=EDGE_LOOP('',(#3514,#3515,#3516));
#3514=ORIENTED_EDGE('',*,*,#3517,.T.);
#3515=ORIENTED_EDGE('',*,*,#3518,.T.);
#3516=ORIENTED_EDGE('',*,*,#3519,.T.);
#3517=EDGE_CURVE('',#277,#289,#3520,.F.);
#3518=EDGE_CURVE('',#289,#279,#3521,.T.);
#3519=EDGE_CURVE('',#279,#277,#3522,.T.);
#3520=LINE('',#276,#3523);
#3521=LINE('',#288,#3524);
#3522=LINE('',#278,#3525);
#3523=VECTOR('',#3526,1.0);
#3524=VECTOR('',#3527,1.0);
#3525=VECTOR('',#3528,1.0);
#3526=DIRECTION('',(0.9985660583422297,-0.05353342065348254,0));
#3527=DIRECTION('',(-0.6087579018137039,0.7933560467907059,0));
#3528=DIRECTION('',(-0.9998731244072772,-0.01592906425468522,0));
#3529=FACE_SURFACE('',(#3534),#3530,.T.);
#3530=PLANE('',#3531);
#3531=AXIS2_PLACEMENT_3D('',#290,#3532,#3533);
#3532=DIRECTION('',(-0,0,1));
#3533=DIRECTION('',(0.25843383313755286,-0.9660289612065632,0));
#3534=FACE_BOUND('',#3535,.T.);
#3535=EDGE_LOOP('',(#3536,#3537,#3538));
#3536=ORIENTED_EDGE('',*,*,#3539,.T.);
#3537=ORIENTED_EDGE('',*,*,#3540,.T.);
#3538=ORIENTED_EDGE('',*,*,#3541,.T.);
#3539=EDGE_CURVE('',#291,#293,#3542,.F.);
#3540=EDGE_CURVE('',#293,#285,#3543,.T.);
#3541=EDGE_CURVE('',#285,#291,#3544,.T.);
#3542=LINE('',#290,#3545);
#3543=LINE('',#292,#3546);
#3544=LINE('',#284,#3547);
#3545=VECTOR('',#3548,1.0);
#3546=VECTOR('',#3549,1.0);
#3547=VECTOR('',#3550,1.0);
#3548=DIRECTION('',(0.25843383313755286,-0.9660289612065632,0));
#3549=DIRECTION('',(-0.18798531866198873,0.9821718383091375,0));
#3550=DIRECTION('',(-0.8930161939029693,-0.4500245298059365,0));
#3551=FACE_SURFACE('',(#3556),#3552,.T.);
#3552=PLANE('',#3553);
#3553=AXIS2_PLACEMENT_3D('',#284,#3554,#3555);
#3554=DIRECTION('',(-0,0,1));
#3555=DIRECTION('',(0.18798531866198873,-0.9821718383091375,0));
#3556=FACE_BOUND('',#3557,.T.);
#3557=EDGE_LOOP('',(#3558,#3559,#3560));
#3558=ORIENTED_EDGE('',*,*,#3561,.T.);
#3559=ORIENTED_EDGE('',*,*,#3562,.T.);
#3560=ORIENTED_EDGE('',*,*,#3563,.T.);
#3561=EDGE_CURVE('',#285,#293,#3564,.F.);
#3562=EDGE_CURVE('',#293,#295,#3565,.T.);
#3563=EDGE_CURVE('',#295,#285,#3566,.T.);
#3564=LINE('',#284,#3567);
#3565=LINE('',#292,#3568);
#3566=LINE('',#294,#3569);
#3567=VECTOR('',#3570,1.0);
#3568=VECTOR('',#3571,1.0);
#3569=VECTOR('',#3572,1.0);
#3570=DIRECTION('',(0.18798531866198873,-0.9821718383091375,0));
#3571=DIRECTION('',(0,1,0));
#3572=DIRECTION('',(-0.9936028583390412,-0.11293077481575718,0));
#3573=FACE_SURFACE('',(#3578),#3574,.T.);
#3574=PLANE('',#3575);
#3575=AXIS2_PLACEMENT_3D('',#284,#3576,#3577);
#3576=DIRECTION('',(0,0,1));
#3577=DIRECTION('',(0.9936028583390412,0.11293077481575718,0));
#3578=FACE_BOUND('',#3579,.T.);
#3579=EDGE_LOOP('',(#3580,#3581,#3582));
#3580=ORIENTED_EDGE('',*,*,#3583,.T.);
#3581=ORIENTED_EDGE('',*,*,#3584,.T.);
#3582=ORIENTED_EDGE('',*,*,#3585,.T.);
#3583=EDGE_CURVE('',#285,#295,#3586,.F.);
#3584=EDGE_CURVE('',#295,#287,#3587,.T.);
#3585=EDGE_CURVE('',#287,#285,#3588,.T.);
#3586=LINE('',#284,#3589);
#3587=LINE('',#294,#3590);
#3588=LINE('',#286,#3591);
#3589=VECTOR('',#3592,1.0);
#3590=VECTOR('',#3593,1.0);
#3591=VECTOR('',#3594,1.0);
#3592=DIRECTION('',(0.9936028583390412,0.11293077481575718,0));
#3593=DIRECTION('',(-0.9238807634942465,0.3826804604958137,0));
#3594=DIRECTION('',(-0.9904724378502587,-0.13771111015079904,0));
#3595=FACE_SURFACE('',(#3600),#3596,.T.);
#3596=PLANE('',#3597);
#3597=AXIS2_PLACEMENT_3D('',#292,#3598,#3599);
#3598=DIRECTION('',(0,0,1));
#3599=DIRECTION('',(-0.25843383313755286,0.9660289612065632,0));
#3600=FACE_BOUND('',#3601,.T.);
#3601=EDGE_LOOP('',(#3602,#3603,#3604));
#3602=ORIENTED_EDGE('',*,*,#3605,.T.);
#3603=ORIENTED_EDGE('',*,*,#3606,.T.);
#3604=ORIENTED_EDGE('',*,*,#3607,.T.);
#3605=EDGE_CURVE('',#293,#291,#3608,.F.);
#3606=EDGE_CURVE('',#291,#297,#3609,.T.);
#3607=EDGE_CURVE('',#297,#293,#3610,.T.);
#3608=LINE('',#292,#3611);
#3609=LINE('',#290,#3612);
#3610=LINE('',#296,#3613);
#3611=VECTOR('',#3614,1.0);
#3612=VECTOR('',#3615,1.0);
#3613=VECTOR('',#3616,1.0);
#3614=DIRECTION('',(-0.25843383313755286,0.9660289612065632,0));
#3615=DIRECTION('',(0.24933455553656564,-0.9684174097027497,0));
#3616=DIRECTION('',(0.9238807634942465,0.3826804604958137,0));
#3617=FACE_SURFACE('',(#3622),#3618,.T.);
#3618=PLANE('',#3619);
#3619=AXIS2_PLACEMENT_3D('',#296,#3620,#3621);
#3620=DIRECTION('',(0,0,1));
#3621=DIRECTION('',(-0.24933455553656564,0.9684174097027497,0));
#3622=FACE_BOUND('',#3623,.T.);
#3623=EDGE_LOOP('',(#3624,#3625,#3626));
#3624=ORIENTED_EDGE('',*,*,#3627,.T.);
#3625=ORIENTED_EDGE('',*,*,#3628,.T.);
#3626=ORIENTED_EDGE('',*,*,#3629,.T.);
#3627=EDGE_CURVE('',#297,#291,#3630,.F.);
#3628=EDGE_CURVE('',#291,#299,#3631,.T.);
#3629=EDGE_CURVE('',#299,#297,#3632,.T.);
#3630=LINE('',#296,#3633);
#3631=LINE('',#290,#3634);
#3632=LINE('',#298,#3635);
#3633=VECTOR('',#3636,1.0);
#3634=VECTOR('',#3637,1.0);
#3635=VECTOR('',#3638,1.0);
#3636=DIRECTION('',(-0.24933455553656564,0.9684174097027497,0));
#3637=DIRECTION('',(-0.9140419292871105,-0.4056197129148151,0));
#3638=DIRECTION('',(0.32097676094936484,-0.9470870704061238,0));
#3639=FACE_SURFACE('',(#3644),#3640,.T.);
#3640=PLANE('',#3641);
#3641=AXIS2_PLACEMENT_3D('',#296,#3642,#3643);
#3642=DIRECTION('',(0,0,1));
#3643=DIRECTION('',(-0.32097676094936484,0.9470870704061238,0));
#3644=FACE_BOUND('',#3645,.T.);
#3645=EDGE_LOOP('',(#3646,#3647,#3648));
#3646=ORIENTED_EDGE('',*,*,#3649,.T.);
#3647=ORIENTED_EDGE('',*,*,#3650,.T.);
#3648=ORIENTED_EDGE('',*,*,#3651,.T.);
#3649=EDGE_CURVE('',#297,#299,#3652,.F.);
#3650=EDGE_CURVE('',#299,#301,#3653,.T.);
#3651=EDGE_CURVE('',#301,#297,#3654,.T.);
#3652=LINE('',#296,#3655);
#3653=LINE('',#298,#3656);
#3654=LINE('',#300,#3657);
#3655=VECTOR('',#3658,1.0);
#3656=VECTOR('',#3659,1.0);
#3657=VECTOR('',#3660,1.0);
#3658=DIRECTION('',(-0.32097676094936484,0.9470870704061238,0));
#3659=DIRECTION('',(-0.9328608706234004,-0.36023686105082475,0));
#3660=DIRECTION('',(0.3917419677277919,-0.9200751223246706,0));
#3661=FACE_SURFACE('',(#3666),#3662,.T.);
#3662=PLANE('',#3663);
#3663=AXIS2_PLACEMENT_3D('',#302,#3664,#3665);
#3664=DIRECTION('',(-0,0,1));
#3665=DIRECTION('',(-0.6229413505689304,-0.7822685432454491,0));
#3666=FACE_BOUND('',#3667,.T.);
#3667=EDGE_LOOP('',(#3668,#3669,#3670));
#3668=ORIENTED_EDGE('',*,*,#3671,.T.);
#3669=ORIENTED_EDGE('',*,*,#3672,.T.);
#3670=ORIENTED_EDGE('',*,*,#3673,.T.);
#3671=EDGE_CURVE('',#303,#41,#3674,.F.);
#3672=EDGE_CURVE('',#41,#301,#3675,.T.);
#3673=EDGE_CURVE('',#301,#303,#3676,.T.);
#3674=LINE('',#302,#3677);
#3675=LINE('',#40,#3678);
#3676=LINE('',#300,#3679);
#3677=VECTOR('',#3680,1.0);
#3678=VECTOR('',#3681,1.0);
#3679=VECTOR('',#3682,1.0);
#3680=DIRECTION('',(-0.6229413505689304,-0.7822685432454491,0));
#3681=DIRECTION('',(0.6879169007725511,0.7257894581980977,0));
#3682=DIRECTION('',(-0.9494287895534077,-0.31398244149498394,0));
#3683=FACE_SURFACE('',(#3688),#3684,.T.);
#3684=PLANE('',#3685);
#3685=AXIS2_PLACEMENT_3D('',#300,#3686,#3687);
#3686=DIRECTION('',(0,0,1));
#3687=DIRECTION('',(-0.6879169007725511,-0.7257894581980977,0));
#3688=FACE_BOUND('',#3689,.T.);
#3689=EDGE_LOOP('',(#3690,#3691,#3692));
#3690=ORIENTED_EDGE('',*,*,#3693,.T.);
#3691=ORIENTED_EDGE('',*,*,#3694,.T.);
#3692=ORIENTED_EDGE('',*,*,#3695,.T.);
#3693=EDGE_CURVE('',#301,#41,#3696,.F.);
#3694=EDGE_CURVE('',#41,#305,#3697,.T.);
#3695=EDGE_CURVE('',#305,#301,#3698,.T.);
#3696=LINE('',#300,#3699);
#3697=LINE('',#40,#3700);
#3698=LINE('',#304,#3701);
#3699=VECTOR('',#3702,1.0);
#3700=VECTOR('',#3703,1.0);
#3701=VECTOR('',#3704,1.0);
#3702=DIRECTION('',(-0.6879169007725511,-0.7257894581980977,0));
#3703=DIRECTION('',(0.7789267806688324,-0.627114878117948,0));
#3704=DIRECTION('',(-0.3832063550008692,0.9236627574428602,0));
#3705=FACE_SURFACE('',(#3710),#3706,.T.);
#3706=PLANE('',#3707);
#3707=AXIS2_PLACEMENT_3D('',#300,#3708,#3709);
#3708=DIRECTION('',(0,0,1));
#3709=DIRECTION('',(0.3832063550008692,-0.9236627574428602,0));
#3710=FACE_BOUND('',#3711,.T.);
#3711=EDGE_LOOP('',(#3712,#3713,#3714));
#3712=ORIENTED_EDGE('',*,*,#3715,.T.);
#3713=ORIENTED_EDGE('',*,*,#3716,.T.);
#3714=ORIENTED_EDGE('',*,*,#3717,.T.);
#3715=EDGE_CURVE('',#301,#305,#3718,.F.);
#3716=EDGE_CURVE('',#305,#297,#3719,.T.);
#3717=EDGE_CURVE('',#297,#301,#3720,.T.);
#3718=LINE('',#300,#3721);
#3719=LINE('',#304,#3722);
#3720=LINE('',#296,#3723);
#3721=VECTOR('',#3724,1.0);
#3722=VECTOR('',#3725,1.0);
#3723=VECTOR('',#3726,1.0);
#3724=DIRECTION('',(0.3832063550008692,-0.9236627574428602,0));
#3725=DIRECTION('',(0.7933513418582181,0.6087640334084832,0));
#3726=DIRECTION('',(-0.3917419677277919,0.9200751223246706,0));
#3727=FACE_SURFACE('',(#3732),#3728,.T.);
#3728=PLANE('',#3729);
#3729=AXIS2_PLACEMENT_3D('',#302,#3730,#3731);
#3730=DIRECTION('',(0,0,1));
#3731=DIRECTION('',(-0.963704442024509,-0.26697143746518986,0));
#3732=FACE_BOUND('',#3733,.T.);
#3733=EDGE_LOOP('',(#3734,#3735,#3736));
#3734=ORIENTED_EDGE('',*,*,#3737,.T.);
#3735=ORIENTED_EDGE('',*,*,#3738,.T.);
#3736=ORIENTED_EDGE('',*,*,#3739,.T.);
#3737=EDGE_CURVE('',#303,#307,#3740,.F.);
#3738=EDGE_CURVE('',#307,#41,#3741,.T.);
#3739=EDGE_CURVE('',#41,#303,#3742,.T.);
#3740=LINE('',#302,#3743);
#3741=LINE('',#306,#3744);
#3742=LINE('',#40,#3745);
#3743=VECTOR('',#3746,1.0);
#3744=VECTOR('',#3747,1.0);
#3745=VECTOR('',#3748,1.0);
#3746=DIRECTION('',(-0.963704442024509,-0.26697143746518986,0));
#3747=DIRECTION('',(-0.5208922033414851,-0.8536224648508572,0));
#3748=DIRECTION('',(0.6229413505689304,0.7822685432454491,0));
#3749=FACE_SURFACE('',(#3754),#3750,.T.);
#3750=PLANE('',#3751);
#3751=AXIS2_PLACEMENT_3D('',#40,#3752,#3753);
#3752=DIRECTION('',(0,0,1));
#3753=DIRECTION('',(0.5208922033414851,0.8536224648508572,0));
#3754=FACE_BOUND('',#3755,.T.);
#3755=EDGE_LOOP('',(#3756,#3757,#3758));
#3756=ORIENTED_EDGE('',*,*,#3759,.T.);
#3757=ORIENTED_EDGE('',*,*,#3760,.T.);
#3758=ORIENTED_EDGE('',*,*,#3761,.T.);
#3759=EDGE_CURVE('',#41,#307,#3762,.F.);
#3760=EDGE_CURVE('',#307,#57,#3763,.T.);
#3761=EDGE_CURVE('',#57,#41,#3764,.T.);
#3762=LINE('',#40,#3765);
#3763=LINE('',#306,#3766);
#3764=LINE('',#56,#3767);
#3765=VECTOR('',#3768,1.0);
#3766=VECTOR('',#3769,1.0);
#3767=VECTOR('',#3770,1.0);
#3768=DIRECTION('',(0.5208922033414851,0.8536224648508572,0));
#3769=DIRECTION('',(-0.9756541728862663,-0.21931469382970104,0));
#3770=DIRECTION('',(-0.36305067843463384,-0.9317693946938544,0));
#3771=FACE_SURFACE('',(#3776),#3772,.T.);
#3772=PLANE('',#3773);
#3773=AXIS2_PLACEMENT_3D('',#60,#3774,#3775);
#3774=DIRECTION('',(0,0,1));
#3775=DIRECTION('',(-0.997285149717727,-0.07363647297698887,0));
#3776=FACE_BOUND('',#3777,.T.);
#3777=EDGE_LOOP('',(#3778,#3779,#3780));
#3778=ORIENTED_EDGE('',*,*,#3781,.T.);
#3779=ORIENTED_EDGE('',*,*,#3782,.T.);
#3780=ORIENTED_EDGE('',*,*,#3783,.T.);
#3781=EDGE_CURVE('',#61,#309,#3784,.F.);
#3782=EDGE_CURVE('',#309,#43,#3785,.T.);
#3783=EDGE_CURVE('',#43,#61,#3786,.T.);
#3784=LINE('',#60,#3787);
#3785=LINE('',#308,#3788);
#3786=LINE('',#42,#3789);
#3787=VECTOR('',#3790,1.0);
#3788=VECTOR('',#3791,1.0);
#3789=VECTOR('',#3792,1.0);
#3790=DIRECTION('',(-0.997285149717727,-0.07363647297698887,0));
#3791=DIRECTION('',(0.6719606756542021,-0.7405868283829711,0));
#3792=DIRECTION('',(-0.27528923070340816,0.9613614509947471,0));
#3793=FACE_SURFACE('',(#3798),#3794,.T.);
#3794=PLANE('',#3795);
#3795=AXIS2_PLACEMENT_3D('',#42,#3796,#3797);
#3796=DIRECTION('',(0,0,1));
#3797=DIRECTION('',(-0.6719606756542021,0.7405868283829711,0));
#3798=FACE_BOUND('',#3799,.T.);
#3799=EDGE_LOOP('',(#3800,#3801,#3802));
#3800=ORIENTED_EDGE('',*,*,#3803,.T.);
#3801=ORIENTED_EDGE('',*,*,#3804,.T.);
#3802=ORIENTED_EDGE('',*,*,#3805,.T.);
#3803=EDGE_CURVE('',#43,#309,#3806,.F.);
#3804=EDGE_CURVE('',#309,#117,#3807,.T.);
#3805=EDGE_CURVE('',#117,#43,#3808,.T.);
#3806=LINE('',#42,#3809);
#3807=LINE('',#308,#3810);
#3808=LINE('',#116,#3811);
#3809=VECTOR('',#3812,1.0);
#3810=VECTOR('',#3813,1.0);
#3811=VECTOR('',#3814,1.0);
#3812=DIRECTION('',(-0.6719606756542021,0.7405868283829711,0));
#3813=DIRECTION('',(-0.9996982095722168,-0.02456602894454541,0));
#3814=DIRECTION('',(0.8386923823636053,-0.5446054422839163,0));
#3815=FACE_SURFACE('',(#3820),#3816,.T.);
#3816=PLANE('',#3817);
#3817=AXIS2_PLACEMENT_3D('',#120,#3818,#3819);
#3818=DIRECTION('',(0,0,1));
#3819=DIRECTION('',(-0.9924647276409572,0.12253066713505135,0));
#3820=FACE_BOUND('',#3821,.T.);
#3821=EDGE_LOOP('',(#3822,#3823,#3824));
#3822=ORIENTED_EDGE('',*,*,#3825,.T.);
#3823=ORIENTED_EDGE('',*,*,#3826,.T.);
#3824=ORIENTED_EDGE('',*,*,#3827,.T.);
#3825=EDGE_CURVE('',#121,#311,#3828,.F.);
#3826=EDGE_CURVE('',#311,#49,#3829,.T.);
#3827=EDGE_CURVE('',#49,#121,#3830,.T.);
#3828=LINE('',#120,#3831);
#3829=LINE('',#310,#3832);
#3830=LINE('',#48,#3833);
#3831=VECTOR('',#3834,1.0);
#3832=VECTOR('',#3835,1.0);
#3833=VECTOR('',#3836,1.0);
#3834=DIRECTION('',(-0.9924647276409572,0.12253066713505135,0));
#3835=DIRECTION('',(0.26361664697525183,-0.9646275257515335,0));
#3836=DIRECTION('',(0.2752890477156785,0.9613615033939079,0));
#3837=FACE_SURFACE('',(#3842),#3838,.T.);
#3838=PLANE('',#3839);
#3839=AXIS2_PLACEMENT_3D('',#48,#3840,#3841);
#3840=DIRECTION('',(0,0,1));
#3841=DIRECTION('',(-0.26361664697525183,0.9646275257515335,0));
#3842=FACE_BOUND('',#3843,.T.);
#3843=EDGE_LOOP('',(#3844,#3845,#3846));
#3844=ORIENTED_EDGE('',*,*,#3847,.T.);
#3845=ORIENTED_EDGE('',*,*,#3848,.T.);
#3846=ORIENTED_EDGE('',*,*,#3849,.T.);
#3847=EDGE_CURVE('',#49,#311,#3850,.F.);
#3848=EDGE_CURVE('',#311,#111,#3851,.T.);
#3849=EDGE_CURVE('',#111,#49,#3852,.T.);
#3850=LINE('',#48,#3853);
#3851=LINE('',#310,#3854);
#3852=LINE('',#110,#3855);
#3853=VECTOR('',#3856,1.0);
#3854=VECTOR('',#3857,1.0);
#3855=VECTOR('',#3858,1.0);
#3856=DIRECTION('',(-0.26361664697525183,0.9646275257515335,0));
#3857=DIRECTION('',(-0.9852484021413258,0.17113031899100795,0));
#3858=DIRECTION('',(0.5952751762179622,-0.8035219129424375,0));
#3859=FACE_SURFACE('',(#3864),#3860,.T.);
#3860=PLANE('',#3861);
#3861=AXIS2_PLACEMENT_3D('',#114,#3862,#3863);
#3862=DIRECTION('',(0,0,1));
#3863=DIRECTION('',(-0.9494287895534077,0.31398244149498394,0));
#3864=FACE_BOUND('',#3865,.T.);
#3865=EDGE_LOOP('',(#3866,#3867,#3868));
#3866=ORIENTED_EDGE('',*,*,#3869,.T.);
#3867=ORIENTED_EDGE('',*,*,#3870,.T.);
#3868=ORIENTED_EDGE('',*,*,#3871,.T.);
#3869=EDGE_CURVE('',#115,#167,#3872,.F.);
#3870=EDGE_CURVE('',#167,#53,#3873,.T.);
#3871=EDGE_CURVE('',#53,#115,#3874,.T.);
#3872=LINE('',#114,#3875);
#3873=LINE('',#166,#3876);
#3874=LINE('',#52,#3877);
#3875=VECTOR('',#3878,1.0);
#3876=VECTOR('',#3879,1.0);
#3877=VECTOR('',#3880,1.0);
#3878=DIRECTION('',(-0.9494287895534077,0.31398244149498394,0));
#3879=DIRECTION('',(0.6879168880148959,-0.7257894702900429,0));
#3880=DIRECTION('',(-0.6229413334295473,0.7822685568939975,0));
#3881=FACE_SURFACE('',(#3886),#3882,.T.);
#3882=PLANE('',#3883);
#3883=AXIS2_PLACEMENT_3D('',#154,#3884,#3885);
#3884=DIRECTION('',(-0,0,1));
#3885=DIRECTION('',(0.9936028583390412,-0.11293077481575718,0));
#3886=FACE_BOUND('',#3887,.T.);
#3887=EDGE_LOOP('',(#3888,#3889,#3890));
#3888=ORIENTED_EDGE('',*,*,#3891,.T.);
#3889=ORIENTED_EDGE('',*,*,#3892,.T.);
#3890=ORIENTED_EDGE('',*,*,#3893,.T.);
#3891=EDGE_CURVE('',#155,#159,#3894,.F.);
#3892=EDGE_CURVE('',#159,#313,#3895,.T.);
#3893=EDGE_CURVE('',#313,#155,#3896,.T.);
#3894=LINE('',#154,#3897);
#3895=LINE('',#158,#3898);
#3896=LINE('',#312,#3899);
#3897=VECTOR('',#3900,1.0);
#3898=VECTOR('',#3901,1.0);
#3899=VECTOR('',#3902,1.0);
#3900=DIRECTION('',(0.9936028583390412,-0.11293077481575718,0));
#3901=DIRECTION('',(-0.9904724378502587,0.13771111015079904,0));
#3902=DIRECTION('',(-0.9238807634942465,-0.3826804604958137,0));
#3903=FACE_SURFACE('',(#3908),#3904,.T.);
#3904=PLANE('',#3905);
#3905=AXIS2_PLACEMENT_3D('',#312,#3906,#3907);
#3906=DIRECTION('',(-0,0,1));
#3907=DIRECTION('',(0.9904724378502587,-0.13771111015079904,0));
#3908=FACE_BOUND('',#3909,.T.);
#3909=EDGE_LOOP('',(#3910,#3911,#3912));
#3910=ORIENTED_EDGE('',*,*,#3913,.T.);
#3911=ORIENTED_EDGE('',*,*,#3914,.T.);
#3912=ORIENTED_EDGE('',*,*,#3915,.T.);
#3913=EDGE_CURVE('',#313,#159,#3916,.F.);
#3914=EDGE_CURVE('',#159,#315,#3917,.T.);
#3915=EDGE_CURVE('',#315,#313,#3918,.T.);
#3916=LINE('',#312,#3919);
#3917=LINE('',#158,#3920);
#3918=LINE('',#314,#3921);
#3919=VECTOR('',#3922,1.0);
#3920=VECTOR('',#3923,1.0);
#3921=VECTOR('',#3924,1.0);
#3922=DIRECTION('',(0.9904724378502587,-0.13771111015079904,0));
#3923=DIRECTION('',(-0.8698343628380498,0.49334387725614265,0));
#3924=DIRECTION('',(-0.9950871957002742,-0.09900238862453972,0));
#3925=FACE_SURFACE('',(#3930),#3926,.T.);
#3926=PLANE('',#3927);
#3927=AXIS2_PLACEMENT_3D('',#312,#3928,#3929);
#3928=DIRECTION('',(0,0,1));
#3929=DIRECTION('',(0.9950871957002742,0.09900238862453972,0));
#3930=FACE_BOUND('',#3931,.T.);
#3931=EDGE_LOOP('',(#3932,#3933,#3934));
#3932=ORIENTED_EDGE('',*,*,#3935,.T.);
#3933=ORIENTED_EDGE('',*,*,#3936,.T.);
#3934=ORIENTED_EDGE('',*,*,#3937,.T.);
#3935=EDGE_CURVE('',#313,#315,#3938,.F.);
#3936=EDGE_CURVE('',#315,#317,#3939,.T.);
#3937=EDGE_CURVE('',#317,#313,#3940,.T.);
#3938=LINE('',#312,#3941);
#3939=LINE('',#314,#3942);
#3940=LINE('',#316,#3943);
#3941=VECTOR('',#3944,1.0);
#3942=VECTOR('',#3945,1.0);
#3943=VECTOR('',#3946,1.0);
#3944=DIRECTION('',(0.9950871957002742,0.09900238862453972,0));
#3945=DIRECTION('',(-0.9985660583422297,-0.05353342065348254,0));
#3946=DIRECTION('',(-0.7933560467907059,-0.6087579018137039,0));
#3947=FACE_SURFACE('',(#3952),#3948,.T.);
#3948=PLANE('',#3949);
#3949=AXIS2_PLACEMENT_3D('',#316,#3950,#3951);
#3950=DIRECTION('',(0,0,1));
#3951=DIRECTION('',(0.9985660583422297,0.05353342065348254,0));
#3952=FACE_BOUND('',#3953,.T.);
#3953=EDGE_LOOP('',(#3954,#3955,#3956));
#3954=ORIENTED_EDGE('',*,*,#3957,.T.);
#3955=ORIENTED_EDGE('',*,*,#3958,.T.);
#3956=ORIENTED_EDGE('',*,*,#3959,.T.);
#3957=EDGE_CURVE('',#317,#315,#3960,.F.);
#3958=EDGE_CURVE('',#315,#319,#3961,.T.);
#3959=EDGE_CURVE('',#319,#317,#3962,.T.);
#3960=LINE('',#316,#3963);
#3961=LINE('',#314,#3964);
#3962=LINE('',#318,#3965);
#3963=VECTOR('',#3966,1.0);
#3964=VECTOR('',#3967,1.0);
#3965=VECTOR('',#3968,1.0);
#3966=DIRECTION('',(0.9985660583422297,0.05353342065348254,0));
#3967=DIRECTION('',(-0.9998731244072772,0.01592906425468522,0));
#3968=DIRECTION('',(-0.6087579018137039,-0.7933560467907059,0));
#3969=FACE_SURFACE('',(#3974),#3970,.T.);
#3970=PLANE('',#3971);
#3971=AXIS2_PLACEMENT_3D('',#318,#3972,#3973);
#3972=DIRECTION('',(-0,0,1));
#3973=DIRECTION('',(0.9998731244072772,-0.01592906425468522,0));
#3974=FACE_BOUND('',#3975,.T.);
#3975=EDGE_LOOP('',(#3976,#3977,#3978));
#3976=ORIENTED_EDGE('',*,*,#3979,.T.);
#3977=ORIENTED_EDGE('',*,*,#3980,.T.);
#3978=ORIENTED_EDGE('',*,*,#3981,.T.);
#3979=EDGE_CURVE('',#319,#315,#3982,.F.);
#3980=EDGE_CURVE('',#315,#321,#3983,.T.);
#3981=EDGE_CURVE('',#321,#319,#3984,.T.);
#3982=LINE('',#318,#3985);
#3983=LINE('',#314,#3986);
#3984=LINE('',#320,#3987);
#3985=VECTOR('',#3988,1.0);
#3986=VECTOR('',#3989,1.0);
#3987=VECTOR('',#3990,1.0);
#3988=DIRECTION('',(0.9998731244072772,-0.01592906425468522,0));
#3989=DIRECTION('',(-0.8445535202187991,0.5354711490697088,0));
#3990=DIRECTION('',(-0.7242947594227895,-0.6894904651064315,0));
#3991=FACE_SURFACE('',(#3996),#3992,.T.);
#3992=PLANE('',#3993);
#3993=AXIS2_PLACEMENT_3D('',#318,#3994,#3995);
#3994=DIRECTION('',(0,0,1));
#3995=DIRECTION('',(0.7242947594227895,0.6894904651064315,0));
#3996=FACE_BOUND('',#3997,.T.);
#3997=EDGE_LOOP('',(#3998,#3999,#4000));
#3998=ORIENTED_EDGE('',*,*,#4001,.T.);
#3999=ORIENTED_EDGE('',*,*,#4002,.T.);
#4000=ORIENTED_EDGE('',*,*,#4003,.T.);
#4001=EDGE_CURVE('',#319,#321,#4004,.F.);
#4002=EDGE_CURVE('',#321,#323,#4005,.T.);
#4003=EDGE_CURVE('',#323,#319,#4006,.T.);
#4004=LINE('',#318,#4007);
#4005=LINE('',#320,#4008);
#4006=LINE('',#322,#4009);
#4007=VECTOR('',#4010,1.0);
#4008=VECTOR('',#4011,1.0);
#4009=VECTOR('',#4012,1.0);
#4010=DIRECTION('',(0.7242947594227895,0.6894904651064315,0));
#4011=DIRECTION('',(-0.7779201419469122,-0.6283631535611361,0));
#4012=DIRECTION('',(-0.3826887756846641,-0.9238773192177482,0));
#4013=FACE_SURFACE('',(#4018),#4014,.T.);
#4014=PLANE('',#4015);
#4015=AXIS2_PLACEMENT_3D('',#322,#4016,#4017);
#4016=DIRECTION('',(0,0,1));
#4017=DIRECTION('',(0.7779201419469122,0.6283631535611361,0));
#4018=FACE_BOUND('',#4019,.T.);
#4019=EDGE_LOOP('',(#4020,#4021,#4022));
#4020=ORIENTED_EDGE('',*,*,#4023,.T.);
#4021=ORIENTED_EDGE('',*,*,#4024,.T.);
#4022=ORIENTED_EDGE('',*,*,#4025,.T.);
#4023=EDGE_CURVE('',#323,#321,#4026,.F.);
#4024=EDGE_CURVE('',#321,#325,#4027,.T.);
#4025=EDGE_CURVE('',#325,#323,#4028,.T.);
#4026=LINE('',#322,#4029);
#4027=LINE('',#320,#4030);
#4028=LINE('',#324,#4031);
#4029=VECTOR('',#4032,1.0);
#4030=VECTOR('',#4033,1.0);
#4031=VECTOR('',#4034,1.0);
#4032=DIRECTION('',(0.7779201419469122,0.6283631535611361,0));
#4033=DIRECTION('',(-0.8682241262111339,-0.49617221472480005,0));
#4034=DIRECTION('',(-0.13052104055558156,-0.9914455395896884,0));
#4035=FACE_SURFACE('',(#4040),#4036,.T.);
#4036=PLANE('',#4037);
#4037=AXIS2_PLACEMENT_3D('',#324,#4038,#4039);
#4038=DIRECTION('',(0,-0,1));
#4039=DIRECTION('',(0.8682241262111339,0.49617221472480005,0));
#4040=FACE_BOUND('',#4041,.T.);
#4041=EDGE_LOOP('',(#4042,#4043,#4044));
#4042=ORIENTED_EDGE('',*,*,#4045,.T.);
#4043=ORIENTED_EDGE('',*,*,#4046,.T.);
#4044=ORIENTED_EDGE('',*,*,#4047,.T.);
#4045=EDGE_CURVE('',#325,#321,#4048,.F.);
#4046=EDGE_CURVE('',#321,#327,#4049,.T.);
#4047=EDGE_CURVE('',#327,#325,#4050,.T.);
#4048=LINE('',#324,#4051);
#4049=LINE('',#320,#4052);
#4050=LINE('',#326,#4053);
#4051=VECTOR('',#4054,1.0);
#4052=VECTOR('',#4055,1.0);
#4053=VECTOR('',#4056,1.0);
#4054=DIRECTION('',(0.8682241262111339,0.49617221472480005,0));
#4055=DIRECTION('',(-0.9586747573212165,-0.28450432277050974,0));
#4056=DIRECTION('',(0.13052104055558156,-0.9914455395896884,0));
#4057=FACE_SURFACE('',(#4062),#4058,.T.);
#4058=PLANE('',#4059);
#4059=AXIS2_PLACEMENT_3D('',#326,#4060,#4061);
#4060=DIRECTION('',(0,-0,1));
#4061=DIRECTION('',(0.9586747573212165,0.28450432277050974,0));
#4062=FACE_BOUND('',#4063,.T.);
#4063=EDGE_LOOP('',(#4064,#4065,#4066));
#4064=ORIENTED_EDGE('',*,*,#4067,.T.);
#4065=ORIENTED_EDGE('',*,*,#4068,.T.);
#4066=ORIENTED_EDGE('',*,*,#4069,.T.);
#4067=EDGE_CURVE('',#327,#321,#4070,.F.);
#4068=EDGE_CURVE('',#321,#329,#4071,.T.);
#4069=EDGE_CURVE('',#329,#327,#4072,.T.);
#4070=LINE('',#326,#4073);
#4071=LINE('',#320,#4074);
#4072=LINE('',#328,#4075);
#4073=VECTOR('',#4076,1.0);
#4074=VECTOR('',#4077,1.0);
#4075=VECTOR('',#4078,1.0);
#4076=DIRECTION('',(0.9586747573212165,0.28450432277050974,0));
#4077=DIRECTION('',(-0.998576061543341,-0.05334650234635616,0));
#4078=DIRECTION('',(0.3826887756846641,-0.9238773192177482,0));
#4079=FACE_SURFACE('',(#4084),#4080,.T.);
#4080=PLANE('',#4081);
#4081=AXIS2_PLACEMENT_3D('',#328,#4082,#4083);
#4082=DIRECTION('',(0,-0,1));
#4083=DIRECTION('',(0.998576061543341,0.05334650234635616,0));
#4084=FACE_BOUND('',#4085,.T.);
#4085=EDGE_LOOP('',(#4086,#4087,#4088));
#4086=ORIENTED_EDGE('',*,*,#4089,.T.);
#4087=ORIENTED_EDGE('',*,*,#4090,.T.);
#4088=ORIENTED_EDGE('',*,*,#4091,.T.);
#4089=EDGE_CURVE('',#329,#321,#4092,.F.);
#4090=EDGE_CURVE('',#321,#331,#4093,.T.);
#4091=EDGE_CURVE('',#331,#329,#4094,.T.);
#4092=LINE('',#328,#4095);
#4093=LINE('',#320,#4096);
#4094=LINE('',#330,#4097);
#4095=VECTOR('',#4098,1.0);
#4096=VECTOR('',#4099,1.0);
#4097=VECTOR('',#4100,1.0);
#4098=DIRECTION('',(0.998576061543341,0.05334650234635616,0));
#4099=DIRECTION('',(-0.9933287092502963,0.11531728135513963,0));
#4100=DIRECTION('',(0.6087579018137039,-0.7933560467907059,0));
#4101=FACE_SURFACE('',(#4106),#4102,.T.);
#4102=PLANE('',#4103);
#4103=AXIS2_PLACEMENT_3D('',#330,#4104,#4105);
#4104=DIRECTION('',(-0,-0,1));
#4105=DIRECTION('',(0.9933287092502963,-0.11531728135513963,0));
#4106=FACE_BOUND('',#4107,.T.);
#4107=EDGE_LOOP('',(#4108,#4109,#4110));
#4108=ORIENTED_EDGE('',*,*,#4111,.T.);
#4109=ORIENTED_EDGE('',*,*,#4112,.T.);
#4110=ORIENTED_EDGE('',*,*,#4113,.T.);
#4111=EDGE_CURVE('',#331,#321,#4114,.F.);
#4112=EDGE_CURVE('',#321,#333,#4115,.T.);
#4113=EDGE_CURVE('',#333,#331,#4116,.T.);
#4114=LINE('',#330,#4117);
#4115=LINE('',#320,#4118);
#4116=LINE('',#332,#4119);
#4117=VECTOR('',#4120,1.0);
#4118=VECTOR('',#4121,1.0);
#4119=VECTOR('',#4122,1.0);
#4120=DIRECTION('',(0.9933287092502963,-0.11531728135513963,0));
#4121=DIRECTION('',(-0.8172340155784724,0.5763059636872458,0));
#4122=DIRECTION('',(0.36976845086900917,-0.9291239383106719,0));
#4123=FACE_SURFACE('',(#4128),#4124,.T.);
#4124=PLANE('',#4125);
#4125=AXIS2_PLACEMENT_3D('',#330,#4126,#4127);
#4126=DIRECTION('',(0,0,1));
#4127=DIRECTION('',(-0.36976845086900917,0.9291239383106719,0));
#4128=FACE_BOUND('',#4129,.T.);
#4129=EDGE_LOOP('',(#4130,#4131,#4132));
#4130=ORIENTED_EDGE('',*,*,#4133,.T.);
#4131=ORIENTED_EDGE('',*,*,#4134,.T.);
#4132=ORIENTED_EDGE('',*,*,#4135,.T.);
#4133=EDGE_CURVE('',#331,#333,#4136,.F.);
#4134=EDGE_CURVE('',#333,#335,#4137,.T.);
#4135=EDGE_CURVE('',#335,#331,#4138,.T.);
#4136=LINE('',#330,#4139);
#4137=LINE('',#332,#4140);
#4138=LINE('',#334,#4141);
#4139=VECTOR('',#4142,1.0);
#4140=VECTOR('',#4143,1.0);
#4141=VECTOR('',#4144,1.0);
#4142=DIRECTION('',(-0.36976845086900917,0.9291239383106719,0));
#4143=DIRECTION('',(0.2287541649464588,-0.9734842227892799,0));
#4144=DIRECTION('',(0.7933560467907059,-0.6087579018137039,0));
#4145=FACE_SURFACE('',(#4150),#4146,.T.);
#4146=PLANE('',#4147);
#4147=AXIS2_PLACEMENT_3D('',#334,#4148,#4149);
#4148=DIRECTION('',(0,0,1));
#4149=DIRECTION('',(-0.2287541649464588,0.9734842227892799,0));
#4150=FACE_BOUND('',#4151,.T.);
#4151=EDGE_LOOP('',(#4152,#4153,#4154));
#4152=ORIENTED_EDGE('',*,*,#4155,.T.);
#4153=ORIENTED_EDGE('',*,*,#4156,.T.);
#4154=ORIENTED_EDGE('',*,*,#4157,.T.);
#4155=EDGE_CURVE('',#335,#333,#4158,.F.);
#4156=EDGE_CURVE('',#333,#337,#4159,.T.);
#4157=EDGE_CURVE('',#337,#335,#4160,.T.);
#4158=LINE('',#334,#4161);
#4159=LINE('',#332,#4162);
#4160=LINE('',#336,#4163);
#4161=VECTOR('',#4164,1.0);
#4162=VECTOR('',#4165,1.0);
#4163=VECTOR('',#4166,1.0);
#4164=DIRECTION('',(-0.2287541649464588,0.9734842227892799,0));
#4165=DIRECTION('',(-0.04310675555588108,-0.9990704718013866,0));
#4166=DIRECTION('',(0.9238773192177482,-0.3826887756846641,0));
#4167=FACE_SURFACE('',(#4172),#4168,.T.);
#4168=PLANE('',#4169);
#4169=AXIS2_PLACEMENT_3D('',#336,#4170,#4171);
#4170=DIRECTION('',(0,-0,1));
#4171=DIRECTION('',(0.04310675555588108,0.9990704718013866,0));
#4172=FACE_BOUND('',#4173,.T.);
#4173=EDGE_LOOP('',(#4174,#4175,#4176));
#4174=ORIENTED_EDGE('',*,*,#4177,.T.);
#4175=ORIENTED_EDGE('',*,*,#4178,.T.);
#4176=ORIENTED_EDGE('',*,*,#4179,.T.);
#4177=EDGE_CURVE('',#337,#333,#4180,.F.);
#4178=EDGE_CURVE('',#333,#339,#4181,.T.);
#4179=EDGE_CURVE('',#339,#337,#4182,.T.);
#4180=LINE('',#336,#4183);
#4181=LINE('',#332,#4184);
#4182=LINE('',#338,#4185);
#4183=VECTOR('',#4186,1.0);
#4184=VECTOR('',#4187,1.0);
#4185=VECTOR('',#4188,1.0);
#4186=DIRECTION('',(0.04310675555588108,0.9990704718013866,0));
#4187=DIRECTION('',(-0.36400612857785547,-0.9313965526872867,0));
#4188=DIRECTION('',(0.9914455395896884,-0.13052104055558156,0));
#4189=FACE_SURFACE('',(#4194),#4190,.T.);
#4190=PLANE('',#4191);
#4191=AXIS2_PLACEMENT_3D('',#338,#4192,#4193);
#4192=DIRECTION('',(0,-0,1));
#4193=DIRECTION('',(0.36400612857785547,0.9313965526872867,0));
#4194=FACE_BOUND('',#4195,.T.);
#4195=EDGE_LOOP('',(#4196,#4197,#4198));
#4196=ORIENTED_EDGE('',*,*,#4199,.T.);
#4197=ORIENTED_EDGE('',*,*,#4200,.T.);
#4198=ORIENTED_EDGE('',*,*,#4201,.T.);
#4199=EDGE_CURVE('',#339,#333,#4202,.F.);
#4200=EDGE_CURVE('',#333,#341,#4203,.T.);
#4201=EDGE_CURVE('',#341,#339,#4204,.T.);
#4202=LINE('',#338,#4205);
#4203=LINE('',#332,#4206);
#4204=LINE('',#340,#4207);
#4205=VECTOR('',#4208,1.0);
#4206=VECTOR('',#4209,1.0);
#4207=VECTOR('',#4210,1.0);
#4208=DIRECTION('',(0.36400612857785547,0.9313965526872867,0));
#4209=DIRECTION('',(-0.5759087526623025,-0.8175139806798114,0));
#4210=DIRECTION('',(0.9914455395896884,0.13052104055558156,0));
#4211=FACE_SURFACE('',(#4216),#4212,.T.);
#4212=PLANE('',#4213);
#4213=AXIS2_PLACEMENT_3D('',#340,#4214,#4215);
#4214=DIRECTION('',(0,-0,1));
#4215=DIRECTION('',(0.5759087526623025,0.8175139806798114,0));
#4216=FACE_BOUND('',#4217,.T.);
#4217=EDGE_LOOP('',(#4218,#4219,#4220));
#4218=ORIENTED_EDGE('',*,*,#4221,.T.);
#4219=ORIENTED_EDGE('',*,*,#4222,.T.);
#4220=ORIENTED_EDGE('',*,*,#4223,.T.);
#4221=EDGE_CURVE('',#341,#333,#4224,.F.);
#4222=EDGE_CURVE('',#333,#129,#4225,.T.);
#4223=EDGE_CURVE('',#129,#341,#4226,.T.);
#4224=LINE('',#340,#4227);
#4225=LINE('',#332,#4228);
#4226=LINE('',#128,#4229);
#4227=VECTOR('',#4230,1.0);
#4228=VECTOR('',#4231,1.0);
#4229=VECTOR('',#4232,1.0);
#4230=DIRECTION('',(0.5759087526623025,0.8175139806798114,0));
#4231=DIRECTION('',(-0.7879414821484307,0.6157501284691171,0));
#4232=DIRECTION('',(0.4636517352257543,-0.8860175327961333,0));
#4233=FACE_SURFACE('',(#4238),#4234,.T.);
#4234=PLANE('',#4235);
#4235=AXIS2_PLACEMENT_3D('',#340,#4236,#4237);
#4236=DIRECTION('',(0,0,1));
#4237=DIRECTION('',(-0.4636517352257543,0.8860175327961333,0));
#4238=FACE_BOUND('',#4239,.T.);
#4239=EDGE_LOOP('',(#4240,#4241,#4242));
#4240=ORIENTED_EDGE('',*,*,#4243,.T.);
#4241=ORIENTED_EDGE('',*,*,#4244,.T.);
#4242=ORIENTED_EDGE('',*,*,#4245,.T.);
#4243=EDGE_CURVE('',#341,#129,#4246,.F.);
#4244=EDGE_CURVE('',#129,#343,#4247,.T.);
#4245=EDGE_CURVE('',#343,#341,#4248,.T.);
#4246=LINE('',#340,#4249);
#4247=LINE('',#128,#4250);
#4248=LINE('',#342,#4251);
#4249=VECTOR('',#4252,1.0);
#4250=VECTOR('',#4253,1.0);
#4251=VECTOR('',#4254,1.0);
#4252=DIRECTION('',(-0.4636517352257543,0.8860175327961333,0));
#4253=DIRECTION('',(0.3609253786447994,-0.9325946981674881,0));
#4254=DIRECTION('',(0.9238773192177482,0.3826887756846641,0));
#4255=FACE_SURFACE('',(#4260),#4256,.T.);
#4256=PLANE('',#4257);
#4257=AXIS2_PLACEMENT_3D('',#342,#4258,#4259);
#4258=DIRECTION('',(0,0,1));
#4259=DIRECTION('',(-0.3609253786447994,0.9325946981674881,0));
#4260=FACE_BOUND('',#4261,.T.);
#4261=EDGE_LOOP('',(#4262,#4263,#4264));
#4262=ORIENTED_EDGE('',*,*,#4265,.T.);
#4263=ORIENTED_EDGE('',*,*,#4266,.T.);
#4264=ORIENTED_EDGE('',*,*,#4267,.T.);
#4265=EDGE_CURVE('',#343,#129,#4268,.F.);
#4266=EDGE_CURVE('',#129,#345,#4269,.T.);
#4267=EDGE_CURVE('',#345,#343,#4270,.T.);
#4268=LINE('',#342,#4271);
#4269=LINE('',#128,#4272);
#4270=LINE('',#344,#4273);
#4271=VECTOR('',#4274,1.0);
#4272=VECTOR('',#4275,1.0);
#4273=VECTOR('',#4276,1.0);
#4274=DIRECTION('',(-0.3609253786447994,0.9325946981674881,0));
#4275=DIRECTION('',(0.2614208951220762,-0.9652249041511374,0));
#4276=DIRECTION('',(0.7933560467907059,0.6087579018137039,0));
#4277=FACE_SURFACE('',(#4282),#4278,.T.);
#4278=PLANE('',#4279);
#4279=AXIS2_PLACEMENT_3D('',#344,#4280,#4281);
#4280=DIRECTION('',(0,0,1));
#4281=DIRECTION('',(-0.2614208951220762,0.9652249041511374,0));
#4282=FACE_BOUND('',#4283,.T.);
#4283=EDGE_LOOP('',(#4284,#4285,#4286));
#4284=ORIENTED_EDGE('',*,*,#4287,.T.);
#4285=ORIENTED_EDGE('',*,*,#4288,.T.);
#4286=ORIENTED_EDGE('',*,*,#4289,.T.);
#4287=EDGE_CURVE('',#345,#129,#4290,.F.);
#4288=EDGE_CURVE('',#129,#347,#4291,.T.);
#4289=EDGE_CURVE('',#347,#345,#4292,.T.);
#4290=LINE('',#344,#4293);
#4291=LINE('',#128,#4294);
#4292=LINE('',#346,#4295);
#4293=VECTOR('',#4296,1.0);
#4294=VECTOR('',#4297,1.0);
#4295=VECTOR('',#4298,1.0);
#4296=DIRECTION('',(-0.2614208951220762,0.9652249041511374,0));
#4297=DIRECTION('',(0.182381974698432,-0.9832277535266691,0));
#4298=DIRECTION('',(0.6087579018137039,0.7933560467907059,0));
#4299=FACE_SURFACE('',(#4304),#4300,.T.);
#4300=PLANE('',#4301);
#4301=AXIS2_PLACEMENT_3D('',#346,#4302,#4303);
#4302=DIRECTION('',(0,0,1));
#4303=DIRECTION('',(-0.182381974698432,0.9832277535266691,0));
#4304=FACE_BOUND('',#4305,.T.);
#4305=EDGE_LOOP('',(#4306,#4307,#4308));
#4306=ORIENTED_EDGE('',*,*,#4309,.T.);
#4307=ORIENTED_EDGE('',*,*,#4310,.T.);
#4308=ORIENTED_EDGE('',*,*,#4311,.T.);
#4309=EDGE_CURVE('',#347,#129,#4312,.F.);
#4310=EDGE_CURVE('',#129,#349,#4313,.T.);
#4311=EDGE_CURVE('',#349,#347,#4314,.T.);
#4312=LINE('',#346,#4315);
#4313=LINE('',#128,#4316);
#4314=LINE('',#348,#4317);
#4315=VECTOR('',#4318,1.0);
#4316=VECTOR('',#4319,1.0);
#4317=VECTOR('',#4320,1.0);
#4318=DIRECTION('',(-0.182381974698432,0.9832277535266691,0));
#4319=DIRECTION('',(0.13193371684903707,-0.9912585406231808,0));
#4320=DIRECTION('',(0.3826804604958137,0.9238807634942465,0));
#4321=FACE_SURFACE('',(#4326),#4322,.T.);
#4322=PLANE('',#4323);
#4323=AXIS2_PLACEMENT_3D('',#348,#4324,#4325);
#4324=DIRECTION('',(0,0,1));
#4325=DIRECTION('',(-0.13193371684903707,0.9912585406231808,0));
#4326=FACE_BOUND('',#4327,.T.);
#4327=EDGE_LOOP('',(#4328,#4329,#4330));
#4328=ORIENTED_EDGE('',*,*,#4331,.T.);
#4329=ORIENTED_EDGE('',*,*,#4332,.T.);
#4330=ORIENTED_EDGE('',*,*,#4333,.T.);
#4331=EDGE_CURVE('',#349,#129,#4334,.F.);
#4332=EDGE_CURVE('',#129,#125,#4335,.T.);
#4333=EDGE_CURVE('',#125,#349,#4336,.T.);
#4334=LINE('',#348,#4337);
#4335=LINE('',#128,#4338);
#4336=LINE('',#124,#4339);
#4337=VECTOR('',#4340,1.0);
#4338=VECTOR('',#4341,1.0);
#4339=VECTOR('',#4342,1.0);
#4340=DIRECTION('',(-0.13193371684903707,0.9912585406231808,0));
#4341=DIRECTION('',(0.10973507118225533,-0.9939608715400348,0));
#4342=DIRECTION('',(0.13053061640817715,0.9914442789083516,0));
#4343=FACE_SURFACE('',(#4348),#4344,.T.);
#4344=PLANE('',#4345);
#4345=AXIS2_PLACEMENT_3D('',#100,#4346,#4347);
#4346=DIRECTION('',(-0,0,1));
#4347=DIRECTION('',(0.011822569283042489,-0.9999301109855366,0));
#4348=FACE_BOUND('',#4349,.T.);
#4349=EDGE_LOOP('',(#4350,#4351,#4352));
#4350=ORIENTED_EDGE('',*,*,#4353,.T.);
#4351=ORIENTED_EDGE('',*,*,#4354,.T.);
#4352=ORIENTED_EDGE('',*,*,#4355,.T.);
#4353=EDGE_CURVE('',#101,#105,#4356,.F.);
#4354=EDGE_CURVE('',#105,#351,#4357,.T.);
#4355=EDGE_CURVE('',#351,#101,#4358,.T.);
#4356=LINE('',#100,#4359);
#4357=LINE('',#104,#4360);
#4358=LINE('',#350,#4361);
#4359=VECTOR('',#4362,1.0);
#4360=VECTOR('',#4363,1.0);
#4361=VECTOR('',#4364,1.0);
#4362=DIRECTION('',(0.011822569283042489,-0.9999301109855366,0));
#4363=DIRECTION('',(-0.010637697663955678,0.999943418093449,0));
#4364=DIRECTION('',(-0.13052104055558156,-0.9914455395896884,0));
#4365=FACE_SURFACE('',(#4370),#4366,.T.);
#4366=PLANE('',#4367);
#4367=AXIS2_PLACEMENT_3D('',#350,#4368,#4369);
#4368=DIRECTION('',(-0,0,1));
#4369=DIRECTION('',(0.010637697663955678,-0.999943418093449,0));
#4370=FACE_BOUND('',#4371,.T.);
#4371=EDGE_LOOP('',(#4372,#4373,#4374));
#4372=ORIENTED_EDGE('',*,*,#4375,.T.);
#4373=ORIENTED_EDGE('',*,*,#4376,.T.);
#4374=ORIENTED_EDGE('',*,*,#4377,.T.);
#4375=EDGE_CURVE('',#351,#105,#4378,.F.);
#4376=EDGE_CURVE('',#105,#263,#4379,.T.);
#4377=EDGE_CURVE('',#263,#351,#4380,.T.);
#4378=LINE('',#350,#4381);
#4379=LINE('',#104,#4382);
#4380=LINE('',#262,#4383);
#4381=VECTOR('',#4384,1.0);
#4382=VECTOR('',#4385,1.0);
#4383=VECTOR('',#4386,1.0);
#4384=DIRECTION('',(0.010637697663955678,-0.999943418093449,0));
#4385=DIRECTION('',(0,1,0));
#4386=DIRECTION('',(-0.010094599458380846,-0.9999490482328461,0));
#4387=FACE_SURFACE('',(#4392),#4388,.T.);
#4388=PLANE('',#4389);
#4389=AXIS2_PLACEMENT_3D('',#350,#4390,#4391);
#4390=DIRECTION('',(0,0,1));
#4391=DIRECTION('',(0.010094599458380846,0.9999490482328461,0));
#4392=FACE_BOUND('',#4393,.T.);
#4393=EDGE_LOOP('',(#4394,#4395,#4396));
#4394=ORIENTED_EDGE('',*,*,#4397,.T.);
#4395=ORIENTED_EDGE('',*,*,#4398,.T.);
#4396=ORIENTED_EDGE('',*,*,#4399,.T.);
#4397=EDGE_CURVE('',#351,#263,#4400,.F.);
#4398=EDGE_CURVE('',#263,#353,#4401,.T.);
#4399=EDGE_CURVE('',#353,#351,#4402,.T.);
#4400=LINE('',#350,#4403);
#4401=LINE('',#262,#4404);
#4402=LINE('',#352,#4405);
#4403=VECTOR('',#4406,1.0);
#4404=VECTOR('',#4407,1.0);
#4405=VECTOR('',#4408,1.0);
#4406=DIRECTION('',(0.010094599458380846,0.9999490482328461,0));
#4407=DIRECTION('',(-0.10973507118225533,-0.9939608715400348,0));
#4408=DIRECTION('',(0,-1,0));
#4409=FACE_SURFACE('',(#4414),#4410,.T.);
#4410=PLANE('',#4411);
#4411=AXIS2_PLACEMENT_3D('',#352,#4412,#4413);
#4412=DIRECTION('',(0,-0,1));
#4413=DIRECTION('',(0.10973507118225533,0.9939608715400348,0));
#4414=FACE_BOUND('',#4415,.T.);
#4415=EDGE_LOOP('',(#4416,#4417,#4418));
#4416=ORIENTED_EDGE('',*,*,#4419,.T.);
#4417=ORIENTED_EDGE('',*,*,#4420,.T.);
#4418=ORIENTED_EDGE('',*,*,#4421,.T.);
#4419=EDGE_CURVE('',#353,#263,#4422,.F.);
#4420=EDGE_CURVE('',#263,#355,#4423,.T.);
#4421=EDGE_CURVE('',#355,#353,#4424,.T.);
#4422=LINE('',#352,#4425);
#4423=LINE('',#262,#4426);
#4424=LINE('',#354,#4427);
#4425=VECTOR('',#4428,1.0);
#4426=VECTOR('',#4429,1.0);
#4427=VECTOR('',#4430,1.0);
#4428=DIRECTION('',(0.10973507118225533,0.9939608715400348,0));
#4429=DIRECTION('',(-0.13193281952545455,-0.9912586600540062,0));
#4430=DIRECTION('',(0.13052104055558156,-0.9914455395896884,0));
#4431=FACE_SURFACE('',(#4436),#4432,.T.);
#4432=PLANE('',#4433);
#4433=AXIS2_PLACEMENT_3D('',#354,#4434,#4435);
#4434=DIRECTION('',(0,-0,1));
#4435=DIRECTION('',(0.13193281952545455,0.9912586600540062,0));
#4436=FACE_BOUND('',#4437,.T.);
#4437=EDGE_LOOP('',(#4438,#4439,#4440));
#4438=ORIENTED_EDGE('',*,*,#4441,.T.);
#4439=ORIENTED_EDGE('',*,*,#4442,.T.);
#4440=ORIENTED_EDGE('',*,*,#4443,.T.);
#4441=EDGE_CURVE('',#355,#263,#4444,.F.);
#4442=EDGE_CURVE('',#263,#357,#4445,.T.);
#4443=EDGE_CURVE('',#357,#355,#4446,.T.);
#4444=LINE('',#354,#4447);
#4445=LINE('',#262,#4448);
#4446=LINE('',#356,#4449);
#4447=VECTOR('',#4450,1.0);
#4448=VECTOR('',#4451,1.0);
#4449=VECTOR('',#4452,1.0);
#4450=DIRECTION('',(0.13193281952545455,0.9912586600540062,0));
#4451=DIRECTION('',(-0.182381974698432,-0.9832277535266691,0));
#4452=DIRECTION('',(0.3826887756846641,-0.9238773192177482,0));
#4453=FACE_SURFACE('',(#4458),#4454,.T.);
#4454=PLANE('',#4455);
#4455=AXIS2_PLACEMENT_3D('',#356,#4456,#4457);
#4456=DIRECTION('',(0,-0,1));
#4457=DIRECTION('',(0.182381974698432,0.9832277535266691,0));
#4458=FACE_BOUND('',#4459,.T.);
#4459=EDGE_LOOP('',(#4460,#4461,#4462));
#4460=ORIENTED_EDGE('',*,*,#4463,.T.);
#4461=ORIENTED_EDGE('',*,*,#4464,.T.);
#4462=ORIENTED_EDGE('',*,*,#4465,.T.);
#4463=EDGE_CURVE('',#357,#263,#4466,.F.);
#4464=EDGE_CURVE('',#263,#267,#4467,.T.);
#4465=EDGE_CURVE('',#267,#357,#4468,.T.);
#4466=LINE('',#356,#4469);
#4467=LINE('',#262,#4470);
#4468=LINE('',#266,#4471);
#4469=VECTOR('',#4472,1.0);
#4470=VECTOR('',#4473,1.0);
#4471=VECTOR('',#4474,1.0);
#4472=DIRECTION('',(0.182381974698432,0.9832277535266691,0));
#4473=DIRECTION('',(-0.2614208951220762,-0.9652249041511374,0));
#4474=DIRECTION('',(0.6087579018137039,-0.7933560467907059,0));
#4475=FACE_SURFACE('',(#4480),#4476,.T.);
#4476=PLANE('',#4477);
#4477=AXIS2_PLACEMENT_3D('',#108,#4478,#4479);
#4478=DIRECTION('',(0,0,1));
#4479=DIRECTION('',(-0.3826887756846641,-0.9238773192177482,0));
#4480=FACE_BOUND('',#4481,.T.);
#4481=EDGE_LOOP('',(#4482,#4483,#4484));
#4482=ORIENTED_EDGE('',*,*,#4485,.T.);
#4483=ORIENTED_EDGE('',*,*,#4486,.T.);
#4484=ORIENTED_EDGE('',*,*,#4487,.T.);
#4485=EDGE_CURVE('',#109,#359,#4488,.F.);
#4486=EDGE_CURVE('',#359,#105,#4489,.T.);
#4487=EDGE_CURVE('',#105,#109,#4490,.T.);
#4488=LINE('',#108,#4491);
#4489=LINE('',#358,#4492);
#4490=LINE('',#104,#4493);
#4491=VECTOR('',#4494,1.0);
#4492=VECTOR('',#4495,1.0);
#4493=VECTOR('',#4496,1.0);
#4494=DIRECTION('',(-0.3826887756846641,-0.9238773192177482,0));
#4495=DIRECTION('',(0.48911432864483145,-0.8722196819117967,0));
#4496=DIRECTION('',(-0.3235374175168748,0.9462153768918107,0));
#4497=FACE_SURFACE('',(#4502),#4498,.T.);
#4498=PLANE('',#4499);
#4499=AXIS2_PLACEMENT_3D('',#104,#4500,#4501);
#4500=DIRECTION('',(0,0,1));
#4501=DIRECTION('',(-0.48911432864483145,0.8722196819117967,0));
#4502=FACE_BOUND('',#4503,.T.);
#4503=EDGE_LOOP('',(#4504,#4505,#4506));
#4504=ORIENTED_EDGE('',*,*,#4507,.T.);
#4505=ORIENTED_EDGE('',*,*,#4508,.T.);
#4506=ORIENTED_EDGE('',*,*,#4509,.T.);
#4507=EDGE_CURVE('',#105,#359,#4510,.F.);
#4508=EDGE_CURVE('',#359,#361,#4511,.T.);
#4509=EDGE_CURVE('',#361,#105,#4512,.T.);
#4510=LINE('',#104,#4513);
#4511=LINE('',#358,#4514);
#4512=LINE('',#360,#4515);
#4513=VECTOR('',#4516,1.0);
#4514=VECTOR('',#4517,1.0);
#4515=VECTOR('',#4518,1.0);
#4516=DIRECTION('',(-0.48911432864483145,0.8722196819117967,0));
#4517=DIRECTION('',(-0.6087484920429461,-0.7933632670066336,0));
#4518=DIRECTION('',(0.7071096527852877,-0.7071039095761457,0));
#4519=FACE_SURFACE('',(#4524),#4520,.T.);
#4520=PLANE('',#4521);
#4521=AXIS2_PLACEMENT_3D('',#104,#4522,#4523);
#4522=DIRECTION('',(0,0,1));
#4523=DIRECTION('',(-0.7071096527852877,0.7071039095761457,0));
#4524=FACE_BOUND('',#4525,.T.);
#4525=EDGE_LOOP('',(#4526,#4527,#4528));
#4526=ORIENTED_EDGE('',*,*,#4529,.T.);
#4527=ORIENTED_EDGE('',*,*,#4530,.T.);
#4528=ORIENTED_EDGE('',*,*,#4531,.T.);
#4529=EDGE_CURVE('',#105,#361,#4532,.F.);
#4530=EDGE_CURVE('',#361,#363,#4533,.T.);
#4531=EDGE_CURVE('',#363,#105,#4534,.T.);
#4532=LINE('',#104,#4535);
#4533=LINE('',#360,#4536);
#4534=LINE('',#362,#4537);
#4535=VECTOR('',#4538,1.0);
#4536=VECTOR('',#4539,1.0);
#4537=VECTOR('',#4540,1.0);
#4538=DIRECTION('',(-0.7071096527852877,0.7071039095761457,0));
#4539=DIRECTION('',(-0.7933607517316084,-0.608751770109835,0));
#4540=DIRECTION('',(0.8722208174764925,-0.4891123036283583,0));
#4541=FACE_SURFACE('',(#4546),#4542,.T.);
#4542=PLANE('',#4543);
#4543=AXIS2_PLACEMENT_3D('',#362,#4544,#4545);
#4544=DIRECTION('',(0,0,1));
#4545=DIRECTION('',(-0.9238738748920926,-0.38269709078051545,0));
#4546=FACE_BOUND('',#4547,.T.);
#4547=EDGE_LOOP('',(#4548,#4549,#4550));
#4548=ORIENTED_EDGE('',*,*,#4551,.T.);
#4549=ORIENTED_EDGE('',*,*,#4552,.T.);
#4550=ORIENTED_EDGE('',*,*,#4553,.T.);
#4551=EDGE_CURVE('',#363,#365,#4554,.F.);
#4552=EDGE_CURVE('',#365,#105,#4555,.T.);
#4553=EDGE_CURVE('',#105,#363,#4556,.T.);
#4554=LINE('',#362,#4557);
#4555=LINE('',#364,#4558);
#4556=LINE('',#104,#4559);
#4557=VECTOR('',#4560,1.0);
#4558=VECTOR('',#4561,1.0);
#4559=VECTOR('',#4562,1.0);
#4560=DIRECTION('',(-0.9238738748920926,-0.38269709078051545,0));
#4561=DIRECTION('',(0.9462167480554607,-0.3235334073930367,0));
#4562=DIRECTION('',(-0.8722208174764925,0.4891123036283583,0));
#4563=FACE_SURFACE('',(#4568),#4564,.T.);
#4564=PLANE('',#4565);
#4565=AXIS2_PLACEMENT_3D('',#104,#4566,#4567);
#4566=DIRECTION('',(0,0,1));
#4567=DIRECTION('',(-0.9462167480554607,0.3235334073930367,0));
#4568=FACE_BOUND('',#4569,.T.);
#4569=EDGE_LOOP('',(#4570,#4571,#4572));
#4570=ORIENTED_EDGE('',*,*,#4573,.T.);
#4571=ORIENTED_EDGE('',*,*,#4574,.T.);
#4572=ORIENTED_EDGE('',*,*,#4575,.T.);
#4573=EDGE_CURVE('',#105,#365,#4576,.F.);
#4574=EDGE_CURVE('',#365,#367,#4577,.T.);
#4575=EDGE_CURVE('',#367,#105,#4578,.T.);
#4576=LINE('',#104,#4579);
#4577=LINE('',#364,#4580);
#4578=LINE('',#366,#4581);
#4579=VECTOR('',#4582,1.0);
#4580=VECTOR('',#4583,1.0);
#4581=VECTOR('',#4584,1.0);
#4582=DIRECTION('',(-0.9462167480554607,0.3235334073930367,0));
#4583=DIRECTION('',(-0.9914480606845127,-0.13050188874081017,0));
#4584=DIRECTION('',(0.9701425001453319,-0.24253562503633297,0));
#4585=FACE_SURFACE('',(#4590),#4586,.T.);
#4586=PLANE('',#4587);
#4587=AXIS2_PLACEMENT_3D('',#104,#4588,#4589);
#4588=DIRECTION('',(0,0,1));
#4589=DIRECTION('',(-0.9701425001453319,0.24253562503633297,0));
#4590=FACE_BOUND('',#4591,.T.);
#4591=EDGE_LOOP('',(#4592,#4593,#4594));
#4592=ORIENTED_EDGE('',*,*,#4595,.T.);
#4593=ORIENTED_EDGE('',*,*,#4596,.T.);
#4594=ORIENTED_EDGE('',*,*,#4597,.T.);
#4595=EDGE_CURVE('',#105,#367,#4598,.F.);
#4596=EDGE_CURVE('',#367,#201,#4599,.T.);
#4597=EDGE_CURVE('',#201,#105,#4600,.T.);
#4598=LINE('',#104,#4601);
#4599=LINE('',#366,#4602);
#4600=LINE('',#200,#4603);
#4601=VECTOR('',#4604,1.0);
#4602=VECTOR('',#4605,1.0);
#4603=VECTOR('',#4606,1.0);
#4604=DIRECTION('',(-0.9701425001453319,0.24253562503633297,0));
#4605=DIRECTION('',(-0.9914480606845127,0.13050188874081017,0));
#4606=DIRECTION('',(0.9743937138380541,-0.22484859446499694,0));
#4607=FACE_SURFACE('',(#4612),#4608,.T.);
#4608=PLANE('',#4609);
#4609=AXIS2_PLACEMENT_3D('',#66,#4610,#4611);
#4610=DIRECTION('',(0,0,1));
#4611=DIRECTION('',(-0.3826804604958137,0.9238807634942465,0));
#4612=FACE_BOUND('',#4613,.T.);
#4613=EDGE_LOOP('',(#4614,#4615,#4616));
#4614=ORIENTED_EDGE('',*,*,#4617,.T.);
#4615=ORIENTED_EDGE('',*,*,#4618,.T.);
#4616=ORIENTED_EDGE('',*,*,#4619,.T.);
#4617=EDGE_CURVE('',#67,#369,#4620,.F.);
#4618=EDGE_CURVE('',#369,#41,#4621,.T.);
#4619=EDGE_CURVE('',#41,#67,#4622,.T.);
#4620=LINE('',#66,#4623);
#4621=LINE('',#368,#4624);
#4622=LINE('',#40,#4625);
#4623=VECTOR('',#4626,1.0);
#4624=VECTOR('',#4627,1.0);
#4625=VECTOR('',#4628,1.0);
#4626=DIRECTION('',(-0.3826804604958137,0.9238807634942465,0));
#4627=DIRECTION('',(-0.7558807110302155,0.6547093635289294,0));
#4628=DIRECTION('',(0.7528925118456143,-0.6581434992513421,0));
#4629=FACE_SURFACE('',(#4634),#4630,.T.);
#4630=PLANE('',#4631);
#4631=AXIS2_PLACEMENT_3D('',#40,#4632,#4633);
#4632=DIRECTION('',(0,0,1));
#4633=DIRECTION('',(0.7558807110302155,-0.6547093635289294,0));
#4634=FACE_BOUND('',#4635,.T.);
#4635=EDGE_LOOP('',(#4636,#4637,#4638));
#4636=ORIENTED_EDGE('',*,*,#4639,.T.);
#4637=ORIENTED_EDGE('',*,*,#4640,.T.);
#4638=ORIENTED_EDGE('',*,*,#4641,.T.);
#4639=EDGE_CURVE('',#41,#369,#4642,.F.);
#4640=EDGE_CURVE('',#369,#371,#4643,.T.);
#4641=EDGE_CURVE('',#371,#41,#4644,.T.);
#4642=LINE('',#40,#4645);
#4643=LINE('',#368,#4646);
#4644=LINE('',#370,#4647);
#4645=VECTOR('',#4648,1.0);
#4646=VECTOR('',#4649,1.0);
#4647=VECTOR('',#4650,1.0);
#4648=DIRECTION('',(0.7558807110302155,-0.6547093635289294,0));
#4649=DIRECTION('',(-0.13053061640817715,0.9914442789083516,0));
#4650=DIRECTION('',(-0.760356888765165,0.6495055055250558,0));
#4651=FACE_SURFACE('',(#4656),#4652,.T.);
#4652=PLANE('',#4653);
#4653=AXIS2_PLACEMENT_3D('',#40,#4654,#4655);
#4654=DIRECTION('',(0,0,1));
#4655=DIRECTION('',(0.760356888765165,-0.6495055055250558,0));
#4656=FACE_BOUND('',#4657,.T.);
#4657=EDGE_LOOP('',(#4658,#4659,#4660));
#4658=ORIENTED_EDGE('',*,*,#4661,.T.);
#4659=ORIENTED_EDGE('',*,*,#4662,.T.);
#4660=ORIENTED_EDGE('',*,*,#4663,.T.);
#4661=EDGE_CURVE('',#41,#371,#4664,.F.);
#4662=EDGE_CURVE('',#371,#373,#4665,.T.);
#4663=EDGE_CURVE('',#373,#41,#4666,.T.);
#4664=LINE('',#40,#4667);
#4665=LINE('',#370,#4668);
#4666=LINE('',#372,#4669);
#4667=VECTOR('',#4670,1.0);
#4668=VECTOR('',#4671,1.0);
#4669=VECTOR('',#4672,1.0);
#4670=DIRECTION('',(0.760356888765165,-0.6495055055250558,0));
#4671=DIRECTION('',(0.13053061640817715,0.9914442789083516,0));
#4672=DIRECTION('',(-0.7659908412300872,0.6428514845215987,0));
#4673=FACE_SURFACE('',(#4678),#4674,.T.);
#4674=PLANE('',#4675);
#4675=AXIS2_PLACEMENT_3D('',#372,#4676,#4677);
#4676=DIRECTION('',(0,-0,1));
#4677=DIRECTION('',(0.3826804604958137,0.9238807634942465,0));
#4678=FACE_BOUND('',#4679,.T.);
#4679=EDGE_LOOP('',(#4680,#4681,#4682));
#4680=ORIENTED_EDGE('',*,*,#4683,.T.);
#4681=ORIENTED_EDGE('',*,*,#4684,.T.);
#4682=ORIENTED_EDGE('',*,*,#4685,.T.);
#4683=EDGE_CURVE('',#373,#375,#4686,.F.);
#4684=EDGE_CURVE('',#375,#41,#4687,.T.);
#4685=EDGE_CURVE('',#41,#373,#4688,.T.);
#4686=LINE('',#372,#4689);
#4687=LINE('',#374,#4690);
#4688=LINE('',#40,#4691);
#4689=VECTOR('',#4692,1.0);
#4690=VECTOR('',#4693,1.0);
#4691=VECTOR('',#4694,1.0);
#4692=DIRECTION('',(0.3826804604958137,0.9238807634942465,0));
#4693=DIRECTION('',(-0.7723464092350948,0.635201561822431,0));
#4694=DIRECTION('',(0.7659908412300872,-0.6428514845215987,0));
#4695=FACE_SURFACE('',(#4700),#4696,.T.);
#4696=PLANE('',#4697);
#4697=AXIS2_PLACEMENT_3D('',#40,#4698,#4699);
#4698=DIRECTION('',(0,0,1));
#4699=DIRECTION('',(0.7723464092350948,-0.635201561822431,0));
#4700=FACE_BOUND('',#4701,.T.);
#4701=EDGE_LOOP('',(#4702,#4703,#4704));
#4702=ORIENTED_EDGE('',*,*,#4705,.T.);
#4703=ORIENTED_EDGE('',*,*,#4706,.T.);
#4704=ORIENTED_EDGE('',*,*,#4707,.T.);
#4705=EDGE_CURVE('',#41,#375,#4708,.F.);
#4706=EDGE_CURVE('',#375,#305,#4709,.T.);
#4707=EDGE_CURVE('',#305,#41,#4710,.T.);
#4708=LINE('',#40,#4711);
#4709=LINE('',#374,#4712);
#4710=LINE('',#304,#4713);
#4711=VECTOR('',#4714,1.0);
#4712=VECTOR('',#4715,1.0);
#4713=VECTOR('',#4716,1.0);
#4714=DIRECTION('',(0.7723464092350948,-0.635201561822431,0));
#4715=DIRECTION('',(0.6087579018137039,0.7933560467907059,0));
#4716=DIRECTION('',(-0.7789267806688324,0.627114878117948,0));
#4717=FACE_SURFACE('',(#4722),#4718,.T.);
#4718=PLANE('',#4719);
#4719=AXIS2_PLACEMENT_3D('',#292,#4720,#4721);
#4720=DIRECTION('',(0,0,1));
#4721=DIRECTION('',(0.9914455395896884,0.13052104055558156,0));
#4722=FACE_BOUND('',#4723,.T.);
#4723=EDGE_LOOP('',(#4724,#4725,#4726));
#4724=ORIENTED_EDGE('',*,*,#4727,.T.);
#4725=ORIENTED_EDGE('',*,*,#4728,.T.);
#4726=ORIENTED_EDGE('',*,*,#4729,.T.);
#4727=EDGE_CURVE('',#293,#377,#4730,.F.);
#4728=EDGE_CURVE('',#377,#295,#4731,.T.);
#4729=EDGE_CURVE('',#295,#293,#4732,.T.);
#4730=LINE('',#292,#4733);
#4731=LINE('',#376,#4734);
#4732=LINE('',#294,#4735);
#4733=VECTOR('',#4736,1.0);
#4734=VECTOR('',#4737,1.0);
#4735=VECTOR('',#4738,1.0);
#4736=DIRECTION('',(0.9914455395896884,0.13052104055558156,0));
#4737=DIRECTION('',(-0.009231927451633556,0.9999573848497383,0));
#4738=DIRECTION('',(0,-1,0));
#4739=FACE_SURFACE('',(#4744),#4740,.T.);
#4740=PLANE('',#4741);
#4741=AXIS2_PLACEMENT_3D('',#294,#4742,#4743);
#4742=DIRECTION('',(0,0,1));
#4743=DIRECTION('',(0.009231927451633556,-0.9999573848497383,0));
#4744=FACE_BOUND('',#4745,.T.);
#4745=EDGE_LOOP('',(#4746,#4747,#4748));
#4746=ORIENTED_EDGE('',*,*,#4749,.T.);
#4747=ORIENTED_EDGE('',*,*,#4750,.T.);
#4748=ORIENTED_EDGE('',*,*,#4751,.T.);
#4749=EDGE_CURVE('',#295,#377,#4752,.F.);
#4750=EDGE_CURVE('',#377,#379,#4753,.T.);
#4751=EDGE_CURVE('',#379,#295,#4754,.T.);
#4752=LINE('',#294,#4755);
#4753=LINE('',#376,#4756);
#4754=LINE('',#378,#4757);
#4755=VECTOR('',#4758,1.0);
#4756=VECTOR('',#4759,1.0);
#4757=VECTOR('',#4760,1.0);
#4758=DIRECTION('',(0.009231927451633556,-0.9999573848497383,0));
#4759=DIRECTION('',(0,1,0));
#4760=DIRECTION('',(-0.9914442789083516,0.13053061640817715,0));
#4761=FACE_SURFACE('',(#4766),#4762,.T.);
#4762=PLANE('',#4763);
#4763=AXIS2_PLACEMENT_3D('',#378,#4764,#4765);
#4764=DIRECTION('',(-0,0,1));
#4765=DIRECTION('',(0,-1,0));
#4766=FACE_BOUND('',#4767,.T.);
#4767=EDGE_LOOP('',(#4768,#4769,#4770));
#4768=ORIENTED_EDGE('',*,*,#4771,.T.);
#4769=ORIENTED_EDGE('',*,*,#4772,.T.);
#4770=ORIENTED_EDGE('',*,*,#4773,.T.);
#4771=EDGE_CURVE('',#379,#377,#4774,.F.);
#4772=EDGE_CURVE('',#377,#381,#4775,.T.);
#4773=EDGE_CURVE('',#381,#379,#4776,.T.);
#4774=LINE('',#378,#4777);
#4775=LINE('',#376,#4778);
#4776=LINE('',#380,#4779);
#4777=VECTOR('',#4780,1.0);
#4778=VECTOR('',#4781,1.0);
#4779=VECTOR('',#4782,1.0);
#4780=DIRECTION('',(0,-1,0));
#4781=DIRECTION('',(0.009231927451633556,0.9999573848497383,0));
#4782=DIRECTION('',(-0.9914442789083516,-0.13053061640817715,0));
#4783=FACE_SURFACE('',(#4788),#4784,.T.);
#4784=PLANE('',#4785);
#4785=AXIS2_PLACEMENT_3D('',#380,#4786,#4787);
#4786=DIRECTION('',(0,0,1));
#4787=DIRECTION('',(-0.009231927451633556,-0.9999573848497383,0));
#4788=FACE_BOUND('',#4789,.T.);
#4789=EDGE_LOOP('',(#4790,#4791,#4792));
#4790=ORIENTED_EDGE('',*,*,#4793,.T.);
#4791=ORIENTED_EDGE('',*,*,#4794,.T.);
#4792=ORIENTED_EDGE('',*,*,#4795,.T.);
#4793=EDGE_CURVE('',#381,#377,#4796,.F.);
#4794=EDGE_CURVE('',#377,#383,#4797,.T.);
#4795=EDGE_CURVE('',#383,#381,#4798,.T.);
#4796=LINE('',#380,#4799);
#4797=LINE('',#376,#4800);
#4798=LINE('',#382,#4801);
#4799=VECTOR('',#4802,1.0);
#4800=VECTOR('',#4803,1.0);
#4801=VECTOR('',#4804,1.0);
#4802=DIRECTION('',(-0.009231927451633556,-0.9999573848497383,0));
#4803=DIRECTION('',(0.9914455395896884,-0.13052104055558156,0));
#4804=DIRECTION('',(0,1,0));
#4805=FACE_SURFACE('',(#4810),#4806,.T.);
#4806=PLANE('',#4807);
#4807=AXIS2_PLACEMENT_3D('',#380,#4808,#4809);
#4808=DIRECTION('',(-0,0,1));
#4809=DIRECTION('',(0,-1,0));
#4810=FACE_BOUND('',#4811,.T.);
#4811=EDGE_LOOP('',(#4812,#4813,#4814));
#4812=ORIENTED_EDGE('',*,*,#4815,.T.);
#4813=ORIENTED_EDGE('',*,*,#4816,.T.);
#4814=ORIENTED_EDGE('',*,*,#4817,.T.);
#4815=EDGE_CURVE('',#381,#383,#4818,.F.);
#4816=EDGE_CURVE('',#383,#385,#4819,.T.);
#4817=EDGE_CURVE('',#385,#381,#4820,.T.);
#4818=LINE('',#380,#4821);
#4819=LINE('',#382,#4822);
#4820=LINE('',#384,#4823);
#4821=VECTOR('',#4824,1.0);
#4822=VECTOR('',#4825,1.0);
#4823=VECTOR('',#4826,1.0);
#4824=DIRECTION('',(0,-1,0));
#4825=DIRECTION('',(0.008561884846431445,0.9999633463921948,0));
#4826=DIRECTION('',(-0.9238807634942465,-0.3826804604958137,0));
#4827=FACE_SURFACE('',(#4832),#4828,.T.);
#4828=PLANE('',#4829);
#4829=AXIS2_PLACEMENT_3D('',#384,#4830,#4831);
#4830=DIRECTION('',(0,0,1));
#4831=DIRECTION('',(-0.008561884846431445,-0.9999633463921948,0));
#4832=FACE_BOUND('',#4833,.T.);
#4833=EDGE_LOOP('',(#4834,#4835,#4836));
#4834=ORIENTED_EDGE('',*,*,#4837,.T.);
#4835=ORIENTED_EDGE('',*,*,#4838,.T.);
#4836=ORIENTED_EDGE('',*,*,#4839,.T.);
#4837=EDGE_CURVE('',#385,#383,#4840,.F.);
#4838=EDGE_CURVE('',#383,#387,#4841,.T.);
#4839=EDGE_CURVE('',#387,#385,#4842,.T.);
#4840=LINE('',#384,#4843);
#4841=LINE('',#382,#4844);
#4842=LINE('',#386,#4845);
#4843=VECTOR('',#4846,1.0);
#4844=VECTOR('',#4847,1.0);
#4845=VECTOR('',#4848,1.0);
#4846=DIRECTION('',(-0.008561884846431445,-0.9999633463921948,0));
#4847=DIRECTION('',(0.9238807634942465,-0.3826804604958137,0));
#4848=DIRECTION('',(0,1,0));
#4849=FACE_SURFACE('',(#4854),#4850,.T.);
#4850=PLANE('',#4851);
#4851=AXIS2_PLACEMENT_3D('',#384,#4852,#4853);
#4852=DIRECTION('',(-0,0,1));
#4853=DIRECTION('',(0,-1,0));
#4854=FACE_BOUND('',#4855,.T.);
#4855=EDGE_LOOP('',(#4856,#4857,#4858));
#4856=ORIENTED_EDGE('',*,*,#4859,.T.);
#4857=ORIENTED_EDGE('',*,*,#4860,.T.);
#4858=ORIENTED_EDGE('',*,*,#4861,.T.);
#4859=EDGE_CURVE('',#385,#387,#4862,.F.);
#4860=EDGE_CURVE('',#387,#389,#4863,.T.);
#4861=EDGE_CURVE('',#389,#385,#4864,.T.);
#4862=LINE('',#384,#4865);
#4863=LINE('',#386,#4866);
#4864=LINE('',#388,#4867);
#4865=VECTOR('',#4868,1.0);
#4866=VECTOR('',#4869,1.0);
#4867=VECTOR('',#4870,1.0);
#4868=DIRECTION('',(0,-1,0));
#4869=DIRECTION('',(0.007285434050891342,0.9999734608731824,0));
#4870=DIRECTION('',(-0.7933560467907059,-0.6087579018137039,0));
#4871=FACE_SURFACE('',(#4876),#4872,.T.);
#4872=PLANE('',#4873);
#4873=AXIS2_PLACEMENT_3D('',#388,#4874,#4875);
#4874=DIRECTION('',(0,0,1));
#4875=DIRECTION('',(-0.007285434050891342,-0.9999734608731824,0));
#4876=FACE_BOUND('',#4877,.T.);
#4877=EDGE_LOOP('',(#4878,#4879,#4880));
#4878=ORIENTED_EDGE('',*,*,#4881,.T.);
#4879=ORIENTED_EDGE('',*,*,#4882,.T.);
#4880=ORIENTED_EDGE('',*,*,#4883,.T.);
#4881=EDGE_CURVE('',#389,#387,#4884,.F.);
#4882=EDGE_CURVE('',#387,#391,#4885,.T.);
#4883=EDGE_CURVE('',#391,#389,#4886,.T.);
#4884=LINE('',#388,#4887);
#4885=LINE('',#386,#4888);
#4886=LINE('',#390,#4889);
#4887=VECTOR('',#4890,1.0);
#4888=VECTOR('',#4891,1.0);
#4889=VECTOR('',#4892,1.0);
#4890=DIRECTION('',(-0.007285434050891342,-0.9999734608731824,0));
#4891=DIRECTION('',(0.7933513418582181,-0.6087640334084832,0));
#4892=DIRECTION('',(0,1,0));
#4893=FACE_SURFACE('',(#4898),#4894,.T.);
#4894=PLANE('',#4895);
#4895=AXIS2_PLACEMENT_3D('',#388,#4896,#4897);
#4896=DIRECTION('',(-0,0,1));
#4897=DIRECTION('',(0,-1,0));
#4898=FACE_BOUND('',#4899,.T.);
#4899=EDGE_LOOP('',(#4900,#4901,#4902));
#4900=ORIENTED_EDGE('',*,*,#4903,.T.);
#4901=ORIENTED_EDGE('',*,*,#4904,.T.);
#4902=ORIENTED_EDGE('',*,*,#4905,.T.);
#4903=EDGE_CURVE('',#389,#391,#4906,.F.);
#4904=EDGE_CURVE('',#391,#393,#4907,.T.);
#4905=EDGE_CURVE('',#393,#389,#4908,.T.);
#4906=LINE('',#388,#4909);
#4907=LINE('',#390,#4910);
#4908=LINE('',#392,#4911);
#4909=VECTOR('',#4912,1.0);
#4910=VECTOR('',#4913,1.0);
#4911=VECTOR('',#4914,1.0);
#4912=DIRECTION('',(0,-1,0));
#4913=DIRECTION('',(0.005519255305389421,0.9999847687944421,0));
#4914=DIRECTION('',(-0.6087579018137039,-0.7933560467907059,0));
#4915=FACE_SURFACE('',(#4920),#4916,.T.);
#4916=PLANE('',#4917);
#4917=AXIS2_PLACEMENT_3D('',#392,#4918,#4919);
#4918=DIRECTION('',(0,0,1));
#4919=DIRECTION('',(-0.005519255305389421,-0.9999847687944421,0));
#4920=FACE_BOUND('',#4921,.T.);
#4921=EDGE_LOOP('',(#4922,#4923,#4924));
#4922=ORIENTED_EDGE('',*,*,#4925,.T.);
#4923=ORIENTED_EDGE('',*,*,#4926,.T.);
#4924=ORIENTED_EDGE('',*,*,#4927,.T.);
#4925=EDGE_CURVE('',#393,#391,#4928,.F.);
#4926=EDGE_CURVE('',#391,#395,#4929,.T.);
#4927=EDGE_CURVE('',#395,#393,#4930,.T.);
#4928=LINE('',#392,#4931);
#4929=LINE('',#390,#4932);
#4930=LINE('',#394,#4933);
#4931=VECTOR('',#4934,1.0);
#4932=VECTOR('',#4935,1.0);
#4933=VECTOR('',#4936,1.0);
#4934=DIRECTION('',(-0.005519255305389421,-0.9999847687944421,0));
#4935=DIRECTION('',(0.6087579018137039,-0.7933560467907059,0));
#4936=DIRECTION('',(0,1,0));
#4937=FACE_SURFACE('',(#4942),#4938,.T.);
#4938=PLANE('',#4939);
#4939=AXIS2_PLACEMENT_3D('',#392,#4940,#4941);
#4940=DIRECTION('',(-0,0,1));
#4941=DIRECTION('',(0,-1,0));
#4942=FACE_BOUND('',#4943,.T.);
#4943=EDGE_LOOP('',(#4944,#4945,#4946));
#4944=ORIENTED_EDGE('',*,*,#4947,.T.);
#4945=ORIENTED_EDGE('',*,*,#4948,.T.);
#4946=ORIENTED_EDGE('',*,*,#4949,.T.);
#4947=EDGE_CURVE('',#393,#395,#4950,.F.);
#4948=EDGE_CURVE('',#395,#397,#4951,.T.);
#4949=EDGE_CURVE('',#397,#393,#4952,.T.);
#4950=LINE('',#392,#4953);
#4951=LINE('',#394,#4954);
#4952=LINE('',#396,#4955);
#4953=VECTOR('',#4956,1.0);
#4954=VECTOR('',#4957,1.0);
#4955=VECTOR('',#4958,1.0);
#4956=DIRECTION('',(0,-1,0));
#4957=DIRECTION('',(0.0034164575660467684,0.9999941638918196,0));
#4958=DIRECTION('',(-0.3826887756846641,-0.9238773192177482,0));
#4959=FACE_SURFACE('',(#4964),#4960,.T.);
#4960=PLANE('',#4961);
#4961=AXIS2_PLACEMENT_3D('',#396,#4962,#4963);
#4962=DIRECTION('',(0,0,1));
#4963=DIRECTION('',(-0.0034164575660467684,-0.9999941638918196,0));
#4964=FACE_BOUND('',#4965,.T.);
#4965=EDGE_LOOP('',(#4966,#4967,#4968));
#4966=ORIENTED_EDGE('',*,*,#4969,.T.);
#4967=ORIENTED_EDGE('',*,*,#4970,.T.);
#4968=ORIENTED_EDGE('',*,*,#4971,.T.);
#4969=EDGE_CURVE('',#397,#395,#4972,.F.);
#4970=EDGE_CURVE('',#395,#399,#4973,.T.);
#4971=EDGE_CURVE('',#399,#397,#4974,.T.);
#4972=LINE('',#396,#4975);
#4973=LINE('',#394,#4976);
#4974=LINE('',#398,#4977);
#4975=VECTOR('',#4978,1.0);
#4976=VECTOR('',#4979,1.0);
#4977=VECTOR('',#4980,1.0);
#4978=DIRECTION('',(-0.0034164575660467684,-0.9999941638918196,0));
#4979=DIRECTION('',(0.3826887756846641,-0.9238773192177482,0));
#4980=DIRECTION('',(0,1,0));
#4981=FACE_SURFACE('',(#4986),#4982,.T.);
#4982=PLANE('',#4983);
#4983=AXIS2_PLACEMENT_3D('',#396,#4984,#4985);
#4984=DIRECTION('',(-0,0,1));
#4985=DIRECTION('',(0,-1,0));
#4986=FACE_BOUND('',#4987,.T.);
#4987=EDGE_LOOP('',(#4988,#4989,#4990));
#4988=ORIENTED_EDGE('',*,*,#4991,.T.);
#4989=ORIENTED_EDGE('',*,*,#4992,.T.);
#4990=ORIENTED_EDGE('',*,*,#4993,.T.);
#4991=EDGE_CURVE('',#397,#399,#4994,.F.);
#4992=EDGE_CURVE('',#399,#353,#4995,.T.);
#4993=EDGE_CURVE('',#353,#397,#4996,.T.);
#4994=LINE('',#396,#4997);
#4995=LINE('',#398,#4998);
#4996=LINE('',#352,#4999);
#4997=VECTOR('',#5000,1.0);
#4998=VECTOR('',#5001,1.0);
#4999=VECTOR('',#5002,1.0);
#5000=DIRECTION('',(0,-1,0));
#5001=DIRECTION('',(0.0011456456379700375,0.9999993437478207,0));
#5002=DIRECTION('',(-0.13052104055558156,-0.9914455395896884,0));
#5003=FACE_SURFACE('',(#5008),#5004,.T.);
#5004=PLANE('',#5005);
#5005=AXIS2_PLACEMENT_3D('',#352,#5006,#5007);
#5006=DIRECTION('',(0,0,1));
#5007=DIRECTION('',(-0.0011456456379700375,-0.9999993437478207,0));
#5008=FACE_BOUND('',#5009,.T.);
#5009=EDGE_LOOP('',(#5010,#5011,#5012));
#5010=ORIENTED_EDGE('',*,*,#5013,.T.);
#5011=ORIENTED_EDGE('',*,*,#5014,.T.);
#5012=ORIENTED_EDGE('',*,*,#5015,.T.);
#5013=EDGE_CURVE('',#353,#399,#5016,.F.);
#5014=EDGE_CURVE('',#399,#351,#5017,.T.);
#5015=EDGE_CURVE('',#351,#353,#5018,.T.);
#5016=LINE('',#352,#5019);
#5017=LINE('',#398,#5020);
#5018=LINE('',#350,#5021);
#5019=VECTOR('',#5022,1.0);
#5020=VECTOR('',#5023,1.0);
#5021=VECTOR('',#5024,1.0);
#5022=DIRECTION('',(-0.0011456456379700375,-0.9999993437478207,0));
#5023=DIRECTION('',(0.13052104055558156,-0.9914455395896884,0));
#5024=DIRECTION('',(0,1,0));
#5025=FACE_SURFACE('',(#5030),#5026,.T.);
#5026=PLANE('',#5027);
#5027=AXIS2_PLACEMENT_3D('',#282,#5028,#5029);
#5028=DIRECTION('',(0,-0,1));
#5029=DIRECTION('',(0.13053061640817715,0.9914442789083516,0));
#5030=FACE_BOUND('',#5031,.T.);
#5031=EDGE_LOOP('',(#5032,#5033,#5034));
#5032=ORIENTED_EDGE('',*,*,#5035,.T.);
#5033=ORIENTED_EDGE('',*,*,#5036,.T.);
#5034=ORIENTED_EDGE('',*,*,#5037,.T.);
#5035=EDGE_CURVE('',#283,#401,#5038,.F.);
#5036=EDGE_CURVE('',#401,#269,#5039,.T.);
#5037=EDGE_CURVE('',#269,#283,#5040,.T.);
#5038=LINE('',#282,#5041);
#5039=LINE('',#400,#5042);
#5040=LINE('',#268,#5043);
#5041=VECTOR('',#5044,1.0);
#5042=VECTOR('',#5045,1.0);
#5043=VECTOR('',#5046,1.0);
#5044=DIRECTION('',(0.13053061640817715,0.9914442789083516,0));
#5045=DIRECTION('',(-0.9586749521228163,0.28450366636005925,0));
#5046=DIRECTION('',(0.8682241262111339,-0.49617221472480005,0));
#5047=FACE_SURFACE('',(#5052),#5048,.T.);
#5048=PLANE('',#5049);
#5049=AXIS2_PLACEMENT_3D('',#268,#5050,#5051);
#5050=DIRECTION('',(0,0,1));
#5051=DIRECTION('',(0.9586749521228163,-0.28450366636005925,0));
#5052=FACE_BOUND('',#5053,.T.);
#5053=EDGE_LOOP('',(#5054,#5055,#5056));
#5054=ORIENTED_EDGE('',*,*,#5057,.T.);
#5055=ORIENTED_EDGE('',*,*,#5058,.T.);
#5056=ORIENTED_EDGE('',*,*,#5059,.T.);
#5057=EDGE_CURVE('',#269,#401,#5060,.F.);
#5058=EDGE_CURVE('',#401,#403,#5061,.T.);
#5059=EDGE_CURVE('',#403,#269,#5062,.T.);
#5060=LINE('',#268,#5063);
#5061=LINE('',#400,#5064);
#5062=LINE('',#402,#5065);
#5063=VECTOR('',#5066,1.0);
#5064=VECTOR('',#5067,1.0);
#5065=VECTOR('',#5068,1.0);
#5066=DIRECTION('',(0.9586749521228163,-0.28450366636005925,0));
#5067=DIRECTION('',(0.3826804604958137,0.9238807634942465,0));
#5068=DIRECTION('',(-0.998576061543341,0.05334650234635616,0));
#5069=FACE_SURFACE('',(#5074),#5070,.T.);
#5070=PLANE('',#5071);
#5071=AXIS2_PLACEMENT_3D('',#268,#5072,#5073);
#5072=DIRECTION('',(-0,0,1));
#5073=DIRECTION('',(0.998576061543341,-0.05334650234635616,0));
#5074=FACE_BOUND('',#5075,.T.);
#5075=EDGE_LOOP('',(#5076,#5077,#5078));
#5076=ORIENTED_EDGE('',*,*,#5079,.T.);
#5077=ORIENTED_EDGE('',*,*,#5080,.T.);
#5078=ORIENTED_EDGE('',*,*,#5081,.T.);
#5079=EDGE_CURVE('',#269,#403,#5082,.F.);
#5080=EDGE_CURVE('',#403,#271,#5083,.T.);
#5081=EDGE_CURVE('',#271,#269,#5084,.T.);
#5082=LINE('',#268,#5085);
#5083=LINE('',#402,#5086);
#5084=LINE('',#270,#5087);
#5085=VECTOR('',#5088,1.0);
#5086=VECTOR('',#5089,1.0);
#5087=VECTOR('',#5090,1.0);
#5088=DIRECTION('',(0.998576061543341,-0.05334650234635616,0));
#5089=DIRECTION('',(0.6087579018137039,0.7933560467907059,0));
#5090=DIRECTION('',(-0.9933287092502963,-0.11531728135513963,0));
#5091=FACE_SURFACE('',(#5096),#5092,.T.);
#5092=PLANE('',#5093);
#5093=AXIS2_PLACEMENT_3D('',#274,#5094,#5095);
#5094=DIRECTION('',(0,-0,1));
#5095=DIRECTION('',(0.9914455395896884,0.13052104055558156,0));
#5096=FACE_BOUND('',#5097,.T.);
#5097=EDGE_LOOP('',(#5098,#5099,#5100));
#5098=ORIENTED_EDGE('',*,*,#5101,.T.);
#5099=ORIENTED_EDGE('',*,*,#5102,.T.);
#5100=ORIENTED_EDGE('',*,*,#5103,.T.);
#5101=EDGE_CURVE('',#275,#405,#5104,.F.);
#5102=EDGE_CURVE('',#405,#259,#5105,.T.);
#5103=EDGE_CURVE('',#259,#275,#5106,.T.);
#5104=LINE('',#274,#5107);
#5105=LINE('',#404,#5108);
#5106=LINE('',#258,#5109);
#5107=VECTOR('',#5110,1.0);
#5108=VECTOR('',#5111,1.0);
#5109=VECTOR('',#5112,1.0);
#5110=DIRECTION('',(0.9914455395896884,0.13052104055558156,0));
#5111=DIRECTION('',(-0.36400612857785547,0.9313965526872867,0));
#5112=DIRECTION('',(0.04310675555588108,-0.9990704718013866,0));
#5113=FACE_SURFACE('',(#5118),#5114,.T.);
#5114=PLANE('',#5115);
#5115=AXIS2_PLACEMENT_3D('',#258,#5116,#5117);
#5116=DIRECTION('',(0,0,1));
#5117=DIRECTION('',(0.36400612857785547,-0.9313965526872867,0));
#5118=FACE_BOUND('',#5119,.T.);
#5119=EDGE_LOOP('',(#5120,#5121,#5122));
#5120=ORIENTED_EDGE('',*,*,#5123,.T.);
#5121=ORIENTED_EDGE('',*,*,#5124,.T.);
#5122=ORIENTED_EDGE('',*,*,#5125,.T.);
#5123=EDGE_CURVE('',#259,#405,#5126,.F.);
#5124=EDGE_CURVE('',#405,#261,#5127,.T.);
#5125=EDGE_CURVE('',#261,#259,#5128,.T.);
#5126=LINE('',#258,#5129);
#5127=LINE('',#404,#5130);
#5128=LINE('',#260,#5131);
#5129=VECTOR('',#5132,1.0);
#5130=VECTOR('',#5133,1.0);
#5131=VECTOR('',#5134,1.0);
#5132=DIRECTION('',(0.36400612857785547,-0.9313965526872867,0));
#5133=DIRECTION('',(0.9914455395896884,-0.13052104055558156,0));
#5134=DIRECTION('',(-0.5759087526623025,0.8175139806798114,0));
#5135=FACE_SURFACE('',(#5140),#5136,.T.);
#5136=PLANE('',#5137);
#5137=AXIS2_PLACEMENT_3D('',#46,#5138,#5139);
#5138=DIRECTION('',(0,0,-1));
#5139=DIRECTION('',(0.5952752160348338,0.803521883444802,0));
#5140=FACE_BOUND('',#5141,.T.);
#5141=EDGE_LOOP('',(#5142,#5143,#5144));
#5142=ORIENTED_EDGE('',*,*,#5145,.T.);
#5143=ORIENTED_EDGE('',*,*,#5146,.T.);
#5144=ORIENTED_EDGE('',*,*,#5147,.T.);
#5145=EDGE_CURVE('',#47,#407,#5148,.F.);
#5146=EDGE_CURVE('',#407,#45,#5149,.T.);
#5147=EDGE_CURVE('',#45,#47,#5150,.T.);
#5148=LINE('',#46,#5151);
#5149=LINE('',#406,#5152);
#5150=LINE('',#44,#5153);
#5151=VECTOR('',#5154,1.0);
#5152=VECTOR('',#5155,1.0);
#5153=VECTOR('',#5156,1.0);
#5154=DIRECTION('',(0.5952752160348338,0.803521883444802,0));
#5155=DIRECTION('',(-0.36305067843463384,-0.9317693946938544,0));
#5156=DIRECTION('',(0,1,0));
#5157=FACE_SURFACE('',(#5162),#5158,.T.);
#5158=PLANE('',#5159);
#5159=AXIS2_PLACEMENT_3D('',#44,#5160,#5161);
#5160=DIRECTION('',(0,0,-1));
#5161=DIRECTION('',(0.36305067843463384,0.9317693946938544,0));
#5162=FACE_BOUND('',#5163,.T.);
#5163=EDGE_LOOP('',(#5164,#5165,#5166));
#5164=ORIENTED_EDGE('',*,*,#5167,.T.);
#5165=ORIENTED_EDGE('',*,*,#5168,.T.);
#5166=ORIENTED_EDGE('',*,*,#5169,.T.);
#5167=EDGE_CURVE('',#45,#407,#5170,.F.);
#5168=EDGE_CURVE('',#407,#409,#5171,.T.);
#5169=EDGE_CURVE('',#409,#45,#5172,.T.);
#5170=LINE('',#44,#5173);
#5171=LINE('',#406,#5174);
#5172=LINE('',#408,#5175);
#5173=VECTOR('',#5176,1.0);
#5174=VECTOR('',#5177,1.0);
#5175=VECTOR('',#5178,1.0);
#5176=DIRECTION('',(0.36305067843463384,0.9317693946938544,0));
#5177=DIRECTION('',(0.9756541728862663,0.21931469382970104,0));
#5178=DIRECTION('',(-0.5208922033414851,-0.8536224648508572,0));
#5179=FACE_SURFACE('',(#5184),#5180,.T.);
#5180=PLANE('',#5181);
#5181=AXIS2_PLACEMENT_3D('',#44,#5182,#5183);
#5182=DIRECTION('',(0,0,-1));
#5183=DIRECTION('',(0.5208922033414851,0.8536224648508572,0));
#5184=FACE_BOUND('',#5185,.T.);
#5185=EDGE_LOOP('',(#5186,#5187,#5188));
#5186=ORIENTED_EDGE('',*,*,#5189,.T.);
#5187=ORIENTED_EDGE('',*,*,#5190,.T.);
#5188=ORIENTED_EDGE('',*,*,#5191,.T.);
#5189=EDGE_CURVE('',#45,#409,#5192,.F.);
#5190=EDGE_CURVE('',#409,#411,#5193,.T.);
#5191=EDGE_CURVE('',#411,#45,#5194,.T.);
#5192=LINE('',#44,#5195);
#5193=LINE('',#408,#5196);
#5194=LINE('',#410,#5197);
#5195=VECTOR('',#5198,1.0);
#5196=VECTOR('',#5199,1.0);
#5197=VECTOR('',#5200,1.0);
#5198=DIRECTION('',(0.5208922033414851,0.8536224648508572,0));
#5199=DIRECTION('',(0.963704442024509,0.26697143746518986,0));
#5200=DIRECTION('',(-0.6229413505689304,-0.7822685432454491,0));
#5201=FACE_SURFACE('',(#5206),#5202,.T.);
#5202=PLANE('',#5203);
#5203=AXIS2_PLACEMENT_3D('',#50,#5204,#5205);
#5204=DIRECTION('',(0,0,-1));
#5205=DIRECTION('',(0.8386923847051572,0.5446054386779267,0));
#5206=FACE_BOUND('',#5207,.T.);
#5207=EDGE_LOOP('',(#5208,#5209,#5210));
#5208=ORIENTED_EDGE('',*,*,#5211,.T.);
#5209=ORIENTED_EDGE('',*,*,#5212,.T.);
#5210=ORIENTED_EDGE('',*,*,#5213,.T.);
#5211=EDGE_CURVE('',#51,#413,#5214,.F.);
#5212=EDGE_CURVE('',#413,#47,#5215,.T.);
#5213=EDGE_CURVE('',#47,#51,#5216,.T.);
#5214=LINE('',#50,#5217);
#5215=LINE('',#412,#5218);
#5216=LINE('',#46,#5219);
#5217=VECTOR('',#5220,1.0);
#5218=VECTOR('',#5221,1.0);
#5219=VECTOR('',#5222,1.0);
#5220=DIRECTION('',(0.8386923847051572,0.5446054386779267,0));
#5221=DIRECTION('',(0.8386923823636053,-0.5446054422839163,0));
#5222=DIRECTION('',(-1,0,0));
#5223=FACE_SURFACE('',(#5228),#5224,.T.);
#5224=PLANE('',#5225);
#5225=AXIS2_PLACEMENT_3D('',#46,#5226,#5227);
#5226=DIRECTION('',(0,0,-1));
#5227=DIRECTION('',(-0.8386923823636053,0.5446054422839163,0));
#5228=FACE_BOUND('',#5229,.T.);
#5229=EDGE_LOOP('',(#5230,#5231,#5232));
#5230=ORIENTED_EDGE('',*,*,#5233,.T.);
#5231=ORIENTED_EDGE('',*,*,#5234,.T.);
#5232=ORIENTED_EDGE('',*,*,#5235,.T.);
#5233=EDGE_CURVE('',#47,#413,#5236,.F.);
#5234=EDGE_CURVE('',#413,#415,#5237,.T.);
#5235=EDGE_CURVE('',#415,#47,#5238,.T.);
#5236=LINE('',#46,#5239);
#5237=LINE('',#412,#5240);
#5238=LINE('',#414,#5241);
#5239=VECTOR('',#5242,1.0);
#5240=VECTOR('',#5243,1.0);
#5241=VECTOR('',#5244,1.0);
#5242=DIRECTION('',(-0.8386923823636053,0.5446054422839163,0));
#5243=DIRECTION('',(0.9996982095722168,0.02456602894454541,0));
#5244=DIRECTION('',(0.6719606756542021,-0.7405868283829711,0));
#5245=FACE_SURFACE('',(#5250),#5246,.T.);
#5246=PLANE('',#5247);
#5247=AXIS2_PLACEMENT_3D('',#46,#5248,#5249);
#5248=DIRECTION('',(0,0,-1));
#5249=DIRECTION('',(-0.6719606756542021,0.7405868283829711,0));
#5250=FACE_BOUND('',#5251,.T.);
#5251=EDGE_LOOP('',(#5252,#5253,#5254));
#5252=ORIENTED_EDGE('',*,*,#5255,.T.);
#5253=ORIENTED_EDGE('',*,*,#5256,.T.);
#5254=ORIENTED_EDGE('',*,*,#5257,.T.);
#5255=EDGE_CURVE('',#47,#415,#5258,.F.);
#5256=EDGE_CURVE('',#415,#417,#5259,.T.);
#5257=EDGE_CURVE('',#417,#47,#5260,.T.);
#5258=LINE('',#46,#5261);
#5259=LINE('',#414,#5262);
#5260=LINE('',#416,#5263);
#5261=VECTOR('',#5264,1.0);
#5262=VECTOR('',#5265,1.0);
#5263=VECTOR('',#5266,1.0);
#5264=DIRECTION('',(-0.6719606756542021,0.7405868283829711,0));
#5265=DIRECTION('',(0.997285149717727,0.07363647297698887,0));
#5266=DIRECTION('',(0.27528923070340816,-0.9613614509947471,0));
#5267=FACE_SURFACE('',(#5272),#5268,.T.);
#5268=PLANE('',#5269);
#5269=AXIS2_PLACEMENT_3D('',#54,#5270,#5271);
#5270=DIRECTION('',(0,0,-1));
#5271=DIRECTION('',(-0.3630506457805101,0.9317694074170684,0));
#5272=FACE_BOUND('',#5273,.T.);
#5273=EDGE_LOOP('',(#5274,#5275,#5276));
#5274=ORIENTED_EDGE('',*,*,#5277,.T.);
#5275=ORIENTED_EDGE('',*,*,#5278,.T.);
#5276=ORIENTED_EDGE('',*,*,#5279,.T.);
#5277=EDGE_CURVE('',#55,#419,#5280,.F.);
#5278=EDGE_CURVE('',#419,#51,#5281,.T.);
#5279=EDGE_CURVE('',#51,#55,#5282,.T.);
#5280=LINE('',#54,#5283);
#5281=LINE('',#418,#5284);
#5282=LINE('',#50,#5285);
#5283=VECTOR('',#5286,1.0);
#5284=VECTOR('',#5287,1.0);
#5285=VECTOR('',#5288,1.0);
#5286=DIRECTION('',(-0.3630506457805101,0.9317694074170684,0));
#5287=DIRECTION('',(0.5952751762179622,-0.8035219129424375,0));
#5288=DIRECTION('',(0,-1,0));
#5289=FACE_SURFACE('',(#5294),#5290,.T.);
#5290=PLANE('',#5291);
#5291=AXIS2_PLACEMENT_3D('',#50,#5292,#5293);
#5292=DIRECTION('',(0,0,-1));
#5293=DIRECTION('',(-0.5952751762179622,0.8035219129424375,0));
#5294=FACE_BOUND('',#5295,.T.);
#5295=EDGE_LOOP('',(#5296,#5297,#5298));
#5296=ORIENTED_EDGE('',*,*,#5299,.T.);
#5297=ORIENTED_EDGE('',*,*,#5300,.T.);
#5298=ORIENTED_EDGE('',*,*,#5301,.T.);
#5299=EDGE_CURVE('',#51,#419,#5302,.F.);
#5300=EDGE_CURVE('',#419,#421,#5303,.T.);
#5301=EDGE_CURVE('',#421,#51,#5304,.T.);
#5302=LINE('',#50,#5305);
#5303=LINE('',#418,#5306);
#5304=LINE('',#420,#5307);
#5305=VECTOR('',#5308,1.0);
#5306=VECTOR('',#5309,1.0);
#5307=VECTOR('',#5310,1.0);
#5308=DIRECTION('',(-0.5952751762179622,0.8035219129424375,0));
#5309=DIRECTION('',(0.9852484021413258,-0.17113031899100795,0));
#5310=DIRECTION('',(0.26361664697525183,-0.9646275257515335,0));
#5311=FACE_SURFACE('',(#5316),#5312,.T.);
#5312=PLANE('',#5313);
#5313=AXIS2_PLACEMENT_3D('',#50,#5314,#5315);
#5314=DIRECTION('',(0,0,-1));
#5315=DIRECTION('',(-0.26361664697525183,0.9646275257515335,0));
#5316=FACE_BOUND('',#5317,.T.);
#5317=EDGE_LOOP('',(#5318,#5319,#5320));
#5318=ORIENTED_EDGE('',*,*,#5321,.T.);
#5319=ORIENTED_EDGE('',*,*,#5322,.T.);
#5320=ORIENTED_EDGE('',*,*,#5323,.T.);
#5321=EDGE_CURVE('',#51,#421,#5324,.F.);
#5322=EDGE_CURVE('',#421,#423,#5325,.T.);
#5323=EDGE_CURVE('',#423,#51,#5326,.T.);
#5324=LINE('',#50,#5327);
#5325=LINE('',#420,#5328);
#5326=LINE('',#422,#5329);
#5327=VECTOR('',#5330,1.0);
#5328=VECTOR('',#5331,1.0);
#5329=VECTOR('',#5332,1.0);
#5330=DIRECTION('',(-0.26361664697525183,0.9646275257515335,0));
#5331=DIRECTION('',(0.9924647276409572,-0.12253066713505135,0));
#5332=DIRECTION('',(-0.2752890477156785,-0.9613615033939079,0));
#5333=FACE_SURFACE('',(#5338),#5334,.T.);
#5334=PLANE('',#5335);
#5335=AXIS2_PLACEMENT_3D('',#44,#5336,#5337);
#5336=DIRECTION('',(-0,0,-1));
#5337=DIRECTION('',(-0.538662846021731,-0.8425214171258608,0));
#5338=FACE_BOUND('',#5339,.T.);
#5339=EDGE_LOOP('',(#5340,#5341,#5342));
#5340=ORIENTED_EDGE('',*,*,#5343,.T.);
#5341=ORIENTED_EDGE('',*,*,#5344,.T.);
#5342=ORIENTED_EDGE('',*,*,#5345,.T.);
#5343=EDGE_CURVE('',#45,#425,#5346,.F.);
#5344=EDGE_CURVE('',#425,#55,#5347,.T.);
#5345=EDGE_CURVE('',#55,#45,#5348,.T.);
#5346=LINE('',#44,#5349);
#5347=LINE('',#424,#5350);
#5348=LINE('',#54,#5351);
#5349=VECTOR('',#5352,1.0);
#5350=VECTOR('',#5353,1.0);
#5351=VECTOR('',#5354,1.0);
#5352=DIRECTION('',(-0.538662846021731,-0.8425214171258608,0));
#5353=DIRECTION('',(0.38475550450539586,0.9230185273074416,0));
#5354=DIRECTION('',(1,0,0));
#5355=FACE_SURFACE('',(#5360),#5356,.T.);
#5356=PLANE('',#5357);
#5357=AXIS2_PLACEMENT_3D('',#54,#5358,#5359);
#5358=DIRECTION('',(0,0,-1));
#5359=DIRECTION('',(-0.38475550450539586,-0.9230185273074416,0));
#5360=FACE_BOUND('',#5361,.T.);
#5361=EDGE_LOOP('',(#5362,#5363,#5364));
#5362=ORIENTED_EDGE('',*,*,#5365,.T.);
#5363=ORIENTED_EDGE('',*,*,#5366,.T.);
#5364=ORIENTED_EDGE('',*,*,#5367,.T.);
#5365=EDGE_CURVE('',#55,#425,#5368,.F.);
#5366=EDGE_CURVE('',#425,#427,#5369,.T.);
#5367=EDGE_CURVE('',#427,#55,#5370,.T.);
#5368=LINE('',#54,#5371);
#5369=LINE('',#424,#5372);
#5370=LINE('',#426,#5373);
#5371=VECTOR('',#5374,1.0);
#5372=VECTOR('',#5375,1.0);
#5373=VECTOR('',#5376,1.0);
#5374=DIRECTION('',(-0.38475550450539586,-0.9230185273074416,0));
#5375=DIRECTION('',(-0.3826749989337844,0.9238830257078156,0));
#5376=DIRECTION('',(0.38818148165528793,0.9215829519364523,0));
#5377=FACE_SURFACE('',(#5382),#5378,.T.);
#5378=PLANE('',#5379);
#5379=AXIS2_PLACEMENT_3D('',#54,#5380,#5381);
#5380=DIRECTION('',(0,0,-1));
#5381=DIRECTION('',(-0.38818148165528793,-0.9215829519364523,0));
#5382=FACE_BOUND('',#5383,.T.);
#5383=EDGE_LOOP('',(#5384,#5385,#5386));
#5384=ORIENTED_EDGE('',*,*,#5387,.T.);
#5385=ORIENTED_EDGE('',*,*,#5388,.T.);
#5386=ORIENTED_EDGE('',*,*,#5389,.T.);
#5387=EDGE_CURVE('',#55,#427,#5390,.F.);
#5388=EDGE_CURVE('',#427,#429,#5391,.T.);
#5389=EDGE_CURVE('',#429,#55,#5392,.T.);
#5390=LINE('',#54,#5393);
#5391=LINE('',#426,#5394);
#5392=LINE('',#428,#5395);
#5393=VECTOR('',#5396,1.0);
#5394=VECTOR('',#5397,1.0);
#5395=VECTOR('',#5398,1.0);
#5396=DIRECTION('',(-0.38818148165528793,-0.9215829519364523,0));
#5397=DIRECTION('',(0,1,0));
#5398=DIRECTION('',(0.752892506483552,0.6581435053853487,0));
#5399=FACE_SURFACE('',(#5404),#5400,.T.);
#5400=PLANE('',#5401);
#5401=AXIS2_PLACEMENT_3D('',#428,#5402,#5403);
#5402=DIRECTION('',(0,-0,-1));
#5403=DIRECTION('',(0,-1,0));
#5404=FACE_BOUND('',#5405,.T.);
#5405=EDGE_LOOP('',(#5406,#5407,#5408));
#5406=ORIENTED_EDGE('',*,*,#5409,.T.);
#5407=ORIENTED_EDGE('',*,*,#5410,.T.);
#5408=ORIENTED_EDGE('',*,*,#5411,.T.);
#5409=EDGE_CURVE('',#429,#427,#5412,.F.);
#5410=EDGE_CURVE('',#427,#431,#5413,.T.);
#5411=EDGE_CURVE('',#431,#429,#5414,.T.);
#5412=LINE('',#428,#5415);
#5413=LINE('',#426,#5416);
#5414=LINE('',#430,#5417);
#5415=VECTOR('',#5418,1.0);
#5416=VECTOR('',#5419,1.0);
#5417=VECTOR('',#5420,1.0);
#5418=DIRECTION('',(0,-1,0));
#5419=DIRECTION('',(-0.6087673117897281,0.793348826239951,0));
#5420=DIRECTION('',(0.005519255305389421,0.9999847687944421,0));
#5421=FACE_SURFACE('',(#5426),#5422,.T.);
#5422=PLANE('',#5423);
#5423=AXIS2_PLACEMENT_3D('',#428,#5424,#5425);
#5424=DIRECTION('',(0,0,-1));
#5425=DIRECTION('',(-0.005519255305389421,-0.9999847687944421,0));
#5426=FACE_BOUND('',#5427,.T.);
#5427=EDGE_LOOP('',(#5428,#5429,#5430));
#5428=ORIENTED_EDGE('',*,*,#5431,.T.);
#5429=ORIENTED_EDGE('',*,*,#5432,.T.);
#5430=ORIENTED_EDGE('',*,*,#5433,.T.);
#5431=EDGE_CURVE('',#429,#431,#5434,.F.);
#5432=EDGE_CURVE('',#431,#433,#5435,.T.);
#5433=EDGE_CURVE('',#433,#429,#5436,.T.);
#5434=LINE('',#428,#5437);
#5435=LINE('',#430,#5438);
#5436=LINE('',#432,#5439);
#5437=VECTOR('',#5440,1.0);
#5438=VECTOR('',#5441,1.0);
#5439=VECTOR('',#5442,1.0);
#5440=DIRECTION('',(-0.005519255305389421,-0.9999847687944421,0));
#5441=DIRECTION('',(0,1,0));
#5442=DIRECTION('',(0.6087579018137039,0.7933560467907059,0));
#5443=FACE_SURFACE('',(#5448),#5444,.T.);
#5444=PLANE('',#5445);
#5445=AXIS2_PLACEMENT_3D('',#432,#5446,#5447);
#5446=DIRECTION('',(0,-0,-1));
#5447=DIRECTION('',(0,-1,0));
#5448=FACE_BOUND('',#5449,.T.);
#5449=EDGE_LOOP('',(#5450,#5451,#5452));
#5450=ORIENTED_EDGE('',*,*,#5453,.T.);
#5451=ORIENTED_EDGE('',*,*,#5454,.T.);
#5452=ORIENTED_EDGE('',*,*,#5455,.T.);
#5453=EDGE_CURVE('',#433,#431,#5456,.F.);
#5454=EDGE_CURVE('',#431,#435,#5457,.T.);
#5455=EDGE_CURVE('',#435,#433,#5458,.T.);
#5456=LINE('',#432,#5459);
#5457=LINE('',#430,#5460);
#5458=LINE('',#434,#5461);
#5459=VECTOR('',#5462,1.0);
#5460=VECTOR('',#5463,1.0);
#5461=VECTOR('',#5464,1.0);
#5462=DIRECTION('',(0,-1,0));
#5463=DIRECTION('',(-0.7933607517316084,0.608751770109835,0));
#5464=DIRECTION('',(0.007285432747417995,0.999973460882679,0));
#5465=FACE_SURFACE('',(#5470),#5466,.T.);
#5466=PLANE('',#5467);
#5467=AXIS2_PLACEMENT_3D('',#432,#5468,#5469);
#5468=DIRECTION('',(0,0,-1));
#5469=DIRECTION('',(-0.007285432747417995,-0.999973460882679,0));
#5470=FACE_BOUND('',#5471,.T.);
#5471=EDGE_LOOP('',(#5472,#5473,#5474));
#5472=ORIENTED_EDGE('',*,*,#5475,.T.);
#5473=ORIENTED_EDGE('',*,*,#5476,.T.);
#5474=ORIENTED_EDGE('',*,*,#5477,.T.);
#5475=EDGE_CURVE('',#433,#435,#5478,.F.);
#5476=EDGE_CURVE('',#435,#437,#5479,.T.);
#5477=EDGE_CURVE('',#437,#433,#5480,.T.);
#5478=LINE('',#432,#5481);
#5479=LINE('',#434,#5482);
#5480=LINE('',#436,#5483);
#5481=VECTOR('',#5484,1.0);
#5482=VECTOR('',#5485,1.0);
#5483=VECTOR('',#5486,1.0);
#5484=DIRECTION('',(-0.007285432747417995,-0.999973460882679,0));
#5485=DIRECTION('',(0,1,0));
#5486=DIRECTION('',(0.7933607517316084,0.608751770109835,0));
#5487=FACE_SURFACE('',(#5492),#5488,.T.);
#5488=PLANE('',#5489);
#5489=AXIS2_PLACEMENT_3D('',#436,#5490,#5491);
#5490=DIRECTION('',(0,-0,-1));
#5491=DIRECTION('',(0,-1,0));
#5492=FACE_BOUND('',#5493,.T.);
#5493=EDGE_LOOP('',(#5494,#5495,#5496));
#5494=ORIENTED_EDGE('',*,*,#5497,.T.);
#5495=ORIENTED_EDGE('',*,*,#5498,.T.);
#5496=ORIENTED_EDGE('',*,*,#5499,.T.);
#5497=EDGE_CURVE('',#437,#435,#5500,.F.);
#5498=EDGE_CURVE('',#435,#439,#5501,.T.);
#5499=EDGE_CURVE('',#439,#437,#5502,.T.);
#5500=LINE('',#436,#5503);
#5501=LINE('',#434,#5504);
#5502=LINE('',#438,#5505);
#5503=VECTOR('',#5506,1.0);
#5504=VECTOR('',#5507,1.0);
#5505=VECTOR('',#5508,1.0);
#5506=DIRECTION('',(0,-1,0));
#5507=DIRECTION('',(-0.9238738748920926,0.38269709078051545,0));
#5508=DIRECTION('',(0.008561884073484688,0.9999633463988128,0));
#5509=FACE_SURFACE('',(#5514),#5510,.T.);
#5510=PLANE('',#5511);
#5511=AXIS2_PLACEMENT_3D('',#436,#5512,#5513);
#5512=DIRECTION('',(0,0,-1));
#5513=DIRECTION('',(-0.008561884073484688,-0.9999633463988128,0));
#5514=FACE_BOUND('',#5515,.T.);
#5515=EDGE_LOOP('',(#5516,#5517,#5518));
#5516=ORIENTED_EDGE('',*,*,#5519,.T.);
#5517=ORIENTED_EDGE('',*,*,#5520,.T.);
#5518=ORIENTED_EDGE('',*,*,#5521,.T.);
#5519=EDGE_CURVE('',#437,#439,#5522,.F.);
#5520=EDGE_CURVE('',#439,#441,#5523,.T.);
#5521=EDGE_CURVE('',#441,#437,#5524,.T.);
#5522=LINE('',#436,#5525);
#5523=LINE('',#438,#5526);
#5524=LINE('',#440,#5527);
#5525=VECTOR('',#5528,1.0);
#5526=VECTOR('',#5529,1.0);
#5527=VECTOR('',#5530,1.0);
#5528=DIRECTION('',(-0.008561884073484688,-0.9999633463988128,0));
#5529=DIRECTION('',(0,1,0));
#5530=DIRECTION('',(0.9238738748920926,0.38269709078051545,0));
#5531=FACE_SURFACE('',(#5536),#5532,.T.);
#5532=PLANE('',#5533);
#5533=AXIS2_PLACEMENT_3D('',#440,#5534,#5535);
#5534=DIRECTION('',(0,-0,-1));
#5535=DIRECTION('',(0,-1,0));
#5536=FACE_BOUND('',#5537,.T.);
#5537=EDGE_LOOP('',(#5538,#5539,#5540));
#5538=ORIENTED_EDGE('',*,*,#5541,.T.);
#5539=ORIENTED_EDGE('',*,*,#5542,.T.);
#5540=ORIENTED_EDGE('',*,*,#5543,.T.);
#5541=EDGE_CURVE('',#441,#439,#5544,.F.);
#5542=EDGE_CURVE('',#439,#443,#5545,.T.);
#5543=EDGE_CURVE('',#443,#441,#5546,.T.);
#5544=LINE('',#440,#5547);
#5545=LINE('',#438,#5548);
#5546=LINE('',#442,#5549);
#5547=VECTOR('',#5550,1.0);
#5548=VECTOR('',#5551,1.0);
#5549=VECTOR('',#5552,1.0);
#5550=DIRECTION('',(0,-1,0));
#5551=DIRECTION('',(-0.9914430181377333,0.13054019222424268,0));
#5552=DIRECTION('',(0.009231929963863118,0.9999573848265446,0));
#5553=FACE_SURFACE('',(#5558),#5554,.T.);
#5554=PLANE('',#5555);
#5555=AXIS2_PLACEMENT_3D('',#440,#5556,#5557);
#5556=DIRECTION('',(0,0,-1));
#5557=DIRECTION('',(-0.009231929963863118,-0.9999573848265446,0));
#5558=FACE_BOUND('',#5559,.T.);
#5559=EDGE_LOOP('',(#5560,#5561,#5562));
#5560=ORIENTED_EDGE('',*,*,#5563,.T.);
#5561=ORIENTED_EDGE('',*,*,#5564,.T.);
#5562=ORIENTED_EDGE('',*,*,#5565,.T.);
#5563=EDGE_CURVE('',#441,#443,#5566,.F.);
#5564=EDGE_CURVE('',#443,#445,#5567,.T.);
#5565=EDGE_CURVE('',#445,#441,#5568,.T.);
#5566=LINE('',#440,#5569);
#5567=LINE('',#442,#5570);
#5568=LINE('',#444,#5571);
#5569=VECTOR('',#5572,1.0);
#5570=VECTOR('',#5573,1.0);
#5571=VECTOR('',#5574,1.0);
#5572=DIRECTION('',(-0.009231929963863118,-0.9999573848265446,0));
#5573=DIRECTION('',(0,1,0));
#5574=DIRECTION('',(0.9914455395896884,0.13052104055558156,0));
#5575=FACE_SURFACE('',(#5580),#5576,.T.);
#5576=PLANE('',#5577);
#5577=AXIS2_PLACEMENT_3D('',#444,#5578,#5579);
#5578=DIRECTION('',(-0,-0,-1));
#5579=DIRECTION('',(0,-1,0));
#5580=FACE_BOUND('',#5581,.T.);
#5581=EDGE_LOOP('',(#5582,#5583,#5584));
#5582=ORIENTED_EDGE('',*,*,#5585,.T.);
#5583=ORIENTED_EDGE('',*,*,#5586,.T.);
#5584=ORIENTED_EDGE('',*,*,#5587,.T.);
#5585=EDGE_CURVE('',#445,#443,#5588,.F.);
#5586=EDGE_CURVE('',#443,#447,#5589,.T.);
#5587=EDGE_CURVE('',#447,#445,#5590,.T.);
#5588=LINE('',#444,#5591);
#5589=LINE('',#442,#5592);
#5590=LINE('',#446,#5593);
#5591=VECTOR('',#5594,1.0);
#5592=VECTOR('',#5595,1.0);
#5593=VECTOR('',#5596,1.0);
#5594=DIRECTION('',(0,-1,0));
#5595=DIRECTION('',(-0.009231929963863118,0.9999573848265446,0));
#5596=DIRECTION('',(0.9914455395896884,-0.13052104055558156,0));
#5597=FACE_SURFACE('',(#5602),#5598,.T.);
#5598=PLANE('',#5599);
#5599=AXIS2_PLACEMENT_3D('',#446,#5600,#5601);
#5600=DIRECTION('',(0,0,-1));
#5601=DIRECTION('',(0.009231929963863118,-0.9999573848265446,0));
#5602=FACE_BOUND('',#5603,.T.);
#5603=EDGE_LOOP('',(#5604,#5605,#5606));
#5604=ORIENTED_EDGE('',*,*,#5607,.T.);
#5605=ORIENTED_EDGE('',*,*,#5608,.T.);
#5606=ORIENTED_EDGE('',*,*,#5609,.T.);
#5607=EDGE_CURVE('',#447,#443,#5610,.F.);
#5608=EDGE_CURVE('',#443,#449,#5611,.T.);
#5609=EDGE_CURVE('',#449,#447,#5612,.T.);
#5610=LINE('',#446,#5613);
#5611=LINE('',#442,#5614);
#5612=LINE('',#448,#5615);
#5613=VECTOR('',#5616,1.0);
#5614=VECTOR('',#5617,1.0);
#5615=VECTOR('',#5618,1.0);
#5616=DIRECTION('',(0.009231929963863118,-0.9999573848265446,0));
#5617=DIRECTION('',(-0.9914430181377333,-0.13054019222424268,0));
#5618=DIRECTION('',(0,1,0));
#5619=FACE_SURFACE('',(#5624),#5620,.T.);
#5620=PLANE('',#5621);
#5621=AXIS2_PLACEMENT_3D('',#446,#5622,#5623);
#5622=DIRECTION('',(-0,-0,-1));
#5623=DIRECTION('',(0,-1,0));
#5624=FACE_BOUND('',#5625,.T.);
#5625=EDGE_LOOP('',(#5626,#5627,#5628));
#5626=ORIENTED_EDGE('',*,*,#5629,.T.);
#5627=ORIENTED_EDGE('',*,*,#5630,.T.);
#5628=ORIENTED_EDGE('',*,*,#5631,.T.);
#5629=EDGE_CURVE('',#447,#449,#5632,.F.);
#5630=EDGE_CURVE('',#449,#451,#5633,.T.);
#5631=EDGE_CURVE('',#451,#447,#5634,.T.);
#5632=LINE('',#446,#5635);
#5633=LINE('',#448,#5636);
#5634=LINE('',#450,#5637);
#5635=VECTOR('',#5638,1.0);
#5636=VECTOR('',#5639,1.0);
#5637=VECTOR('',#5640,1.0);
#5638=DIRECTION('',(0,-1,0));
#5639=DIRECTION('',(-0.008561884073484688,0.9999633463988128,0));
#5640=DIRECTION('',(0.9238738748920926,-0.38269709078051545,0));
#5641=FACE_SURFACE('',(#5646),#5642,.T.);
#5642=PLANE('',#5643);
#5643=AXIS2_PLACEMENT_3D('',#450,#5644,#5645);
#5644=DIRECTION('',(0,0,-1));
#5645=DIRECTION('',(0.008561884073484688,-0.9999633463988128,0));
#5646=FACE_BOUND('',#5647,.T.);
#5647=EDGE_LOOP('',(#5648,#5649,#5650));
#5648=ORIENTED_EDGE('',*,*,#5651,.T.);
#5649=ORIENTED_EDGE('',*,*,#5652,.T.);
#5650=ORIENTED_EDGE('',*,*,#5653,.T.);
#5651=EDGE_CURVE('',#451,#449,#5654,.F.);
#5652=EDGE_CURVE('',#449,#453,#5655,.T.);
#5653=EDGE_CURVE('',#453,#451,#5656,.T.);
#5654=LINE('',#450,#5657);
#5655=LINE('',#448,#5658);
#5656=LINE('',#452,#5659);
#5657=VECTOR('',#5660,1.0);
#5658=VECTOR('',#5661,1.0);
#5659=VECTOR('',#5662,1.0);
#5660=DIRECTION('',(0.008561884073484688,-0.9999633463988128,0));
#5661=DIRECTION('',(-0.9238738748920926,-0.38269709078051545,0));
#5662=DIRECTION('',(0,1,0));
#5663=FACE_SURFACE('',(#5668),#5664,.T.);
#5664=PLANE('',#5665);
#5665=AXIS2_PLACEMENT_3D('',#450,#5666,#5667);
#5666=DIRECTION('',(-0,-0,-1));
#5667=DIRECTION('',(0,-1,0));
#5668=FACE_BOUND('',#5669,.T.);
#5669=EDGE_LOOP('',(#5670,#5671,#5672));
#5670=ORIENTED_EDGE('',*,*,#5673,.T.);
#5671=ORIENTED_EDGE('',*,*,#5674,.T.);
#5672=ORIENTED_EDGE('',*,*,#5675,.T.);
#5673=EDGE_CURVE('',#451,#453,#5676,.F.);
#5674=EDGE_CURVE('',#453,#455,#5677,.T.);
#5675=EDGE_CURVE('',#455,#451,#5678,.T.);
#5676=LINE('',#450,#5679);
#5677=LINE('',#452,#5680);
#5678=LINE('',#454,#5681);
#5679=VECTOR('',#5682,1.0);
#5680=VECTOR('',#5683,1.0);
#5681=VECTOR('',#5684,1.0);
#5682=DIRECTION('',(0,-1,0));
#5683=DIRECTION('',(-0.007285432747417995,0.999973460882679,0));
#5684=DIRECTION('',(0.7933607517316084,-0.608751770109835,0));
#5685=FACE_SURFACE('',(#5690),#5686,.T.);
#5686=PLANE('',#5687);
#5687=AXIS2_PLACEMENT_3D('',#454,#5688,#5689);
#5688=DIRECTION('',(0,0,-1));
#5689=DIRECTION('',(0.007285432747417995,-0.999973460882679,0));
#5690=FACE_BOUND('',#5691,.T.);
#5691=EDGE_LOOP('',(#5692,#5693,#5694));
#5692=ORIENTED_EDGE('',*,*,#5695,.T.);
#5693=ORIENTED_EDGE('',*,*,#5696,.T.);
#5694=ORIENTED_EDGE('',*,*,#5697,.T.);
#5695=EDGE_CURVE('',#455,#453,#5698,.F.);
#5696=EDGE_CURVE('',#453,#457,#5699,.T.);
#5697=EDGE_CURVE('',#457,#455,#5700,.T.);
#5698=LINE('',#454,#5701);
#5699=LINE('',#452,#5702);
#5700=LINE('',#456,#5703);
#5701=VECTOR('',#5704,1.0);
#5702=VECTOR('',#5705,1.0);
#5703=VECTOR('',#5706,1.0);
#5704=DIRECTION('',(0.007285432747417995,-0.999973460882679,0));
#5705=DIRECTION('',(-0.7933607517316084,-0.608751770109835,0));
#5706=DIRECTION('',(0,1,0));
#5707=FACE_SURFACE('',(#5712),#5708,.T.);
#5708=PLANE('',#5709);
#5709=AXIS2_PLACEMENT_3D('',#454,#5710,#5711);
#5710=DIRECTION('',(-0,-0,-1));
#5711=DIRECTION('',(0,-1,0));
#5712=FACE_BOUND('',#5713,.T.);
#5713=EDGE_LOOP('',(#5714,#5715,#5716));
#5714=ORIENTED_EDGE('',*,*,#5717,.T.);
#5715=ORIENTED_EDGE('',*,*,#5718,.T.);
#5716=ORIENTED_EDGE('',*,*,#5719,.T.);
#5717=EDGE_CURVE('',#455,#457,#5720,.F.);
#5718=EDGE_CURVE('',#457,#459,#5721,.T.);
#5719=EDGE_CURVE('',#459,#455,#5722,.T.);
#5720=LINE('',#454,#5723);
#5721=LINE('',#456,#5724);
#5722=LINE('',#458,#5725);
#5723=VECTOR('',#5726,1.0);
#5724=VECTOR('',#5727,1.0);
#5725=VECTOR('',#5728,1.0);
#5726=DIRECTION('',(0,-1,0));
#5727=DIRECTION('',(-0.005519255305389421,0.9999847687944421,0));
#5728=DIRECTION('',(0.6087579018137039,-0.7933560467907059,0));
#5729=FACE_SURFACE('',(#5734),#5730,.T.);
#5730=PLANE('',#5731);
#5731=AXIS2_PLACEMENT_3D('',#458,#5732,#5733);
#5732=DIRECTION('',(0,0,-1));
#5733=DIRECTION('',(0.005519255305389421,-0.9999847687944421,0));
#5734=FACE_BOUND('',#5735,.T.);
#5735=EDGE_LOOP('',(#5736,#5737,#5738));
#5736=ORIENTED_EDGE('',*,*,#5739,.T.);
#5737=ORIENTED_EDGE('',*,*,#5740,.T.);
#5738=ORIENTED_EDGE('',*,*,#5741,.T.);
#5739=EDGE_CURVE('',#459,#457,#5742,.F.);
#5740=EDGE_CURVE('',#457,#461,#5743,.T.);
#5741=EDGE_CURVE('',#461,#459,#5744,.T.);
#5742=LINE('',#458,#5745);
#5743=LINE('',#456,#5746);
#5744=LINE('',#460,#5747);
#5745=VECTOR('',#5748,1.0);
#5746=VECTOR('',#5749,1.0);
#5747=VECTOR('',#5750,1.0);
#5748=DIRECTION('',(0.005519255305389421,-0.9999847687944421,0));
#5749=DIRECTION('',(-0.6087673117897281,-0.793348826239951,0));
#5750=DIRECTION('',(0,1,0));
#5751=FACE_SURFACE('',(#5756),#5752,.T.);
#5752=PLANE('',#5753);
#5753=AXIS2_PLACEMENT_3D('',#458,#5754,#5755);
#5754=DIRECTION('',(-0,-0,-1));
#5755=DIRECTION('',(0,-1,0));
#5756=FACE_BOUND('',#5757,.T.);
#5757=EDGE_LOOP('',(#5758,#5759,#5760));
#5758=ORIENTED_EDGE('',*,*,#5761,.T.);
#5759=ORIENTED_EDGE('',*,*,#5762,.T.);
#5760=ORIENTED_EDGE('',*,*,#5763,.T.);
#5761=EDGE_CURVE('',#459,#461,#5764,.F.);
#5762=EDGE_CURVE('',#461,#463,#5765,.T.);
#5763=EDGE_CURVE('',#463,#459,#5766,.T.);
#5764=LINE('',#458,#5767);
#5765=LINE('',#460,#5768);
#5766=LINE('',#462,#5769);
#5767=VECTOR('',#5770,1.0);
#5768=VECTOR('',#5771,1.0);
#5769=VECTOR('',#5772,1.0);
#5770=DIRECTION('',(0,-1,0));
#5771=DIRECTION('',(-0.0034163711909213487,0.9999941641869146,0));
#5772=DIRECTION('',(0.3826804604958137,-0.9238807634942465,0));
#5773=FACE_SURFACE('',(#5778),#5774,.T.);
#5774=PLANE('',#5775);
#5775=AXIS2_PLACEMENT_3D('',#462,#5776,#5777);
#5776=DIRECTION('',(0,0,-1));
#5777=DIRECTION('',(0.0034163711909213487,-0.9999941641869146,0));
#5778=FACE_BOUND('',#5779,.T.);
#5779=EDGE_LOOP('',(#5780,#5781,#5782));
#5780=ORIENTED_EDGE('',*,*,#5783,.T.);
#5781=ORIENTED_EDGE('',*,*,#5784,.T.);
#5782=ORIENTED_EDGE('',*,*,#5785,.T.);
#5783=EDGE_CURVE('',#463,#461,#5786,.F.);
#5784=EDGE_CURVE('',#461,#465,#5787,.T.);
#5785=EDGE_CURVE('',#465,#463,#5788,.T.);
#5786=LINE('',#462,#5789);
#5787=LINE('',#460,#5790);
#5788=LINE('',#464,#5791);
#5789=VECTOR('',#5792,1.0);
#5790=VECTOR('',#5793,1.0);
#5791=VECTOR('',#5794,1.0);
#5792=DIRECTION('',(0.0034163711909213487,-0.9999941641869146,0));
#5793=DIRECTION('',(-0.3826666839415662,-0.9238864697576026,0));
#5794=DIRECTION('',(0,1,0));
#5795=FACE_SURFACE('',(#5800),#5796,.T.);
#5796=PLANE('',#5797);
#5797=AXIS2_PLACEMENT_3D('',#462,#5798,#5799);
#5798=DIRECTION('',(0,-0,-1));
#5799=DIRECTION('',(0,-1,0));
#5800=FACE_BOUND('',#5801,.T.);
#5801=EDGE_LOOP('',(#5802,#5803,#5804));
#5802=ORIENTED_EDGE('',*,*,#5805,.T.);
#5803=ORIENTED_EDGE('',*,*,#5806,.T.);
#5804=ORIENTED_EDGE('',*,*,#5807,.T.);
#5805=EDGE_CURVE('',#463,#465,#5808,.F.);
#5806=EDGE_CURVE('',#465,#467,#5809,.T.);
#5807=EDGE_CURVE('',#467,#463,#5810,.T.);
#5808=LINE('',#462,#5811);
#5809=LINE('',#464,#5812);
#5810=LINE('',#466,#5813);
#5811=VECTOR('',#5814,1.0);
#5812=VECTOR('',#5815,1.0);
#5813=VECTOR('',#5816,1.0);
#5814=DIRECTION('',(0,-1,0));
#5815=DIRECTION('',(-0.22485439156703524,-0.9743923760954919,0));
#5816=DIRECTION('',(0.011822651105682402,0.9999301100181119,0));
#5817=FACE_SURFACE('',(#5822),#5818,.T.);
#5818=PLANE('',#5819);
#5819=AXIS2_PLACEMENT_3D('',#466,#5820,#5821);
#5820=DIRECTION('',(0,0,-1));
#5821=DIRECTION('',(0.22485439156703524,0.9743923760954919,0));
#5822=FACE_BOUND('',#5823,.T.);
#5823=EDGE_LOOP('',(#5824,#5825,#5826));
#5824=ORIENTED_EDGE('',*,*,#5827,.T.);
#5825=ORIENTED_EDGE('',*,*,#5828,.T.);
#5826=ORIENTED_EDGE('',*,*,#5829,.T.);
#5827=EDGE_CURVE('',#467,#465,#5830,.F.);
#5828=EDGE_CURVE('',#465,#469,#5831,.T.);
#5829=EDGE_CURVE('',#469,#467,#5832,.T.);
#5830=LINE('',#466,#5833);
#5831=LINE('',#464,#5834);
#5832=LINE('',#468,#5835);
#5833=VECTOR('',#5836,1.0);
#5834=VECTOR('',#5837,1.0);
#5835=VECTOR('',#5838,1.0);
#5836=DIRECTION('',(0.22485439156703524,0.9743923760954919,0));
#5837=DIRECTION('',(-0.13053565950523363,-0.9914436149360859,0));
#5838=DIRECTION('',(-0.24253562503633297,-0.9701425001453319,0));
#5839=FACE_SURFACE('',(#5844),#5840,.T.);
#5840=PLANE('',#5841);
#5841=AXIS2_PLACEMENT_3D('',#466,#5842,#5843);
#5842=DIRECTION('',(0,0,-1));
#5843=DIRECTION('',(0.24253562503633297,0.9701425001453319,0));
#5844=FACE_BOUND('',#5845,.T.);
#5845=EDGE_LOOP('',(#5846,#5847,#5848));
#5846=ORIENTED_EDGE('',*,*,#5849,.T.);
#5847=ORIENTED_EDGE('',*,*,#5850,.T.);
#5848=ORIENTED_EDGE('',*,*,#5851,.T.);
#5849=EDGE_CURVE('',#467,#469,#5852,.F.);
#5850=EDGE_CURVE('',#469,#471,#5853,.T.);
#5851=EDGE_CURVE('',#471,#467,#5854,.T.);
#5852=LINE('',#466,#5855);
#5853=LINE('',#468,#5856);
#5854=LINE('',#470,#5857);
#5855=VECTOR('',#5858,1.0);
#5856=VECTOR('',#5859,1.0);
#5857=VECTOR('',#5860,1.0);
#5858=DIRECTION('',(0.24253562503633297,0.9701425001453319,0));
#5859=DIRECTION('',(0.13053061640817715,-0.9914442789083516,0));
#5860=DIRECTION('',(-0.32353942257225643,-0.9462146913051027,0));
#5861=FACE_SURFACE('',(#5866),#5862,.T.);
#5862=PLANE('',#5863);
#5863=AXIS2_PLACEMENT_3D('',#424,#5864,#5865);
#5864=DIRECTION('',(0,0,-1));
#5865=DIRECTION('',(1,0,0));
#5866=FACE_BOUND('',#5867,.T.);
#5867=EDGE_LOOP('',(#5868,#5869,#5870));
#5868=ORIENTED_EDGE('',*,*,#5871,.T.);
#5869=ORIENTED_EDGE('',*,*,#5872,.T.);
#5870=ORIENTED_EDGE('',*,*,#5873,.T.);
#5871=EDGE_CURVE('',#425,#473,#5874,.F.);
#5872=EDGE_CURVE('',#473,#475,#5875,.T.);
#5873=EDGE_CURVE('',#475,#425,#5876,.T.);
#5874=LINE('',#424,#5877);
#5875=LINE('',#472,#5878);
#5876=LINE('',#474,#5879);
#5877=VECTOR('',#5880,1.0);
#5878=VECTOR('',#5881,1.0);
#5879=VECTOR('',#5882,1.0);
#5880=DIRECTION('',(1,0,0));
#5881=DIRECTION('',(-0.9999858795100842,-0.005314205532651418,0));
#5882=DIRECTION('',(-0.13052608329549653,0.991444875713994,0));
#5883=FACE_SURFACE('',(#5888),#5884,.T.);
#5884=PLANE('',#5885);
#5885=AXIS2_PLACEMENT_3D('',#474,#5886,#5887);
#5886=DIRECTION('',(0,0,-1));
#5887=DIRECTION('',(0.9999858795100842,0.005314205532651418,0));
#5888=FACE_BOUND('',#5889,.T.);
#5889=EDGE_LOOP('',(#5890,#5891,#5892));
#5890=ORIENTED_EDGE('',*,*,#5893,.T.);
#5891=ORIENTED_EDGE('',*,*,#5894,.T.);
#5892=ORIENTED_EDGE('',*,*,#5895,.T.);
#5893=EDGE_CURVE('',#475,#473,#5896,.F.);
#5894=EDGE_CURVE('',#473,#477,#5897,.T.);
#5895=EDGE_CURVE('',#477,#475,#5898,.T.);
#5896=LINE('',#474,#5899);
#5897=LINE('',#472,#5900);
#5898=LINE('',#476,#5901);
#5899=VECTOR('',#5902,1.0);
#5900=VECTOR('',#5903,1.0);
#5901=VECTOR('',#5904,1.0);
#5902=DIRECTION('',(0.9999858795100842,0.005314205532651418,0));
#5903=DIRECTION('',(-0.13053565950523363,-0.9914436149360859,0));
#5904=DIRECTION('',(-1,0,0));
#5905=FACE_SURFACE('',(#5910),#5906,.T.);
#5906=PLANE('',#5907);
#5907=AXIS2_PLACEMENT_3D('',#474,#5908,#5909);
#5908=DIRECTION('',(0,-0,-1));
#5909=DIRECTION('',(1,0,0));
#5910=FACE_BOUND('',#5911,.T.);
#5911=EDGE_LOOP('',(#5912,#5913,#5914));
#5912=ORIENTED_EDGE('',*,*,#5915,.T.);
#5913=ORIENTED_EDGE('',*,*,#5916,.T.);
#5914=ORIENTED_EDGE('',*,*,#5917,.T.);
#5915=EDGE_CURVE('',#475,#477,#5918,.F.);
#5916=EDGE_CURVE('',#477,#479,#5919,.T.);
#5917=EDGE_CURVE('',#479,#475,#5920,.T.);
#5918=LINE('',#474,#5921);
#5919=LINE('',#476,#5922);
#5920=LINE('',#478,#5923);
#5921=VECTOR('',#5924,1.0);
#5922=VECTOR('',#5925,1.0);
#5923=VECTOR('',#5926,1.0);
#5924=DIRECTION('',(1,0,0));
#5925=DIRECTION('',(-0.9999858783985969,-0.005314414679566745,0));
#5926=DIRECTION('',(0.13052104055558156,0.9914455395896884,0));
#5927=FACE_SURFACE('',(#5932),#5928,.T.);
#5928=PLANE('',#5929);
#5929=AXIS2_PLACEMENT_3D('',#478,#5930,#5931);
#5930=DIRECTION('',(0,0,-1));
#5931=DIRECTION('',(0.9999858783985969,0.005314414679566745,0));
#5932=FACE_BOUND('',#5933,.T.);
#5933=EDGE_LOOP('',(#5934,#5935,#5936));
#5934=ORIENTED_EDGE('',*,*,#5937,.T.);
#5935=ORIENTED_EDGE('',*,*,#5938,.T.);
#5936=ORIENTED_EDGE('',*,*,#5939,.T.);
#5937=EDGE_CURVE('',#479,#477,#5940,.F.);
#5938=EDGE_CURVE('',#477,#481,#5941,.T.);
#5939=EDGE_CURVE('',#481,#479,#5942,.T.);
#5940=LINE('',#478,#5943);
#5941=LINE('',#476,#5944);
#5942=LINE('',#480,#5945);
#5943=VECTOR('',#5946,1.0);
#5944=VECTOR('',#5947,1.0);
#5945=VECTOR('',#5948,1.0);
#5946=DIRECTION('',(0.9999858783985969,0.005314414679566745,0));
#5947=DIRECTION('',(0.13053061640817715,-0.9914442789083516,0));
#5948=DIRECTION('',(-1,0,0));
#5949=FACE_SURFACE('',(#5954),#5950,.T.);
#5950=PLANE('',#5951);
#5951=AXIS2_PLACEMENT_3D('',#478,#5952,#5953);
#5952=DIRECTION('',(0,-0,-1));
#5953=DIRECTION('',(1,0,0));
#5954=FACE_BOUND('',#5955,.T.);
#5955=EDGE_LOOP('',(#5956,#5957,#5958));
#5956=ORIENTED_EDGE('',*,*,#5959,.T.);
#5957=ORIENTED_EDGE('',*,*,#5960,.T.);
#5958=ORIENTED_EDGE('',*,*,#5961,.T.);
#5959=EDGE_CURVE('',#479,#481,#5962,.F.);
#5960=EDGE_CURVE('',#481,#483,#5963,.T.);
#5961=EDGE_CURVE('',#483,#479,#5964,.T.);
#5962=LINE('',#478,#5965);
#5963=LINE('',#480,#5966);
#5964=LINE('',#482,#5967);
#5965=VECTOR('',#5968,1.0);
#5966=VECTOR('',#5969,1.0);
#5967=VECTOR('',#5970,1.0);
#5968=DIRECTION('',(1,0,0));
#5969=DIRECTION('',(-0.9999878048033781,-0.004938648045864494,0));
#5970=DIRECTION('',(0.3826887756846641,0.9238773192177482,0));
#5971=FACE_SURFACE('',(#5976),#5972,.T.);
#5972=PLANE('',#5973);
#5973=AXIS2_PLACEMENT_3D('',#482,#5974,#5975);
#5974=DIRECTION('',(0,0,-1));
#5975=DIRECTION('',(0.9999878048033781,0.004938648045864494,0));
#5976=FACE_BOUND('',#5977,.T.);
#5977=EDGE_LOOP('',(#5978,#5979,#5980));
#5978=ORIENTED_EDGE('',*,*,#5981,.T.);
#5979=ORIENTED_EDGE('',*,*,#5982,.T.);
#5980=ORIENTED_EDGE('',*,*,#5983,.T.);
#5981=EDGE_CURVE('',#483,#481,#5984,.F.);
#5982=EDGE_CURVE('',#481,#485,#5985,.T.);
#5983=EDGE_CURVE('',#485,#483,#5986,.T.);
#5984=LINE('',#482,#5987);
#5985=LINE('',#480,#5988);
#5986=LINE('',#484,#5989);
#5987=VECTOR('',#5990,1.0);
#5988=VECTOR('',#5991,1.0);
#5989=VECTOR('',#5992,1.0);
#5990=DIRECTION('',(0.9999878048033781,0.004938648045864494,0));
#5991=DIRECTION('',(0.3826804604958137,-0.9238807634942465,0));
#5992=DIRECTION('',(-1,0,0));
#5993=FACE_SURFACE('',(#5998),#5994,.T.);
#5994=PLANE('',#5995);
#5995=AXIS2_PLACEMENT_3D('',#482,#5996,#5997);
#5996=DIRECTION('',(0,-0,-1));
#5997=DIRECTION('',(1,0,0));
#5998=FACE_BOUND('',#5999,.T.);
#5999=EDGE_LOOP('',(#6000,#6001,#6002));
#6000=ORIENTED_EDGE('',*,*,#6003,.T.);
#6001=ORIENTED_EDGE('',*,*,#6004,.T.);
#6002=ORIENTED_EDGE('',*,*,#6005,.T.);
#6003=EDGE_CURVE('',#483,#485,#6006,.F.);
#6004=EDGE_CURVE('',#485,#487,#6007,.T.);
#6005=EDGE_CURVE('',#487,#483,#6008,.T.);
#6006=LINE('',#482,#6009);
#6007=LINE('',#484,#6010);
#6008=LINE('',#486,#6011);
#6009=VECTOR('',#6012,1.0);
#6010=VECTOR('',#6013,1.0);
#6011=VECTOR('',#6014,1.0);
#6012=DIRECTION('',(1,0,0));
#6013=DIRECTION('',(-0.9999911012544997,-0.004218697881207811,0));
#6014=DIRECTION('',(0.6087484920429461,0.7933632670066336,0));
#6015=FACE_SURFACE('',(#6020),#6016,.T.);
#6016=PLANE('',#6017);
#6017=AXIS2_PLACEMENT_3D('',#486,#6018,#6019);
#6018=DIRECTION('',(0,0,-1));
#6019=DIRECTION('',(0.9999911012544997,0.004218697881207811,0));
#6020=FACE_BOUND('',#6021,.T.);
#6021=EDGE_LOOP('',(#6022,#6023,#6024));
#6022=ORIENTED_EDGE('',*,*,#6025,.T.);
#6023=ORIENTED_EDGE('',*,*,#6026,.T.);
#6024=ORIENTED_EDGE('',*,*,#6027,.T.);
#6025=EDGE_CURVE('',#487,#485,#6028,.F.);
#6026=EDGE_CURVE('',#485,#489,#6029,.T.);
#6027=EDGE_CURVE('',#489,#487,#6030,.T.);
#6028=LINE('',#486,#6031);
#6029=LINE('',#484,#6032);
#6030=LINE('',#488,#6033);
#6031=VECTOR('',#6034,1.0);
#6032=VECTOR('',#6035,1.0);
#6033=VECTOR('',#6036,1.0);
#6034=DIRECTION('',(0.9999911012544997,0.004218697881207811,0));
#6035=DIRECTION('',(0.6087484920429461,-0.7933632670066336,0));
#6036=DIRECTION('',(-1,0,0));
#6037=FACE_SURFACE('',(#6042),#6038,.T.);
#6038=PLANE('',#6039);
#6039=AXIS2_PLACEMENT_3D('',#486,#6040,#6041);
#6040=DIRECTION('',(0,-0,-1));
#6041=DIRECTION('',(1,0,0));
#6042=FACE_BOUND('',#6043,.T.);
#6043=EDGE_LOOP('',(#6044,#6045,#6046));
#6044=ORIENTED_EDGE('',*,*,#6047,.T.);
#6045=ORIENTED_EDGE('',*,*,#6048,.T.);
#6046=ORIENTED_EDGE('',*,*,#6049,.T.);
#6047=EDGE_CURVE('',#487,#489,#6050,.F.);
#6048=EDGE_CURVE('',#489,#491,#6051,.T.);
#6049=EDGE_CURVE('',#491,#487,#6052,.T.);
#6050=LINE('',#486,#6053);
#6051=LINE('',#488,#6054);
#6052=LINE('',#490,#6055);
#6053=VECTOR('',#6056,1.0);
#6054=VECTOR('',#6057,1.0);
#6055=VECTOR('',#6058,1.0);
#6056=DIRECTION('',(1,0,0));
#6057=DIRECTION('',(-0.9999948382490337,-0.003213016540400499,0));
#6058=DIRECTION('',(0.7933607517316084,0.608751770109835,0));
#6059=FACE_SURFACE('',(#6064),#6060,.T.);
#6060=PLANE('',#6061);
#6061=AXIS2_PLACEMENT_3D('',#490,#6062,#6063);
#6062=DIRECTION('',(0,0,-1));
#6063=DIRECTION('',(0.9999948382490337,0.003213016540400499,0));
#6064=FACE_BOUND('',#6065,.T.);
#6065=EDGE_LOOP('',(#6066,#6067,#6068));
#6066=ORIENTED_EDGE('',*,*,#6069,.T.);
#6067=ORIENTED_EDGE('',*,*,#6070,.T.);
#6068=ORIENTED_EDGE('',*,*,#6071,.T.);
#6069=EDGE_CURVE('',#491,#489,#6072,.F.);
#6070=EDGE_CURVE('',#489,#493,#6073,.T.);
#6071=EDGE_CURVE('',#493,#491,#6074,.T.);
#6072=LINE('',#490,#6075);
#6073=LINE('',#488,#6076);
#6074=LINE('',#492,#6077);
#6075=VECTOR('',#6078,1.0);
#6076=VECTOR('',#6079,1.0);
#6077=VECTOR('',#6080,1.0);
#6078=DIRECTION('',(0.9999948382490337,0.003213016540400499,0));
#6079=DIRECTION('',(0.7933607517316084,-0.608751770109835,0));
#6080=DIRECTION('',(-1,0,0));
#6081=FACE_SURFACE('',(#6086),#6082,.T.);
#6082=PLANE('',#6083);
#6083=AXIS2_PLACEMENT_3D('',#490,#6084,#6085);
#6084=DIRECTION('',(0,-0,-1));
#6085=DIRECTION('',(1,0,0));
#6086=FACE_BOUND('',#6087,.T.);
#6087=EDGE_LOOP('',(#6088,#6089,#6090));
#6088=ORIENTED_EDGE('',*,*,#6091,.T.);
#6089=ORIENTED_EDGE('',*,*,#6092,.T.);
#6090=ORIENTED_EDGE('',*,*,#6093,.T.);
#6091=EDGE_CURVE('',#491,#493,#6094,.F.);
#6092=EDGE_CURVE('',#493,#495,#6095,.T.);
#6093=EDGE_CURVE('',#495,#491,#6096,.T.);
#6094=LINE('',#490,#6097);
#6095=LINE('',#492,#6098);
#6096=LINE('',#494,#6099);
#6097=VECTOR('',#6100,1.0);
#6098=VECTOR('',#6101,1.0);
#6099=VECTOR('',#6102,1.0);
#6100=DIRECTION('',(1,0,0));
#6101=DIRECTION('',(-0.9999979964505292,-0.002001772946016156,0));
#6102=DIRECTION('',(0.9238738748920926,0.38269709078051545,0));
#6103=FACE_SURFACE('',(#6108),#6104,.T.);
#6104=PLANE('',#6105);
#6105=AXIS2_PLACEMENT_3D('',#494,#6106,#6107);
#6106=DIRECTION('',(0,0,-1));
#6107=DIRECTION('',(0.9999979964505292,0.002001772946016156,0));
#6108=FACE_BOUND('',#6109,.T.);
#6109=EDGE_LOOP('',(#6110,#6111,#6112));
#6110=ORIENTED_EDGE('',*,*,#6113,.T.);
#6111=ORIENTED_EDGE('',*,*,#6114,.T.);
#6112=ORIENTED_EDGE('',*,*,#6115,.T.);
#6113=EDGE_CURVE('',#495,#493,#6116,.F.);
#6114=EDGE_CURVE('',#493,#497,#6117,.T.);
#6115=EDGE_CURVE('',#497,#495,#6118,.T.);
#6116=LINE('',#494,#6119);
#6117=LINE('',#492,#6120);
#6118=LINE('',#496,#6121);
#6119=VECTOR('',#6122,1.0);
#6120=VECTOR('',#6123,1.0);
#6121=VECTOR('',#6124,1.0);
#6122=DIRECTION('',(0.9999979964505292,0.002001772946016156,0));
#6123=DIRECTION('',(0.9238738748920926,-0.38269709078051545,0));
#6124=DIRECTION('',(-1,0,0));
#6125=FACE_SURFACE('',(#6130),#6126,.T.);
#6126=PLANE('',#6127);
#6127=AXIS2_PLACEMENT_3D('',#494,#6128,#6129);
#6128=DIRECTION('',(0,-0,-1));
#6129=DIRECTION('',(1,0,0));
#6130=FACE_BOUND('',#6131,.T.);
#6131=EDGE_LOOP('',(#6132,#6133,#6134));
#6132=ORIENTED_EDGE('',*,*,#6135,.T.);
#6133=ORIENTED_EDGE('',*,*,#6136,.T.);
#6134=ORIENTED_EDGE('',*,*,#6137,.T.);
#6135=EDGE_CURVE('',#495,#497,#6138,.F.);
#6136=EDGE_CURVE('',#497,#467,#6139,.T.);
#6137=EDGE_CURVE('',#467,#495,#6140,.T.);
#6138=LINE('',#494,#6141);
#6139=LINE('',#496,#6142);
#6140=LINE('',#466,#6143);
#6141=VECTOR('',#6144,1.0);
#6142=VECTOR('',#6145,1.0);
#6143=VECTOR('',#6146,1.0);
#6144=DIRECTION('',(1,0,0));
#6145=DIRECTION('',(-0.9999747906367773,-0.007100569761200481,0));
#6146=DIRECTION('',(0.9743937138380541,0.22484859446499694,0));
#6147=FACE_SURFACE('',(#6152),#6148,.T.);
#6148=PLANE('',#6149);
#6149=AXIS2_PLACEMENT_3D('',#466,#6150,#6151);
#6150=DIRECTION('',(0,0,-1));
#6151=DIRECTION('',(0.9999747906367773,0.007100569761200481,0));
#6152=FACE_BOUND('',#6153,.T.);
#6153=EDGE_LOOP('',(#6154,#6155,#6156));
#6154=ORIENTED_EDGE('',*,*,#6157,.T.);
#6155=ORIENTED_EDGE('',*,*,#6158,.T.);
#6156=ORIENTED_EDGE('',*,*,#6159,.T.);
#6157=EDGE_CURVE('',#467,#497,#6160,.F.);
#6158=EDGE_CURVE('',#497,#499,#6161,.T.);
#6159=EDGE_CURVE('',#499,#467,#6162,.T.);
#6160=LINE('',#466,#6163);
#6161=LINE('',#496,#6164);
#6162=LINE('',#498,#6165);
#6163=VECTOR('',#6166,1.0);
#6164=VECTOR('',#6167,1.0);
#6165=VECTOR('',#6168,1.0);
#6166=DIRECTION('',(0.9999747906367773,0.007100569761200481,0));
#6167=DIRECTION('',(0.9743937138380541,-0.22484859446499694,0));
#6168=DIRECTION('',(-1,0,0));
#6169=FACE_SURFACE('',(#6174),#6170,.T.);
#6170=PLANE('',#6171);
#6171=AXIS2_PLACEMENT_3D('',#498,#6172,#6173);
#6172=DIRECTION('',(0,0,-1));
#6173=DIRECTION('',(-0.9743937138380541,0.22484859446499694,0));
#6174=FACE_BOUND('',#6175,.T.);
#6175=EDGE_LOOP('',(#6176,#6177,#6178));
#6176=ORIENTED_EDGE('',*,*,#6179,.T.);
#6177=ORIENTED_EDGE('',*,*,#6180,.T.);
#6178=ORIENTED_EDGE('',*,*,#6181,.T.);
#6179=EDGE_CURVE('',#499,#497,#6182,.F.);
#6180=EDGE_CURVE('',#497,#501,#6183,.T.);
#6181=EDGE_CURVE('',#501,#499,#6184,.T.);
#6182=LINE('',#498,#6185);
#6183=LINE('',#496,#6186);
#6184=LINE('',#500,#6187);
#6185=VECTOR('',#6188,1.0);
#6186=VECTOR('',#6189,1.0);
#6187=VECTOR('',#6190,1.0);
#6188=DIRECTION('',(-0.9743937138380541,0.22484859446499694,0));
#6189=DIRECTION('',(0.9914480606845127,-0.13050188874081017,0));
#6190=DIRECTION('',(0.9701425001453319,-0.24253562503633297,0));
#6191=FACE_SURFACE('',(#6196),#6192,.T.);
#6192=PLANE('',#6193);
#6193=AXIS2_PLACEMENT_3D('',#498,#6194,#6195);
#6194=DIRECTION('',(0,0,-1));
#6195=DIRECTION('',(-0.9701425001453319,0.24253562503633297,0));
#6196=FACE_BOUND('',#6197,.T.);
#6197=EDGE_LOOP('',(#6198,#6199,#6200));
#6198=ORIENTED_EDGE('',*,*,#6201,.T.);
#6199=ORIENTED_EDGE('',*,*,#6202,.T.);
#6200=ORIENTED_EDGE('',*,*,#6203,.T.);
#6201=EDGE_CURVE('',#499,#501,#6204,.F.);
#6202=EDGE_CURVE('',#501,#503,#6205,.T.);
#6203=EDGE_CURVE('',#503,#499,#6206,.T.);
#6204=LINE('',#498,#6207);
#6205=LINE('',#500,#6208);
#6206=LINE('',#502,#6209);
#6207=VECTOR('',#6210,1.0);
#6208=VECTOR('',#6211,1.0);
#6209=VECTOR('',#6212,1.0);
#6210=DIRECTION('',(-0.9701425001453319,0.24253562503633297,0));
#6211=DIRECTION('',(0.9914480606845127,0.13050188874081017,0));
#6212=DIRECTION('',(0.9462167480554607,-0.3235334073930367,0));
#6213=FACE_SURFACE('',(#6218),#6214,.T.);
#6214=PLANE('',#6215);
#6215=AXIS2_PLACEMENT_3D('',#470,#6216,#6217);
#6216=DIRECTION('',(0,-0,-1));
#6217=DIRECTION('',(0.3826804604958137,-0.9238807634942465,0));
#6218=FACE_BOUND('',#6219,.T.);
#6219=EDGE_LOOP('',(#6220,#6221,#6222));
#6220=ORIENTED_EDGE('',*,*,#6223,.T.);
#6221=ORIENTED_EDGE('',*,*,#6224,.T.);
#6222=ORIENTED_EDGE('',*,*,#6225,.T.);
#6223=EDGE_CURVE('',#471,#505,#6226,.F.);
#6224=EDGE_CURVE('',#505,#467,#6227,.T.);
#6225=EDGE_CURVE('',#467,#471,#6228,.T.);
#6226=LINE('',#470,#6229);
#6227=LINE('',#504,#6230);
#6228=LINE('',#466,#6231);
#6229=VECTOR('',#6232,1.0);
#6230=VECTOR('',#6233,1.0);
#6231=VECTOR('',#6234,1.0);
#6232=DIRECTION('',(0.3826804604958137,-0.9238807634942465,0));
#6233=DIRECTION('',(-0.48911432864483145,-0.8722196819117967,0));
#6234=DIRECTION('',(0.32353942257225643,0.9462146913051027,0));
#6235=FACE_SURFACE('',(#6240),#6236,.T.);
#6236=PLANE('',#6237);
#6237=AXIS2_PLACEMENT_3D('',#466,#6238,#6239);
#6238=DIRECTION('',(0,0,-1));
#6239=DIRECTION('',(0.48911432864483145,0.8722196819117967,0));
#6240=FACE_BOUND('',#6241,.T.);
#6241=EDGE_LOOP('',(#6242,#6243,#6244));
#6242=ORIENTED_EDGE('',*,*,#6245,.T.);
#6243=ORIENTED_EDGE('',*,*,#6246,.T.);
#6244=ORIENTED_EDGE('',*,*,#6247,.T.);
#6245=EDGE_CURVE('',#467,#505,#6248,.F.);
#6246=EDGE_CURVE('',#505,#507,#6249,.T.);
#6247=EDGE_CURVE('',#507,#467,#6250,.T.);
#6248=LINE('',#466,#6251);
#6249=LINE('',#504,#6252);
#6250=LINE('',#506,#6253);
#6251=VECTOR('',#6254,1.0);
#6252=VECTOR('',#6255,1.0);
#6253=VECTOR('',#6256,1.0);
#6254=DIRECTION('',(0.48911432864483145,0.8722196819117967,0));
#6255=DIRECTION('',(0.6087484920429461,-0.7933632670066336,0));
#6256=DIRECTION('',(-0.7071096527852877,-0.7071039095761457,0));
#6257=FACE_SURFACE('',(#6262),#6258,.T.);
#6258=PLANE('',#6259);
#6259=AXIS2_PLACEMENT_3D('',#466,#6260,#6261);
#6260=DIRECTION('',(0,0,-1));
#6261=DIRECTION('',(0.7071096527852877,0.7071039095761457,0));
#6262=FACE_BOUND('',#6263,.T.);
#6263=EDGE_LOOP('',(#6264,#6265,#6266));
#6264=ORIENTED_EDGE('',*,*,#6267,.T.);
#6265=ORIENTED_EDGE('',*,*,#6268,.T.);
#6266=ORIENTED_EDGE('',*,*,#6269,.T.);
#6267=EDGE_CURVE('',#467,#507,#6270,.F.);
#6268=EDGE_CURVE('',#507,#509,#6271,.T.);
#6269=EDGE_CURVE('',#509,#467,#6272,.T.);
#6270=LINE('',#466,#6273);
#6271=LINE('',#506,#6274);
#6272=LINE('',#508,#6275);
#6273=VECTOR('',#6276,1.0);
#6274=VECTOR('',#6277,1.0);
#6275=VECTOR('',#6278,1.0);
#6276=DIRECTION('',(0.7071096527852877,0.7071039095761457,0));
#6277=DIRECTION('',(0.7933607517316084,-0.608751770109835,0));
#6278=DIRECTION('',(-0.8722208174764925,-0.4891123036283583,0));
#6279=FACE_SURFACE('',(#6284),#6280,.T.);
#6280=PLANE('',#6281);
#6281=AXIS2_PLACEMENT_3D('',#508,#6282,#6283);
#6282=DIRECTION('',(0,-0,-1));
#6283=DIRECTION('',(0.9238738748920926,-0.38269709078051545,0));
#6284=FACE_BOUND('',#6285,.T.);
#6285=EDGE_LOOP('',(#6286,#6287,#6288));
#6286=ORIENTED_EDGE('',*,*,#6289,.T.);
#6287=ORIENTED_EDGE('',*,*,#6290,.T.);
#6288=ORIENTED_EDGE('',*,*,#6291,.T.);
#6289=EDGE_CURVE('',#509,#511,#6292,.F.);
#6290=EDGE_CURVE('',#511,#467,#6293,.T.);
#6291=EDGE_CURVE('',#467,#509,#6294,.T.);
#6292=LINE('',#508,#6295);
#6293=LINE('',#510,#6296);
#6294=LINE('',#466,#6297);
#6295=VECTOR('',#6298,1.0);
#6296=VECTOR('',#6299,1.0);
#6297=VECTOR('',#6300,1.0);
#6298=DIRECTION('',(0.9238738748920926,-0.38269709078051545,0));
#6299=DIRECTION('',(-0.9462167480554607,-0.3235334073930367,0));
#6300=DIRECTION('',(0.8722208174764925,0.4891123036283583,0));
#6301=FACE_SURFACE('',(#6306),#6302,.T.);
#6302=PLANE('',#6303);
#6303=AXIS2_PLACEMENT_3D('',#466,#6304,#6305);
#6304=DIRECTION('',(0,0,-1));
#6305=DIRECTION('',(0.9462167480554607,0.3235334073930367,0));
#6306=FACE_BOUND('',#6307,.T.);
#6307=EDGE_LOOP('',(#6308,#6309,#6310));
#6308=ORIENTED_EDGE('',*,*,#6311,.T.);
#6309=ORIENTED_EDGE('',*,*,#6312,.T.);
#6310=ORIENTED_EDGE('',*,*,#6313,.T.);
#6311=EDGE_CURVE('',#467,#511,#6314,.F.);
#6312=EDGE_CURVE('',#511,#513,#6315,.T.);
#6313=EDGE_CURVE('',#513,#467,#6316,.T.);
#6314=LINE('',#466,#6317);
#6315=LINE('',#510,#6318);
#6316=LINE('',#512,#6319);
#6317=VECTOR('',#6320,1.0);
#6318=VECTOR('',#6321,1.0);
#6319=VECTOR('',#6322,1.0);
#6320=DIRECTION('',(0.9462167480554607,0.3235334073930367,0));
#6321=DIRECTION('',(0.9914480606845127,-0.13050188874081017,0));
#6322=DIRECTION('',(-0.9701425001453319,-0.24253562503633297,0));
#6323=FACE_SURFACE('',(#6328),#6324,.T.);
#6324=PLANE('',#6325);
#6325=AXIS2_PLACEMENT_3D('',#466,#6326,#6327);
#6326=DIRECTION('',(0,0,-1));
#6327=DIRECTION('',(0.9701425001453319,0.24253562503633297,0));
#6328=FACE_BOUND('',#6329,.T.);
#6329=EDGE_LOOP('',(#6330,#6331,#6332));
#6330=ORIENTED_EDGE('',*,*,#6333,.T.);
#6331=ORIENTED_EDGE('',*,*,#6334,.T.);
#6332=ORIENTED_EDGE('',*,*,#6335,.T.);
#6333=EDGE_CURVE('',#467,#513,#6336,.F.);
#6334=EDGE_CURVE('',#513,#495,#6337,.T.);
#6335=EDGE_CURVE('',#495,#467,#6338,.T.);
#6336=LINE('',#466,#6339);
#6337=LINE('',#512,#6340);
#6338=LINE('',#494,#6341);
#6339=VECTOR('',#6342,1.0);
#6340=VECTOR('',#6343,1.0);
#6341=VECTOR('',#6344,1.0);
#6342=DIRECTION('',(0.9701425001453319,0.24253562503633297,0));
#6343=DIRECTION('',(0.9914480606845127,0.13050188874081017,0));
#6344=DIRECTION('',(-0.9743937138380541,-0.22484859446499694,0));
#6345=FACE_SURFACE('',(#6350),#6346,.T.);
#6346=PLANE('',#6347);
#6347=AXIS2_PLACEMENT_3D('',#514,#6348,#6349);
#6348=DIRECTION('',(-0,-0,-1));
#6349=DIRECTION('',(0,-1,0));
#6350=FACE_BOUND('',#6351,.T.);
#6351=EDGE_LOOP('',(#6352,#6353,#6354));
#6352=ORIENTED_EDGE('',*,*,#6355,.T.);
#6353=ORIENTED_EDGE('',*,*,#6356,.T.);
#6354=ORIENTED_EDGE('',*,*,#6357,.T.);
#6355=EDGE_CURVE('',#515,#517,#6358,.F.);
#6356=EDGE_CURVE('',#517,#519,#6359,.T.);
#6357=EDGE_CURVE('',#519,#515,#6360,.T.);
#6358=LINE('',#514,#6361);
#6359=LINE('',#516,#6362);
#6360=LINE('',#518,#6363);
#6361=VECTOR('',#6364,1.0);
#6362=VECTOR('',#6365,1.0);
#6363=VECTOR('',#6366,1.0);
#6364=DIRECTION('',(0,-1,0));
#6365=DIRECTION('',(-0.00114573114656342,0.9999993436498544,0));
#6366=DIRECTION('',(0.13053061640817715,-0.9914442789083516,0));
#6367=FACE_SURFACE('',(#6372),#6368,.T.);
#6368=PLANE('',#6369);
#6369=AXIS2_PLACEMENT_3D('',#518,#6370,#6371);
#6370=DIRECTION('',(0,0,-1));
#6371=DIRECTION('',(0.00114573114656342,-0.9999993436498544,0));
#6372=FACE_BOUND('',#6373,.T.);
#6373=EDGE_LOOP('',(#6374,#6375,#6376));
#6374=ORIENTED_EDGE('',*,*,#6377,.T.);
#6375=ORIENTED_EDGE('',*,*,#6378,.T.);
#6376=ORIENTED_EDGE('',*,*,#6379,.T.);
#6377=EDGE_CURVE('',#519,#517,#6380,.F.);
#6378=EDGE_CURVE('',#517,#521,#6381,.T.);
#6379=EDGE_CURVE('',#521,#519,#6382,.T.);
#6380=LINE('',#518,#6383);
#6381=LINE('',#516,#6384);
#6382=LINE('',#520,#6385);
#6383=VECTOR('',#6386,1.0);
#6384=VECTOR('',#6387,1.0);
#6385=VECTOR('',#6388,1.0);
#6386=DIRECTION('',(0.00114573114656342,-0.9999993436498544,0));
#6387=DIRECTION('',(-0.13053061640817715,-0.9914442789083516,0));
#6388=DIRECTION('',(0,1,0));
#6389=FACE_SURFACE('',(#6394),#6390,.T.);
#6390=PLANE('',#6391);
#6391=AXIS2_PLACEMENT_3D('',#518,#6392,#6393);
#6392=DIRECTION('',(-0,-0,-1));
#6393=DIRECTION('',(0,-1,0));
#6394=FACE_BOUND('',#6395,.T.);
#6395=EDGE_LOOP('',(#6396,#6397,#6398));
#6396=ORIENTED_EDGE('',*,*,#6399,.T.);
#6397=ORIENTED_EDGE('',*,*,#6400,.T.);
#6398=ORIENTED_EDGE('',*,*,#6401,.T.);
#6399=EDGE_CURVE('',#519,#521,#6402,.F.);
#6400=EDGE_CURVE('',#521,#523,#6403,.T.);
#6401=EDGE_CURVE('',#523,#519,#6404,.T.);
#6402=LINE('',#518,#6405);
#6403=LINE('',#520,#6406);
#6404=LINE('',#522,#6407);
#6405=VECTOR('',#6408,1.0);
#6406=VECTOR('',#6409,1.0);
#6407=VECTOR('',#6410,1.0);
#6408=DIRECTION('',(0,-1,0));
#6409=DIRECTION('',(-0.010094599458380846,0.9999490482328461,0));
#6410=DIRECTION('',(0.10973507118225533,-0.9939608715400348,0));
#6411=FACE_SURFACE('',(#6416),#6412,.T.);
#6412=PLANE('',#6413);
#6413=AXIS2_PLACEMENT_3D('',#522,#6414,#6415);
#6414=DIRECTION('',(0,0,-1));
#6415=DIRECTION('',(0.010094599458380846,-0.9999490482328461,0));
#6416=FACE_BOUND('',#6417,.T.);
#6417=EDGE_LOOP('',(#6418,#6419,#6420));
#6418=ORIENTED_EDGE('',*,*,#6421,.T.);
#6419=ORIENTED_EDGE('',*,*,#6422,.T.);
#6420=ORIENTED_EDGE('',*,*,#6423,.T.);
#6421=EDGE_CURVE('',#523,#521,#6424,.F.);
#6422=EDGE_CURVE('',#521,#467,#6425,.T.);
#6423=EDGE_CURVE('',#467,#523,#6426,.T.);
#6424=LINE('',#522,#6427);
#6425=LINE('',#520,#6428);
#6426=LINE('',#466,#6429);
#6427=VECTOR('',#6430,1.0);
#6428=VECTOR('',#6431,1.0);
#6429=VECTOR('',#6432,1.0);
#6430=DIRECTION('',(0.010094599458380846,-0.9999490482328461,0));
#6431=DIRECTION('',(-0.010637697663955678,-0.999943418093449,0));
#6432=DIRECTION('',(0,1,0));
#6433=FACE_SURFACE('',(#6438),#6434,.T.);
#6434=PLANE('',#6435);
#6435=AXIS2_PLACEMENT_3D('',#466,#6436,#6437);
#6436=DIRECTION('',(0,0,-1));
#6437=DIRECTION('',(0.010637697663955678,0.999943418093449,0));
#6438=FACE_BOUND('',#6439,.T.);
#6439=EDGE_LOOP('',(#6440,#6441,#6442));
#6440=ORIENTED_EDGE('',*,*,#6443,.T.);
#6441=ORIENTED_EDGE('',*,*,#6444,.T.);
#6442=ORIENTED_EDGE('',*,*,#6445,.T.);
#6443=EDGE_CURVE('',#467,#521,#6446,.F.);
#6444=EDGE_CURVE('',#521,#463,#6447,.T.);
#6445=EDGE_CURVE('',#463,#467,#6448,.T.);
#6446=LINE('',#466,#6449);
#6447=LINE('',#520,#6450);
#6448=LINE('',#462,#6451);
#6449=VECTOR('',#6452,1.0);
#6450=VECTOR('',#6453,1.0);
#6451=VECTOR('',#6454,1.0);
#6452=DIRECTION('',(0.010637697663955678,0.999943418093449,0));
#6453=DIRECTION('',(0.13053061640817715,-0.9914442789083516,0));
#6454=DIRECTION('',(-0.011822651105682402,-0.9999301100181119,0));
#6455=FACE_SURFACE('',(#6460),#6456,.T.);
#6456=PLANE('',#6457);
#6457=AXIS2_PLACEMENT_3D('',#516,#6458,#6459);
#6458=DIRECTION('',(0,0,-1));
#6459=DIRECTION('',(0,1,0));
#6460=FACE_BOUND('',#6461,.T.);
#6461=EDGE_LOOP('',(#6462,#6463,#6464));
#6462=ORIENTED_EDGE('',*,*,#6465,.T.);
#6463=ORIENTED_EDGE('',*,*,#6466,.T.);
#6464=ORIENTED_EDGE('',*,*,#6467,.T.);
#6465=EDGE_CURVE('',#517,#515,#6468,.F.);
#6466=EDGE_CURVE('',#515,#525,#6469,.T.);
#6467=EDGE_CURVE('',#525,#517,#6470,.T.);
#6468=LINE('',#516,#6471);
#6469=LINE('',#514,#6472);
#6470=LINE('',#524,#6473);
#6471=VECTOR('',#6474,1.0);
#6472=VECTOR('',#6475,1.0);
#6473=VECTOR('',#6476,1.0);
#6474=DIRECTION('',(0,1,0));
#6475=DIRECTION('',(0.0034163705966785926,-0.9999941641889447,0));
#6476=DIRECTION('',(-0.3826804604958137,-0.9238807634942465,0));
#6477=FACE_SURFACE('',(#6482),#6478,.T.);
#6478=PLANE('',#6479);
#6479=AXIS2_PLACEMENT_3D('',#524,#6480,#6481);
#6480=DIRECTION('',(0,0,-1));
#6481=DIRECTION('',(-0.0034163705966785926,0.9999941641889447,0));
#6482=FACE_BOUND('',#6483,.T.);
#6483=EDGE_LOOP('',(#6484,#6485,#6486));
#6484=ORIENTED_EDGE('',*,*,#6487,.T.);
#6485=ORIENTED_EDGE('',*,*,#6488,.T.);
#6486=ORIENTED_EDGE('',*,*,#6489,.T.);
#6487=EDGE_CURVE('',#525,#515,#6490,.F.);
#6488=EDGE_CURVE('',#515,#527,#6491,.T.);
#6489=EDGE_CURVE('',#527,#525,#6492,.T.);
#6490=LINE('',#524,#6493);
#6491=LINE('',#514,#6494);
#6492=LINE('',#526,#6495);
#6493=VECTOR('',#6496,1.0);
#6494=VECTOR('',#6497,1.0);
#6495=VECTOR('',#6498,1.0);
#6496=DIRECTION('',(-0.0034163705966785926,0.9999941641889447,0));
#6497=DIRECTION('',(0.3826804604958137,-0.9238807634942465,0));
#6498=DIRECTION('',(0,-1,0));
#6499=FACE_SURFACE('',(#6504),#6500,.T.);
#6500=PLANE('',#6501);
#6501=AXIS2_PLACEMENT_3D('',#524,#6502,#6503);
#6502=DIRECTION('',(0,0,-1));
#6503=DIRECTION('',(0,1,0));
#6504=FACE_BOUND('',#6505,.T.);
#6505=EDGE_LOOP('',(#6506,#6507,#6508));
#6506=ORIENTED_EDGE('',*,*,#6509,.T.);
#6507=ORIENTED_EDGE('',*,*,#6510,.T.);
#6508=ORIENTED_EDGE('',*,*,#6511,.T.);
#6509=EDGE_CURVE('',#525,#527,#6512,.F.);
#6510=EDGE_CURVE('',#527,#529,#6513,.T.);
#6511=EDGE_CURVE('',#529,#525,#6514,.T.);
#6512=LINE('',#524,#6515);
#6513=LINE('',#526,#6516);
#6514=LINE('',#528,#6517);
#6515=VECTOR('',#6518,1.0);
#6516=VECTOR('',#6519,1.0);
#6517=VECTOR('',#6520,1.0);
#6518=DIRECTION('',(0,1,0));
#6519=DIRECTION('',(0.005519255305389421,-0.9999847687944421,0));
#6520=DIRECTION('',(-0.6087579018137039,-0.7933560467907059,0));
#6521=FACE_SURFACE('',(#6526),#6522,.T.);
#6522=PLANE('',#6523);
#6523=AXIS2_PLACEMENT_3D('',#528,#6524,#6525);
#6524=DIRECTION('',(0,0,-1));
#6525=DIRECTION('',(-0.005519255305389421,0.9999847687944421,0));
#6526=FACE_BOUND('',#6527,.T.);
#6527=EDGE_LOOP('',(#6528,#6529,#6530));
#6528=ORIENTED_EDGE('',*,*,#6531,.T.);
#6529=ORIENTED_EDGE('',*,*,#6532,.T.);
#6530=ORIENTED_EDGE('',*,*,#6533,.T.);
#6531=EDGE_CURVE('',#529,#527,#6534,.F.);
#6532=EDGE_CURVE('',#527,#531,#6535,.T.);
#6533=EDGE_CURVE('',#531,#529,#6536,.T.);
#6534=LINE('',#528,#6537);
#6535=LINE('',#526,#6538);
#6536=LINE('',#530,#6539);
#6537=VECTOR('',#6540,1.0);
#6538=VECTOR('',#6541,1.0);
#6539=VECTOR('',#6542,1.0);
#6540=DIRECTION('',(-0.005519255305389421,0.9999847687944421,0));
#6541=DIRECTION('',(0.6087579018137039,-0.7933560467907059,0));
#6542=DIRECTION('',(0,-1,0));
#6543=FACE_SURFACE('',(#6548),#6544,.T.);
#6544=PLANE('',#6545);
#6545=AXIS2_PLACEMENT_3D('',#528,#6546,#6547);
#6546=DIRECTION('',(0,0,-1));
#6547=DIRECTION('',(0,1,0));
#6548=FACE_BOUND('',#6549,.T.);
#6549=EDGE_LOOP('',(#6550,#6551,#6552));
#6550=ORIENTED_EDGE('',*,*,#6553,.T.);
#6551=ORIENTED_EDGE('',*,*,#6554,.T.);
#6552=ORIENTED_EDGE('',*,*,#6555,.T.);
#6553=EDGE_CURVE('',#529,#531,#6556,.F.);
#6554=EDGE_CURVE('',#531,#533,#6557,.T.);
#6555=EDGE_CURVE('',#533,#529,#6558,.T.);
#6556=LINE('',#528,#6559);
#6557=LINE('',#530,#6560);
#6558=LINE('',#532,#6561);
#6559=VECTOR('',#6562,1.0);
#6560=VECTOR('',#6563,1.0);
#6561=VECTOR('',#6564,1.0);
#6562=DIRECTION('',(0,1,0));
#6563=DIRECTION('',(0.007285434050891342,-0.9999734608731824,0));
#6564=DIRECTION('',(-0.7933513418582181,-0.6087640334084832,0));
#6565=FACE_SURFACE('',(#6570),#6566,.T.);
#6566=PLANE('',#6567);
#6567=AXIS2_PLACEMENT_3D('',#532,#6568,#6569);
#6568=DIRECTION('',(0,0,-1));
#6569=DIRECTION('',(-0.007285434050891342,0.9999734608731824,0));
#6570=FACE_BOUND('',#6571,.T.);
#6571=EDGE_LOOP('',(#6572,#6573,#6574));
#6572=ORIENTED_EDGE('',*,*,#6575,.T.);
#6573=ORIENTED_EDGE('',*,*,#6576,.T.);
#6574=ORIENTED_EDGE('',*,*,#6577,.T.);
#6575=EDGE_CURVE('',#533,#531,#6578,.F.);
#6576=EDGE_CURVE('',#531,#535,#6579,.T.);
#6577=EDGE_CURVE('',#535,#533,#6580,.T.);
#6578=LINE('',#532,#6581);
#6579=LINE('',#530,#6582);
#6580=LINE('',#534,#6583);
#6581=VECTOR('',#6584,1.0);
#6582=VECTOR('',#6585,1.0);
#6583=VECTOR('',#6586,1.0);
#6584=DIRECTION('',(-0.007285434050891342,0.9999734608731824,0));
#6585=DIRECTION('',(0.7933560467907059,-0.6087579018137039,0));
#6586=DIRECTION('',(0,-1,0));
#6587=FACE_SURFACE('',(#6592),#6588,.T.);
#6588=PLANE('',#6589);
#6589=AXIS2_PLACEMENT_3D('',#532,#6590,#6591);
#6590=DIRECTION('',(0,0,-1));
#6591=DIRECTION('',(0,1,0));
#6592=FACE_BOUND('',#6593,.T.);
#6593=EDGE_LOOP('',(#6594,#6595,#6596));
#6594=ORIENTED_EDGE('',*,*,#6597,.T.);
#6595=ORIENTED_EDGE('',*,*,#6598,.T.);
#6596=ORIENTED_EDGE('',*,*,#6599,.T.);
#6597=EDGE_CURVE('',#533,#535,#6600,.F.);
#6598=EDGE_CURVE('',#535,#537,#6601,.T.);
#6599=EDGE_CURVE('',#537,#533,#6602,.T.);
#6600=LINE('',#532,#6603);
#6601=LINE('',#534,#6604);
#6602=LINE('',#536,#6605);
#6603=VECTOR('',#6606,1.0);
#6604=VECTOR('',#6607,1.0);
#6605=VECTOR('',#6608,1.0);
#6606=DIRECTION('',(0,1,0));
#6607=DIRECTION('',(0.008561884846431445,-0.9999633463921948,0));
#6608=DIRECTION('',(-0.9238807634942465,-0.3826804604958137,0));
#6609=FACE_SURFACE('',(#6614),#6610,.T.);
#6610=PLANE('',#6611);
#6611=AXIS2_PLACEMENT_3D('',#536,#6612,#6613);
#6612=DIRECTION('',(0,0,-1));
#6613=DIRECTION('',(-0.008561884846431445,0.9999633463921948,0));
#6614=FACE_BOUND('',#6615,.T.);
#6615=EDGE_LOOP('',(#6616,#6617,#6618));
#6616=ORIENTED_EDGE('',*,*,#6619,.T.);
#6617=ORIENTED_EDGE('',*,*,#6620,.T.);
#6618=ORIENTED_EDGE('',*,*,#6621,.T.);
#6619=EDGE_CURVE('',#537,#535,#6622,.F.);
#6620=EDGE_CURVE('',#535,#539,#6623,.T.);
#6621=EDGE_CURVE('',#539,#537,#6624,.T.);
#6622=LINE('',#536,#6625);
#6623=LINE('',#534,#6626);
#6624=LINE('',#538,#6627);
#6625=VECTOR('',#6628,1.0);
#6626=VECTOR('',#6629,1.0);
#6627=VECTOR('',#6630,1.0);
#6628=DIRECTION('',(-0.008561884846431445,0.9999633463921948,0));
#6629=DIRECTION('',(0.9238807634942465,-0.3826804604958137,0));
#6630=DIRECTION('',(0,-1,0));
#6631=FACE_SURFACE('',(#6636),#6632,.T.);
#6632=PLANE('',#6633);
#6633=AXIS2_PLACEMENT_3D('',#536,#6634,#6635);
#6634=DIRECTION('',(0,0,-1));
#6635=DIRECTION('',(0,1,0));
#6636=FACE_BOUND('',#6637,.T.);
#6637=EDGE_LOOP('',(#6638,#6639,#6640));
#6638=ORIENTED_EDGE('',*,*,#6641,.T.);
#6639=ORIENTED_EDGE('',*,*,#6642,.T.);
#6640=ORIENTED_EDGE('',*,*,#6643,.T.);
#6641=EDGE_CURVE('',#537,#539,#6644,.F.);
#6642=EDGE_CURVE('',#539,#541,#6645,.T.);
#6643=EDGE_CURVE('',#541,#537,#6646,.T.);
#6644=LINE('',#536,#6647);
#6645=LINE('',#538,#6648);
#6646=LINE('',#540,#6649);
#6647=VECTOR('',#6650,1.0);
#6648=VECTOR('',#6651,1.0);
#6649=VECTOR('',#6652,1.0);
#6650=DIRECTION('',(0,1,0));
#6651=DIRECTION('',(0.009231927451633556,-0.9999573848497383,0));
#6652=DIRECTION('',(-0.9914455395896884,-0.13052104055558156,0));
#6653=FACE_SURFACE('',(#6658),#6654,.T.);
#6654=PLANE('',#6655);
#6655=AXIS2_PLACEMENT_3D('',#540,#6656,#6657);
#6656=DIRECTION('',(0,0,-1));
#6657=DIRECTION('',(-0.009231927451633556,0.9999573848497383,0));
#6658=FACE_BOUND('',#6659,.T.);
#6659=EDGE_LOOP('',(#6660,#6661,#6662));
#6660=ORIENTED_EDGE('',*,*,#6663,.T.);
#6661=ORIENTED_EDGE('',*,*,#6664,.T.);
#6662=ORIENTED_EDGE('',*,*,#6665,.T.);
#6663=EDGE_CURVE('',#541,#539,#6666,.F.);
#6664=EDGE_CURVE('',#539,#543,#6667,.T.);
#6665=EDGE_CURVE('',#543,#541,#6668,.T.);
#6666=LINE('',#540,#6669);
#6667=LINE('',#538,#6670);
#6668=LINE('',#542,#6671);
#6669=VECTOR('',#6672,1.0);
#6670=VECTOR('',#6673,1.0);
#6671=VECTOR('',#6674,1.0);
#6672=DIRECTION('',(-0.009231927451633556,0.9999573848497383,0));
#6673=DIRECTION('',(0.9914442789083516,-0.13053061640817715,0));
#6674=DIRECTION('',(0,-1,0));
#6675=FACE_SURFACE('',(#6680),#6676,.T.);
#6676=PLANE('',#6677);
#6677=AXIS2_PLACEMENT_3D('',#540,#6678,#6679);
#6678=DIRECTION('',(0,0,-1));
#6679=DIRECTION('',(0,1,0));
#6680=FACE_BOUND('',#6681,.T.);
#6681=EDGE_LOOP('',(#6682,#6683,#6684));
#6682=ORIENTED_EDGE('',*,*,#6685,.T.);
#6683=ORIENTED_EDGE('',*,*,#6686,.T.);
#6684=ORIENTED_EDGE('',*,*,#6687,.T.);
#6685=EDGE_CURVE('',#541,#543,#6688,.F.);
#6686=EDGE_CURVE('',#543,#545,#6689,.T.);
#6687=EDGE_CURVE('',#545,#541,#6690,.T.);
#6688=LINE('',#540,#6691);
#6689=LINE('',#542,#6692);
#6690=LINE('',#544,#6693);
#6691=VECTOR('',#6694,1.0);
#6692=VECTOR('',#6695,1.0);
#6693=VECTOR('',#6696,1.0);
#6694=DIRECTION('',(0,1,0));
#6695=DIRECTION('',(0.9914442789083516,0.13053061640817715,0));
#6696=DIRECTION('',(-0.009231927451633556,-0.9999573848497383,0));
#6697=FACE_SURFACE('',(#6702),#6698,.T.);
#6698=PLANE('',#6699);
#6699=AXIS2_PLACEMENT_3D('',#546,#6700,#6701);
#6700=DIRECTION('',(0,-0,-1));
#6701=DIRECTION('',(0.9904724378502587,-0.13771111015079904,0));
#6702=FACE_BOUND('',#6703,.T.);
#6703=EDGE_LOOP('',(#6704,#6705,#6706));
#6704=ORIENTED_EDGE('',*,*,#6707,.T.);
#6705=ORIENTED_EDGE('',*,*,#6708,.T.);
#6706=ORIENTED_EDGE('',*,*,#6709,.T.);
#6707=EDGE_CURVE('',#547,#549,#6710,.F.);
#6708=EDGE_CURVE('',#549,#545,#6711,.T.);
#6709=EDGE_CURVE('',#545,#547,#6712,.T.);
#6710=LINE('',#546,#6713);
#6711=LINE('',#548,#6714);
#6712=LINE('',#544,#6715);
#6713=VECTOR('',#6716,1.0);
#6714=VECTOR('',#6717,1.0);
#6715=VECTOR('',#6718,1.0);
#6716=DIRECTION('',(0.9904724378502587,-0.13771111015079904,0));
#6717=DIRECTION('',(-0.9936028583390412,0.11293077481575718,0));
#6718=DIRECTION('',(0.9238807634942465,0.3826804604958137,0));
#6719=FACE_SURFACE('',(#6724),#6720,.T.);
#6720=PLANE('',#6721);
#6721=AXIS2_PLACEMENT_3D('',#544,#6722,#6723);
#6722=DIRECTION('',(0,0,-1));
#6723=DIRECTION('',(0.9936028583390412,-0.11293077481575718,0));
#6724=FACE_BOUND('',#6725,.T.);
#6725=EDGE_LOOP('',(#6726,#6727,#6728));
#6726=ORIENTED_EDGE('',*,*,#6729,.T.);
#6727=ORIENTED_EDGE('',*,*,#6730,.T.);
#6728=ORIENTED_EDGE('',*,*,#6731,.T.);
#6729=EDGE_CURVE('',#545,#549,#6732,.F.);
#6730=EDGE_CURVE('',#549,#551,#6733,.T.);
#6731=EDGE_CURVE('',#551,#545,#6734,.T.);
#6732=LINE('',#544,#6735);
#6733=LINE('',#548,#6736);
#6734=LINE('',#550,#6737);
#6735=VECTOR('',#6738,1.0);
#6736=VECTOR('',#6739,1.0);
#6737=VECTOR('',#6740,1.0);
#6738=DIRECTION('',(0.9936028583390412,-0.11293077481575718,0));
#6739=DIRECTION('',(-0.18798531866198873,-0.9821718383091375,0));
#6740=DIRECTION('',(0,1,0));
#6741=FACE_SURFACE('',(#6746),#6742,.T.);
#6742=PLANE('',#6743);
#6743=AXIS2_PLACEMENT_3D('',#544,#6744,#6745);
#6744=DIRECTION('',(0,-0,-1));
#6745=DIRECTION('',(0,-1,0));
#6746=FACE_BOUND('',#6747,.T.);
#6747=EDGE_LOOP('',(#6748,#6749,#6750));
#6748=ORIENTED_EDGE('',*,*,#6751,.T.);
#6749=ORIENTED_EDGE('',*,*,#6752,.T.);
#6750=ORIENTED_EDGE('',*,*,#6753,.T.);
#6751=EDGE_CURVE('',#545,#551,#6754,.F.);
#6752=EDGE_CURVE('',#551,#541,#6755,.T.);
#6753=EDGE_CURVE('',#541,#545,#6756,.T.);
#6754=LINE('',#544,#6757);
#6755=LINE('',#550,#6758);
#6756=LINE('',#540,#6759);
#6757=VECTOR('',#6760,1.0);
#6758=VECTOR('',#6761,1.0);
#6759=VECTOR('',#6762,1.0);
#6760=DIRECTION('',(0,-1,0));
#6761=DIRECTION('',(-0.9914455395896884,0.13052104055558156,0));
#6762=DIRECTION('',(0.009231927451633556,0.9999573848497383,0));
#6763=FACE_SURFACE('',(#6768),#6764,.T.);
#6764=PLANE('',#6765);
#6765=AXIS2_PLACEMENT_3D('',#548,#6766,#6767);
#6766=DIRECTION('',(0,0,-1));
#6767=DIRECTION('',(-0.9904724378502587,0.13771111015079904,0));
#6768=FACE_BOUND('',#6769,.T.);
#6769=EDGE_LOOP('',(#6770,#6771,#6772));
#6770=ORIENTED_EDGE('',*,*,#6773,.T.);
#6771=ORIENTED_EDGE('',*,*,#6774,.T.);
#6772=ORIENTED_EDGE('',*,*,#6775,.T.);
#6773=EDGE_CURVE('',#549,#547,#6776,.F.);
#6774=EDGE_CURVE('',#547,#553,#6777,.T.);
#6775=EDGE_CURVE('',#553,#549,#6778,.T.);
#6776=LINE('',#548,#6779);
#6777=LINE('',#546,#6780);
#6778=LINE('',#552,#6781);
#6779=VECTOR('',#6782,1.0);
#6780=VECTOR('',#6783,1.0);
#6781=VECTOR('',#6784,1.0);
#6782=DIRECTION('',(-0.9904724378502587,0.13771111015079904,0));
#6783=DIRECTION('',(0.9950871957002742,0.09900238862453972,0));
#6784=DIRECTION('',(0.8698343628380498,-0.49334387725614265,0));
#6785=FACE_SURFACE('',(#6790),#6786,.T.);
#6786=PLANE('',#6787);
#6787=AXIS2_PLACEMENT_3D('',#552,#6788,#6789);
#6788=DIRECTION('',(0,0,-1));
#6789=DIRECTION('',(-0.9950871957002742,-0.09900238862453972,0));
#6790=FACE_BOUND('',#6791,.T.);
#6791=EDGE_LOOP('',(#6792,#6793,#6794));
#6792=ORIENTED_EDGE('',*,*,#6795,.T.);
#6793=ORIENTED_EDGE('',*,*,#6796,.T.);
#6794=ORIENTED_EDGE('',*,*,#6797,.T.);
#6795=EDGE_CURVE('',#553,#547,#6798,.F.);
#6796=EDGE_CURVE('',#547,#555,#6799,.T.);
#6797=EDGE_CURVE('',#555,#553,#6800,.T.);
#6798=LINE('',#552,#6801);
#6799=LINE('',#546,#6802);
#6800=LINE('',#554,#6803);
#6801=VECTOR('',#6804,1.0);
#6802=VECTOR('',#6805,1.0);
#6803=VECTOR('',#6806,1.0);
#6804=DIRECTION('',(-0.9950871957002742,-0.09900238862453972,0));
#6805=DIRECTION('',(0.7933560467907059,0.6087579018137039,0));
#6806=DIRECTION('',(0.9985660583422297,0.05353342065348254,0));
#6807=FACE_SURFACE('',(#6812),#6808,.T.);
#6808=PLANE('',#6809);
#6809=AXIS2_PLACEMENT_3D('',#552,#6810,#6811);
#6810=DIRECTION('',(-0,0,-1));
#6811=DIRECTION('',(-0.9985660583422297,-0.05353342065348254,0));
#6812=FACE_BOUND('',#6813,.T.);
#6813=EDGE_LOOP('',(#6814,#6815,#6816));
#6814=ORIENTED_EDGE('',*,*,#6817,.T.);
#6815=ORIENTED_EDGE('',*,*,#6818,.T.);
#6816=ORIENTED_EDGE('',*,*,#6819,.T.);
#6817=EDGE_CURVE('',#553,#555,#6820,.F.);
#6818=EDGE_CURVE('',#555,#557,#6821,.T.);
#6819=EDGE_CURVE('',#557,#553,#6822,.T.);
#6820=LINE('',#552,#6823);
#6821=LINE('',#554,#6824);
#6822=LINE('',#556,#6825);
#6823=VECTOR('',#6826,1.0);
#6824=VECTOR('',#6827,1.0);
#6825=VECTOR('',#6828,1.0);
#6826=DIRECTION('',(-0.9985660583422297,-0.05353342065348254,0));
#6827=DIRECTION('',(0.6087579018137039,0.7933560467907059,0));
#6828=DIRECTION('',(0.9998731244072772,-0.01592906425468522,0));
#6829=FACE_SURFACE('',(#6834),#6830,.T.);
#6830=PLANE('',#6831);
#6831=AXIS2_PLACEMENT_3D('',#552,#6832,#6833);
#6832=DIRECTION('',(0,0,-1));
#6833=DIRECTION('',(-0.9998731244072772,0.01592906425468522,0));
#6834=FACE_BOUND('',#6835,.T.);
#6835=EDGE_LOOP('',(#6836,#6837,#6838));
#6836=ORIENTED_EDGE('',*,*,#6839,.T.);
#6837=ORIENTED_EDGE('',*,*,#6840,.T.);
#6838=ORIENTED_EDGE('',*,*,#6841,.T.);
#6839=EDGE_CURVE('',#553,#557,#6842,.F.);
#6840=EDGE_CURVE('',#557,#559,#6843,.T.);
#6841=EDGE_CURVE('',#559,#553,#6844,.T.);
#6842=LINE('',#552,#6845);
#6843=LINE('',#556,#6846);
#6844=LINE('',#558,#6847);
#6845=VECTOR('',#6848,1.0);
#6846=VECTOR('',#6849,1.0);
#6847=VECTOR('',#6850,1.0);
#6848=DIRECTION('',(-0.9998731244072772,0.01592906425468522,0));
#6849=DIRECTION('',(0.7242947594227895,0.6894904651064315,0));
#6850=DIRECTION('',(0.8445535202187991,-0.5354711490697088,0));
#6851=FACE_SURFACE('',(#6856),#6852,.T.);
#6852=PLANE('',#6853);
#6853=AXIS2_PLACEMENT_3D('',#558,#6854,#6855);
#6854=DIRECTION('',(0,0,-1));
#6855=DIRECTION('',(-0.7242947594227895,-0.6894904651064315,0));
#6856=FACE_BOUND('',#6857,.T.);
#6857=EDGE_LOOP('',(#6858,#6859,#6860));
#6858=ORIENTED_EDGE('',*,*,#6861,.T.);
#6859=ORIENTED_EDGE('',*,*,#6862,.T.);
#6860=ORIENTED_EDGE('',*,*,#6863,.T.);
#6861=EDGE_CURVE('',#559,#557,#6864,.F.);
#6862=EDGE_CURVE('',#557,#561,#6865,.T.);
#6863=EDGE_CURVE('',#561,#559,#6866,.T.);
#6864=LINE('',#558,#6867);
#6865=LINE('',#556,#6868);
#6866=LINE('',#560,#6869);
#6867=VECTOR('',#6870,1.0);
#6868=VECTOR('',#6871,1.0);
#6869=VECTOR('',#6872,1.0);
#6870=DIRECTION('',(-0.7242947594227895,-0.6894904651064315,0));
#6871=DIRECTION('',(0.3826887756846641,0.9238773192177482,0));
#6872=DIRECTION('',(0.7779201419469122,0.6283631535611361,0));
#6873=FACE_SURFACE('',(#6878),#6874,.T.);
#6874=PLANE('',#6875);
#6875=AXIS2_PLACEMENT_3D('',#558,#6876,#6877);
#6876=DIRECTION('',(0,0,-1));
#6877=DIRECTION('',(-0.7779201419469122,-0.6283631535611361,0));
#6878=FACE_BOUND('',#6879,.T.);
#6879=EDGE_LOOP('',(#6880,#6881,#6882));
#6880=ORIENTED_EDGE('',*,*,#6883,.T.);
#6881=ORIENTED_EDGE('',*,*,#6884,.T.);
#6882=ORIENTED_EDGE('',*,*,#6885,.T.);
#6883=EDGE_CURVE('',#559,#561,#6886,.F.);
#6884=EDGE_CURVE('',#561,#563,#6887,.T.);
#6885=EDGE_CURVE('',#563,#559,#6888,.T.);
#6886=LINE('',#558,#6889);
#6887=LINE('',#560,#6890);
#6888=LINE('',#562,#6891);
#6889=VECTOR('',#6892,1.0);
#6890=VECTOR('',#6893,1.0);
#6891=VECTOR('',#6894,1.0);
#6892=DIRECTION('',(-0.7779201419469122,-0.6283631535611361,0));
#6893=DIRECTION('',(0.13052104055558156,0.9914455395896884,0));
#6894=DIRECTION('',(0.8682241262111339,0.49617221472480005,0));
#6895=FACE_SURFACE('',(#6900),#6896,.T.);
#6896=PLANE('',#6897);
#6897=AXIS2_PLACEMENT_3D('',#562,#6898,#6899);
#6898=DIRECTION('',(0,0,-1));
#6899=DIRECTION('',(-0.13052104055558156,0.9914455395896884,0));
#6900=FACE_BOUND('',#6901,.T.);
#6901=EDGE_LOOP('',(#6902,#6903,#6904));
#6902=ORIENTED_EDGE('',*,*,#6905,.T.);
#6903=ORIENTED_EDGE('',*,*,#6906,.T.);
#6904=ORIENTED_EDGE('',*,*,#6907,.T.);
#6905=EDGE_CURVE('',#563,#565,#6908,.F.);
#6906=EDGE_CURVE('',#565,#559,#6909,.T.);
#6907=EDGE_CURVE('',#559,#563,#6910,.T.);
#6908=LINE('',#562,#6911);
#6909=LINE('',#564,#6912);
#6910=LINE('',#558,#6913);
#6911=VECTOR('',#6914,1.0);
#6912=VECTOR('',#6915,1.0);
#6913=VECTOR('',#6916,1.0);
#6914=DIRECTION('',(-0.13052104055558156,0.9914455395896884,0));
#6915=DIRECTION('',(0.9586747573212165,0.28450432277050974,0));
#6916=DIRECTION('',(-0.8682241262111339,-0.49617221472480005,0));
#6917=FACE_SURFACE('',(#6922),#6918,.T.);
#6918=PLANE('',#6919);
#6919=AXIS2_PLACEMENT_3D('',#558,#6920,#6921);
#6920=DIRECTION('',(0,0,-1));
#6921=DIRECTION('',(-0.9586747573212165,-0.28450432277050974,0));
#6922=FACE_BOUND('',#6923,.T.);
#6923=EDGE_LOOP('',(#6924,#6925,#6926));
#6924=ORIENTED_EDGE('',*,*,#6927,.T.);
#6925=ORIENTED_EDGE('',*,*,#6928,.T.);
#6926=ORIENTED_EDGE('',*,*,#6929,.T.);
#6927=EDGE_CURVE('',#559,#565,#6930,.F.);
#6928=EDGE_CURVE('',#565,#567,#6931,.T.);
#6929=EDGE_CURVE('',#567,#559,#6932,.T.);
#6930=LINE('',#558,#6933);
#6931=LINE('',#564,#6934);
#6932=LINE('',#566,#6935);
#6933=VECTOR('',#6936,1.0);
#6934=VECTOR('',#6937,1.0);
#6935=VECTOR('',#6938,1.0);
#6936=DIRECTION('',(-0.9586747573212165,-0.28450432277050974,0));
#6937=DIRECTION('',(-0.3826887756846641,0.9238773192177482,0));
#6938=DIRECTION('',(0.998576061543341,0.05334650234635616,0));
#6939=FACE_SURFACE('',(#6944),#6940,.T.);
#6940=PLANE('',#6941);
#6941=AXIS2_PLACEMENT_3D('',#558,#6942,#6943);
#6942=DIRECTION('',(-0,0,-1));
#6943=DIRECTION('',(-0.998576061543341,-0.05334650234635616,0));
#6944=FACE_BOUND('',#6945,.T.);
#6945=EDGE_LOOP('',(#6946,#6947,#6948));
#6946=ORIENTED_EDGE('',*,*,#6949,.T.);
#6947=ORIENTED_EDGE('',*,*,#6950,.T.);
#6948=ORIENTED_EDGE('',*,*,#6951,.T.);
#6949=EDGE_CURVE('',#559,#567,#6952,.F.);
#6950=EDGE_CURVE('',#567,#569,#6953,.T.);
#6951=EDGE_CURVE('',#569,#559,#6954,.T.);
#6952=LINE('',#558,#6955);
#6953=LINE('',#566,#6956);
#6954=LINE('',#568,#6957);
#6955=VECTOR('',#6958,1.0);
#6956=VECTOR('',#6959,1.0);
#6957=VECTOR('',#6960,1.0);
#6958=DIRECTION('',(-0.998576061543341,-0.05334650234635616,0));
#6959=DIRECTION('',(-0.6087579018137039,0.7933560467907059,0));
#6960=DIRECTION('',(0.9933287092502963,-0.11531728135513963,0));
#6961=FACE_SURFACE('',(#6966),#6962,.T.);
#6962=PLANE('',#6963);
#6963=AXIS2_PLACEMENT_3D('',#558,#6964,#6965);
#6964=DIRECTION('',(0,0,-1));
#6965=DIRECTION('',(-0.9933287092502963,0.11531728135513963,0));
#6966=FACE_BOUND('',#6967,.T.);
#6967=EDGE_LOOP('',(#6968,#6969,#6970));
#6968=ORIENTED_EDGE('',*,*,#6971,.T.);
#6969=ORIENTED_EDGE('',*,*,#6972,.T.);
#6970=ORIENTED_EDGE('',*,*,#6973,.T.);
#6971=EDGE_CURVE('',#559,#569,#6974,.F.);
#6972=EDGE_CURVE('',#569,#571,#6975,.T.);
#6973=EDGE_CURVE('',#571,#559,#6976,.T.);
#6974=LINE('',#558,#6977);
#6975=LINE('',#568,#6978);
#6976=LINE('',#570,#6979);
#6977=VECTOR('',#6980,1.0);
#6978=VECTOR('',#6981,1.0);
#6979=VECTOR('',#6982,1.0);
#6980=DIRECTION('',(-0.9933287092502963,0.11531728135513963,0));
#6981=DIRECTION('',(-0.36976845086900917,0.9291239383106719,0));
#6982=DIRECTION('',(0.8172340155784724,-0.5763059636872458,0));
#6983=FACE_SURFACE('',(#6988),#6984,.T.);
#6984=PLANE('',#6985);
#6985=AXIS2_PLACEMENT_3D('',#570,#6986,#6987);
#6986=DIRECTION('',(0,0,-1));
#6987=DIRECTION('',(0.36976845086900917,-0.9291239383106719,0));
#6988=FACE_BOUND('',#6989,.T.);
#6989=EDGE_LOOP('',(#6990,#6991,#6992));
#6990=ORIENTED_EDGE('',*,*,#6993,.T.);
#6991=ORIENTED_EDGE('',*,*,#6994,.T.);
#6992=ORIENTED_EDGE('',*,*,#6995,.T.);
#6993=EDGE_CURVE('',#571,#569,#6996,.F.);
#6994=EDGE_CURVE('',#569,#573,#6997,.T.);
#6995=EDGE_CURVE('',#573,#571,#6998,.T.);
#6996=LINE('',#570,#6999);
#6997=LINE('',#568,#7000);
#6998=LINE('',#572,#7001);
#6999=VECTOR('',#7002,1.0);
#7000=VECTOR('',#7003,1.0);
#7001=VECTOR('',#7004,1.0);
#7002=DIRECTION('',(0.36976845086900917,-0.9291239383106719,0));
#7003=DIRECTION('',(-0.7933560467907059,0.6087579018137039,0));
#7004=DIRECTION('',(-0.2287541649464588,0.9734842227892799,0));
#7005=FACE_SURFACE('',(#7010),#7006,.T.);
#7006=PLANE('',#7007);
#7007=AXIS2_PLACEMENT_3D('',#570,#7008,#7009);
#7008=DIRECTION('',(0,-0,-1));
#7009=DIRECTION('',(0.2287541649464588,-0.9734842227892799,0));
#7010=FACE_BOUND('',#7011,.T.);
#7011=EDGE_LOOP('',(#7012,#7013,#7014));
#7012=ORIENTED_EDGE('',*,*,#7015,.T.);
#7013=ORIENTED_EDGE('',*,*,#7016,.T.);
#7014=ORIENTED_EDGE('',*,*,#7017,.T.);
#7015=EDGE_CURVE('',#571,#573,#7018,.F.);
#7016=EDGE_CURVE('',#573,#575,#7019,.T.);
#7017=EDGE_CURVE('',#575,#571,#7020,.T.);
#7018=LINE('',#570,#7021);
#7019=LINE('',#572,#7022);
#7020=LINE('',#574,#7023);
#7021=VECTOR('',#7024,1.0);
#7022=VECTOR('',#7025,1.0);
#7023=VECTOR('',#7026,1.0);
#7024=DIRECTION('',(0.2287541649464588,-0.9734842227892799,0));
#7025=DIRECTION('',(-0.9238773192177482,0.3826887756846641,0));
#7026=DIRECTION('',(0.04310675555588108,0.9990704718013866,0));
#7027=FACE_SURFACE('',(#7032),#7028,.T.);
#7028=PLANE('',#7029);
#7029=AXIS2_PLACEMENT_3D('',#574,#7030,#7031);
#7030=DIRECTION('',(0,0,-1));
#7031=DIRECTION('',(-0.9914455395896884,0.13052104055558156,0));
#7032=FACE_BOUND('',#7033,.T.);
#7033=EDGE_LOOP('',(#7034,#7035,#7036));
#7034=ORIENTED_EDGE('',*,*,#7037,.T.);
#7035=ORIENTED_EDGE('',*,*,#7038,.T.);
#7036=ORIENTED_EDGE('',*,*,#7039,.T.);
#7037=EDGE_CURVE('',#575,#577,#7040,.F.);
#7038=EDGE_CURVE('',#577,#571,#7041,.T.);
#7039=EDGE_CURVE('',#571,#575,#7042,.T.);
#7040=LINE('',#574,#7043);
#7041=LINE('',#576,#7044);
#7042=LINE('',#570,#7045);
#7043=VECTOR('',#7046,1.0);
#7044=VECTOR('',#7047,1.0);
#7045=VECTOR('',#7048,1.0);
#7046=DIRECTION('',(-0.9914455395896884,0.13052104055558156,0));
#7047=DIRECTION('',(0.36400612857785547,0.9313965526872867,0));
#7048=DIRECTION('',(-0.04310675555588108,-0.9990704718013866,0));
#7049=FACE_SURFACE('',(#7054),#7050,.T.);
#7050=PLANE('',#7051);
#7051=AXIS2_PLACEMENT_3D('',#570,#7052,#7053);
#7052=DIRECTION('',(0,0,-1));
#7053=DIRECTION('',(-0.36400612857785547,-0.9313965526872867,0));
#7054=FACE_BOUND('',#7055,.T.);
#7055=EDGE_LOOP('',(#7056,#7057,#7058));
#7056=ORIENTED_EDGE('',*,*,#7059,.T.);
#7057=ORIENTED_EDGE('',*,*,#7060,.T.);
#7058=ORIENTED_EDGE('',*,*,#7061,.T.);
#7059=EDGE_CURVE('',#571,#577,#7062,.F.);
#7060=EDGE_CURVE('',#577,#579,#7063,.T.);
#7061=EDGE_CURVE('',#579,#571,#7064,.T.);
#7062=LINE('',#570,#7065);
#7063=LINE('',#576,#7066);
#7064=LINE('',#578,#7067);
#7065=VECTOR('',#7068,1.0);
#7066=VECTOR('',#7069,1.0);
#7067=VECTOR('',#7070,1.0);
#7068=DIRECTION('',(-0.36400612857785547,-0.9313965526872867,0));
#7069=DIRECTION('',(-0.9914455395896884,-0.13052104055558156,0));
#7070=DIRECTION('',(0.5759087526623025,0.8175139806798114,0));
#7071=FACE_SURFACE('',(#7076),#7072,.T.);
#7072=PLANE('',#7073);
#7073=AXIS2_PLACEMENT_3D('',#570,#7074,#7075);
#7074=DIRECTION('',(-0,0,-1));
#7075=DIRECTION('',(-0.5759087526623025,-0.8175139806798114,0));
#7076=FACE_BOUND('',#7077,.T.);
#7077=EDGE_LOOP('',(#7078,#7079,#7080));
#7078=ORIENTED_EDGE('',*,*,#7081,.T.);
#7079=ORIENTED_EDGE('',*,*,#7082,.T.);
#7080=ORIENTED_EDGE('',*,*,#7083,.T.);
#7081=EDGE_CURVE('',#571,#579,#7084,.F.);
#7082=EDGE_CURVE('',#579,#523,#7085,.T.);
#7083=EDGE_CURVE('',#523,#571,#7086,.T.);
#7084=LINE('',#570,#7087);
#7085=LINE('',#578,#7088);
#7086=LINE('',#522,#7089);
#7087=VECTOR('',#7090,1.0);
#7088=VECTOR('',#7091,1.0);
#7089=VECTOR('',#7092,1.0);
#7090=DIRECTION('',(-0.5759087526623025,-0.8175139806798114,0));
#7091=DIRECTION('',(-0.4636517352257543,0.8860175327961333,0));
#7092=DIRECTION('',(0.7879414821484307,-0.6157501284691171,0));
#7093=FACE_SURFACE('',(#7098),#7094,.T.);
#7094=PLANE('',#7095);
#7095=AXIS2_PLACEMENT_3D('',#522,#7096,#7097);
#7096=DIRECTION('',(0,0,-1));
#7097=DIRECTION('',(0.4636517352257543,-0.8860175327961333,0));
#7098=FACE_BOUND('',#7099,.T.);
#7099=EDGE_LOOP('',(#7100,#7101,#7102));
#7100=ORIENTED_EDGE('',*,*,#7103,.T.);
#7101=ORIENTED_EDGE('',*,*,#7104,.T.);
#7102=ORIENTED_EDGE('',*,*,#7105,.T.);
#7103=EDGE_CURVE('',#523,#579,#7106,.F.);
#7104=EDGE_CURVE('',#579,#581,#7107,.T.);
#7105=EDGE_CURVE('',#581,#523,#7108,.T.);
#7106=LINE('',#522,#7109);
#7107=LINE('',#578,#7110);
#7108=LINE('',#580,#7111);
#7109=VECTOR('',#7112,1.0);
#7110=VECTOR('',#7113,1.0);
#7111=VECTOR('',#7114,1.0);
#7112=DIRECTION('',(0.4636517352257543,-0.8860175327961333,0));
#7113=DIRECTION('',(-0.9238773192177482,-0.3826887756846641,0));
#7114=DIRECTION('',(-0.3609253786447994,0.9325946981674881,0));
#7115=FACE_SURFACE('',(#7120),#7116,.T.);
#7116=PLANE('',#7117);
#7117=AXIS2_PLACEMENT_3D('',#522,#7118,#7119);
#7118=DIRECTION('',(0,0,-1));
#7119=DIRECTION('',(0.3609253786447994,-0.9325946981674881,0));
#7120=FACE_BOUND('',#7121,.T.);
#7121=EDGE_LOOP('',(#7122,#7123,#7124));
#7122=ORIENTED_EDGE('',*,*,#7125,.T.);
#7123=ORIENTED_EDGE('',*,*,#7126,.T.);
#7124=ORIENTED_EDGE('',*,*,#7127,.T.);
#7125=EDGE_CURVE('',#523,#581,#7128,.F.);
#7126=EDGE_CURVE('',#581,#583,#7129,.T.);
#7127=EDGE_CURVE('',#583,#523,#7130,.T.);
#7128=LINE('',#522,#7131);
#7129=LINE('',#580,#7132);
#7130=LINE('',#582,#7133);
#7131=VECTOR('',#7134,1.0);
#7132=VECTOR('',#7135,1.0);
#7133=VECTOR('',#7136,1.0);
#7134=DIRECTION('',(0.3609253786447994,-0.9325946981674881,0));
#7135=DIRECTION('',(-0.7933560467907059,-0.6087579018137039,0));
#7136=DIRECTION('',(-0.2614208951220762,0.9652249041511374,0));
#7137=FACE_SURFACE('',(#7142),#7138,.T.);
#7138=PLANE('',#7139);
#7139=AXIS2_PLACEMENT_3D('',#582,#7140,#7141);
#7140=DIRECTION('',(-0,0,-1));
#7141=DIRECTION('',(-0.6087579018137039,-0.7933560467907059,0));
#7142=FACE_BOUND('',#7143,.T.);
#7143=EDGE_LOOP('',(#7144,#7145,#7146));
#7144=ORIENTED_EDGE('',*,*,#7147,.T.);
#7145=ORIENTED_EDGE('',*,*,#7148,.T.);
#7146=ORIENTED_EDGE('',*,*,#7149,.T.);
#7147=EDGE_CURVE('',#583,#585,#7150,.F.);
#7148=EDGE_CURVE('',#585,#523,#7151,.T.);
#7149=EDGE_CURVE('',#523,#583,#7152,.T.);
#7150=LINE('',#582,#7153);
#7151=LINE('',#584,#7154);
#7152=LINE('',#522,#7155);
#7153=VECTOR('',#7156,1.0);
#7154=VECTOR('',#7157,1.0);
#7155=VECTOR('',#7158,1.0);
#7156=DIRECTION('',(-0.6087579018137039,-0.7933560467907059,0));
#7157=DIRECTION('',(-0.182381974698432,0.9832277535266691,0));
#7158=DIRECTION('',(0.2614208951220762,-0.9652249041511374,0));
#7159=FACE_SURFACE('',(#7164),#7160,.T.);
#7160=PLANE('',#7161);
#7161=AXIS2_PLACEMENT_3D('',#522,#7162,#7163);
#7162=DIRECTION('',(0,0,-1));
#7163=DIRECTION('',(0.182381974698432,-0.9832277535266691,0));
#7164=FACE_BOUND('',#7165,.T.);
#7165=EDGE_LOOP('',(#7166,#7167,#7168));
#7166=ORIENTED_EDGE('',*,*,#7169,.T.);
#7167=ORIENTED_EDGE('',*,*,#7170,.T.);
#7168=ORIENTED_EDGE('',*,*,#7171,.T.);
#7169=EDGE_CURVE('',#523,#585,#7172,.F.);
#7170=EDGE_CURVE('',#585,#587,#7173,.T.);
#7171=EDGE_CURVE('',#587,#523,#7174,.T.);
#7172=LINE('',#522,#7175);
#7173=LINE('',#584,#7176);
#7174=LINE('',#586,#7177);
#7175=VECTOR('',#7178,1.0);
#7176=VECTOR('',#7179,1.0);
#7177=VECTOR('',#7180,1.0);
#7178=DIRECTION('',(0.182381974698432,-0.9832277535266691,0));
#7179=DIRECTION('',(-0.3826804604958137,-0.9238807634942465,0));
#7180=DIRECTION('',(-0.13193371684903707,0.9912585406231808,0));
#7181=FACE_SURFACE('',(#7186),#7182,.T.);
#7182=PLANE('',#7183);
#7183=AXIS2_PLACEMENT_3D('',#522,#7184,#7185);
#7184=DIRECTION('',(0,0,-1));
#7185=DIRECTION('',(0.13193371684903707,-0.9912585406231808,0));
#7186=FACE_BOUND('',#7187,.T.);
#7187=EDGE_LOOP('',(#7188,#7189,#7190));
#7188=ORIENTED_EDGE('',*,*,#7191,.T.);
#7189=ORIENTED_EDGE('',*,*,#7192,.T.);
#7190=ORIENTED_EDGE('',*,*,#7193,.T.);
#7191=EDGE_CURVE('',#523,#587,#7194,.F.);
#7192=EDGE_CURVE('',#587,#519,#7195,.T.);
#7193=EDGE_CURVE('',#519,#523,#7196,.T.);
#7194=LINE('',#522,#7197);
#7195=LINE('',#586,#7198);
#7196=LINE('',#518,#7199);
#7197=VECTOR('',#7200,1.0);
#7198=VECTOR('',#7201,1.0);
#7199=VECTOR('',#7202,1.0);
#7200=DIRECTION('',(0.13193371684903707,-0.9912585406231808,0));
#7201=DIRECTION('',(-0.13053061640817715,-0.9914442789083516,0));
#7202=DIRECTION('',(-0.10973507118225533,0.9939608715400348,0));
#7203=FACE_SURFACE('',(#7208),#7204,.T.);
#7204=PLANE('',#7205);
#7205=AXIS2_PLACEMENT_3D('',#428,#7206,#7207);
#7206=DIRECTION('',(0,0,-1));
#7207=DIRECTION('',(0.3826887756846641,0.9238773192177482,0));
#7208=FACE_BOUND('',#7209,.T.);
#7209=EDGE_LOOP('',(#7210,#7211,#7212));
#7210=ORIENTED_EDGE('',*,*,#7213,.T.);
#7211=ORIENTED_EDGE('',*,*,#7214,.T.);
#7212=ORIENTED_EDGE('',*,*,#7215,.T.);
#7213=EDGE_CURVE('',#429,#589,#7216,.F.);
#7214=EDGE_CURVE('',#589,#55,#7217,.T.);
#7215=EDGE_CURVE('',#55,#429,#7218,.T.);
#7216=LINE('',#428,#7219);
#7217=LINE('',#588,#7220);
#7218=LINE('',#54,#7221);
#7219=VECTOR('',#7222,1.0);
#7220=VECTOR('',#7223,1.0);
#7221=VECTOR('',#7224,1.0);
#7222=DIRECTION('',(0.3826887756846641,0.9238773192177482,0));
#7223=DIRECTION('',(0.7558806628353861,0.654709419171236,0));
#7224=DIRECTION('',(-0.752892506483552,-0.6581435053853487,0));
#7225=FACE_SURFACE('',(#7230),#7226,.T.);
#7226=PLANE('',#7227);
#7227=AXIS2_PLACEMENT_3D('',#54,#7228,#7229);
#7228=DIRECTION('',(0,0,-1));
#7229=DIRECTION('',(-0.7558806628353861,-0.654709419171236,0));
#7230=FACE_BOUND('',#7231,.T.);
#7231=EDGE_LOOP('',(#7232,#7233,#7234));
#7232=ORIENTED_EDGE('',*,*,#7235,.T.);
#7233=ORIENTED_EDGE('',*,*,#7236,.T.);
#7234=ORIENTED_EDGE('',*,*,#7237,.T.);
#7235=EDGE_CURVE('',#55,#589,#7238,.F.);
#7236=EDGE_CURVE('',#589,#591,#7239,.T.);
#7237=EDGE_CURVE('',#591,#55,#7240,.T.);
#7238=LINE('',#54,#7241);
#7239=LINE('',#588,#7242);
#7240=LINE('',#590,#7243);
#7241=VECTOR('',#7244,1.0);
#7242=VECTOR('',#7245,1.0);
#7243=VECTOR('',#7246,1.0);
#7244=DIRECTION('',(-0.7558806628353861,-0.654709419171236,0));
#7245=DIRECTION('',(0.13052104055558156,0.9914455395896884,0));
#7246=DIRECTION('',(0.760356883454355,0.649505511742264,0));
#7247=FACE_SURFACE('',(#7252),#7248,.T.);
#7248=PLANE('',#7249);
#7249=AXIS2_PLACEMENT_3D('',#54,#7250,#7251);
#7250=DIRECTION('',(0,0,-1));
#7251=DIRECTION('',(-0.760356883454355,-0.649505511742264,0));
#7252=FACE_BOUND('',#7253,.T.);
#7253=EDGE_LOOP('',(#7254,#7255,#7256));
#7254=ORIENTED_EDGE('',*,*,#7257,.T.);
#7255=ORIENTED_EDGE('',*,*,#7258,.T.);
#7256=ORIENTED_EDGE('',*,*,#7259,.T.);
#7257=EDGE_CURVE('',#55,#591,#7260,.F.);
#7258=EDGE_CURVE('',#591,#593,#7261,.T.);
#7259=EDGE_CURVE('',#593,#55,#7262,.T.);
#7260=LINE('',#54,#7263);
#7261=LINE('',#590,#7264);
#7262=LINE('',#592,#7265);
#7263=VECTOR('',#7266,1.0);
#7264=VECTOR('',#7267,1.0);
#7265=VECTOR('',#7268,1.0);
#7266=DIRECTION('',(-0.760356883454355,-0.649505511742264,0));
#7267=DIRECTION('',(-0.13052104055558156,0.9914455395896884,0));
#7268=DIRECTION('',(0.7659907941437445,0.6428515406274109,0));
#7269=FACE_SURFACE('',(#7274),#7270,.T.);
#7270=PLANE('',#7271);
#7271=AXIS2_PLACEMENT_3D('',#592,#7272,#7273);
#7272=DIRECTION('',(0,0,-1));
#7273=DIRECTION('',(-0.3826887756846641,0.9238773192177482,0));
#7274=FACE_BOUND('',#7275,.T.);
#7275=EDGE_LOOP('',(#7276,#7277,#7278));
#7276=ORIENTED_EDGE('',*,*,#7279,.T.);
#7277=ORIENTED_EDGE('',*,*,#7280,.T.);
#7278=ORIENTED_EDGE('',*,*,#7281,.T.);
#7279=EDGE_CURVE('',#593,#595,#7282,.F.);
#7280=EDGE_CURVE('',#595,#55,#7283,.T.);
#7281=EDGE_CURVE('',#55,#593,#7284,.T.);
#7282=LINE('',#592,#7285);
#7283=LINE('',#594,#7286);
#7284=LINE('',#54,#7287);
#7285=VECTOR('',#7288,1.0);
#7286=VECTOR('',#7289,1.0);
#7287=VECTOR('',#7290,1.0);
#7288=DIRECTION('',(-0.3826887756846641,0.9238773192177482,0));
#7289=DIRECTION('',(0.7723464041112857,0.6352015680525094,0));
#7290=DIRECTION('',(-0.7659907941437445,-0.6428515406274109,0));
#7291=FACE_SURFACE('',(#7296),#7292,.T.);
#7292=PLANE('',#7293);
#7293=AXIS2_PLACEMENT_3D('',#54,#7294,#7295);
#7294=DIRECTION('',(0,0,-1));
#7295=DIRECTION('',(-0.7723464041112857,-0.6352015680525094,0));
#7296=FACE_BOUND('',#7297,.T.);
#7297=EDGE_LOOP('',(#7298,#7299,#7300));
#7298=ORIENTED_EDGE('',*,*,#7301,.T.);
#7299=ORIENTED_EDGE('',*,*,#7302,.T.);
#7300=ORIENTED_EDGE('',*,*,#7303,.T.);
#7301=EDGE_CURVE('',#55,#595,#7304,.F.);
#7302=EDGE_CURVE('',#595,#597,#7305,.T.);
#7303=EDGE_CURVE('',#597,#55,#7306,.T.);
#7304=LINE('',#54,#7307);
#7305=LINE('',#594,#7308);
#7306=LINE('',#596,#7309);
#7307=VECTOR('',#7310,1.0);
#7308=VECTOR('',#7311,1.0);
#7309=VECTOR('',#7312,1.0);
#7310=DIRECTION('',(-0.7723464041112857,-0.6352015680525094,0));
#7311=DIRECTION('',(-0.6087579018137039,0.7933560467907059,0));
#7312=DIRECTION('',(0.7789267756731664,0.6271148843229641,0));
#7313=FACE_SURFACE('',(#7318),#7314,.T.);
#7314=PLANE('',#7315);
#7315=AXIS2_PLACEMENT_3D('',#54,#7316,#7317);
#7316=DIRECTION('',(-0,0,-1));
#7317=DIRECTION('',(-0.7789267756731664,-0.6271148843229641,0));
#7318=FACE_BOUND('',#7319,.T.);
#7319=EDGE_LOOP('',(#7320,#7321,#7322));
#7320=ORIENTED_EDGE('',*,*,#7323,.T.);
#7321=ORIENTED_EDGE('',*,*,#7324,.T.);
#7322=ORIENTED_EDGE('',*,*,#7325,.T.);
#7323=EDGE_CURVE('',#55,#597,#7326,.F.);
#7324=EDGE_CURVE('',#597,#599,#7327,.T.);
#7325=EDGE_CURVE('',#599,#55,#7328,.T.);
#7326=LINE('',#54,#7329);
#7327=LINE('',#596,#7330);
#7328=LINE('',#598,#7331);
#7329=VECTOR('',#7332,1.0);
#7330=VECTOR('',#7333,1.0);
#7331=VECTOR('',#7334,1.0);
#7332=DIRECTION('',(-0.7789267756731664,-0.6271148843229641,0));
#7333=DIRECTION('',(0.3832063550008692,0.9236627574428602,0));
#7334=DIRECTION('',(0.6879168880148959,-0.7257894702900429,0));
#7335=FACE_SURFACE('',(#7340),#7336,.T.);
#7336=PLANE('',#7337);
#7337=AXIS2_PLACEMENT_3D('',#598,#7338,#7339);
#7338=DIRECTION('',(0,0,-1));
#7339=DIRECTION('',(-0.3832063550008692,-0.9236627574428602,0));
#7340=FACE_BOUND('',#7341,.T.);
#7341=EDGE_LOOP('',(#7342,#7343,#7344));
#7342=ORIENTED_EDGE('',*,*,#7345,.T.);
#7343=ORIENTED_EDGE('',*,*,#7346,.T.);
#7344=ORIENTED_EDGE('',*,*,#7347,.T.);
#7345=EDGE_CURVE('',#599,#597,#7348,.F.);
#7346=EDGE_CURVE('',#597,#601,#7349,.T.);
#7347=EDGE_CURVE('',#601,#599,#7350,.T.);
#7348=LINE('',#598,#7351);
#7349=LINE('',#596,#7352);
#7350=LINE('',#600,#7353);
#7351=VECTOR('',#7354,1.0);
#7352=VECTOR('',#7355,1.0);
#7353=VECTOR('',#7356,1.0);
#7354=DIRECTION('',(-0.3832063550008692,-0.9236627574428602,0));
#7355=DIRECTION('',(-0.7933513418582181,0.6087640334084832,0));
#7356=DIRECTION('',(0.3917419677277919,0.9200751223246706,0));
#7357=FACE_SURFACE('',(#7362),#7358,.T.);
#7358=PLANE('',#7359);
#7359=AXIS2_PLACEMENT_3D('',#598,#7360,#7361);
#7360=DIRECTION('',(-0,0,-1));
#7361=DIRECTION('',(-0.3917419677277919,-0.9200751223246706,0));
#7362=FACE_BOUND('',#7363,.T.);
#7363=EDGE_LOOP('',(#7364,#7365,#7366));
#7364=ORIENTED_EDGE('',*,*,#7367,.T.);
#7365=ORIENTED_EDGE('',*,*,#7368,.T.);
#7366=ORIENTED_EDGE('',*,*,#7369,.T.);
#7367=EDGE_CURVE('',#599,#601,#7370,.F.);
#7368=EDGE_CURVE('',#601,#603,#7371,.T.);
#7369=EDGE_CURVE('',#603,#599,#7372,.T.);
#7370=LINE('',#598,#7373);
#7371=LINE('',#600,#7374);
#7372=LINE('',#602,#7375);
#7373=VECTOR('',#7376,1.0);
#7374=VECTOR('',#7377,1.0);
#7375=VECTOR('',#7378,1.0);
#7376=DIRECTION('',(-0.3917419677277919,-0.9200751223246706,0));
#7377=DIRECTION('',(0.32097676094936484,0.9470870704061238,0));
#7378=DIRECTION('',(0.9328608706234004,-0.36023686105082475,0));
#7379=FACE_SURFACE('',(#7384),#7380,.T.);
#7380=PLANE('',#7381);
#7381=AXIS2_PLACEMENT_3D('',#602,#7382,#7383);
#7382=DIRECTION('',(-0,0,-1));
#7383=DIRECTION('',(-0.32097676094936484,-0.9470870704061238,0));
#7384=FACE_BOUND('',#7385,.T.);
#7385=EDGE_LOOP('',(#7386,#7387,#7388));
#7386=ORIENTED_EDGE('',*,*,#7389,.T.);
#7387=ORIENTED_EDGE('',*,*,#7390,.T.);
#7388=ORIENTED_EDGE('',*,*,#7391,.T.);
#7389=EDGE_CURVE('',#603,#601,#7392,.F.);
#7390=EDGE_CURVE('',#601,#605,#7393,.T.);
#7391=EDGE_CURVE('',#605,#603,#7394,.T.);
#7392=LINE('',#602,#7395);
#7393=LINE('',#600,#7396);
#7394=LINE('',#604,#7397);
#7395=VECTOR('',#7398,1.0);
#7396=VECTOR('',#7399,1.0);
#7397=VECTOR('',#7400,1.0);
#7398=DIRECTION('',(-0.32097676094936484,-0.9470870704061238,0));
#7399=DIRECTION('',(0.24933455553656564,0.9684174097027497,0));
#7400=DIRECTION('',(0.9140419292871105,-0.4056197129148151,0));
#7401=FACE_SURFACE('',(#7406),#7402,.T.);
#7402=PLANE('',#7403);
#7403=AXIS2_PLACEMENT_3D('',#604,#7404,#7405);
#7404=DIRECTION('',(0,0,-1));
#7405=DIRECTION('',(-0.24933455553656564,-0.9684174097027497,0));
#7406=FACE_BOUND('',#7407,.T.);
#7407=EDGE_LOOP('',(#7408,#7409,#7410));
#7408=ORIENTED_EDGE('',*,*,#7411,.T.);
#7409=ORIENTED_EDGE('',*,*,#7412,.T.);
#7410=ORIENTED_EDGE('',*,*,#7413,.T.);
#7411=EDGE_CURVE('',#605,#601,#7414,.F.);
#7412=EDGE_CURVE('',#601,#551,#7415,.T.);
#7413=EDGE_CURVE('',#551,#605,#7416,.T.);
#7414=LINE('',#604,#7417);
#7415=LINE('',#600,#7418);
#7416=LINE('',#550,#7419);
#7417=VECTOR('',#7420,1.0);
#7418=VECTOR('',#7421,1.0);
#7419=VECTOR('',#7422,1.0);
#7420=DIRECTION('',(-0.24933455553656564,-0.9684174097027497,0));
#7421=DIRECTION('',(-0.9238807634942465,0.3826804604958137,0));
#7422=DIRECTION('',(0.25843383313755286,0.9660289612065632,0));
#7423=FACE_SURFACE('',(#7428),#7424,.T.);
#7424=PLANE('',#7425);
#7425=AXIS2_PLACEMENT_3D('',#604,#7426,#7427);
#7426=DIRECTION('',(-0,0,-1));
#7427=DIRECTION('',(-0.25843383313755286,-0.9660289612065632,0));
#7428=FACE_BOUND('',#7429,.T.);
#7429=EDGE_LOOP('',(#7430,#7431,#7432));
#7430=ORIENTED_EDGE('',*,*,#7433,.T.);
#7431=ORIENTED_EDGE('',*,*,#7434,.T.);
#7432=ORIENTED_EDGE('',*,*,#7435,.T.);
#7433=EDGE_CURVE('',#605,#551,#7436,.F.);
#7434=EDGE_CURVE('',#551,#549,#7437,.T.);
#7435=EDGE_CURVE('',#549,#605,#7438,.T.);
#7436=LINE('',#604,#7439);
#7437=LINE('',#550,#7440);
#7438=LINE('',#548,#7441);
#7439=VECTOR('',#7442,1.0);
#7440=VECTOR('',#7443,1.0);
#7441=VECTOR('',#7444,1.0);
#7442=DIRECTION('',(-0.25843383313755286,-0.9660289612065632,0));
#7443=DIRECTION('',(0.18798531866198873,0.9821718383091375,0));
#7444=DIRECTION('',(0.8930161939029693,-0.4500245298059365,0));
#7445=FACE_SURFACE('',(#7450),#7446,.T.);
#7446=PLANE('',#7447);
#7447=AXIS2_PLACEMENT_3D('',#502,#7448,#7449);
#7448=DIRECTION('',(0,0,-1));
#7449=DIRECTION('',(0.9238738748920926,0.38269709078051545,0));
#7450=FACE_BOUND('',#7451,.T.);
#7451=EDGE_LOOP('',(#7452,#7453,#7454));
#7452=ORIENTED_EDGE('',*,*,#7455,.T.);
#7453=ORIENTED_EDGE('',*,*,#7456,.T.);
#7454=ORIENTED_EDGE('',*,*,#7457,.T.);
#7455=EDGE_CURVE('',#503,#607,#7458,.F.);
#7456=EDGE_CURVE('',#607,#499,#7459,.T.);
#7457=EDGE_CURVE('',#499,#503,#7460,.T.);
#7458=LINE('',#502,#7461);
#7459=LINE('',#606,#7462);
#7460=LINE('',#498,#7463);
#7461=VECTOR('',#7464,1.0);
#7462=VECTOR('',#7465,1.0);
#7463=VECTOR('',#7466,1.0);
#7464=DIRECTION('',(0.9238738748920926,0.38269709078051545,0));
#7465=DIRECTION('',(0.8722208174764925,-0.4891123036283583,0));
#7466=DIRECTION('',(-0.9462167480554607,0.3235334073930367,0));
#7467=FACE_SURFACE('',(#7472),#7468,.T.);
#7468=PLANE('',#7469);
#7469=AXIS2_PLACEMENT_3D('',#498,#7470,#7471);
#7470=DIRECTION('',(0,0,-1));
#7471=DIRECTION('',(-0.8722208174764925,0.4891123036283583,0));
#7472=FACE_BOUND('',#7473,.T.);
#7473=EDGE_LOOP('',(#7474,#7475,#7476));
#7474=ORIENTED_EDGE('',*,*,#7477,.T.);
#7475=ORIENTED_EDGE('',*,*,#7478,.T.);
#7476=ORIENTED_EDGE('',*,*,#7479,.T.);
#7477=EDGE_CURVE('',#499,#607,#7480,.F.);
#7478=EDGE_CURVE('',#607,#609,#7481,.T.);
#7479=EDGE_CURVE('',#609,#499,#7482,.T.);
#7480=LINE('',#498,#7483);
#7481=LINE('',#606,#7484);
#7482=LINE('',#608,#7485);
#7483=VECTOR('',#7486,1.0);
#7484=VECTOR('',#7487,1.0);
#7485=VECTOR('',#7488,1.0);
#7486=DIRECTION('',(-0.8722208174764925,0.4891123036283583,0));
#7487=DIRECTION('',(0.7933607517316084,0.608751770109835,0));
#7488=DIRECTION('',(0.7071096527852877,-0.7071039095761457,0));
#7489=FACE_SURFACE('',(#7494),#7490,.T.);
#7490=PLANE('',#7491);
#7491=AXIS2_PLACEMENT_3D('',#498,#7492,#7493);
#7492=DIRECTION('',(0,0,-1));
#7493=DIRECTION('',(-0.7071096527852877,0.7071039095761457,0));
#7494=FACE_BOUND('',#7495,.T.);
#7495=EDGE_LOOP('',(#7496,#7497,#7498));
#7496=ORIENTED_EDGE('',*,*,#7499,.T.);
#7497=ORIENTED_EDGE('',*,*,#7500,.T.);
#7498=ORIENTED_EDGE('',*,*,#7501,.T.);
#7499=EDGE_CURVE('',#499,#609,#7502,.F.);
#7500=EDGE_CURVE('',#609,#611,#7503,.T.);
#7501=EDGE_CURVE('',#611,#499,#7504,.T.);
#7502=LINE('',#498,#7505);
#7503=LINE('',#608,#7506);
#7504=LINE('',#610,#7507);
#7505=VECTOR('',#7508,1.0);
#7506=VECTOR('',#7509,1.0);
#7507=VECTOR('',#7510,1.0);
#7508=DIRECTION('',(-0.7071096527852877,0.7071039095761457,0));
#7509=DIRECTION('',(0.6087484920429461,0.7933632670066336,0));
#7510=DIRECTION('',(0.48911432864483145,-0.8722196819117967,0));
#7511=FACE_SURFACE('',(#7516),#7512,.T.);
#7512=PLANE('',#7513);
#7513=AXIS2_PLACEMENT_3D('',#610,#7514,#7515);
#7514=DIRECTION('',(0,0,-1));
#7515=DIRECTION('',(0.3826887756846641,0.9238773192177482,0));
#7516=FACE_BOUND('',#7517,.T.);
#7517=EDGE_LOOP('',(#7518,#7519,#7520));
#7518=ORIENTED_EDGE('',*,*,#7521,.T.);
#7519=ORIENTED_EDGE('',*,*,#7522,.T.);
#7520=ORIENTED_EDGE('',*,*,#7523,.T.);
#7521=EDGE_CURVE('',#611,#613,#7524,.F.);
#7522=EDGE_CURVE('',#613,#499,#7525,.T.);
#7523=EDGE_CURVE('',#499,#611,#7526,.T.);
#7524=LINE('',#610,#7527);
#7525=LINE('',#612,#7528);
#7526=LINE('',#498,#7529);
#7527=VECTOR('',#7530,1.0);
#7528=VECTOR('',#7531,1.0);
#7529=VECTOR('',#7532,1.0);
#7530=DIRECTION('',(0.3826887756846641,0.9238773192177482,0));
#7531=DIRECTION('',(0.3235374175168748,-0.9462153768918107,0));
#7532=DIRECTION('',(-0.48911432864483145,0.8722196819117967,0));
#7533=FACE_SURFACE('',(#7538),#7534,.T.);
#7534=PLANE('',#7535);
#7535=AXIS2_PLACEMENT_3D('',#498,#7536,#7537);
#7536=DIRECTION('',(0,0,-1));
#7537=DIRECTION('',(-0.3235374175168748,0.9462153768918107,0));
#7538=FACE_BOUND('',#7539,.T.);
#7539=EDGE_LOOP('',(#7540,#7541,#7542));
#7540=ORIENTED_EDGE('',*,*,#7543,.T.);
#7541=ORIENTED_EDGE('',*,*,#7544,.T.);
#7542=ORIENTED_EDGE('',*,*,#7545,.T.);
#7543=EDGE_CURVE('',#499,#613,#7546,.F.);
#7544=EDGE_CURVE('',#613,#615,#7547,.T.);
#7545=EDGE_CURVE('',#615,#499,#7548,.T.);
#7546=LINE('',#498,#7549);
#7547=LINE('',#612,#7550);
#7548=LINE('',#614,#7551);
#7549=VECTOR('',#7552,1.0);
#7550=VECTOR('',#7553,1.0);
#7551=VECTOR('',#7554,1.0);
#7552=DIRECTION('',(-0.3235374175168748,0.9462153768918107,0));
#7553=DIRECTION('',(0.13052104055558156,0.9914455395896884,0));
#7554=DIRECTION('',(0.24253562503633297,-0.9701425001453319,0));
#7555=FACE_SURFACE('',(#7560),#7556,.T.);
#7556=PLANE('',#7557);
#7557=AXIS2_PLACEMENT_3D('',#498,#7558,#7559);
#7558=DIRECTION('',(0,0,-1));
#7559=DIRECTION('',(-0.24253562503633297,0.9701425001453319,0));
#7560=FACE_BOUND('',#7561,.T.);
#7561=EDGE_LOOP('',(#7562,#7563,#7564));
#7562=ORIENTED_EDGE('',*,*,#7565,.T.);
#7563=ORIENTED_EDGE('',*,*,#7566,.T.);
#7564=ORIENTED_EDGE('',*,*,#7567,.T.);
#7565=EDGE_CURVE('',#499,#615,#7568,.F.);
#7566=EDGE_CURVE('',#615,#617,#7569,.T.);
#7567=EDGE_CURVE('',#617,#499,#7570,.T.);
#7568=LINE('',#498,#7571);
#7569=LINE('',#614,#7572);
#7570=LINE('',#616,#7573);
#7571=VECTOR('',#7574,1.0);
#7572=VECTOR('',#7575,1.0);
#7573=VECTOR('',#7576,1.0);
#7574=DIRECTION('',(-0.24253562503633297,0.9701425001453319,0));
#7575=DIRECTION('',(-0.13052608329549653,0.991444875713994,0));
#7576=DIRECTION('',(0.22485291385885428,-0.9743927170957214,0));
#7577=FACE_SURFACE('',(#7582),#7578,.T.);
#7578=PLANE('',#7579);
#7579=AXIS2_PLACEMENT_3D('',#498,#7580,#7581);
#7580=DIRECTION('',(0,0,-1));
#7581=DIRECTION('',(-0.22485291385885428,0.9743927170957214,0));
#7582=FACE_BOUND('',#7583,.T.);
#7583=EDGE_LOOP('',(#7584,#7585,#7586));
#7584=ORIENTED_EDGE('',*,*,#7587,.T.);
#7585=ORIENTED_EDGE('',*,*,#7588,.T.);
#7586=ORIENTED_EDGE('',*,*,#7589,.T.);
#7587=EDGE_CURVE('',#499,#617,#7590,.F.);
#7588=EDGE_CURVE('',#617,#619,#7591,.T.);
#7589=EDGE_CURVE('',#619,#499,#7592,.T.);
#7590=LINE('',#498,#7593);
#7591=LINE('',#616,#7594);
#7592=LINE('',#618,#7595);
#7593=VECTOR('',#7596,1.0);
#7594=VECTOR('',#7597,1.0);
#7595=VECTOR('',#7598,1.0);
#7596=DIRECTION('',(-0.22485291385885428,0.9743927170957214,0));
#7597=DIRECTION('',(0,1,0));
#7598=DIRECTION('',(0.011822569283042489,-0.9999301109855366,0));
#7599=FACE_SURFACE('',(#7604),#7600,.T.);
#7600=PLANE('',#7601);
#7601=AXIS2_PLACEMENT_3D('',#618,#7602,#7603);
#7602=DIRECTION('',(0,-0,-1));
#7603=DIRECTION('',(0,-1,0));
#7604=FACE_BOUND('',#7605,.T.);
#7605=EDGE_LOOP('',(#7606,#7607,#7608));
#7606=ORIENTED_EDGE('',*,*,#7609,.T.);
#7607=ORIENTED_EDGE('',*,*,#7610,.T.);
#7608=ORIENTED_EDGE('',*,*,#7611,.T.);
#7609=EDGE_CURVE('',#619,#617,#7612,.F.);
#7610=EDGE_CURVE('',#617,#621,#7613,.T.);
#7611=EDGE_CURVE('',#621,#619,#7614,.T.);
#7612=LINE('',#618,#7615);
#7613=LINE('',#616,#7616);
#7614=LINE('',#620,#7617);
#7615=VECTOR('',#7618,1.0);
#7616=VECTOR('',#7619,1.0);
#7617=VECTOR('',#7620,1.0);
#7618=DIRECTION('',(0,-1,0));
#7619=DIRECTION('',(-0.3826749989337844,0.9238830257078156,0));
#7620=DIRECTION('',(0.0034164581603046518,0.9999941638897895,0));
#7621=FACE_SURFACE('',(#7626),#7622,.T.);
#7622=PLANE('',#7623);
#7623=AXIS2_PLACEMENT_3D('',#618,#7624,#7625);
#7624=DIRECTION('',(0,0,-1));
#7625=DIRECTION('',(-0.0034164581603046518,-0.9999941638897895,0));
#7626=FACE_BOUND('',#7627,.T.);
#7627=EDGE_LOOP('',(#7628,#7629,#7630));
#7628=ORIENTED_EDGE('',*,*,#7631,.T.);
#7629=ORIENTED_EDGE('',*,*,#7632,.T.);
#7630=ORIENTED_EDGE('',*,*,#7633,.T.);
#7631=EDGE_CURVE('',#619,#621,#7634,.F.);
#7632=EDGE_CURVE('',#621,#623,#7635,.T.);
#7633=EDGE_CURVE('',#623,#619,#7636,.T.);
#7634=LINE('',#618,#7637);
#7635=LINE('',#620,#7638);
#7636=LINE('',#622,#7639);
#7637=VECTOR('',#7640,1.0);
#7638=VECTOR('',#7641,1.0);
#7639=VECTOR('',#7642,1.0);
#7640=DIRECTION('',(-0.0034164581603046518,-0.9999941638897895,0));
#7641=DIRECTION('',(0,1,0));
#7642=DIRECTION('',(0.3826887756846641,0.9238773192177482,0));
#7643=FACE_SURFACE('',(#7648),#7644,.T.);
#7644=PLANE('',#7645);
#7645=AXIS2_PLACEMENT_3D('',#622,#7646,#7647);
#7646=DIRECTION('',(0,-0,-1));
#7647=DIRECTION('',(0,-1,0));
#7648=FACE_BOUND('',#7649,.T.);
#7649=EDGE_LOOP('',(#7650,#7651,#7652));
#7650=ORIENTED_EDGE('',*,*,#7653,.T.);
#7651=ORIENTED_EDGE('',*,*,#7654,.T.);
#7652=ORIENTED_EDGE('',*,*,#7655,.T.);
#7653=EDGE_CURVE('',#623,#621,#7656,.F.);
#7654=EDGE_CURVE('',#621,#625,#7657,.T.);
#7655=EDGE_CURVE('',#625,#623,#7658,.T.);
#7656=LINE('',#622,#7659);
#7657=LINE('',#620,#7660);
#7658=LINE('',#624,#7661);
#7659=VECTOR('',#7662,1.0);
#7660=VECTOR('',#7663,1.0);
#7661=VECTOR('',#7664,1.0);
#7662=DIRECTION('',(0,-1,0));
#7663=DIRECTION('',(-0.6087673117897281,0.793348826239951,0));
#7664=DIRECTION('',(0.005519255305389421,0.9999847687944421,0));
#7665=FACE_SURFACE('',(#7670),#7666,.T.);
#7666=PLANE('',#7667);
#7667=AXIS2_PLACEMENT_3D('',#622,#7668,#7669);
#7668=DIRECTION('',(0,0,-1));
#7669=DIRECTION('',(-0.005519255305389421,-0.9999847687944421,0));
#7670=FACE_BOUND('',#7671,.T.);
#7671=EDGE_LOOP('',(#7672,#7673,#7674));
#7672=ORIENTED_EDGE('',*,*,#7675,.T.);
#7673=ORIENTED_EDGE('',*,*,#7676,.T.);
#7674=ORIENTED_EDGE('',*,*,#7677,.T.);
#7675=EDGE_CURVE('',#623,#625,#7678,.F.);
#7676=EDGE_CURVE('',#625,#627,#7679,.T.);
#7677=EDGE_CURVE('',#627,#623,#7680,.T.);
#7678=LINE('',#622,#7681);
#7679=LINE('',#624,#7682);
#7680=LINE('',#626,#7683);
#7681=VECTOR('',#7684,1.0);
#7682=VECTOR('',#7685,1.0);
#7683=VECTOR('',#7686,1.0);
#7684=DIRECTION('',(-0.005519255305389421,-0.9999847687944421,0));
#7685=DIRECTION('',(0,1,0));
#7686=DIRECTION('',(0.6087579018137039,0.7933560467907059,0));
#7687=FACE_SURFACE('',(#7692),#7688,.T.);
#7688=PLANE('',#7689);
#7689=AXIS2_PLACEMENT_3D('',#626,#7690,#7691);
#7690=DIRECTION('',(0,-0,-1));
#7691=DIRECTION('',(0,-1,0));
#7692=FACE_BOUND('',#7693,.T.);
#7693=EDGE_LOOP('',(#7694,#7695,#7696));
#7694=ORIENTED_EDGE('',*,*,#7697,.T.);
#7695=ORIENTED_EDGE('',*,*,#7698,.T.);
#7696=ORIENTED_EDGE('',*,*,#7699,.T.);
#7697=EDGE_CURVE('',#627,#625,#7700,.F.);
#7698=EDGE_CURVE('',#625,#629,#7701,.T.);
#7699=EDGE_CURVE('',#629,#627,#7702,.T.);
#7700=LINE('',#626,#7703);
#7701=LINE('',#624,#7704);
#7702=LINE('',#628,#7705);
#7703=VECTOR('',#7706,1.0);
#7704=VECTOR('',#7707,1.0);
#7705=VECTOR('',#7708,1.0);
#7706=DIRECTION('',(0,-1,0));
#7707=DIRECTION('',(-0.7933607517316084,0.608751770109835,0));
#7708=DIRECTION('',(0.007285432747417995,0.999973460882679,0));
#7709=FACE_SURFACE('',(#7714),#7710,.T.);
#7710=PLANE('',#7711);
#7711=AXIS2_PLACEMENT_3D('',#626,#7712,#7713);
#7712=DIRECTION('',(0,0,-1));
#7713=DIRECTION('',(-0.007285432747417995,-0.999973460882679,0));
#7714=FACE_BOUND('',#7715,.T.);
#7715=EDGE_LOOP('',(#7716,#7717,#7718));
#7716=ORIENTED_EDGE('',*,*,#7719,.T.);
#7717=ORIENTED_EDGE('',*,*,#7720,.T.);
#7718=ORIENTED_EDGE('',*,*,#7721,.T.);
#7719=EDGE_CURVE('',#627,#629,#7722,.F.);
#7720=EDGE_CURVE('',#629,#631,#7723,.T.);
#7721=EDGE_CURVE('',#631,#627,#7724,.T.);
#7722=LINE('',#626,#7725);
#7723=LINE('',#628,#7726);
#7724=LINE('',#630,#7727);
#7725=VECTOR('',#7728,1.0);
#7726=VECTOR('',#7729,1.0);
#7727=VECTOR('',#7730,1.0);
#7728=DIRECTION('',(-0.007285432747417995,-0.999973460882679,0));
#7729=DIRECTION('',(0,1,0));
#7730=DIRECTION('',(0.7933607517316084,0.608751770109835,0));
#7731=FACE_SURFACE('',(#7736),#7732,.T.);
#7732=PLANE('',#7733);
#7733=AXIS2_PLACEMENT_3D('',#630,#7734,#7735);
#7734=DIRECTION('',(0,-0,-1));
#7735=DIRECTION('',(0,-1,0));
#7736=FACE_BOUND('',#7737,.T.);
#7737=EDGE_LOOP('',(#7738,#7739,#7740));
#7738=ORIENTED_EDGE('',*,*,#7741,.T.);
#7739=ORIENTED_EDGE('',*,*,#7742,.T.);
#7740=ORIENTED_EDGE('',*,*,#7743,.T.);
#7741=EDGE_CURVE('',#631,#629,#7744,.F.);
#7742=EDGE_CURVE('',#629,#633,#7745,.T.);
#7743=EDGE_CURVE('',#633,#631,#7746,.T.);
#7744=LINE('',#630,#7747);
#7745=LINE('',#628,#7748);
#7746=LINE('',#632,#7749);
#7747=VECTOR('',#7750,1.0);
#7748=VECTOR('',#7751,1.0);
#7749=VECTOR('',#7752,1.0);
#7750=DIRECTION('',(0,-1,0));
#7751=DIRECTION('',(-0.9238738748920926,0.38269709078051545,0));
#7752=DIRECTION('',(0.008561884073484688,0.9999633463988128,0));
#7753=FACE_SURFACE('',(#7758),#7754,.T.);
#7754=PLANE('',#7755);
#7755=AXIS2_PLACEMENT_3D('',#630,#7756,#7757);
#7756=DIRECTION('',(0,0,-1));
#7757=DIRECTION('',(-0.008561884073484688,-0.9999633463988128,0));
#7758=FACE_BOUND('',#7759,.T.);
#7759=EDGE_LOOP('',(#7760,#7761,#7762));
#7760=ORIENTED_EDGE('',*,*,#7763,.T.);
#7761=ORIENTED_EDGE('',*,*,#7764,.T.);
#7762=ORIENTED_EDGE('',*,*,#7765,.T.);
#7763=EDGE_CURVE('',#631,#633,#7766,.F.);
#7764=EDGE_CURVE('',#633,#635,#7767,.T.);
#7765=EDGE_CURVE('',#635,#631,#7768,.T.);
#7766=LINE('',#630,#7769);
#7767=LINE('',#632,#7770);
#7768=LINE('',#634,#7771);
#7769=VECTOR('',#7772,1.0);
#7770=VECTOR('',#7773,1.0);
#7771=VECTOR('',#7774,1.0);
#7772=DIRECTION('',(-0.008561884073484688,-0.9999633463988128,0));
#7773=DIRECTION('',(0,1,0));
#7774=DIRECTION('',(0.9238738748920926,0.38269709078051545,0));
#7775=FACE_SURFACE('',(#7780),#7776,.T.);
#7776=PLANE('',#7777);
#7777=AXIS2_PLACEMENT_3D('',#634,#7778,#7779);
#7778=DIRECTION('',(0,-0,-1));
#7779=DIRECTION('',(0,-1,0));
#7780=FACE_BOUND('',#7781,.T.);
#7781=EDGE_LOOP('',(#7782,#7783,#7784));
#7782=ORIENTED_EDGE('',*,*,#7785,.T.);
#7783=ORIENTED_EDGE('',*,*,#7786,.T.);
#7784=ORIENTED_EDGE('',*,*,#7787,.T.);
#7785=EDGE_CURVE('',#635,#633,#7788,.F.);
#7786=EDGE_CURVE('',#633,#637,#7789,.T.);
#7787=EDGE_CURVE('',#637,#635,#7790,.T.);
#7788=LINE('',#634,#7791);
#7789=LINE('',#632,#7792);
#7790=LINE('',#636,#7793);
#7791=VECTOR('',#7794,1.0);
#7792=VECTOR('',#7795,1.0);
#7793=VECTOR('',#7796,1.0);
#7794=DIRECTION('',(0,-1,0));
#7795=DIRECTION('',(-0.9914430181377333,0.13054019222424268,0));
#7796=DIRECTION('',(0.009231929963863118,0.9999573848265446,0));
#7797=FACE_SURFACE('',(#7802),#7798,.T.);
#7798=PLANE('',#7799);
#7799=AXIS2_PLACEMENT_3D('',#634,#7800,#7801);
#7800=DIRECTION('',(0,0,-1));
#7801=DIRECTION('',(-0.009231929963863118,-0.9999573848265446,0));
#7802=FACE_BOUND('',#7803,.T.);
#7803=EDGE_LOOP('',(#7804,#7805,#7806));
#7804=ORIENTED_EDGE('',*,*,#7807,.T.);
#7805=ORIENTED_EDGE('',*,*,#7808,.T.);
#7806=ORIENTED_EDGE('',*,*,#7809,.T.);
#7807=EDGE_CURVE('',#635,#637,#7810,.F.);
#7808=EDGE_CURVE('',#637,#639,#7811,.T.);
#7809=EDGE_CURVE('',#639,#635,#7812,.T.);
#7810=LINE('',#634,#7813);
#7811=LINE('',#636,#7814);
#7812=LINE('',#638,#7815);
#7813=VECTOR('',#7816,1.0);
#7814=VECTOR('',#7817,1.0);
#7815=VECTOR('',#7818,1.0);
#7816=DIRECTION('',(-0.009231929963863118,-0.9999573848265446,0));
#7817=DIRECTION('',(0,1,0));
#7818=DIRECTION('',(0.9914455395896884,0.13052104055558156,0));
#7819=FACE_SURFACE('',(#7824),#7820,.T.);
#7820=PLANE('',#7821);
#7821=AXIS2_PLACEMENT_3D('',#638,#7822,#7823);
#7822=DIRECTION('',(-0,-0,-1));
#7823=DIRECTION('',(0,-1,0));
#7824=FACE_BOUND('',#7825,.T.);
#7825=EDGE_LOOP('',(#7826,#7827,#7828));
#7826=ORIENTED_EDGE('',*,*,#7829,.T.);
#7827=ORIENTED_EDGE('',*,*,#7830,.T.);
#7828=ORIENTED_EDGE('',*,*,#7831,.T.);
#7829=EDGE_CURVE('',#639,#637,#7832,.F.);
#7830=EDGE_CURVE('',#637,#641,#7833,.T.);
#7831=EDGE_CURVE('',#641,#639,#7834,.T.);
#7832=LINE('',#638,#7835);
#7833=LINE('',#636,#7836);
#7834=LINE('',#640,#7837);
#7835=VECTOR('',#7838,1.0);
#7836=VECTOR('',#7839,1.0);
#7837=VECTOR('',#7840,1.0);
#7838=DIRECTION('',(0,-1,0));
#7839=DIRECTION('',(-0.009231929963863118,0.9999573848265446,0));
#7840=DIRECTION('',(0.9914455395896884,-0.13052104055558156,0));
#7841=FACE_SURFACE('',(#7846),#7842,.T.);
#7842=PLANE('',#7843);
#7843=AXIS2_PLACEMENT_3D('',#640,#7844,#7845);
#7844=DIRECTION('',(0,0,-1));
#7845=DIRECTION('',(0.009231929963863118,-0.9999573848265446,0));
#7846=FACE_BOUND('',#7847,.T.);
#7847=EDGE_LOOP('',(#7848,#7849,#7850));
#7848=ORIENTED_EDGE('',*,*,#7851,.T.);
#7849=ORIENTED_EDGE('',*,*,#7852,.T.);
#7850=ORIENTED_EDGE('',*,*,#7853,.T.);
#7851=EDGE_CURVE('',#641,#637,#7854,.F.);
#7852=EDGE_CURVE('',#637,#643,#7855,.T.);
#7853=EDGE_CURVE('',#643,#641,#7856,.T.);
#7854=LINE('',#640,#7857);
#7855=LINE('',#636,#7858);
#7856=LINE('',#642,#7859);
#7857=VECTOR('',#7860,1.0);
#7858=VECTOR('',#7861,1.0);
#7859=VECTOR('',#7862,1.0);
#7860=DIRECTION('',(0.009231929963863118,-0.9999573848265446,0));
#7861=DIRECTION('',(-0.9914430181377333,-0.13054019222424268,0));
#7862=DIRECTION('',(0,1,0));
#7863=FACE_SURFACE('',(#7868),#7864,.T.);
#7864=PLANE('',#7865);
#7865=AXIS2_PLACEMENT_3D('',#640,#7866,#7867);
#7866=DIRECTION('',(-0,-0,-1));
#7867=DIRECTION('',(0,-1,0));
#7868=FACE_BOUND('',#7869,.T.);
#7869=EDGE_LOOP('',(#7870,#7871,#7872));
#7870=ORIENTED_EDGE('',*,*,#7873,.T.);
#7871=ORIENTED_EDGE('',*,*,#7874,.T.);
#7872=ORIENTED_EDGE('',*,*,#7875,.T.);
#7873=EDGE_CURVE('',#641,#643,#7876,.F.);
#7874=EDGE_CURVE('',#643,#645,#7877,.T.);
#7875=EDGE_CURVE('',#645,#641,#7878,.T.);
#7876=LINE('',#640,#7879);
#7877=LINE('',#642,#7880);
#7878=LINE('',#644,#7881);
#7879=VECTOR('',#7882,1.0);
#7880=VECTOR('',#7883,1.0);
#7881=VECTOR('',#7884,1.0);
#7882=DIRECTION('',(0,-1,0));
#7883=DIRECTION('',(-0.008561884073484688,0.9999633463988128,0));
#7884=DIRECTION('',(0.9238738748920926,-0.38269709078051545,0));
#7885=FACE_SURFACE('',(#7890),#7886,.T.);
#7886=PLANE('',#7887);
#7887=AXIS2_PLACEMENT_3D('',#644,#7888,#7889);
#7888=DIRECTION('',(0,0,-1));
#7889=DIRECTION('',(0.008561884073484688,-0.9999633463988128,0));
#7890=FACE_BOUND('',#7891,.T.);
#7891=EDGE_LOOP('',(#7892,#7893,#7894));
#7892=ORIENTED_EDGE('',*,*,#7895,.T.);
#7893=ORIENTED_EDGE('',*,*,#7896,.T.);
#7894=ORIENTED_EDGE('',*,*,#7897,.T.);
#7895=EDGE_CURVE('',#645,#643,#7898,.F.);
#7896=EDGE_CURVE('',#643,#647,#7899,.T.);
#7897=EDGE_CURVE('',#647,#645,#7900,.T.);
#7898=LINE('',#644,#7901);
#7899=LINE('',#642,#7902);
#7900=LINE('',#646,#7903);
#7901=VECTOR('',#7904,1.0);
#7902=VECTOR('',#7905,1.0);
#7903=VECTOR('',#7906,1.0);
#7904=DIRECTION('',(0.008561884073484688,-0.9999633463988128,0));
#7905=DIRECTION('',(-0.9238738748920926,-0.38269709078051545,0));
#7906=DIRECTION('',(0,1,0));
#7907=FACE_SURFACE('',(#7912),#7908,.T.);
#7908=PLANE('',#7909);
#7909=AXIS2_PLACEMENT_3D('',#644,#7910,#7911);
#7910=DIRECTION('',(-0,-0,-1));
#7911=DIRECTION('',(0,-1,0));
#7912=FACE_BOUND('',#7913,.T.);
#7913=EDGE_LOOP('',(#7914,#7915,#7916));
#7914=ORIENTED_EDGE('',*,*,#7917,.T.);
#7915=ORIENTED_EDGE('',*,*,#7918,.T.);
#7916=ORIENTED_EDGE('',*,*,#7919,.T.);
#7917=EDGE_CURVE('',#645,#647,#7920,.F.);
#7918=EDGE_CURVE('',#647,#649,#7921,.T.);
#7919=EDGE_CURVE('',#649,#645,#7922,.T.);
#7920=LINE('',#644,#7923);
#7921=LINE('',#646,#7924);
#7922=LINE('',#648,#7925);
#7923=VECTOR('',#7926,1.0);
#7924=VECTOR('',#7927,1.0);
#7925=VECTOR('',#7928,1.0);
#7926=DIRECTION('',(0,-1,0));
#7927=DIRECTION('',(-0.007285432747417995,0.999973460882679,0));
#7928=DIRECTION('',(0.7933607517316084,-0.608751770109835,0));
#7929=FACE_SURFACE('',(#7934),#7930,.T.);
#7930=PLANE('',#7931);
#7931=AXIS2_PLACEMENT_3D('',#648,#7932,#7933);
#7932=DIRECTION('',(0,0,-1));
#7933=DIRECTION('',(0.007285432747417995,-0.999973460882679,0));
#7934=FACE_BOUND('',#7935,.T.);
#7935=EDGE_LOOP('',(#7936,#7937,#7938));
#7936=ORIENTED_EDGE('',*,*,#7939,.T.);
#7937=ORIENTED_EDGE('',*,*,#7940,.T.);
#7938=ORIENTED_EDGE('',*,*,#7941,.T.);
#7939=EDGE_CURVE('',#649,#647,#7942,.F.);
#7940=EDGE_CURVE('',#647,#651,#7943,.T.);
#7941=EDGE_CURVE('',#651,#649,#7944,.T.);
#7942=LINE('',#648,#7945);
#7943=LINE('',#646,#7946);
#7944=LINE('',#650,#7947);
#7945=VECTOR('',#7948,1.0);
#7946=VECTOR('',#7949,1.0);
#7947=VECTOR('',#7950,1.0);
#7948=DIRECTION('',(0.007285432747417995,-0.999973460882679,0));
#7949=DIRECTION('',(-0.7933607517316084,-0.608751770109835,0));
#7950=DIRECTION('',(0,1,0));
#7951=FACE_SURFACE('',(#7956),#7952,.T.);
#7952=PLANE('',#7953);
#7953=AXIS2_PLACEMENT_3D('',#648,#7954,#7955);
#7954=DIRECTION('',(-0,-0,-1));
#7955=DIRECTION('',(0,-1,0));
#7956=FACE_BOUND('',#7957,.T.);
#7957=EDGE_LOOP('',(#7958,#7959,#7960));
#7958=ORIENTED_EDGE('',*,*,#7961,.T.);
#7959=ORIENTED_EDGE('',*,*,#7962,.T.);
#7960=ORIENTED_EDGE('',*,*,#7963,.T.);
#7961=EDGE_CURVE('',#649,#651,#7964,.F.);
#7962=EDGE_CURVE('',#651,#653,#7965,.T.);
#7963=EDGE_CURVE('',#653,#649,#7966,.T.);
#7964=LINE('',#648,#7967);
#7965=LINE('',#650,#7968);
#7966=LINE('',#652,#7969);
#7967=VECTOR('',#7970,1.0);
#7968=VECTOR('',#7971,1.0);
#7969=VECTOR('',#7972,1.0);
#7970=DIRECTION('',(0,-1,0));
#7971=DIRECTION('',(-0.005519255305389421,0.9999847687944421,0));
#7972=DIRECTION('',(0.6087579018137039,-0.7933560467907059,0));
#7973=FACE_SURFACE('',(#7978),#7974,.T.);
#7974=PLANE('',#7975);
#7975=AXIS2_PLACEMENT_3D('',#652,#7976,#7977);
#7976=DIRECTION('',(0,0,-1));
#7977=DIRECTION('',(0.005519255305389421,-0.9999847687944421,0));
#7978=FACE_BOUND('',#7979,.T.);
#7979=EDGE_LOOP('',(#7980,#7981,#7982));
#7980=ORIENTED_EDGE('',*,*,#7983,.T.);
#7981=ORIENTED_EDGE('',*,*,#7984,.T.);
#7982=ORIENTED_EDGE('',*,*,#7985,.T.);
#7983=EDGE_CURVE('',#653,#651,#7986,.F.);
#7984=EDGE_CURVE('',#651,#655,#7987,.T.);
#7985=EDGE_CURVE('',#655,#653,#7988,.T.);
#7986=LINE('',#652,#7989);
#7987=LINE('',#650,#7990);
#7988=LINE('',#654,#7991);
#7989=VECTOR('',#7992,1.0);
#7990=VECTOR('',#7993,1.0);
#7991=VECTOR('',#7994,1.0);
#7992=DIRECTION('',(0.005519255305389421,-0.9999847687944421,0));
#7993=DIRECTION('',(-0.6087673117897281,-0.793348826239951,0));
#7994=DIRECTION('',(0,1,0));
#7995=FACE_SURFACE('',(#8000),#7996,.T.);
#7996=PLANE('',#7997);
#7997=AXIS2_PLACEMENT_3D('',#652,#7998,#7999);
#7998=DIRECTION('',(0,-0,-1));
#7999=DIRECTION('',(0,-1,0));
#8000=FACE_BOUND('',#8001,.T.);
#8001=EDGE_LOOP('',(#8002,#8003,#8004));
#8002=ORIENTED_EDGE('',*,*,#8005,.T.);
#8003=ORIENTED_EDGE('',*,*,#8006,.T.);
#8004=ORIENTED_EDGE('',*,*,#8007,.T.);
#8005=EDGE_CURVE('',#653,#655,#8008,.F.);
#8006=EDGE_CURVE('',#655,#473,#8009,.T.);
#8007=EDGE_CURVE('',#473,#653,#8010,.T.);
#8008=LINE('',#652,#8011);
#8009=LINE('',#654,#8012);
#8010=LINE('',#472,#8013);
#8011=VECTOR('',#8014,1.0);
#8012=VECTOR('',#8015,1.0);
#8013=VECTOR('',#8016,1.0);
#8014=DIRECTION('',(0,-1,0));
#8015=DIRECTION('',(-0.3826666839415662,-0.9238864697576026,0));
#8016=DIRECTION('',(0.0034163700024360437,0.999994164190975,0));
#8017=FACE_SURFACE('',(#8022),#8018,.T.);
#8018=PLANE('',#8019);
#8019=AXIS2_PLACEMENT_3D('',#656,#8020,#8021);
#8020=DIRECTION('',(0,0,-1));
#8021=DIRECTION('',(0.0011456456379700375,0.9999993437478207,0));
#8022=FACE_BOUND('',#8023,.T.);
#8023=EDGE_LOOP('',(#8024,#8025,#8026));
#8024=ORIENTED_EDGE('',*,*,#8027,.T.);
#8025=ORIENTED_EDGE('',*,*,#8028,.T.);
#8026=ORIENTED_EDGE('',*,*,#8029,.T.);
#8027=EDGE_CURVE('',#657,#659,#8030,.F.);
#8028=EDGE_CURVE('',#659,#661,#8031,.T.);
#8029=EDGE_CURVE('',#661,#657,#8032,.T.);
#8030=LINE('',#656,#8033);
#8031=LINE('',#658,#8034);
#8032=LINE('',#660,#8035);
#8033=VECTOR('',#8036,1.0);
#8034=VECTOR('',#8037,1.0);
#8035=VECTOR('',#8038,1.0);
#8036=DIRECTION('',(0.0011456456379700375,0.9999993437478207,0));
#8037=DIRECTION('',(0,-1,0));
#8038=DIRECTION('',(-0.13052104055558156,0.9914455395896884,0));
#8039=FACE_SURFACE('',(#8044),#8040,.T.);
#8040=PLANE('',#8041);
#8041=AXIS2_PLACEMENT_3D('',#660,#8042,#8043);
#8042=DIRECTION('',(0,0,-1));
#8043=DIRECTION('',(0,1,0));
#8044=FACE_BOUND('',#8045,.T.);
#8045=EDGE_LOOP('',(#8046,#8047,#8048));
#8046=ORIENTED_EDGE('',*,*,#8049,.T.);
#8047=ORIENTED_EDGE('',*,*,#8050,.T.);
#8048=ORIENTED_EDGE('',*,*,#8051,.T.);
#8049=EDGE_CURVE('',#661,#659,#8052,.F.);
#8050=EDGE_CURVE('',#659,#663,#8053,.T.);
#8051=EDGE_CURVE('',#663,#661,#8054,.T.);
#8052=LINE('',#660,#8055);
#8053=LINE('',#658,#8056);
#8054=LINE('',#662,#8057);
#8055=VECTOR('',#8058,1.0);
#8056=VECTOR('',#8059,1.0);
#8057=VECTOR('',#8060,1.0);
#8058=DIRECTION('',(0,1,0));
#8059=DIRECTION('',(0.10973507118225533,0.9939608715400348,0));
#8060=DIRECTION('',(-0.010094599458380846,-0.9999490482328461,0));
#8061=FACE_SURFACE('',(#8066),#8062,.T.);
#8062=PLANE('',#8063);
#8063=AXIS2_PLACEMENT_3D('',#660,#8064,#8065);
#8064=DIRECTION('',(0,0,-1));
#8065=DIRECTION('',(0.010094599458380846,0.9999490482328461,0));
#8066=FACE_BOUND('',#8067,.T.);
#8067=EDGE_LOOP('',(#8068,#8069,#8070));
#8068=ORIENTED_EDGE('',*,*,#8071,.T.);
#8069=ORIENTED_EDGE('',*,*,#8072,.T.);
#8070=ORIENTED_EDGE('',*,*,#8073,.T.);
#8071=EDGE_CURVE('',#661,#663,#8074,.F.);
#8072=EDGE_CURVE('',#663,#499,#8075,.T.);
#8073=EDGE_CURVE('',#499,#661,#8076,.T.);
#8074=LINE('',#660,#8077);
#8075=LINE('',#662,#8078);
#8076=LINE('',#498,#8079);
#8077=VECTOR('',#8080,1.0);
#8078=VECTOR('',#8081,1.0);
#8079=VECTOR('',#8082,1.0);
#8080=DIRECTION('',(0.010094599458380846,0.9999490482328461,0));
#8081=DIRECTION('',(0,-1,0));
#8082=DIRECTION('',(-0.010637697663955678,0.999943418093449,0));
#8083=FACE_SURFACE('',(#8088),#8084,.T.);
#8084=PLANE('',#8085);
#8085=AXIS2_PLACEMENT_3D('',#658,#8086,#8087);
#8086=DIRECTION('',(0,0,-1));
#8087=DIRECTION('',(-0.0011456456379700375,-0.9999993437478207,0));
#8088=FACE_BOUND('',#8089,.T.);
#8089=EDGE_LOOP('',(#8090,#8091,#8092));
#8090=ORIENTED_EDGE('',*,*,#8093,.T.);
#8091=ORIENTED_EDGE('',*,*,#8094,.T.);
#8092=ORIENTED_EDGE('',*,*,#8095,.T.);
#8093=EDGE_CURVE('',#659,#657,#8096,.F.);
#8094=EDGE_CURVE('',#657,#665,#8097,.T.);
#8095=EDGE_CURVE('',#665,#659,#8098,.T.);
#8096=LINE('',#658,#8099);
#8097=LINE('',#656,#8100);
#8098=LINE('',#664,#8101);
#8099=VECTOR('',#8102,1.0);
#8100=VECTOR('',#8103,1.0);
#8101=VECTOR('',#8104,1.0);
#8102=DIRECTION('',(-0.0011456456379700375,-0.9999993437478207,0));
#8103=DIRECTION('',(0,1,0));
#8104=DIRECTION('',(0.13052104055558156,0.9914455395896884,0));
#8105=FACE_SURFACE('',(#8110),#8106,.T.);
#8106=PLANE('',#8107);
#8107=AXIS2_PLACEMENT_3D('',#664,#8108,#8109);
#8108=DIRECTION('',(0,-0,-1));
#8109=DIRECTION('',(0,-1,0));
#8110=FACE_BOUND('',#8111,.T.);
#8111=EDGE_LOOP('',(#8112,#8113,#8114));
#8112=ORIENTED_EDGE('',*,*,#8115,.T.);
#8113=ORIENTED_EDGE('',*,*,#8116,.T.);
#8114=ORIENTED_EDGE('',*,*,#8117,.T.);
#8115=EDGE_CURVE('',#665,#657,#8118,.F.);
#8116=EDGE_CURVE('',#657,#667,#8119,.T.);
#8117=EDGE_CURVE('',#667,#665,#8120,.T.);
#8118=LINE('',#664,#8121);
#8119=LINE('',#656,#8122);
#8120=LINE('',#666,#8123);
#8121=VECTOR('',#8124,1.0);
#8122=VECTOR('',#8125,1.0);
#8123=VECTOR('',#8126,1.0);
#8124=DIRECTION('',(0,-1,0));
#8125=DIRECTION('',(-0.3826887756846641,0.9238773192177482,0));
#8126=DIRECTION('',(0.0034164575660467684,0.9999941638918196,0));
#8127=FACE_SURFACE('',(#8132),#8128,.T.);
#8128=PLANE('',#8129);
#8129=AXIS2_PLACEMENT_3D('',#664,#8130,#8131);
#8130=DIRECTION('',(0,0,-1));
#8131=DIRECTION('',(-0.0034164575660467684,-0.9999941638918196,0));
#8132=FACE_BOUND('',#8133,.T.);
#8133=EDGE_LOOP('',(#8134,#8135,#8136));
#8134=ORIENTED_EDGE('',*,*,#8137,.T.);
#8135=ORIENTED_EDGE('',*,*,#8138,.T.);
#8136=ORIENTED_EDGE('',*,*,#8139,.T.);
#8137=EDGE_CURVE('',#665,#667,#8140,.F.);
#8138=EDGE_CURVE('',#667,#669,#8141,.T.);
#8139=EDGE_CURVE('',#669,#665,#8142,.T.);
#8140=LINE('',#664,#8143);
#8141=LINE('',#666,#8144);
#8142=LINE('',#668,#8145);
#8143=VECTOR('',#8146,1.0);
#8144=VECTOR('',#8147,1.0);
#8145=VECTOR('',#8148,1.0);
#8146=DIRECTION('',(-0.0034164575660467684,-0.9999941638918196,0));
#8147=DIRECTION('',(0,1,0));
#8148=DIRECTION('',(0.3826887756846641,0.9238773192177482,0));
#8149=FACE_SURFACE('',(#8154),#8150,.T.);
#8150=PLANE('',#8151);
#8151=AXIS2_PLACEMENT_3D('',#668,#8152,#8153);
#8152=DIRECTION('',(0,-0,-1));
#8153=DIRECTION('',(0,-1,0));
#8154=FACE_BOUND('',#8155,.T.);
#8155=EDGE_LOOP('',(#8156,#8157,#8158));
#8156=ORIENTED_EDGE('',*,*,#8159,.T.);
#8157=ORIENTED_EDGE('',*,*,#8160,.T.);
#8158=ORIENTED_EDGE('',*,*,#8161,.T.);
#8159=EDGE_CURVE('',#669,#667,#8162,.F.);
#8160=EDGE_CURVE('',#667,#671,#8163,.T.);
#8161=EDGE_CURVE('',#671,#669,#8164,.T.);
#8162=LINE('',#668,#8165);
#8163=LINE('',#666,#8166);
#8164=LINE('',#670,#8167);
#8165=VECTOR('',#8168,1.0);
#8166=VECTOR('',#8169,1.0);
#8167=VECTOR('',#8170,1.0);
#8168=DIRECTION('',(0,-1,0));
#8169=DIRECTION('',(-0.6087579018137039,0.7933560467907059,0));
#8170=DIRECTION('',(0.005519255305389421,0.9999847687944421,0));
#8171=FACE_SURFACE('',(#8176),#8172,.T.);
#8172=PLANE('',#8173);
#8173=AXIS2_PLACEMENT_3D('',#668,#8174,#8175);
#8174=DIRECTION('',(0,0,-1));
#8175=DIRECTION('',(-0.005519255305389421,-0.9999847687944421,0));
#8176=FACE_BOUND('',#8177,.T.);
#8177=EDGE_LOOP('',(#8178,#8179,#8180));
#8178=ORIENTED_EDGE('',*,*,#8181,.T.);
#8179=ORIENTED_EDGE('',*,*,#8182,.T.);
#8180=ORIENTED_EDGE('',*,*,#8183,.T.);
#8181=EDGE_CURVE('',#669,#671,#8184,.F.);
#8182=EDGE_CURVE('',#671,#673,#8185,.T.);
#8183=EDGE_CURVE('',#673,#669,#8186,.T.);
#8184=LINE('',#668,#8187);
#8185=LINE('',#670,#8188);
#8186=LINE('',#672,#8189);
#8187=VECTOR('',#8190,1.0);
#8188=VECTOR('',#8191,1.0);
#8189=VECTOR('',#8192,1.0);
#8190=DIRECTION('',(-0.005519255305389421,-0.9999847687944421,0));
#8191=DIRECTION('',(0,1,0));
#8192=DIRECTION('',(0.6087579018137039,0.7933560467907059,0));
#8193=FACE_SURFACE('',(#8198),#8194,.T.);
#8194=PLANE('',#8195);
#8195=AXIS2_PLACEMENT_3D('',#672,#8196,#8197);
#8196=DIRECTION('',(0,-0,-1));
#8197=DIRECTION('',(0,-1,0));
#8198=FACE_BOUND('',#8199,.T.);
#8199=EDGE_LOOP('',(#8200,#8201,#8202));
#8200=ORIENTED_EDGE('',*,*,#8203,.T.);
#8201=ORIENTED_EDGE('',*,*,#8204,.T.);
#8202=ORIENTED_EDGE('',*,*,#8205,.T.);
#8203=EDGE_CURVE('',#673,#671,#8206,.F.);
#8204=EDGE_CURVE('',#671,#675,#8207,.T.);
#8205=EDGE_CURVE('',#675,#673,#8208,.T.);
#8206=LINE('',#672,#8209);
#8207=LINE('',#670,#8210);
#8208=LINE('',#674,#8211);
#8209=VECTOR('',#8212,1.0);
#8210=VECTOR('',#8213,1.0);
#8211=VECTOR('',#8214,1.0);
#8212=DIRECTION('',(0,-1,0));
#8213=DIRECTION('',(-0.7933513418582181,0.6087640334084832,0));
#8214=DIRECTION('',(0.007285434050891342,0.9999734608731824,0));
#8215=FACE_SURFACE('',(#8220),#8216,.T.);
#8216=PLANE('',#8217);
#8217=AXIS2_PLACEMENT_3D('',#672,#8218,#8219);
#8218=DIRECTION('',(0,0,-1));
#8219=DIRECTION('',(-0.007285434050891342,-0.9999734608731824,0));
#8220=FACE_BOUND('',#8221,.T.);
#8221=EDGE_LOOP('',(#8222,#8223,#8224));
#8222=ORIENTED_EDGE('',*,*,#8225,.T.);
#8223=ORIENTED_EDGE('',*,*,#8226,.T.);
#8224=ORIENTED_EDGE('',*,*,#8227,.T.);
#8225=EDGE_CURVE('',#673,#675,#8228,.F.);
#8226=EDGE_CURVE('',#675,#677,#8229,.T.);
#8227=EDGE_CURVE('',#677,#673,#8230,.T.);
#8228=LINE('',#672,#8231);
#8229=LINE('',#674,#8232);
#8230=LINE('',#676,#8233);
#8231=VECTOR('',#8234,1.0);
#8232=VECTOR('',#8235,1.0);
#8233=VECTOR('',#8236,1.0);
#8234=DIRECTION('',(-0.007285434050891342,-0.9999734608731824,0));
#8235=DIRECTION('',(0,1,0));
#8236=DIRECTION('',(0.7933560467907059,0.6087579018137039,0));
#8237=FACE_SURFACE('',(#8242),#8238,.T.);
#8238=PLANE('',#8239);
#8239=AXIS2_PLACEMENT_3D('',#676,#8240,#8241);
#8240=DIRECTION('',(0,-0,-1));
#8241=DIRECTION('',(0,-1,0));
#8242=FACE_BOUND('',#8243,.T.);
#8243=EDGE_LOOP('',(#8244,#8245,#8246));
#8244=ORIENTED_EDGE('',*,*,#8247,.T.);
#8245=ORIENTED_EDGE('',*,*,#8248,.T.);
#8246=ORIENTED_EDGE('',*,*,#8249,.T.);
#8247=EDGE_CURVE('',#677,#675,#8250,.F.);
#8248=EDGE_CURVE('',#675,#679,#8251,.T.);
#8249=EDGE_CURVE('',#679,#677,#8252,.T.);
#8250=LINE('',#676,#8253);
#8251=LINE('',#674,#8254);
#8252=LINE('',#678,#8255);
#8253=VECTOR('',#8256,1.0);
#8254=VECTOR('',#8257,1.0);
#8255=VECTOR('',#8258,1.0);
#8256=DIRECTION('',(0,-1,0));
#8257=DIRECTION('',(-0.9238807634942465,0.3826804604958137,0));
#8258=DIRECTION('',(0.008561884846431445,0.9999633463921948,0));
#8259=FACE_SURFACE('',(#8264),#8260,.T.);
#8260=PLANE('',#8261);
#8261=AXIS2_PLACEMENT_3D('',#676,#8262,#8263);
#8262=DIRECTION('',(0,0,-1));
#8263=DIRECTION('',(-0.008561884846431445,-0.9999633463921948,0));
#8264=FACE_BOUND('',#8265,.T.);
#8265=EDGE_LOOP('',(#8266,#8267,#8268));
#8266=ORIENTED_EDGE('',*,*,#8269,.T.);
#8267=ORIENTED_EDGE('',*,*,#8270,.T.);
#8268=ORIENTED_EDGE('',*,*,#8271,.T.);
#8269=EDGE_CURVE('',#677,#679,#8272,.F.);
#8270=EDGE_CURVE('',#679,#681,#8273,.T.);
#8271=EDGE_CURVE('',#681,#677,#8274,.T.);
#8272=LINE('',#676,#8275);
#8273=LINE('',#678,#8276);
#8274=LINE('',#680,#8277);
#8275=VECTOR('',#8278,1.0);
#8276=VECTOR('',#8279,1.0);
#8277=VECTOR('',#8280,1.0);
#8278=DIRECTION('',(-0.008561884846431445,-0.9999633463921948,0));
#8279=DIRECTION('',(0,1,0));
#8280=DIRECTION('',(0.9238807634942465,0.3826804604958137,0));
#8281=FACE_SURFACE('',(#8286),#8282,.T.);
#8282=PLANE('',#8283);
#8283=AXIS2_PLACEMENT_3D('',#680,#8284,#8285);
#8284=DIRECTION('',(0,-0,-1));
#8285=DIRECTION('',(0,-1,0));
#8286=FACE_BOUND('',#8287,.T.);
#8287=EDGE_LOOP('',(#8288,#8289,#8290));
#8288=ORIENTED_EDGE('',*,*,#8291,.T.);
#8289=ORIENTED_EDGE('',*,*,#8292,.T.);
#8290=ORIENTED_EDGE('',*,*,#8293,.T.);
#8291=EDGE_CURVE('',#681,#679,#8294,.F.);
#8292=EDGE_CURVE('',#679,#683,#8295,.T.);
#8293=EDGE_CURVE('',#683,#681,#8296,.T.);
#8294=LINE('',#680,#8297);
#8295=LINE('',#678,#8298);
#8296=LINE('',#682,#8299);
#8297=VECTOR('',#8300,1.0);
#8298=VECTOR('',#8301,1.0);
#8299=VECTOR('',#8302,1.0);
#8300=DIRECTION('',(0,-1,0));
#8301=DIRECTION('',(-0.9914455395896884,0.13052104055558156,0));
#8302=DIRECTION('',(0.009231927451633556,0.9999573848497383,0));
#8303=FACE_SURFACE('',(#8308),#8304,.T.);
#8304=PLANE('',#8305);
#8305=AXIS2_PLACEMENT_3D('',#680,#8306,#8307);
#8306=DIRECTION('',(0,0,-1));
#8307=DIRECTION('',(-0.009231927451633556,-0.9999573848497383,0));
#8308=FACE_BOUND('',#8309,.T.);
#8309=EDGE_LOOP('',(#8310,#8311,#8312));
#8310=ORIENTED_EDGE('',*,*,#8313,.T.);
#8311=ORIENTED_EDGE('',*,*,#8314,.T.);
#8312=ORIENTED_EDGE('',*,*,#8315,.T.);
#8313=EDGE_CURVE('',#681,#683,#8316,.F.);
#8314=EDGE_CURVE('',#683,#685,#8317,.T.);
#8315=EDGE_CURVE('',#685,#681,#8318,.T.);
#8316=LINE('',#680,#8319);
#8317=LINE('',#682,#8320);
#8318=LINE('',#684,#8321);
#8319=VECTOR('',#8322,1.0);
#8320=VECTOR('',#8323,1.0);
#8321=VECTOR('',#8324,1.0);
#8322=DIRECTION('',(-0.009231927451633556,-0.9999573848497383,0));
#8323=DIRECTION('',(0,1,0));
#8324=DIRECTION('',(0.9914442789083516,0.13053061640817715,0));
#8325=FACE_SURFACE('',(#8330),#8326,.T.);
#8326=PLANE('',#8327);
#8327=AXIS2_PLACEMENT_3D('',#684,#8328,#8329);
#8328=DIRECTION('',(-0,-0,-1));
#8329=DIRECTION('',(0,-1,0));
#8330=FACE_BOUND('',#8331,.T.);
#8331=EDGE_LOOP('',(#8332,#8333,#8334));
#8332=ORIENTED_EDGE('',*,*,#8335,.T.);
#8333=ORIENTED_EDGE('',*,*,#8336,.T.);
#8334=ORIENTED_EDGE('',*,*,#8337,.T.);
#8335=EDGE_CURVE('',#685,#683,#8338,.F.);
#8336=EDGE_CURVE('',#683,#687,#8339,.T.);
#8337=EDGE_CURVE('',#687,#685,#8340,.T.);
#8338=LINE('',#684,#8341);
#8339=LINE('',#682,#8342);
#8340=LINE('',#686,#8343);
#8341=VECTOR('',#8344,1.0);
#8342=VECTOR('',#8345,1.0);
#8343=VECTOR('',#8346,1.0);
#8344=DIRECTION('',(0,-1,0));
#8345=DIRECTION('',(-0.009231927451633556,0.9999573848497383,0));
#8346=DIRECTION('',(0.9914442789083516,-0.13053061640817715,0));
#8347=FACE_SURFACE('',(#8352),#8348,.T.);
#8348=PLANE('',#8349);
#8349=AXIS2_PLACEMENT_3D('',#686,#8350,#8351);
#8350=DIRECTION('',(0,0,-1));
#8351=DIRECTION('',(0.009231927451633556,-0.9999573848497383,0));
#8352=FACE_BOUND('',#8353,.T.);
#8353=EDGE_LOOP('',(#8354,#8355,#8356));
#8354=ORIENTED_EDGE('',*,*,#8357,.T.);
#8355=ORIENTED_EDGE('',*,*,#8358,.T.);
#8356=ORIENTED_EDGE('',*,*,#8359,.T.);
#8357=EDGE_CURVE('',#687,#683,#8360,.F.);
#8358=EDGE_CURVE('',#683,#689,#8361,.T.);
#8359=EDGE_CURVE('',#689,#687,#8362,.T.);
#8360=LINE('',#686,#8363);
#8361=LINE('',#682,#8364);
#8362=LINE('',#688,#8365);
#8363=VECTOR('',#8366,1.0);
#8364=VECTOR('',#8367,1.0);
#8365=VECTOR('',#8368,1.0);
#8366=DIRECTION('',(0.009231927451633556,-0.9999573848497383,0));
#8367=DIRECTION('',(-0.9914455395896884,-0.13052104055558156,0));
#8368=DIRECTION('',(0,1,0));
#8369=FACE_SURFACE('',(#8374),#8370,.T.);
#8370=PLANE('',#8371);
#8371=AXIS2_PLACEMENT_3D('',#686,#8372,#8373);
#8372=DIRECTION('',(0,-0,-1));
#8373=DIRECTION('',(0,-1,0));
#8374=FACE_BOUND('',#8375,.T.);
#8375=EDGE_LOOP('',(#8376,#8377,#8378));
#8376=ORIENTED_EDGE('',*,*,#8379,.T.);
#8377=ORIENTED_EDGE('',*,*,#8380,.T.);
#8378=ORIENTED_EDGE('',*,*,#8381,.T.);
#8379=EDGE_CURVE('',#687,#689,#8382,.F.);
#8380=EDGE_CURVE('',#689,#691,#8383,.T.);
#8381=EDGE_CURVE('',#691,#687,#8384,.T.);
#8382=LINE('',#686,#8385);
#8383=LINE('',#688,#8386);
#8384=LINE('',#690,#8387);
#8385=VECTOR('',#8388,1.0);
#8386=VECTOR('',#8389,1.0);
#8387=VECTOR('',#8390,1.0);
#8388=DIRECTION('',(0,-1,0));
#8389=DIRECTION('',(-0.18798531866198873,0.9821718383091375,0));
#8390=DIRECTION('',(0.9936028583390412,0.11293077481575718,0));
#8391=FACE_SURFACE('',(#8396),#8392,.T.);
#8392=PLANE('',#8393);
#8393=AXIS2_PLACEMENT_3D('',#690,#8394,#8395);
#8394=DIRECTION('',(0,-0,-1));
#8395=DIRECTION('',(0.18798531866198873,-0.9821718383091375,0));
#8396=FACE_BOUND('',#8397,.T.);
#8397=EDGE_LOOP('',(#8398,#8399,#8400));
#8398=ORIENTED_EDGE('',*,*,#8401,.T.);
#8399=ORIENTED_EDGE('',*,*,#8402,.T.);
#8400=ORIENTED_EDGE('',*,*,#8403,.T.);
#8401=EDGE_CURVE('',#691,#689,#8404,.F.);
#8402=EDGE_CURVE('',#689,#693,#8405,.T.);
#8403=EDGE_CURVE('',#693,#691,#8406,.T.);
#8404=LINE('',#690,#8407);
#8405=LINE('',#688,#8408);
#8406=LINE('',#692,#8409);
#8407=VECTOR('',#8410,1.0);
#8408=VECTOR('',#8411,1.0);
#8409=VECTOR('',#8412,1.0);
#8410=DIRECTION('',(0.18798531866198873,-0.9821718383091375,0));
#8411=DIRECTION('',(-0.25843383313755286,0.9660289612065632,0));
#8412=DIRECTION('',(0.8930161939029693,0.4500245298059365,0));
#8413=FACE_SURFACE('',(#8418),#8414,.T.);
#8414=PLANE('',#8415);
#8415=AXIS2_PLACEMENT_3D('',#692,#8416,#8417);
#8416=DIRECTION('',(0,0,-1));
#8417=DIRECTION('',(0.25843383313755286,-0.9660289612065632,0));
#8418=FACE_BOUND('',#8419,.T.);
#8419=EDGE_LOOP('',(#8420,#8421,#8422));
#8420=ORIENTED_EDGE('',*,*,#8423,.T.);
#8421=ORIENTED_EDGE('',*,*,#8424,.T.);
#8422=ORIENTED_EDGE('',*,*,#8425,.T.);
#8423=EDGE_CURVE('',#693,#689,#8426,.F.);
#8424=EDGE_CURVE('',#689,#695,#8427,.T.);
#8425=EDGE_CURVE('',#695,#693,#8428,.T.);
#8426=LINE('',#692,#8429);
#8427=LINE('',#688,#8430);
#8428=LINE('',#694,#8431);
#8429=VECTOR('',#8432,1.0);
#8430=VECTOR('',#8433,1.0);
#8431=VECTOR('',#8434,1.0);
#8432=DIRECTION('',(0.25843383313755286,-0.9660289612065632,0));
#8433=DIRECTION('',(-0.9238807634942465,-0.3826804604958137,0));
#8434=DIRECTION('',(-0.24933455553656564,0.9684174097027497,0));
#8435=FACE_SURFACE('',(#8440),#8436,.T.);
#8436=PLANE('',#8437);
#8437=AXIS2_PLACEMENT_3D('',#692,#8438,#8439);
#8438=DIRECTION('',(0,-0,-1));
#8439=DIRECTION('',(0.24933455553656564,-0.9684174097027497,0));
#8440=FACE_BOUND('',#8441,.T.);
#8441=EDGE_LOOP('',(#8442,#8443,#8444));
#8442=ORIENTED_EDGE('',*,*,#8445,.T.);
#8443=ORIENTED_EDGE('',*,*,#8446,.T.);
#8444=ORIENTED_EDGE('',*,*,#8447,.T.);
#8445=EDGE_CURVE('',#693,#695,#8448,.F.);
#8446=EDGE_CURVE('',#695,#697,#8449,.T.);
#8447=EDGE_CURVE('',#697,#693,#8450,.T.);
#8448=LINE('',#692,#8451);
#8449=LINE('',#694,#8452);
#8450=LINE('',#696,#8453);
#8451=VECTOR('',#8454,1.0);
#8452=VECTOR('',#8455,1.0);
#8453=VECTOR('',#8456,1.0);
#8454=DIRECTION('',(0.24933455553656564,-0.9684174097027497,0));
#8455=DIRECTION('',(-0.32097676094936484,0.9470870704061238,0));
#8456=DIRECTION('',(0.9140419292871105,0.4056197129148151,0));
#8457=FACE_SURFACE('',(#8462),#8458,.T.);
#8458=PLANE('',#8459);
#8459=AXIS2_PLACEMENT_3D('',#696,#8460,#8461);
#8460=DIRECTION('',(0,-0,-1));
#8461=DIRECTION('',(0.32097676094936484,-0.9470870704061238,0));
#8462=FACE_BOUND('',#8463,.T.);
#8463=EDGE_LOOP('',(#8464,#8465,#8466));
#8464=ORIENTED_EDGE('',*,*,#8467,.T.);
#8465=ORIENTED_EDGE('',*,*,#8468,.T.);
#8466=ORIENTED_EDGE('',*,*,#8469,.T.);
#8467=EDGE_CURVE('',#697,#695,#8470,.F.);
#8468=EDGE_CURVE('',#695,#699,#8471,.T.);
#8469=EDGE_CURVE('',#699,#697,#8472,.T.);
#8470=LINE('',#696,#8473);
#8471=LINE('',#694,#8474);
#8472=LINE('',#698,#8475);
#8473=VECTOR('',#8476,1.0);
#8474=VECTOR('',#8477,1.0);
#8475=VECTOR('',#8478,1.0);
#8476=DIRECTION('',(0.32097676094936484,-0.9470870704061238,0));
#8477=DIRECTION('',(-0.3917419677277919,0.9200751223246706,0));
#8478=DIRECTION('',(0.9328608706234004,0.36023686105082475,0));
#8479=FACE_SURFACE('',(#8484),#8480,.T.);
#8480=PLANE('',#8481);
#8481=AXIS2_PLACEMENT_3D('',#698,#8482,#8483);
#8482=DIRECTION('',(0,0,-1));
#8483=DIRECTION('',(0.3917419677277919,-0.9200751223246706,0));
#8484=FACE_BOUND('',#8485,.T.);
#8485=EDGE_LOOP('',(#8486,#8487,#8488));
#8486=ORIENTED_EDGE('',*,*,#8489,.T.);
#8487=ORIENTED_EDGE('',*,*,#8490,.T.);
#8488=ORIENTED_EDGE('',*,*,#8491,.T.);
#8489=EDGE_CURVE('',#699,#695,#8492,.F.);
#8490=EDGE_CURVE('',#695,#701,#8493,.T.);
#8491=EDGE_CURVE('',#701,#699,#8494,.T.);
#8492=LINE('',#698,#8495);
#8493=LINE('',#694,#8496);
#8494=LINE('',#700,#8497);
#8495=VECTOR('',#8498,1.0);
#8496=VECTOR('',#8499,1.0);
#8497=VECTOR('',#8500,1.0);
#8498=DIRECTION('',(0.3917419677277919,-0.9200751223246706,0));
#8499=DIRECTION('',(-0.7933513418582181,-0.6087640334084832,0));
#8500=DIRECTION('',(-0.3832063550008692,0.9236627574428602,0));
#8501=FACE_SURFACE('',(#8506),#8502,.T.);
#8502=PLANE('',#8503);
#8503=AXIS2_PLACEMENT_3D('',#698,#8504,#8505);
#8504=DIRECTION('',(0,-0,-1));
#8505=DIRECTION('',(0.3832063550008692,-0.9236627574428602,0));
#8506=FACE_BOUND('',#8507,.T.);
#8507=EDGE_LOOP('',(#8508,#8509,#8510));
#8508=ORIENTED_EDGE('',*,*,#8511,.T.);
#8509=ORIENTED_EDGE('',*,*,#8512,.T.);
#8510=ORIENTED_EDGE('',*,*,#8513,.T.);
#8511=EDGE_CURVE('',#699,#701,#8514,.F.);
#8512=EDGE_CURVE('',#701,#45,#8515,.T.);
#8513=EDGE_CURVE('',#45,#699,#8516,.T.);
#8514=LINE('',#698,#8517);
#8515=LINE('',#700,#8518);
#8516=LINE('',#44,#8519);
#8517=VECTOR('',#8520,1.0);
#8518=VECTOR('',#8521,1.0);
#8519=VECTOR('',#8522,1.0);
#8520=DIRECTION('',(0.3832063550008692,-0.9236627574428602,0));
#8521=DIRECTION('',(-0.7789267806688324,0.627114878117948,0));
#8522=DIRECTION('',(0.6879169007725511,0.7257894581980977,0));
#8523=FACE_SURFACE('',(#8528),#8524,.T.);
#8524=PLANE('',#8525);
#8525=AXIS2_PLACEMENT_3D('',#44,#8526,#8527);
#8526=DIRECTION('',(0,0,-1));
#8527=DIRECTION('',(0.7789267806688324,-0.627114878117948,0));
#8528=FACE_BOUND('',#8529,.T.);
#8529=EDGE_LOOP('',(#8530,#8531,#8532));
#8530=ORIENTED_EDGE('',*,*,#8533,.T.);
#8531=ORIENTED_EDGE('',*,*,#8534,.T.);
#8532=ORIENTED_EDGE('',*,*,#8535,.T.);
#8533=EDGE_CURVE('',#45,#701,#8536,.F.);
#8534=EDGE_CURVE('',#701,#703,#8537,.T.);
#8535=EDGE_CURVE('',#703,#45,#8538,.T.);
#8536=LINE('',#44,#8539);
#8537=LINE('',#700,#8540);
#8538=LINE('',#702,#8541);
#8539=VECTOR('',#8542,1.0);
#8540=VECTOR('',#8543,1.0);
#8541=VECTOR('',#8544,1.0);
#8542=DIRECTION('',(0.7789267806688324,-0.627114878117948,0));
#8543=DIRECTION('',(-0.6087579018137039,-0.7933560467907059,0));
#8544=DIRECTION('',(-0.7723464092350948,0.635201561822431,0));
#8545=FACE_SURFACE('',(#8550),#8546,.T.);
#8546=PLANE('',#8547);
#8547=AXIS2_PLACEMENT_3D('',#44,#8548,#8549);
#8548=DIRECTION('',(0,0,-1));
#8549=DIRECTION('',(0.7723464092350948,-0.635201561822431,0));
#8550=FACE_BOUND('',#8551,.T.);
#8551=EDGE_LOOP('',(#8552,#8553,#8554));
#8552=ORIENTED_EDGE('',*,*,#8555,.T.);
#8553=ORIENTED_EDGE('',*,*,#8556,.T.);
#8554=ORIENTED_EDGE('',*,*,#8557,.T.);
#8555=EDGE_CURVE('',#45,#703,#8558,.F.);
#8556=EDGE_CURVE('',#703,#705,#8559,.T.);
#8557=EDGE_CURVE('',#705,#45,#8560,.T.);
#8558=LINE('',#44,#8561);
#8559=LINE('',#702,#8562);
#8560=LINE('',#704,#8563);
#8561=VECTOR('',#8564,1.0);
#8562=VECTOR('',#8565,1.0);
#8563=VECTOR('',#8566,1.0);
#8564=DIRECTION('',(0.7723464092350948,-0.635201561822431,0));
#8565=DIRECTION('',(-0.3826804604958137,-0.9238807634942465,0));
#8566=DIRECTION('',(-0.7659908412300872,0.6428514845215987,0));
#8567=FACE_SURFACE('',(#8572),#8568,.T.);
#8568=PLANE('',#8569);
#8569=AXIS2_PLACEMENT_3D('',#704,#8570,#8571);
#8570=DIRECTION('',(-0,0,-1));
#8571=DIRECTION('',(-0.13053061640817715,-0.9914442789083516,0));
#8572=FACE_BOUND('',#8573,.T.);
#8573=EDGE_LOOP('',(#8574,#8575,#8576));
#8574=ORIENTED_EDGE('',*,*,#8577,.T.);
#8575=ORIENTED_EDGE('',*,*,#8578,.T.);
#8576=ORIENTED_EDGE('',*,*,#8579,.T.);
#8577=EDGE_CURVE('',#705,#707,#8580,.F.);
#8578=EDGE_CURVE('',#707,#45,#8581,.T.);
#8579=EDGE_CURVE('',#45,#705,#8582,.T.);
#8580=LINE('',#704,#8583);
#8581=LINE('',#706,#8584);
#8582=LINE('',#44,#8585);
#8583=VECTOR('',#8586,1.0);
#8584=VECTOR('',#8587,1.0);
#8585=VECTOR('',#8588,1.0);
#8586=DIRECTION('',(-0.13053061640817715,-0.9914442789083516,0));
#8587=DIRECTION('',(-0.760356888765165,0.6495055055250558,0));
#8588=DIRECTION('',(0.7659908412300872,-0.6428514845215987,0));
#8589=FACE_SURFACE('',(#8594),#8590,.T.);
#8590=PLANE('',#8591);
#8591=AXIS2_PLACEMENT_3D('',#44,#8592,#8593);
#8592=DIRECTION('',(0,0,-1));
#8593=DIRECTION('',(0.760356888765165,-0.6495055055250558,0));
#8594=FACE_BOUND('',#8595,.T.);
#8595=EDGE_LOOP('',(#8596,#8597,#8598));
#8596=ORIENTED_EDGE('',*,*,#8599,.T.);
#8597=ORIENTED_EDGE('',*,*,#8600,.T.);
#8598=ORIENTED_EDGE('',*,*,#8601,.T.);
#8599=EDGE_CURVE('',#45,#707,#8602,.F.);
#8600=EDGE_CURVE('',#707,#709,#8603,.T.);
#8601=EDGE_CURVE('',#709,#45,#8604,.T.);
#8602=LINE('',#44,#8605);
#8603=LINE('',#706,#8606);
#8604=LINE('',#708,#8607);
#8605=VECTOR('',#8608,1.0);
#8606=VECTOR('',#8609,1.0);
#8607=VECTOR('',#8610,1.0);
#8608=DIRECTION('',(0.760356888765165,-0.6495055055250558,0));
#8609=DIRECTION('',(0.13053061640817715,-0.9914442789083516,0));
#8610=DIRECTION('',(-0.7558807110302155,0.6547093635289294,0));
#8611=FACE_SURFACE('',(#8616),#8612,.T.);
#8612=PLANE('',#8613);
#8613=AXIS2_PLACEMENT_3D('',#44,#8614,#8615);
#8614=DIRECTION('',(0,-0,-1));
#8615=DIRECTION('',(0.7558807110302155,-0.6547093635289294,0));
#8616=FACE_BOUND('',#8617,.T.);
#8617=EDGE_LOOP('',(#8618,#8619,#8620));
#8618=ORIENTED_EDGE('',*,*,#8621,.T.);
#8619=ORIENTED_EDGE('',*,*,#8622,.T.);
#8620=ORIENTED_EDGE('',*,*,#8623,.T.);
#8621=EDGE_CURVE('',#45,#709,#8624,.F.);
#8622=EDGE_CURVE('',#709,#425,#8625,.T.);
#8623=EDGE_CURVE('',#425,#45,#8626,.T.);
#8624=LINE('',#44,#8627);
#8625=LINE('',#708,#8628);
#8626=LINE('',#424,#8629);
#8627=VECTOR('',#8630,1.0);
#8628=VECTOR('',#8631,1.0);
#8629=VECTOR('',#8632,1.0);
#8630=DIRECTION('',(0.7558807110302155,-0.6547093635289294,0));
#8631=DIRECTION('',(-0.8556168872378658,-0.5176096427554119,0));
#8632=DIRECTION('',(0.538662846021731,0.8425214171258608,0));
#8633=FACE_SURFACE('',(#8638),#8634,.T.);
#8634=PLANE('',#8635);
#8635=AXIS2_PLACEMENT_3D('',#424,#8636,#8637);
#8636=DIRECTION('',(0,0,-1));
#8637=DIRECTION('',(0.8556168872378658,0.5176096427554119,0));
#8638=FACE_BOUND('',#8639,.T.);
#8639=EDGE_LOOP('',(#8640,#8641,#8642));
#8640=ORIENTED_EDGE('',*,*,#8643,.T.);
#8641=ORIENTED_EDGE('',*,*,#8644,.T.);
#8642=ORIENTED_EDGE('',*,*,#8645,.T.);
#8643=EDGE_CURVE('',#425,#709,#8646,.F.);
#8644=EDGE_CURVE('',#709,#473,#8647,.T.);
#8645=EDGE_CURVE('',#473,#425,#8648,.T.);
#8646=LINE('',#424,#8649);
#8647=LINE('',#708,#8650);
#8648=LINE('',#472,#8651);
#8649=VECTOR('',#8652,1.0);
#8650=VECTOR('',#8653,1.0);
#8651=VECTOR('',#8654,1.0);
#8652=DIRECTION('',(0.8556168872378658,0.5176096427554119,0));
#8653=DIRECTION('',(0,-1,0));
#8654=DIRECTION('',(-1,0,0));
#8655=FACE_SURFACE('',(#8660),#8656,.T.);
#8656=PLANE('',#8657);
#8657=AXIS2_PLACEMENT_3D('',#708,#8658,#8659);
#8658=DIRECTION('',(0,0,-1));
#8659=DIRECTION('',(0.3826804604958137,-0.9238807634942465,0));
#8660=FACE_BOUND('',#8661,.T.);
#8661=EDGE_LOOP('',(#8662,#8663,#8664));
#8662=ORIENTED_EDGE('',*,*,#8665,.T.);
#8663=ORIENTED_EDGE('',*,*,#8666,.T.);
#8664=ORIENTED_EDGE('',*,*,#8667,.T.);
#8665=EDGE_CURVE('',#709,#653,#8668,.F.);
#8666=EDGE_CURVE('',#653,#473,#8669,.T.);
#8667=EDGE_CURVE('',#473,#709,#8670,.T.);
#8668=LINE('',#708,#8671);
#8669=LINE('',#652,#8672);
#8670=LINE('',#472,#8673);
#8671=VECTOR('',#8674,1.0);
#8672=VECTOR('',#8675,1.0);
#8673=VECTOR('',#8676,1.0);
#8674=DIRECTION('',(0.3826804604958137,-0.9238807634942465,0));
#8675=DIRECTION('',(-0.0034163700024360437,-0.999994164190975,0));
#8676=DIRECTION('',(0,1,0));
#8677=FACE_SURFACE('',(#8682),#8678,.T.);
#8678=PLANE('',#8679);
#8679=AXIS2_PLACEMENT_3D('',#618,#8680,#8681);
#8680=DIRECTION('',(0,0,-1));
#8681=DIRECTION('',(0.13052104055558156,0.9914455395896884,0));
#8682=FACE_BOUND('',#8683,.T.);
#8683=EDGE_LOOP('',(#8684,#8685,#8686));
#8684=ORIENTED_EDGE('',*,*,#8687,.T.);
#8685=ORIENTED_EDGE('',*,*,#8688,.T.);
#8686=ORIENTED_EDGE('',*,*,#8689,.T.);
#8687=EDGE_CURVE('',#619,#661,#8690,.F.);
#8688=EDGE_CURVE('',#661,#499,#8691,.T.);
#8689=EDGE_CURVE('',#499,#619,#8692,.T.);
#8690=LINE('',#618,#8693);
#8691=LINE('',#660,#8694);
#8692=LINE('',#498,#8695);
#8693=VECTOR('',#8696,1.0);
#8694=VECTOR('',#8697,1.0);
#8695=VECTOR('',#8698,1.0);
#8696=DIRECTION('',(0.13052104055558156,0.9914455395896884,0));
#8697=DIRECTION('',(0.010637697663955678,-0.999943418093449,0));
#8698=DIRECTION('',(-0.011822569283042489,0.9999301109855366,0));
#8699=FACE_SURFACE('',(#8704),#8700,.T.);
#8700=PLANE('',#8701);
#8701=AXIS2_PLACEMENT_3D('',#658,#8702,#8703);
#8702=DIRECTION('',(0,0,-1));
#8703=DIRECTION('',(-0.13052104055558156,0.9914455395896884,0));
#8704=FACE_BOUND('',#8705,.T.);
#8705=EDGE_LOOP('',(#8706,#8707,#8708));
#8706=ORIENTED_EDGE('',*,*,#8709,.T.);
#8707=ORIENTED_EDGE('',*,*,#8710,.T.);
#8708=ORIENTED_EDGE('',*,*,#8711,.T.);
#8709=EDGE_CURVE('',#659,#711,#8712,.F.);
#8710=EDGE_CURVE('',#711,#663,#8713,.T.);
#8711=EDGE_CURVE('',#663,#659,#8714,.T.);
#8712=LINE('',#658,#8715);
#8713=LINE('',#710,#8716);
#8714=LINE('',#662,#8717);
#8715=VECTOR('',#8718,1.0);
#8716=VECTOR('',#8719,1.0);
#8717=VECTOR('',#8720,1.0);
#8718=DIRECTION('',(-0.13052104055558156,0.9914455395896884,0));
#8719=DIRECTION('',(0.13193281952545455,0.9912586600540062,0));
#8720=DIRECTION('',(-0.10973507118225533,-0.9939608715400348,0));
#8721=FACE_SURFACE('',(#8726),#8722,.T.);
#8722=PLANE('',#8723);
#8723=AXIS2_PLACEMENT_3D('',#662,#8724,#8725);
#8724=DIRECTION('',(0,0,-1));
#8725=DIRECTION('',(-0.13193281952545455,-0.9912586600540062,0));
#8726=FACE_BOUND('',#8727,.T.);
#8727=EDGE_LOOP('',(#8728,#8729,#8730));
#8728=ORIENTED_EDGE('',*,*,#8731,.T.);
#8729=ORIENTED_EDGE('',*,*,#8732,.T.);
#8730=ORIENTED_EDGE('',*,*,#8733,.T.);
#8731=EDGE_CURVE('',#663,#711,#8734,.F.);
#8732=EDGE_CURVE('',#711,#713,#8735,.T.);
#8733=EDGE_CURVE('',#713,#663,#8736,.T.);
#8734=LINE('',#662,#8737);
#8735=LINE('',#710,#8738);
#8736=LINE('',#712,#8739);
#8737=VECTOR('',#8740,1.0);
#8738=VECTOR('',#8741,1.0);
#8739=VECTOR('',#8742,1.0);
#8740=DIRECTION('',(-0.13193281952545455,-0.9912586600540062,0));
#8741=DIRECTION('',(-0.3826887756846641,0.9238773192177482,0));
#8742=DIRECTION('',(0.182381974698432,0.9832277535266691,0));
#8743=FACE_SURFACE('',(#8748),#8744,.T.);
#8744=PLANE('',#8745);
#8745=AXIS2_PLACEMENT_3D('',#662,#8746,#8747);
#8746=DIRECTION('',(0,0,-1));
#8747=DIRECTION('',(-0.182381974698432,-0.9832277535266691,0));
#8748=FACE_BOUND('',#8749,.T.);
#8749=EDGE_LOOP('',(#8750,#8751,#8752));
#8750=ORIENTED_EDGE('',*,*,#8753,.T.);
#8751=ORIENTED_EDGE('',*,*,#8754,.T.);
#8752=ORIENTED_EDGE('',*,*,#8755,.T.);
#8753=EDGE_CURVE('',#663,#713,#8756,.F.);
#8754=EDGE_CURVE('',#713,#715,#8757,.T.);
#8755=EDGE_CURVE('',#715,#663,#8758,.T.);
#8756=LINE('',#662,#8759);
#8757=LINE('',#712,#8760);
#8758=LINE('',#714,#8761);
#8759=VECTOR('',#8762,1.0);
#8760=VECTOR('',#8763,1.0);
#8761=VECTOR('',#8764,1.0);
#8762=DIRECTION('',(-0.182381974698432,-0.9832277535266691,0));
#8763=DIRECTION('',(-0.6087579018137039,0.7933560467907059,0));
#8764=DIRECTION('',(0.2614208951220762,0.9652249041511374,0));
#8765=FACE_SURFACE('',(#8770),#8766,.T.);
#8766=PLANE('',#8767);
#8767=AXIS2_PLACEMENT_3D('',#714,#8768,#8769);
#8768=DIRECTION('',(0,0,-1));
#8769=DIRECTION('',(-0.7933560467907059,0.6087579018137039,0));
#8770=FACE_BOUND('',#8771,.T.);
#8771=EDGE_LOOP('',(#8772,#8773,#8774));
#8772=ORIENTED_EDGE('',*,*,#8775,.T.);
#8773=ORIENTED_EDGE('',*,*,#8776,.T.);
#8774=ORIENTED_EDGE('',*,*,#8777,.T.);
#8775=EDGE_CURVE('',#715,#717,#8778,.F.);
#8776=EDGE_CURVE('',#717,#663,#8779,.T.);
#8777=EDGE_CURVE('',#663,#715,#8780,.T.);
#8778=LINE('',#714,#8781);
#8779=LINE('',#716,#8782);
#8780=LINE('',#662,#8783);
#8781=VECTOR('',#8784,1.0);
#8782=VECTOR('',#8785,1.0);
#8783=VECTOR('',#8786,1.0);
#8784=DIRECTION('',(-0.7933560467907059,0.6087579018137039,0));
#8785=DIRECTION('',(0.3609253786447994,0.9325946981674881,0));
#8786=DIRECTION('',(-0.2614208951220762,-0.9652249041511374,0));
#8787=FACE_SURFACE('',(#8792),#8788,.T.);
#8788=PLANE('',#8789);
#8789=AXIS2_PLACEMENT_3D('',#662,#8790,#8791);
#8790=DIRECTION('',(0,0,-1));
#8791=DIRECTION('',(-0.3609253786447994,-0.9325946981674881,0));
#8792=FACE_BOUND('',#8793,.T.);
#8793=EDGE_LOOP('',(#8794,#8795,#8796));
#8794=ORIENTED_EDGE('',*,*,#8797,.T.);
#8795=ORIENTED_EDGE('',*,*,#8798,.T.);
#8796=ORIENTED_EDGE('',*,*,#8799,.T.);
#8797=EDGE_CURVE('',#663,#717,#8800,.F.);
#8798=EDGE_CURVE('',#717,#719,#8801,.T.);
#8799=EDGE_CURVE('',#719,#663,#8802,.T.);
#8800=LINE('',#662,#8803);
#8801=LINE('',#716,#8804);
#8802=LINE('',#718,#8805);
#8803=VECTOR('',#8806,1.0);
#8804=VECTOR('',#8807,1.0);
#8805=VECTOR('',#8808,1.0);
#8806=DIRECTION('',(-0.3609253786447994,-0.9325946981674881,0));
#8807=DIRECTION('',(-0.9238773192177482,0.3826887756846641,0));
#8808=DIRECTION('',(0.4636517352257543,0.8860175327961333,0));
#8809=FACE_SURFACE('',(#8814),#8810,.T.);
#8810=PLANE('',#8811);
#8811=AXIS2_PLACEMENT_3D('',#662,#8812,#8813);
#8812=DIRECTION('',(0,0,-1));
#8813=DIRECTION('',(-0.4636517352257543,-0.8860175327961333,0));
#8814=FACE_BOUND('',#8815,.T.);
#8815=EDGE_LOOP('',(#8816,#8817,#8818));
#8816=ORIENTED_EDGE('',*,*,#8819,.T.);
#8817=ORIENTED_EDGE('',*,*,#8820,.T.);
#8818=ORIENTED_EDGE('',*,*,#8821,.T.);
#8819=EDGE_CURVE('',#663,#719,#8822,.F.);
#8820=EDGE_CURVE('',#719,#721,#8823,.T.);
#8821=EDGE_CURVE('',#721,#663,#8824,.T.);
#8822=LINE('',#662,#8825);
#8823=LINE('',#718,#8826);
#8824=LINE('',#720,#8827);
#8825=VECTOR('',#8828,1.0);
#8826=VECTOR('',#8829,1.0);
#8827=VECTOR('',#8830,1.0);
#8828=DIRECTION('',(-0.4636517352257543,-0.8860175327961333,0));
#8829=DIRECTION('',(-0.5759087526623025,0.8175139806798114,0));
#8830=DIRECTION('',(0.7879414821484307,0.6157501284691171,0));
#8831=FACE_SURFACE('',(#8836),#8832,.T.);
#8832=PLANE('',#8833);
#8833=AXIS2_PLACEMENT_3D('',#720,#8834,#8835);
#8834=DIRECTION('',(0,0,-1));
#8835=DIRECTION('',(0.5759087526623025,-0.8175139806798114,0));
#8836=FACE_BOUND('',#8837,.T.);
#8837=EDGE_LOOP('',(#8838,#8839,#8840));
#8838=ORIENTED_EDGE('',*,*,#8841,.T.);
#8839=ORIENTED_EDGE('',*,*,#8842,.T.);
#8840=ORIENTED_EDGE('',*,*,#8843,.T.);
#8841=EDGE_CURVE('',#721,#719,#8844,.F.);
#8842=EDGE_CURVE('',#719,#723,#8845,.T.);
#8843=EDGE_CURVE('',#723,#721,#8846,.T.);
#8844=LINE('',#720,#8847);
#8845=LINE('',#718,#8848);
#8846=LINE('',#722,#8849);
#8847=VECTOR('',#8850,1.0);
#8848=VECTOR('',#8851,1.0);
#8849=VECTOR('',#8852,1.0);
#8850=DIRECTION('',(0.5759087526623025,-0.8175139806798114,0));
#8851=DIRECTION('',(-0.9914455395896884,0.13052104055558156,0));
#8852=DIRECTION('',(-0.36400612857785547,0.9313965526872867,0));
#8853=FACE_SURFACE('',(#8858),#8854,.T.);
#8854=PLANE('',#8855);
#8855=AXIS2_PLACEMENT_3D('',#720,#8856,#8857);
#8856=DIRECTION('',(0,0,-1));
#8857=DIRECTION('',(0.36400612857785547,-0.9313965526872867,0));
#8858=FACE_BOUND('',#8859,.T.);
#8859=EDGE_LOOP('',(#8860,#8861,#8862));
#8860=ORIENTED_EDGE('',*,*,#8863,.T.);
#8861=ORIENTED_EDGE('',*,*,#8864,.T.);
#8862=ORIENTED_EDGE('',*,*,#8865,.T.);
#8863=EDGE_CURVE('',#721,#723,#8866,.F.);
#8864=EDGE_CURVE('',#723,#725,#8867,.T.);
#8865=EDGE_CURVE('',#725,#721,#8868,.T.);
#8866=LINE('',#720,#8869);
#8867=LINE('',#722,#8870);
#8868=LINE('',#724,#8871);
#8869=VECTOR('',#8872,1.0);
#8870=VECTOR('',#8873,1.0);
#8871=VECTOR('',#8874,1.0);
#8872=DIRECTION('',(0.36400612857785547,-0.9313965526872867,0));
#8873=DIRECTION('',(-0.9914455395896884,-0.13052104055558156,0));
#8874=DIRECTION('',(-0.04310675555588108,0.9990704718013866,0));
#8875=FACE_SURFACE('',(#8880),#8876,.T.);
#8876=PLANE('',#8877);
#8877=AXIS2_PLACEMENT_3D('',#724,#8878,#8879);
#8878=DIRECTION('',(-0,0,-1));
#8879=DIRECTION('',(-0.9238773192177482,-0.3826887756846641,0));
#8880=FACE_BOUND('',#8881,.T.);
#8881=EDGE_LOOP('',(#8882,#8883,#8884));
#8882=ORIENTED_EDGE('',*,*,#8885,.T.);
#8883=ORIENTED_EDGE('',*,*,#8886,.T.);
#8884=ORIENTED_EDGE('',*,*,#8887,.T.);
#8885=EDGE_CURVE('',#725,#727,#8888,.F.);
#8886=EDGE_CURVE('',#727,#721,#8889,.T.);
#8887=EDGE_CURVE('',#721,#725,#8890,.T.);
#8888=LINE('',#724,#8891);
#8889=LINE('',#726,#8892);
#8890=LINE('',#720,#8893);
#8891=VECTOR('',#8894,1.0);
#8892=VECTOR('',#8895,1.0);
#8893=VECTOR('',#8896,1.0);
#8894=DIRECTION('',(-0.9238773192177482,-0.3826887756846641,0));
#8895=DIRECTION('',(0.2287541649464588,0.9734842227892799,0));
#8896=DIRECTION('',(0.04310675555588108,-0.9990704718013866,0));
#8897=FACE_SURFACE('',(#8902),#8898,.T.);
#8898=PLANE('',#8899);
#8899=AXIS2_PLACEMENT_3D('',#720,#8900,#8901);
#8900=DIRECTION('',(0,0,-1));
#8901=DIRECTION('',(-0.2287541649464588,-0.9734842227892799,0));
#8902=FACE_BOUND('',#8903,.T.);
#8903=EDGE_LOOP('',(#8904,#8905,#8906));
#8904=ORIENTED_EDGE('',*,*,#8907,.T.);
#8905=ORIENTED_EDGE('',*,*,#8908,.T.);
#8906=ORIENTED_EDGE('',*,*,#8909,.T.);
#8907=EDGE_CURVE('',#721,#727,#8910,.F.);
#8908=EDGE_CURVE('',#727,#729,#8911,.T.);
#8909=EDGE_CURVE('',#729,#721,#8912,.T.);
#8910=LINE('',#720,#8913);
#8911=LINE('',#726,#8914);
#8912=LINE('',#728,#8915);
#8913=VECTOR('',#8916,1.0);
#8914=VECTOR('',#8917,1.0);
#8915=VECTOR('',#8918,1.0);
#8916=DIRECTION('',(-0.2287541649464588,-0.9734842227892799,0));
#8917=DIRECTION('',(-0.7933560467907059,-0.6087579018137039,0));
#8918=DIRECTION('',(0.36976845086900917,0.9291239383106719,0));
#8919=FACE_SURFACE('',(#8924),#8920,.T.);
#8920=PLANE('',#8921);
#8921=AXIS2_PLACEMENT_3D('',#720,#8922,#8923);
#8922=DIRECTION('',(0,0,-1));
#8923=DIRECTION('',(-0.36976845086900917,-0.9291239383106719,0));
#8924=FACE_BOUND('',#8925,.T.);
#8925=EDGE_LOOP('',(#8926,#8927,#8928));
#8926=ORIENTED_EDGE('',*,*,#8929,.T.);
#8927=ORIENTED_EDGE('',*,*,#8930,.T.);
#8928=ORIENTED_EDGE('',*,*,#8931,.T.);
#8929=EDGE_CURVE('',#721,#729,#8932,.F.);
#8930=EDGE_CURVE('',#729,#731,#8933,.T.);
#8931=EDGE_CURVE('',#731,#721,#8934,.T.);
#8932=LINE('',#720,#8935);
#8933=LINE('',#728,#8936);
#8934=LINE('',#730,#8937);
#8935=VECTOR('',#8938,1.0);
#8936=VECTOR('',#8939,1.0);
#8937=VECTOR('',#8940,1.0);
#8938=DIRECTION('',(-0.36976845086900917,-0.9291239383106719,0));
#8939=DIRECTION('',(-0.9933287092502963,-0.11531728135513963,0));
#8940=DIRECTION('',(0.8172340155784724,0.5763059636872458,0));
#8941=FACE_SURFACE('',(#8946),#8942,.T.);
#8942=PLANE('',#8943);
#8943=AXIS2_PLACEMENT_3D('',#730,#8944,#8945);
#8944=DIRECTION('',(0,0,-1));
#8945=DIRECTION('',(0.9933287092502963,0.11531728135513963,0));
#8946=FACE_BOUND('',#8947,.T.);
#8947=EDGE_LOOP('',(#8948,#8949,#8950));
#8948=ORIENTED_EDGE('',*,*,#8951,.T.);
#8949=ORIENTED_EDGE('',*,*,#8952,.T.);
#8950=ORIENTED_EDGE('',*,*,#8953,.T.);
#8951=EDGE_CURVE('',#731,#729,#8954,.F.);
#8952=EDGE_CURVE('',#729,#733,#8955,.T.);
#8953=EDGE_CURVE('',#733,#731,#8956,.T.);
#8954=LINE('',#730,#8957);
#8955=LINE('',#728,#8958);
#8956=LINE('',#732,#8959);
#8957=VECTOR('',#8960,1.0);
#8958=VECTOR('',#8961,1.0);
#8959=VECTOR('',#8962,1.0);
#8960=DIRECTION('',(0.9933287092502963,0.11531728135513963,0));
#8961=DIRECTION('',(-0.6087579018137039,-0.7933560467907059,0));
#8962=DIRECTION('',(-0.998576061543341,0.05334650234635616,0));
#8963=FACE_SURFACE('',(#8968),#8964,.T.);
#8964=PLANE('',#8965);
#8965=AXIS2_PLACEMENT_3D('',#730,#8966,#8967);
#8966=DIRECTION('',(0,0,-1));
#8967=DIRECTION('',(0.998576061543341,-0.05334650234635616,0));
#8968=FACE_BOUND('',#8969,.T.);
#8969=EDGE_LOOP('',(#8970,#8971,#8972));
#8970=ORIENTED_EDGE('',*,*,#8973,.T.);
#8971=ORIENTED_EDGE('',*,*,#8974,.T.);
#8972=ORIENTED_EDGE('',*,*,#8975,.T.);
#8973=EDGE_CURVE('',#731,#733,#8976,.F.);
#8974=EDGE_CURVE('',#733,#735,#8977,.T.);
#8975=EDGE_CURVE('',#735,#731,#8978,.T.);
#8976=LINE('',#730,#8979);
#8977=LINE('',#732,#8980);
#8978=LINE('',#734,#8981);
#8979=VECTOR('',#8982,1.0);
#8980=VECTOR('',#8983,1.0);
#8981=VECTOR('',#8984,1.0);
#8982=DIRECTION('',(0.998576061543341,-0.05334650234635616,0));
#8983=DIRECTION('',(-0.3826804604958137,-0.9238807634942465,0));
#8984=DIRECTION('',(-0.9586749521228163,0.28450366636005925,0));
#8985=FACE_SURFACE('',(#8990),#8986,.T.);
#8986=PLANE('',#8987);
#8987=AXIS2_PLACEMENT_3D('',#734,#8988,#8989);
#8988=DIRECTION('',(-0,0,-1));
#8989=DIRECTION('',(-0.13053061640817715,-0.9914442789083516,0));
#8990=FACE_BOUND('',#8991,.T.);
#8991=EDGE_LOOP('',(#8992,#8993,#8994));
#8992=ORIENTED_EDGE('',*,*,#8995,.T.);
#8993=ORIENTED_EDGE('',*,*,#8996,.T.);
#8994=ORIENTED_EDGE('',*,*,#8997,.T.);
#8995=EDGE_CURVE('',#735,#737,#8998,.F.);
#8996=EDGE_CURVE('',#737,#731,#8999,.T.);
#8997=EDGE_CURVE('',#731,#735,#9000,.T.);
#8998=LINE('',#734,#9001);
#8999=LINE('',#736,#9002);
#9000=LINE('',#730,#9003);
#9001=VECTOR('',#9004,1.0);
#9002=VECTOR('',#9005,1.0);
#9003=VECTOR('',#9006,1.0);
#9004=DIRECTION('',(-0.13053061640817715,-0.9914442789083516,0));
#9005=DIRECTION('',(-0.8682241262111339,0.49617221472480005,0));
#9006=DIRECTION('',(0.9586749521228163,-0.28450366636005925,0));
#9007=FACE_SURFACE('',(#9012),#9008,.T.);
#9008=PLANE('',#9009);
#9009=AXIS2_PLACEMENT_3D('',#730,#9010,#9011);
#9010=DIRECTION('',(0,0,-1));
#9011=DIRECTION('',(0.8682241262111339,-0.49617221472480005,0));
#9012=FACE_BOUND('',#9013,.T.);
#9013=EDGE_LOOP('',(#9014,#9015,#9016));
#9014=ORIENTED_EDGE('',*,*,#9017,.T.);
#9015=ORIENTED_EDGE('',*,*,#9018,.T.);
#9016=ORIENTED_EDGE('',*,*,#9019,.T.);
#9017=EDGE_CURVE('',#731,#737,#9020,.F.);
#9018=EDGE_CURVE('',#737,#739,#9021,.T.);
#9019=EDGE_CURVE('',#739,#731,#9022,.T.);
#9020=LINE('',#730,#9023);
#9021=LINE('',#736,#9024);
#9022=LINE('',#738,#9025);
#9023=VECTOR('',#9026,1.0);
#9024=VECTOR('',#9027,1.0);
#9025=VECTOR('',#9028,1.0);
#9026=DIRECTION('',(0.8682241262111339,-0.49617221472480005,0));
#9027=DIRECTION('',(0.13053061640817715,-0.9914442789083516,0));
#9028=DIRECTION('',(-0.7779209130286877,0.6283621989526526,0));
#9029=FACE_SURFACE('',(#9034),#9030,.T.);
#9030=PLANE('',#9031);
#9031=AXIS2_PLACEMENT_3D('',#730,#9032,#9033);
#9032=DIRECTION('',(0,0,-1));
#9033=DIRECTION('',(0.7779209130286877,-0.6283621989526526,0));
#9034=FACE_BOUND('',#9035,.T.);
#9035=EDGE_LOOP('',(#9036,#9037,#9038));
#9036=ORIENTED_EDGE('',*,*,#9039,.T.);
#9037=ORIENTED_EDGE('',*,*,#9040,.T.);
#9038=ORIENTED_EDGE('',*,*,#9041,.T.);
#9039=EDGE_CURVE('',#731,#739,#9042,.F.);
#9040=EDGE_CURVE('',#739,#741,#9043,.T.);
#9041=EDGE_CURVE('',#741,#731,#9044,.T.);
#9042=LINE('',#730,#9045);
#9043=LINE('',#738,#9046);
#9044=LINE('',#740,#9047);
#9045=VECTOR('',#9048,1.0);
#9046=VECTOR('',#9049,1.0);
#9047=VECTOR('',#9050,1.0);
#9048=DIRECTION('',(0.7779209130286877,-0.6283621989526526,0));
#9049=DIRECTION('',(0.3826804604958137,-0.9238807634942465,0));
#9050=DIRECTION('',(-0.7242947594227895,0.6894904651064315,0));
#9051=FACE_SURFACE('',(#9056),#9052,.T.);
#9052=PLANE('',#9053);
#9053=AXIS2_PLACEMENT_3D('',#730,#9054,#9055);
#9054=DIRECTION('',(0,-0,-1));
#9055=DIRECTION('',(0.7242947594227895,-0.6894904651064315,0));
#9056=FACE_BOUND('',#9057,.T.);
#9057=EDGE_LOOP('',(#9058,#9059,#9060));
#9058=ORIENTED_EDGE('',*,*,#9061,.T.);
#9059=ORIENTED_EDGE('',*,*,#9062,.T.);
#9060=ORIENTED_EDGE('',*,*,#9063,.T.);
#9061=EDGE_CURVE('',#731,#741,#9064,.F.);
#9062=EDGE_CURVE('',#741,#743,#9065,.T.);
#9063=EDGE_CURVE('',#743,#731,#9066,.T.);
#9064=LINE('',#730,#9067);
#9065=LINE('',#740,#9068);
#9066=LINE('',#742,#9069);
#9067=VECTOR('',#9070,1.0);
#9068=VECTOR('',#9071,1.0);
#9069=VECTOR('',#9072,1.0);
#9070=DIRECTION('',(0.7242947594227895,-0.6894904651064315,0));
#9071=DIRECTION('',(-0.9998731244072772,-0.01592906425468522,0));
#9072=DIRECTION('',(0.8445535202187991,0.5354711490697088,0));
#9073=FACE_SURFACE('',(#9078),#9074,.T.);
#9074=PLANE('',#9075);
#9075=AXIS2_PLACEMENT_3D('',#742,#9076,#9077);
#9076=DIRECTION('',(0,0,-1));
#9077=DIRECTION('',(0.9998731244072772,0.01592906425468522,0));
#9078=FACE_BOUND('',#9079,.T.);
#9079=EDGE_LOOP('',(#9080,#9081,#9082));
#9080=ORIENTED_EDGE('',*,*,#9083,.T.);
#9081=ORIENTED_EDGE('',*,*,#9084,.T.);
#9082=ORIENTED_EDGE('',*,*,#9085,.T.);
#9083=EDGE_CURVE('',#743,#741,#9086,.F.);
#9084=EDGE_CURVE('',#741,#745,#9087,.T.);
#9085=EDGE_CURVE('',#745,#743,#9088,.T.);
#9086=LINE('',#742,#9089);
#9087=LINE('',#740,#9090);
#9088=LINE('',#744,#9091);
#9089=VECTOR('',#9092,1.0);
#9090=VECTOR('',#9093,1.0);
#9091=VECTOR('',#9094,1.0);
#9092=DIRECTION('',(0.9998731244072772,0.01592906425468522,0));
#9093=DIRECTION('',(0.6087579018137039,-0.7933560467907059,0));
#9094=DIRECTION('',(-0.9985660583422297,0.05353342065348254,0));
#9095=FACE_SURFACE('',(#9100),#9096,.T.);
#9096=PLANE('',#9097);
#9097=AXIS2_PLACEMENT_3D('',#742,#9098,#9099);
#9098=DIRECTION('',(0,0,-1));
#9099=DIRECTION('',(0.9985660583422297,-0.05353342065348254,0));
#9100=FACE_BOUND('',#9101,.T.);
#9101=EDGE_LOOP('',(#9102,#9103,#9104));
#9102=ORIENTED_EDGE('',*,*,#9105,.T.);
#9103=ORIENTED_EDGE('',*,*,#9106,.T.);
#9104=ORIENTED_EDGE('',*,*,#9107,.T.);
#9105=EDGE_CURVE('',#743,#745,#9108,.F.);
#9106=EDGE_CURVE('',#745,#747,#9109,.T.);
#9107=EDGE_CURVE('',#747,#743,#9110,.T.);
#9108=LINE('',#742,#9111);
#9109=LINE('',#744,#9112);
#9110=LINE('',#746,#9113);
#9111=VECTOR('',#9114,1.0);
#9112=VECTOR('',#9115,1.0);
#9113=VECTOR('',#9116,1.0);
#9114=DIRECTION('',(0.9985660583422297,-0.05353342065348254,0));
#9115=DIRECTION('',(0.7933560467907059,-0.6087579018137039,0));
#9116=DIRECTION('',(-0.9950871957002742,0.09900238862453972,0));
#9117=FACE_SURFACE('',(#9122),#9118,.T.);
#9118=PLANE('',#9119);
#9119=AXIS2_PLACEMENT_3D('',#742,#9120,#9121);
#9120=DIRECTION('',(0,-0,-1));
#9121=DIRECTION('',(0.9950871957002742,-0.09900238862453972,0));
#9122=FACE_BOUND('',#9123,.T.);
#9123=EDGE_LOOP('',(#9124,#9125,#9126));
#9124=ORIENTED_EDGE('',*,*,#9127,.T.);
#9125=ORIENTED_EDGE('',*,*,#9128,.T.);
#9126=ORIENTED_EDGE('',*,*,#9129,.T.);
#9127=EDGE_CURVE('',#743,#747,#9130,.F.);
#9128=EDGE_CURVE('',#747,#691,#9131,.T.);
#9129=EDGE_CURVE('',#691,#743,#9132,.T.);
#9130=LINE('',#742,#9133);
#9131=LINE('',#746,#9134);
#9132=LINE('',#690,#9135);
#9133=VECTOR('',#9136,1.0);
#9134=VECTOR('',#9137,1.0);
#9135=VECTOR('',#9138,1.0);
#9136=DIRECTION('',(0.9950871957002742,-0.09900238862453972,0));
#9137=DIRECTION('',(-0.9904724378502587,-0.13771111015079904,0));
#9138=DIRECTION('',(0.8698343628380498,0.49334387725614265,0));
#9139=FACE_SURFACE('',(#9144),#9140,.T.);
#9140=PLANE('',#9141);
#9141=AXIS2_PLACEMENT_3D('',#690,#9142,#9143);
#9142=DIRECTION('',(0,0,-1));
#9143=DIRECTION('',(0.9904724378502587,0.13771111015079904,0));
#9144=FACE_BOUND('',#9145,.T.);
#9145=EDGE_LOOP('',(#9146,#9147,#9148));
#9146=ORIENTED_EDGE('',*,*,#9149,.T.);
#9147=ORIENTED_EDGE('',*,*,#9150,.T.);
#9148=ORIENTED_EDGE('',*,*,#9151,.T.);
#9149=EDGE_CURVE('',#691,#747,#9152,.F.);
#9150=EDGE_CURVE('',#747,#687,#9153,.T.);
#9151=EDGE_CURVE('',#687,#691,#9154,.T.);
#9152=LINE('',#690,#9155);
#9153=LINE('',#746,#9156);
#9154=LINE('',#686,#9157);
#9155=VECTOR('',#9158,1.0);
#9156=VECTOR('',#9159,1.0);
#9157=VECTOR('',#9160,1.0);
#9158=DIRECTION('',(0.9904724378502587,0.13771111015079904,0));
#9159=DIRECTION('',(0.9238807634942465,-0.3826804604958137,0));
#9160=DIRECTION('',(-0.9936028583390412,-0.11293077481575718,0));
#9161=FACE_SURFACE('',(#9166),#9162,.T.);
#9162=PLANE('',#9163);
#9163=AXIS2_PLACEMENT_3D('',#598,#9164,#9165);
#9164=DIRECTION('',(0,0,-1));
#9165=DIRECTION('',(0.9494287895534077,-0.31398244149498394,0));
#9166=FACE_BOUND('',#9167,.T.);
#9167=EDGE_LOOP('',(#9168,#9169,#9170));
#9168=ORIENTED_EDGE('',*,*,#9171,.T.);
#9169=ORIENTED_EDGE('',*,*,#9172,.T.);
#9170=ORIENTED_EDGE('',*,*,#9173,.T.);
#9171=EDGE_CURVE('',#599,#749,#9174,.F.);
#9172=EDGE_CURVE('',#749,#55,#9175,.T.);
#9173=EDGE_CURVE('',#55,#599,#9176,.T.);
#9174=LINE('',#598,#9177);
#9175=LINE('',#748,#9178);
#9176=LINE('',#54,#9179);
#9177=VECTOR('',#9180,1.0);
#9178=VECTOR('',#9181,1.0);
#9179=VECTOR('',#9182,1.0);
#9180=DIRECTION('',(0.9494287895534077,-0.31398244149498394,0));
#9181=DIRECTION('',(0.6229413334295473,-0.7822685568939975,0));
#9182=DIRECTION('',(-0.6879168880148959,0.7257894702900429,0));
#9183=FACE_SURFACE('',(#9188),#9184,.T.);
#9184=PLANE('',#9185);
#9185=AXIS2_PLACEMENT_3D('',#54,#9186,#9187);
#9186=DIRECTION('',(0,0,-1));
#9187=DIRECTION('',(-0.6229413334295473,0.7822685568939975,0));
#9188=FACE_BOUND('',#9189,.T.);
#9189=EDGE_LOOP('',(#9190,#9191,#9192));
#9190=ORIENTED_EDGE('',*,*,#9193,.T.);
#9191=ORIENTED_EDGE('',*,*,#9194,.T.);
#9192=ORIENTED_EDGE('',*,*,#9195,.T.);
#9193=EDGE_CURVE('',#55,#749,#9196,.F.);
#9194=EDGE_CURVE('',#749,#751,#9197,.T.);
#9195=EDGE_CURVE('',#751,#55,#9198,.T.);
#9196=LINE('',#54,#9199);
#9197=LINE('',#748,#9200);
#9198=LINE('',#750,#9201);
#9199=VECTOR('',#9202,1.0);
#9200=VECTOR('',#9203,1.0);
#9201=VECTOR('',#9204,1.0);
#9202=DIRECTION('',(-0.6229413334295473,0.7822685568939975,0));
#9203=DIRECTION('',(0.9637047371456262,-0.2669703721446999,0));
#9204=DIRECTION('',(0.5208921111762798,-0.85362252109133,0));
#9205=FACE_SURFACE('',(#9210),#9206,.T.);
#9206=PLANE('',#9207);
#9207=AXIS2_PLACEMENT_3D('',#54,#9208,#9209);
#9208=DIRECTION('',(0,0,-1));
#9209=DIRECTION('',(-0.5208921111762798,0.85362252109133,0));
#9210=FACE_BOUND('',#9211,.T.);
#9211=EDGE_LOOP('',(#9212,#9213,#9214));
#9212=ORIENTED_EDGE('',*,*,#9215,.T.);
#9213=ORIENTED_EDGE('',*,*,#9216,.T.);
#9214=ORIENTED_EDGE('',*,*,#9217,.T.);
#9215=EDGE_CURVE('',#55,#751,#9218,.F.);
#9216=EDGE_CURVE('',#751,#419,#9219,.T.);
#9217=EDGE_CURVE('',#419,#55,#9220,.T.);
#9218=LINE('',#54,#9221);
#9219=LINE('',#750,#9222);
#9220=LINE('',#418,#9223);
#9221=VECTOR('',#9224,1.0);
#9222=VECTOR('',#9225,1.0);
#9223=VECTOR('',#9226,1.0);
#9224=DIRECTION('',(-0.5208921111762798,0.85362252109133,0));
#9225=DIRECTION('',(0.9756539239957599,-0.21931580105335777,0));
#9226=DIRECTION('',(0.3630506457805101,-0.9317694074170684,0));
#9227=FACE_SURFACE('',(#9232),#9228,.T.);
#9228=PLANE('',#9229);
#9229=AXIS2_PLACEMENT_3D('',#422,#9230,#9231);
#9230=DIRECTION('',(0,-0,-1));
#9231=DIRECTION('',(0.9972850592115452,-0.07363769872439452,0));
#9232=FACE_BOUND('',#9233,.T.);
#9233=EDGE_LOOP('',(#9234,#9235,#9236));
#9234=ORIENTED_EDGE('',*,*,#9237,.T.);
#9235=ORIENTED_EDGE('',*,*,#9238,.T.);
#9236=ORIENTED_EDGE('',*,*,#9239,.T.);
#9237=EDGE_CURVE('',#423,#753,#9240,.F.);
#9238=EDGE_CURVE('',#753,#51,#9241,.T.);
#9239=EDGE_CURVE('',#51,#423,#9242,.T.);
#9240=LINE('',#422,#9243);
#9241=LINE('',#752,#9244);
#9242=LINE('',#50,#9245);
#9243=VECTOR('',#9246,1.0);
#9244=VECTOR('',#9247,1.0);
#9245=VECTOR('',#9248,1.0);
#9246=DIRECTION('',(0.9972850592115452,-0.07363769872439452,0));
#9247=DIRECTION('',(-0.6719606756542021,-0.7405868283829711,0));
#9248=DIRECTION('',(0.2752890477156785,0.9613615033939079,0));
#9249=FACE_SURFACE('',(#9254),#9250,.T.);
#9250=PLANE('',#9251);
#9251=AXIS2_PLACEMENT_3D('',#50,#9252,#9253);
#9252=DIRECTION('',(0,0,-1));
#9253=DIRECTION('',(0.6719606756542021,0.7405868283829711,0));
#9254=FACE_BOUND('',#9255,.T.);
#9255=EDGE_LOOP('',(#9256,#9257,#9258));
#9256=ORIENTED_EDGE('',*,*,#9259,.T.);
#9257=ORIENTED_EDGE('',*,*,#9260,.T.);
#9258=ORIENTED_EDGE('',*,*,#9261,.T.);
#9259=EDGE_CURVE('',#51,#753,#9262,.F.);
#9260=EDGE_CURVE('',#753,#413,#9263,.T.);
#9261=EDGE_CURVE('',#413,#51,#9264,.T.);
#9262=LINE('',#50,#9265);
#9263=LINE('',#752,#9266);
#9264=LINE('',#412,#9267);
#9265=VECTOR('',#9268,1.0);
#9266=VECTOR('',#9269,1.0);
#9267=VECTOR('',#9270,1.0);
#9268=DIRECTION('',(0.6719606756542021,0.7405868283829711,0));
#9269=DIRECTION('',(0.9996982095863487,-0.024566028369457923,0));
#9270=DIRECTION('',(-0.8386923847051572,-0.5446054386779267,0));
#9271=FACE_SURFACE('',(#9276),#9272,.T.);
#9272=PLANE('',#9273);
#9273=AXIS2_PLACEMENT_3D('',#416,#9274,#9275);
#9274=DIRECTION('',(0,0,-1));
#9275=DIRECTION('',(0.992464575454685,0.12253189979573359,0));
#9276=FACE_BOUND('',#9277,.T.);
#9277=EDGE_LOOP('',(#9278,#9279,#9280));
#9278=ORIENTED_EDGE('',*,*,#9281,.T.);
#9279=ORIENTED_EDGE('',*,*,#9282,.T.);
#9280=ORIENTED_EDGE('',*,*,#9283,.T.);
#9281=EDGE_CURVE('',#417,#755,#9284,.F.);
#9282=EDGE_CURVE('',#755,#47,#9285,.T.);
#9283=EDGE_CURVE('',#47,#417,#9286,.T.);
#9284=LINE('',#416,#9287);
#9285=LINE('',#754,#9288);
#9286=LINE('',#46,#9289);
#9287=VECTOR('',#9290,1.0);
#9288=VECTOR('',#9291,1.0);
#9289=VECTOR('',#9292,1.0);
#9290=DIRECTION('',(0.992464575454685,0.12253189979573359,0));
#9291=DIRECTION('',(-0.26361657166506575,-0.9646275463325507,0));
#9292=DIRECTION('',(-0.27528923070340816,0.9613614509947471,0));
#9293=FACE_SURFACE('',(#9298),#9294,.T.);
#9294=PLANE('',#9295);
#9295=AXIS2_PLACEMENT_3D('',#46,#9296,#9297);
#9296=DIRECTION('',(0,0,-1));
#9297=DIRECTION('',(0.26361657166506575,0.9646275463325507,0));
#9298=FACE_BOUND('',#9299,.T.);
#9299=EDGE_LOOP('',(#9300,#9301,#9302));
#9300=ORIENTED_EDGE('',*,*,#9303,.T.);
#9301=ORIENTED_EDGE('',*,*,#9304,.T.);
#9302=ORIENTED_EDGE('',*,*,#9305,.T.);
#9303=EDGE_CURVE('',#47,#755,#9306,.F.);
#9304=EDGE_CURVE('',#755,#407,#9307,.T.);
#9305=EDGE_CURVE('',#407,#47,#9308,.T.);
#9306=LINE('',#46,#9309);
#9307=LINE('',#754,#9310);
#9308=LINE('',#406,#9311);
#9309=VECTOR('',#9312,1.0);
#9310=VECTOR('',#9313,1.0);
#9311=VECTOR('',#9314,1.0);
#9312=DIRECTION('',(0.26361657166506575,0.9646275463325507,0));
#9313=DIRECTION('',(0.9852484111644315,0.17113026704228365,0));
#9314=DIRECTION('',(-0.5952752160348338,-0.803521883444802,0));
#9315=FACE_SURFACE('',(#9320),#9316,.T.);
#9316=PLANE('',#9317);
#9317=AXIS2_PLACEMENT_3D('',#410,#9318,#9319);
#9318=DIRECTION('',(0,-0,-1));
#9319=DIRECTION('',(0.9494287895534077,0.31398244149498394,0));
#9320=FACE_BOUND('',#9321,.T.);
#9321=EDGE_LOOP('',(#9322,#9323,#9324));
#9322=ORIENTED_EDGE('',*,*,#9325,.T.);
#9323=ORIENTED_EDGE('',*,*,#9326,.T.);
#9324=ORIENTED_EDGE('',*,*,#9327,.T.);
#9325=EDGE_CURVE('',#411,#699,#9328,.F.);
#9326=EDGE_CURVE('',#699,#45,#9329,.T.);
#9327=EDGE_CURVE('',#45,#411,#9330,.T.);
#9328=LINE('',#410,#9331);
#9329=LINE('',#698,#9332);
#9330=LINE('',#44,#9333);
#9331=VECTOR('',#9334,1.0);
#9332=VECTOR('',#9335,1.0);
#9333=VECTOR('',#9336,1.0);
#9334=DIRECTION('',(0.9494287895534077,0.31398244149498394,0));
#9335=DIRECTION('',(-0.6879169007725511,-0.7257894581980977,0));
#9336=DIRECTION('',(0.6229413505689304,0.7822685432454491,0));
#9337=FACE_SURFACE('',(#9342),#9338,.T.);
#9338=PLANE('',#9339);
#9339=AXIS2_PLACEMENT_3D('',#516,#9340,#9341);
#9340=DIRECTION('',(0.9914442789083516,-0.13053061640817715,0));
#9341=DIRECTION('',(0,0,1));
#9342=FACE_BOUND('',#9343,.T.);
#9343=EDGE_LOOP('',(#9344,#9345,#9346));
#9344=ORIENTED_EDGE('',*,*,#9347,.T.);
#9345=ORIENTED_EDGE('',*,*,#9348,.T.);
#9346=ORIENTED_EDGE('',*,*,#9349,.T.);
#9347=EDGE_CURVE('',#517,#123,#9350,.F.);
#9348=EDGE_CURVE('',#123,#521,#9351,.T.);
#9349=EDGE_CURVE('',#521,#517,#9352,.T.);
#9350=LINE('',#516,#9353);
#9351=LINE('',#122,#9354);
#9352=LINE('',#520,#9355);
#9353=VECTOR('',#9356,1.0);
#9354=VECTOR('',#9357,1.0);
#9355=VECTOR('',#9358,1.0);
#9356=DIRECTION('',(0,0,1));
#9357=DIRECTION('',(-0.025080373822842558,-0.1904977837673209,-0.981367193882415));
#9358=DIRECTION('',(0.13053061640817715,0.9914442789083516,0));
#9359=FACE_SURFACE('',(#9364),#9360,.T.);
#9360=PLANE('',#9361);
#9361=AXIS2_PLACEMENT_3D('',#520,#9362,#9363);
#9362=DIRECTION('',(0.9914442789083516,-0.13053061640817715,0));
#9363=DIRECTION('',(0.025080373822842558,0.1904977837673209,0.981367193882415));
#9364=FACE_BOUND('',#9365,.T.);
#9365=EDGE_LOOP('',(#9366,#9367,#9368));
#9366=ORIENTED_EDGE('',*,*,#9369,.T.);
#9367=ORIENTED_EDGE('',*,*,#9370,.T.);
#9368=ORIENTED_EDGE('',*,*,#9371,.T.);
#9369=EDGE_CURVE('',#521,#123,#9372,.F.);
#9370=EDGE_CURVE('',#123,#127,#9373,.T.);
#9371=EDGE_CURVE('',#127,#521,#9374,.T.);
#9372=LINE('',#520,#9375);
#9373=LINE('',#122,#9376);
#9374=LINE('',#126,#9377);
#9375=VECTOR('',#9378,1.0);
#9376=VECTOR('',#9379,1.0);
#9377=VECTOR('',#9380,1.0);
#9378=DIRECTION('',(0.025080373822842558,0.1904977837673209,0.981367193882415));
#9379=DIRECTION('',(-0.13053061640817715,-0.9914442789083516,0));
#9380=DIRECTION('',(0,0,-1));
#9381=FACE_SURFACE('',(#9386),#9382,.T.);
#9382=PLANE('',#9383);
#9383=AXIS2_PLACEMENT_3D('',#520,#9384,#9385);
#9384=DIRECTION('',(0.9914442789083516,0.13053061640817715,-0));
#9385=DIRECTION('',(0,0,1));
#9386=FACE_BOUND('',#9387,.T.);
#9387=EDGE_LOOP('',(#9388,#9389,#9390));
#9388=ORIENTED_EDGE('',*,*,#9391,.T.);
#9389=ORIENTED_EDGE('',*,*,#9392,.T.);
#9390=ORIENTED_EDGE('',*,*,#9393,.T.);
#9391=EDGE_CURVE('',#521,#127,#9394,.F.);
#9392=EDGE_CURVE('',#127,#463,#9395,.T.);
#9393=EDGE_CURVE('',#463,#521,#9396,.T.);
#9394=LINE('',#520,#9397);
#9395=LINE('',#126,#9398);
#9396=LINE('',#462,#9399);
#9397=VECTOR('',#9400,1.0);
#9398=VECTOR('',#9401,1.0);
#9399=VECTOR('',#9402,1.0);
#9400=DIRECTION('',(0,0,1));
#9401=DIRECTION('',(0.025080373822842558,-0.1904977837673209,-0.981367193882415));
#9402=DIRECTION('',(-0.13053061640817715,0.9914442789083516,0));
#9403=FACE_SURFACE('',(#9408),#9404,.T.);
#9404=PLANE('',#9405);
#9405=AXIS2_PLACEMENT_3D('',#462,#9406,#9407);
#9406=DIRECTION('',(0.9914442789083516,0.13053061640817715,-0));
#9407=DIRECTION('',(-0.025080373822842558,0.1904977837673209,0.981367193882415));
#9408=FACE_BOUND('',#9409,.T.);
#9409=EDGE_LOOP('',(#9410,#9411,#9412));
#9410=ORIENTED_EDGE('',*,*,#9413,.T.);
#9411=ORIENTED_EDGE('',*,*,#9414,.T.);
#9412=ORIENTED_EDGE('',*,*,#9415,.T.);
#9413=EDGE_CURVE('',#463,#127,#9416,.F.);
#9414=EDGE_CURVE('',#127,#245,#9417,.T.);
#9415=EDGE_CURVE('',#245,#463,#9418,.T.);
#9416=LINE('',#462,#9419);
#9417=LINE('',#126,#9420);
#9418=LINE('',#244,#9421);
#9419=VECTOR('',#9422,1.0);
#9420=VECTOR('',#9423,1.0);
#9421=VECTOR('',#9424,1.0);
#9422=DIRECTION('',(-0.025080373822842558,0.1904977837673209,0.981367193882415));
#9423=DIRECTION('',(0.13053061640817715,-0.9914442789083516,0));
#9424=DIRECTION('',(0,0,-1));
#9425=FACE_SURFACE('',(#9430),#9426,.T.);
#9426=PLANE('',#9427);
#9427=AXIS2_PLACEMENT_3D('',#462,#9428,#9429);
#9428=DIRECTION('',(0.9238807634942465,0.3826804604958137,-0));
#9429=DIRECTION('',(0,0,1));
#9430=FACE_BOUND('',#9431,.T.);
#9431=EDGE_LOOP('',(#9432,#9433,#9434));
#9432=ORIENTED_EDGE('',*,*,#9435,.T.);
#9433=ORIENTED_EDGE('',*,*,#9436,.T.);
#9434=ORIENTED_EDGE('',*,*,#9437,.T.);
#9435=EDGE_CURVE('',#463,#245,#9438,.F.);
#9436=EDGE_CURVE('',#245,#459,#9439,.T.);
#9437=EDGE_CURVE('',#459,#463,#9440,.T.);
#9438=LINE('',#462,#9441);
#9439=LINE('',#244,#9442);
#9440=LINE('',#458,#9443);
#9441=VECTOR('',#9444,1.0);
#9442=VECTOR('',#9445,1.0);
#9443=VECTOR('',#9446,1.0);
#9444=DIRECTION('',(0,0,1));
#9445=DIRECTION('',(0.07352843273371142,-0.17751495460348904,-0.9813674186928387));
#9446=DIRECTION('',(-0.3826804604958137,0.9238807634942465,0));
#9447=FACE_SURFACE('',(#9452),#9448,.T.);
#9448=PLANE('',#9449);
#9449=AXIS2_PLACEMENT_3D('',#458,#9450,#9451);
#9450=DIRECTION('',(0.9238807634942465,0.3826804604958137,-0));
#9451=DIRECTION('',(-0.07352843273371142,0.17751495460348904,0.9813674186928387));
#9452=FACE_BOUND('',#9453,.T.);
#9453=EDGE_LOOP('',(#9454,#9455,#9456));
#9454=ORIENTED_EDGE('',*,*,#9457,.T.);
#9455=ORIENTED_EDGE('',*,*,#9458,.T.);
#9456=ORIENTED_EDGE('',*,*,#9459,.T.);
#9457=EDGE_CURVE('',#459,#245,#9460,.F.);
#9458=EDGE_CURVE('',#245,#241,#9461,.T.);
#9459=EDGE_CURVE('',#241,#459,#9462,.T.);
#9460=LINE('',#458,#9463);
#9461=LINE('',#244,#9464);
#9462=LINE('',#240,#9465);
#9463=VECTOR('',#9466,1.0);
#9464=VECTOR('',#9467,1.0);
#9465=VECTOR('',#9468,1.0);
#9466=DIRECTION('',(-0.07352843273371142,0.17751495460348904,0.9813674186928387));
#9467=DIRECTION('',(0.3826804604958137,-0.9238807634942465,0));
#9468=DIRECTION('',(0,0,-1));
#9469=FACE_SURFACE('',(#9474),#9470,.T.);
#9470=PLANE('',#9471);
#9471=AXIS2_PLACEMENT_3D('',#458,#9472,#9473);
#9472=DIRECTION('',(0.7933560467907059,0.6087579018137039,-0));
#9473=DIRECTION('',(0,0,1));
#9474=FACE_BOUND('',#9475,.T.);
#9475=EDGE_LOOP('',(#9476,#9477,#9478));
#9476=ORIENTED_EDGE('',*,*,#9479,.T.);
#9477=ORIENTED_EDGE('',*,*,#9480,.T.);
#9478=ORIENTED_EDGE('',*,*,#9481,.T.);
#9479=EDGE_CURVE('',#459,#241,#9482,.F.);
#9480=EDGE_CURVE('',#241,#455,#9483,.T.);
#9481=EDGE_CURVE('',#455,#459,#9484,.T.);
#9482=LINE('',#458,#9485);
#9483=LINE('',#240,#9486);
#9484=LINE('',#454,#9487);
#9485=VECTOR('',#9488,1.0);
#9486=VECTOR('',#9489,1.0);
#9487=VECTOR('',#9490,1.0);
#9488=DIRECTION('',(0,0,1));
#9489=DIRECTION('',(0.11696750635850531,-0.15243642533604243,-0.9813672802203273));
#9490=DIRECTION('',(-0.6087579018137039,0.7933560467907059,0));
#9491=FACE_SURFACE('',(#9496),#9492,.T.);
#9492=PLANE('',#9493);
#9493=AXIS2_PLACEMENT_3D('',#454,#9494,#9495);
#9494=DIRECTION('',(0.7933560467907059,0.6087579018137039,-0));
#9495=DIRECTION('',(-0.11696750635850531,0.15243642533604243,0.9813672802203273));
#9496=FACE_BOUND('',#9497,.T.);
#9497=EDGE_LOOP('',(#9498,#9499,#9500));
#9498=ORIENTED_EDGE('',*,*,#9501,.T.);
#9499=ORIENTED_EDGE('',*,*,#9502,.T.);
#9500=ORIENTED_EDGE('',*,*,#9503,.T.);
#9501=EDGE_CURVE('',#455,#241,#9504,.F.);
#9502=EDGE_CURVE('',#241,#237,#9505,.T.);
#9503=EDGE_CURVE('',#237,#455,#9506,.T.);
#9504=LINE('',#454,#9507);
#9505=LINE('',#240,#9508);
#9506=LINE('',#236,#9509);
#9507=VECTOR('',#9510,1.0);
#9508=VECTOR('',#9511,1.0);
#9509=VECTOR('',#9512,1.0);
#9510=DIRECTION('',(-0.11696750635850531,0.15243642533604243,0.9813672802203273));
#9511=DIRECTION('',(0.6087579018137039,-0.7933560467907059,0));
#9512=DIRECTION('',(0,0,-1));
#9513=FACE_SURFACE('',(#9518),#9514,.T.);
#9514=PLANE('',#9515);
#9515=AXIS2_PLACEMENT_3D('',#454,#9516,#9517);
#9516=DIRECTION('',(0.608751770109835,0.7933607517316084,-0));
#9517=DIRECTION('',(0,0,1));
#9518=FACE_BOUND('',#9519,.T.);
#9519=EDGE_LOOP('',(#9520,#9521,#9522));
#9520=ORIENTED_EDGE('',*,*,#9523,.T.);
#9521=ORIENTED_EDGE('',*,*,#9524,.T.);
#9522=ORIENTED_EDGE('',*,*,#9525,.T.);
#9523=EDGE_CURVE('',#455,#237,#9526,.F.);
#9524=EDGE_CURVE('',#237,#451,#9527,.T.);
#9525=EDGE_CURVE('',#451,#455,#9528,.T.);
#9526=LINE('',#454,#9529);
#9527=LINE('',#236,#9530);
#9528=LINE('',#450,#9531);
#9529=VECTOR('',#9532,1.0);
#9530=VECTOR('',#9533,1.0);
#9531=VECTOR('',#9534,1.0);
#9532=DIRECTION('',(0,0,1));
#9533=DIRECTION('',(0.1524364587103536,-0.11696566015732922,-0.9813674950801085));
#9534=DIRECTION('',(-0.7933607517316084,0.608751770109835,0));
#9535=FACE_SURFACE('',(#9540),#9536,.T.);
#9536=PLANE('',#9537);
#9537=AXIS2_PLACEMENT_3D('',#450,#9538,#9539);
#9538=DIRECTION('',(0.608751770109835,0.7933607517316084,-0));
#9539=DIRECTION('',(-0.1524364587103536,0.11696566015732922,0.9813674950801085));
#9540=FACE_BOUND('',#9541,.T.);
#9541=EDGE_LOOP('',(#9542,#9543,#9544));
#9542=ORIENTED_EDGE('',*,*,#9545,.T.);
#9543=ORIENTED_EDGE('',*,*,#9546,.T.);
#9544=ORIENTED_EDGE('',*,*,#9547,.T.);
#9545=EDGE_CURVE('',#451,#237,#9548,.F.);
#9546=EDGE_CURVE('',#237,#233,#9549,.T.);
#9547=EDGE_CURVE('',#233,#451,#9550,.T.);
#9548=LINE('',#450,#9551);
#9549=LINE('',#236,#9552);
#9550=LINE('',#232,#9553);
#9551=VECTOR('',#9554,1.0);
#9552=VECTOR('',#9555,1.0);
#9553=VECTOR('',#9556,1.0);
#9554=DIRECTION('',(-0.1524364587103536,0.11696566015732922,0.9813674950801085));
#9555=DIRECTION('',(0.7933607517316084,-0.608751770109835,0));
#9556=DIRECTION('',(0,0,-1));
#9557=FACE_SURFACE('',(#9562),#9558,.T.);
#9558=PLANE('',#9559);
#9559=AXIS2_PLACEMENT_3D('',#450,#9560,#9561);
#9560=DIRECTION('',(0.38269709078051545,0.9238738748920926,-0));
#9561=DIRECTION('',(0,0,1));
#9562=FACE_BOUND('',#9563,.T.);
#9563=EDGE_LOOP('',(#9564,#9565,#9566));
#9564=ORIENTED_EDGE('',*,*,#9567,.T.);
#9565=ORIENTED_EDGE('',*,*,#9568,.T.);
#9566=ORIENTED_EDGE('',*,*,#9569,.T.);
#9567=EDGE_CURVE('',#451,#233,#9570,.F.);
#9568=EDGE_CURVE('',#233,#447,#9571,.T.);
#9569=EDGE_CURVE('',#447,#451,#9572,.T.);
#9570=LINE('',#450,#9573);
#9571=LINE('',#232,#9574);
#9572=LINE('',#446,#9575);
#9573=VECTOR('',#9576,1.0);
#9574=VECTOR('',#9577,1.0);
#9575=VECTOR('',#9578,1.0);
#9576=DIRECTION('',(0,0,1));
#9577=DIRECTION('',(0.17751490573905818,-0.07353215611216375,-0.9813671485524413));
#9578=DIRECTION('',(-0.9238738748920926,0.38269709078051545,0));
#9579=FACE_SURFACE('',(#9584),#9580,.T.);
#9580=PLANE('',#9581);
#9581=AXIS2_PLACEMENT_3D('',#446,#9582,#9583);
#9582=DIRECTION('',(0.38269709078051545,0.9238738748920926,-0));
#9583=DIRECTION('',(-0.17751490573905818,0.07353215611216375,0.9813671485524413));
#9584=FACE_BOUND('',#9585,.T.);
#9585=EDGE_LOOP('',(#9586,#9587,#9588));
#9586=ORIENTED_EDGE('',*,*,#9589,.T.);
#9587=ORIENTED_EDGE('',*,*,#9590,.T.);
#9588=ORIENTED_EDGE('',*,*,#9591,.T.);
#9589=EDGE_CURVE('',#447,#233,#9592,.F.);
#9590=EDGE_CURVE('',#233,#229,#9593,.T.);
#9591=EDGE_CURVE('',#229,#447,#9594,.T.);
#9592=LINE('',#446,#9595);
#9593=LINE('',#232,#9596);
#9594=LINE('',#228,#9597);
#9595=VECTOR('',#9598,1.0);
#9596=VECTOR('',#9599,1.0);
#9597=VECTOR('',#9600,1.0);
#9598=DIRECTION('',(-0.17751490573905818,0.07353215611216375,0.9813671485524413));
#9599=DIRECTION('',(0.9238738748920926,-0.38269709078051545,0));
#9600=DIRECTION('',(0,0,-1));
#9601=FACE_SURFACE('',(#9606),#9602,.T.);
#9602=PLANE('',#9603);
#9603=AXIS2_PLACEMENT_3D('',#446,#9604,#9605);
#9604=DIRECTION('',(0.13052104055558156,0.9914455395896884,-0));
#9605=DIRECTION('',(0,0,1));
#9606=FACE_BOUND('',#9607,.T.);
#9607=EDGE_LOOP('',(#9608,#9609,#9610));
#9608=ORIENTED_EDGE('',*,*,#9611,.T.);
#9609=ORIENTED_EDGE('',*,*,#9612,.T.);
#9610=ORIENTED_EDGE('',*,*,#9613,.T.);
#9611=EDGE_CURVE('',#447,#229,#9614,.F.);
#9612=EDGE_CURVE('',#229,#445,#9615,.T.);
#9613=EDGE_CURVE('',#445,#447,#9616,.T.);
#9614=LINE('',#446,#9617);
#9615=LINE('',#228,#9618);
#9616=LINE('',#444,#9619);
#9617=VECTOR('',#9620,1.0);
#9618=VECTOR('',#9621,1.0);
#9619=VECTOR('',#9622,1.0);
#9620=DIRECTION('',(0,0,1));
#9621=DIRECTION('',(0.19049779271003559,-0.02507850319075047,-0.9813672399516481));
#9622=DIRECTION('',(-0.9914455395896884,0.13052104055558156,0));
#9623=FACE_SURFACE('',(#9628),#9624,.T.);
#9624=PLANE('',#9625);
#9625=AXIS2_PLACEMENT_3D('',#444,#9626,#9627);
#9626=DIRECTION('',(0.13052104055558156,0.9914455395896884,-0));
#9627=DIRECTION('',(-0.19049779271003559,0.02507850319075047,0.9813672399516481));
#9628=FACE_BOUND('',#9629,.T.);
#9629=EDGE_LOOP('',(#9630,#9631,#9632));
#9630=ORIENTED_EDGE('',*,*,#9633,.T.);
#9631=ORIENTED_EDGE('',*,*,#9634,.T.);
#9632=ORIENTED_EDGE('',*,*,#9635,.T.);
#9633=EDGE_CURVE('',#445,#229,#9636,.F.);
#9634=EDGE_CURVE('',#229,#227,#9637,.T.);
#9635=EDGE_CURVE('',#227,#445,#9638,.T.);
#9636=LINE('',#444,#9639);
#9637=LINE('',#228,#9640);
#9638=LINE('',#226,#9641);
#9639=VECTOR('',#9642,1.0);
#9640=VECTOR('',#9643,1.0);
#9641=VECTOR('',#9644,1.0);
#9642=DIRECTION('',(-0.19049779271003559,0.02507850319075047,0.9813672399516481));
#9643=DIRECTION('',(0.9914455395896884,-0.13052104055558156,0));
#9644=DIRECTION('',(0,0,-1));
#9645=FACE_SURFACE('',(#9650),#9646,.T.);
#9646=PLANE('',#9647);
#9647=AXIS2_PLACEMENT_3D('',#444,#9648,#9649);
#9648=DIRECTION('',(-0.13052104055558156,0.9914455395896884,0));
#9649=DIRECTION('',(0,0,1));
#9650=FACE_BOUND('',#9651,.T.);
#9651=EDGE_LOOP('',(#9652,#9653,#9654));
#9652=ORIENTED_EDGE('',*,*,#9655,.T.);
#9653=ORIENTED_EDGE('',*,*,#9656,.T.);
#9654=ORIENTED_EDGE('',*,*,#9657,.T.);
#9655=EDGE_CURVE('',#445,#227,#9658,.F.);
#9656=EDGE_CURVE('',#227,#441,#9659,.T.);
#9657=EDGE_CURVE('',#441,#445,#9660,.T.);
#9658=LINE('',#444,#9661);
#9659=LINE('',#226,#9662);
#9660=LINE('',#440,#9663);
#9661=VECTOR('',#9664,1.0);
#9662=VECTOR('',#9665,1.0);
#9663=VECTOR('',#9666,1.0);
#9664=DIRECTION('',(0,0,1));
#9665=DIRECTION('',(0.19049779271003559,0.02507850319075047,-0.9813672399516481));
#9666=DIRECTION('',(-0.9914455395896884,-0.13052104055558156,0));
#9667=FACE_SURFACE('',(#9672),#9668,.T.);
#9668=PLANE('',#9669);
#9669=AXIS2_PLACEMENT_3D('',#440,#9670,#9671);
#9670=DIRECTION('',(-0.13052104055558156,0.9914455395896884,0));
#9671=DIRECTION('',(-0.19049779271003559,-0.02507850319075047,0.9813672399516481));
#9672=FACE_BOUND('',#9673,.T.);
#9673=EDGE_LOOP('',(#9674,#9675,#9676));
#9674=ORIENTED_EDGE('',*,*,#9677,.T.);
#9675=ORIENTED_EDGE('',*,*,#9678,.T.);
#9676=ORIENTED_EDGE('',*,*,#9679,.T.);
#9677=EDGE_CURVE('',#441,#227,#9680,.F.);
#9678=EDGE_CURVE('',#227,#223,#9681,.T.);
#9679=EDGE_CURVE('',#223,#441,#9682,.T.);
#9680=LINE('',#440,#9683);
#9681=LINE('',#226,#9684);
#9682=LINE('',#222,#9685);
#9683=VECTOR('',#9686,1.0);
#9684=VECTOR('',#9687,1.0);
#9685=VECTOR('',#9688,1.0);
#9686=DIRECTION('',(-0.19049779271003559,-0.02507850319075047,0.9813672399516481));
#9687=DIRECTION('',(0.9914455395896884,0.13052104055558156,0));
#9688=DIRECTION('',(0,0,-1));
#9689=FACE_SURFACE('',(#9694),#9690,.T.);
#9690=PLANE('',#9691);
#9691=AXIS2_PLACEMENT_3D('',#440,#9692,#9693);
#9692=DIRECTION('',(-0.38269709078051545,0.9238738748920926,0));
#9693=DIRECTION('',(0,0,1));
#9694=FACE_BOUND('',#9695,.T.);
#9695=EDGE_LOOP('',(#9696,#9697,#9698));
#9696=ORIENTED_EDGE('',*,*,#9699,.T.);
#9697=ORIENTED_EDGE('',*,*,#9700,.T.);
#9698=ORIENTED_EDGE('',*,*,#9701,.T.);
#9699=EDGE_CURVE('',#441,#223,#9702,.F.);
#9700=EDGE_CURVE('',#223,#437,#9703,.T.);
#9701=EDGE_CURVE('',#437,#441,#9704,.T.);
#9702=LINE('',#440,#9705);
#9703=LINE('',#222,#9706);
#9704=LINE('',#436,#9707);
#9705=VECTOR('',#9708,1.0);
#9706=VECTOR('',#9709,1.0);
#9707=VECTOR('',#9710,1.0);
#9708=DIRECTION('',(0,0,1));
#9709=DIRECTION('',(0.17751490573905818,0.07353215611216375,-0.9813671485524413));
#9710=DIRECTION('',(-0.9238738748920926,-0.38269709078051545,0));
#9711=FACE_SURFACE('',(#9716),#9712,.T.);
#9712=PLANE('',#9713);
#9713=AXIS2_PLACEMENT_3D('',#436,#9714,#9715);
#9714=DIRECTION('',(-0.38269709078051545,0.9238738748920926,0));
#9715=DIRECTION('',(-0.17751490573905818,-0.07353215611216375,0.9813671485524413));
#9716=FACE_BOUND('',#9717,.T.);
#9717=EDGE_LOOP('',(#9718,#9719,#9720));
#9718=ORIENTED_EDGE('',*,*,#9721,.T.);
#9719=ORIENTED_EDGE('',*,*,#9722,.T.);
#9720=ORIENTED_EDGE('',*,*,#9723,.T.);
#9721=EDGE_CURVE('',#437,#223,#9724,.F.);
#9722=EDGE_CURVE('',#223,#219,#9725,.T.);
#9723=EDGE_CURVE('',#219,#437,#9726,.T.);
#9724=LINE('',#436,#9727);
#9725=LINE('',#222,#9728);
#9726=LINE('',#218,#9729);
#9727=VECTOR('',#9730,1.0);
#9728=VECTOR('',#9731,1.0);
#9729=VECTOR('',#9732,1.0);
#9730=DIRECTION('',(-0.17751490573905818,-0.07353215611216375,0.9813671485524413));
#9731=DIRECTION('',(0.9238738748920926,0.38269709078051545,0));
#9732=DIRECTION('',(0,0,-1));
#9733=FACE_SURFACE('',(#9738),#9734,.T.);
#9734=PLANE('',#9735);
#9735=AXIS2_PLACEMENT_3D('',#436,#9736,#9737);
#9736=DIRECTION('',(-0.608751770109835,0.7933607517316084,0));
#9737=DIRECTION('',(0,0,1));
#9738=FACE_BOUND('',#9739,.T.);
#9739=EDGE_LOOP('',(#9740,#9741,#9742));
#9740=ORIENTED_EDGE('',*,*,#9743,.T.);
#9741=ORIENTED_EDGE('',*,*,#9744,.T.);
#9742=ORIENTED_EDGE('',*,*,#9745,.T.);
#9743=EDGE_CURVE('',#437,#219,#9746,.F.);
#9744=EDGE_CURVE('',#219,#433,#9747,.T.);
#9745=EDGE_CURVE('',#433,#437,#9748,.T.);
#9746=LINE('',#436,#9749);
#9747=LINE('',#218,#9750);
#9748=LINE('',#432,#9751);
#9749=VECTOR('',#9752,1.0);
#9750=VECTOR('',#9753,1.0);
#9751=VECTOR('',#9754,1.0);
#9752=DIRECTION('',(0,0,1));
#9753=DIRECTION('',(0.1524364587103536,0.11696566015732922,-0.9813674950801085));
#9754=DIRECTION('',(-0.7933607517316084,-0.608751770109835,0));
#9755=FACE_SURFACE('',(#9760),#9756,.T.);
#9756=PLANE('',#9757);
#9757=AXIS2_PLACEMENT_3D('',#432,#9758,#9759);
#9758=DIRECTION('',(-0.608751770109835,0.7933607517316084,0));
#9759=DIRECTION('',(-0.1524364587103536,-0.11696566015732922,0.9813674950801085));
#9760=FACE_BOUND('',#9761,.T.);
#9761=EDGE_LOOP('',(#9762,#9763,#9764));
#9762=ORIENTED_EDGE('',*,*,#9765,.T.);
#9763=ORIENTED_EDGE('',*,*,#9766,.T.);
#9764=ORIENTED_EDGE('',*,*,#9767,.T.);
#9765=EDGE_CURVE('',#433,#219,#9768,.F.);
#9766=EDGE_CURVE('',#219,#215,#9769,.T.);
#9767=EDGE_CURVE('',#215,#433,#9770,.T.);
#9768=LINE('',#432,#9771);
#9769=LINE('',#218,#9772);
#9770=LINE('',#214,#9773);
#9771=VECTOR('',#9774,1.0);
#9772=VECTOR('',#9775,1.0);
#9773=VECTOR('',#9776,1.0);
#9774=DIRECTION('',(-0.1524364587103536,-0.11696566015732922,0.9813674950801085));
#9775=DIRECTION('',(0.7933607517316084,0.608751770109835,0));
#9776=DIRECTION('',(0,0,-1));
#9777=FACE_SURFACE('',(#9782),#9778,.T.);
#9778=PLANE('',#9779);
#9779=AXIS2_PLACEMENT_3D('',#432,#9780,#9781);
#9780=DIRECTION('',(-0.7933560467907059,0.6087579018137039,0));
#9781=DIRECTION('',(0,0,1));
#9782=FACE_BOUND('',#9783,.T.);
#9783=EDGE_LOOP('',(#9784,#9785,#9786));
#9784=ORIENTED_EDGE('',*,*,#9787,.T.);
#9785=ORIENTED_EDGE('',*,*,#9788,.T.);
#9786=ORIENTED_EDGE('',*,*,#9789,.T.);
#9787=EDGE_CURVE('',#433,#215,#9790,.F.);
#9788=EDGE_CURVE('',#215,#429,#9791,.T.);
#9789=EDGE_CURVE('',#429,#433,#9792,.T.);
#9790=LINE('',#432,#9793);
#9791=LINE('',#214,#9794);
#9792=LINE('',#428,#9795);
#9793=VECTOR('',#9796,1.0);
#9794=VECTOR('',#9797,1.0);
#9795=VECTOR('',#9798,1.0);
#9796=DIRECTION('',(0,0,1));
#9797=DIRECTION('',(0.11696750635850531,0.15243642533604243,-0.9813672802203273));
#9798=DIRECTION('',(-0.6087579018137039,-0.7933560467907059,0));
#9799=FACE_SURFACE('',(#9804),#9800,.T.);
#9800=PLANE('',#9801);
#9801=AXIS2_PLACEMENT_3D('',#428,#9802,#9803);
#9802=DIRECTION('',(-0.7933560467907059,0.6087579018137039,0));
#9803=DIRECTION('',(-0.11696750635850531,-0.15243642533604243,0.9813672802203273));
#9804=FACE_BOUND('',#9805,.T.);
#9805=EDGE_LOOP('',(#9806,#9807,#9808));
#9806=ORIENTED_EDGE('',*,*,#9809,.T.);
#9807=ORIENTED_EDGE('',*,*,#9810,.T.);
#9808=ORIENTED_EDGE('',*,*,#9811,.T.);
#9809=EDGE_CURVE('',#429,#215,#9812,.F.);
#9810=EDGE_CURVE('',#215,#209,#9813,.T.);
#9811=EDGE_CURVE('',#209,#429,#9814,.T.);
#9812=LINE('',#428,#9815);
#9813=LINE('',#214,#9816);
#9814=LINE('',#208,#9817);
#9815=VECTOR('',#9818,1.0);
#9816=VECTOR('',#9819,1.0);
#9817=VECTOR('',#9820,1.0);
#9818=DIRECTION('',(-0.11696750635850531,-0.15243642533604243,0.9813672802203273));
#9819=DIRECTION('',(0.6087579018137039,0.7933560467907059,0));
#9820=DIRECTION('',(0,0,-1));
#9821=FACE_SURFACE('',(#9826),#9822,.T.);
#9822=PLANE('',#9823);
#9823=AXIS2_PLACEMENT_3D('',#428,#9824,#9825);
#9824=DIRECTION('',(-0.9238773192177482,0.3826887756846641,0));
#9825=DIRECTION('',(0,0,1));
#9826=FACE_BOUND('',#9827,.T.);
#9827=EDGE_LOOP('',(#9828,#9829,#9830));
#9828=ORIENTED_EDGE('',*,*,#9831,.T.);
#9829=ORIENTED_EDGE('',*,*,#9832,.T.);
#9830=ORIENTED_EDGE('',*,*,#9833,.T.);
#9831=EDGE_CURVE('',#429,#209,#9834,.F.);
#9832=EDGE_CURVE('',#209,#589,#9835,.T.);
#9833=EDGE_CURVE('',#589,#429,#9836,.T.);
#9834=LINE('',#428,#9837);
#9835=LINE('',#208,#9838);
#9836=LINE('',#588,#9839);
#9837=VECTOR('',#9840,1.0);
#9838=VECTOR('',#9841,1.0);
#9839=VECTOR('',#9842,1.0);
#9840=DIRECTION('',(0,0,1));
#9841=DIRECTION('',(0.07353029442332193,0.17751493017157954,-0.9813672836243313));
#9842=DIRECTION('',(-0.3826887756846641,-0.9238773192177482,0));
#9843=FACE_SURFACE('',(#9848),#9844,.T.);
#9844=PLANE('',#9845);
#9845=AXIS2_PLACEMENT_3D('',#588,#9846,#9847);
#9846=DIRECTION('',(-0.9238773192177482,0.3826887756846641,0));
#9847=DIRECTION('',(-0.07353029442332193,-0.17751493017157954,0.9813672836243313));
#9848=FACE_BOUND('',#9849,.T.);
#9849=EDGE_LOOP('',(#9850,#9851,#9852));
#9850=ORIENTED_EDGE('',*,*,#9853,.T.);
#9851=ORIENTED_EDGE('',*,*,#9854,.T.);
#9852=ORIENTED_EDGE('',*,*,#9855,.T.);
#9853=EDGE_CURVE('',#589,#209,#9856,.F.);
#9854=EDGE_CURVE('',#209,#177,#9857,.T.);
#9855=EDGE_CURVE('',#177,#589,#9858,.T.);
#9856=LINE('',#588,#9859);
#9857=LINE('',#208,#9860);
#9858=LINE('',#176,#9861);
#9859=VECTOR('',#9862,1.0);
#9860=VECTOR('',#9863,1.0);
#9861=VECTOR('',#9864,1.0);
#9862=DIRECTION('',(-0.07353029442332193,-0.17751493017157954,0.9813672836243313));
#9863=DIRECTION('',(0.3826887756846641,0.9238773192177482,0));
#9864=DIRECTION('',(0,0,-1));
#9865=FACE_SURFACE('',(#9870),#9866,.T.);
#9866=PLANE('',#9867);
#9867=AXIS2_PLACEMENT_3D('',#588,#9868,#9869);
#9868=DIRECTION('',(-0.9914455395896884,0.13052104055558156,0));
#9869=DIRECTION('',(0,0,1));
#9870=FACE_BOUND('',#9871,.T.);
#9871=EDGE_LOOP('',(#9872,#9873,#9874));
#9872=ORIENTED_EDGE('',*,*,#9875,.T.);
#9873=ORIENTED_EDGE('',*,*,#9876,.T.);
#9874=ORIENTED_EDGE('',*,*,#9877,.T.);
#9875=EDGE_CURVE('',#589,#177,#9878,.F.);
#9876=EDGE_CURVE('',#177,#591,#9879,.T.);
#9877=EDGE_CURVE('',#591,#589,#9880,.T.);
#9878=LINE('',#588,#9881);
#9879=LINE('',#176,#9882);
#9880=LINE('',#590,#9883);
#9881=VECTOR('',#9884,1.0);
#9882=VECTOR('',#9885,1.0);
#9883=VECTOR('',#9886,1.0);
#9884=DIRECTION('',(0,0,1));
#9885=DIRECTION('',(0.02507850319075047,0.19049779271003559,-0.9813672399516481));
#9886=DIRECTION('',(-0.13052104055558156,-0.9914455395896884,0));
#9887=FACE_SURFACE('',(#9892),#9888,.T.);
#9888=PLANE('',#9889);
#9889=AXIS2_PLACEMENT_3D('',#590,#9890,#9891);
#9890=DIRECTION('',(-0.9914455395896884,0.13052104055558156,0));
#9891=DIRECTION('',(-0.02507850319075047,-0.19049779271003559,0.9813672399516481));
#9892=FACE_BOUND('',#9893,.T.);
#9893=EDGE_LOOP('',(#9894,#9895,#9896));
#9894=ORIENTED_EDGE('',*,*,#9897,.T.);
#9895=ORIENTED_EDGE('',*,*,#9898,.T.);
#9896=ORIENTED_EDGE('',*,*,#9899,.T.);
#9897=EDGE_CURVE('',#591,#177,#9900,.F.);
#9898=EDGE_CURVE('',#177,#175,#9901,.T.);
#9899=EDGE_CURVE('',#175,#591,#9902,.T.);
#9900=LINE('',#590,#9903);
#9901=LINE('',#176,#9904);
#9902=LINE('',#174,#9905);
#9903=VECTOR('',#9906,1.0);
#9904=VECTOR('',#9907,1.0);
#9905=VECTOR('',#9908,1.0);
#9906=DIRECTION('',(-0.02507850319075047,-0.19049779271003559,0.9813672399516481));
#9907=DIRECTION('',(0.13052104055558156,0.9914455395896884,0));
#9908=DIRECTION('',(0,0,-1));
#9909=FACE_SURFACE('',(#9914),#9910,.T.);
#9910=PLANE('',#9911);
#9911=AXIS2_PLACEMENT_3D('',#590,#9912,#9913);
#9912=DIRECTION('',(-0.9914455395896884,-0.13052104055558156,0));
#9913=DIRECTION('',(0,0,1));
#9914=FACE_BOUND('',#9915,.T.);
#9915=EDGE_LOOP('',(#9916,#9917,#9918));
#9916=ORIENTED_EDGE('',*,*,#9919,.T.);
#9917=ORIENTED_EDGE('',*,*,#9920,.T.);
#9918=ORIENTED_EDGE('',*,*,#9921,.T.);
#9919=EDGE_CURVE('',#591,#175,#9922,.F.);
#9920=EDGE_CURVE('',#175,#593,#9923,.T.);
#9921=EDGE_CURVE('',#593,#591,#9924,.T.);
#9922=LINE('',#590,#9925);
#9923=LINE('',#174,#9926);
#9924=LINE('',#592,#9927);
#9925=VECTOR('',#9928,1.0);
#9926=VECTOR('',#9929,1.0);
#9927=VECTOR('',#9930,1.0);
#9928=DIRECTION('',(0,0,1));
#9929=DIRECTION('',(-0.02507850319075047,0.19049779271003559,-0.9813672399516481));
#9930=DIRECTION('',(0.13052104055558156,-0.9914455395896884,0));
#9931=FACE_SURFACE('',(#9936),#9932,.T.);
#9932=PLANE('',#9933);
#9933=AXIS2_PLACEMENT_3D('',#592,#9934,#9935);
#9934=DIRECTION('',(-0.9914455395896884,-0.13052104055558156,0));
#9935=DIRECTION('',(0.02507850319075047,-0.19049779271003559,0.9813672399516481));
#9936=FACE_BOUND('',#9937,.T.);
#9937=EDGE_LOOP('',(#9938,#9939,#9940));
#9938=ORIENTED_EDGE('',*,*,#9941,.T.);
#9939=ORIENTED_EDGE('',*,*,#9942,.T.);
#9940=ORIENTED_EDGE('',*,*,#9943,.T.);
#9941=EDGE_CURVE('',#593,#175,#9944,.F.);
#9942=EDGE_CURVE('',#175,#173,#9945,.T.);
#9943=EDGE_CURVE('',#173,#593,#9946,.T.);
#9944=LINE('',#592,#9947);
#9945=LINE('',#174,#9948);
#9946=LINE('',#172,#9949);
#9947=VECTOR('',#9950,1.0);
#9948=VECTOR('',#9951,1.0);
#9949=VECTOR('',#9952,1.0);
#9950=DIRECTION('',(0.02507850319075047,-0.19049779271003559,0.9813672399516481));
#9951=DIRECTION('',(-0.13052104055558156,0.9914455395896884,0));
#9952=DIRECTION('',(0,0,-1));
#9953=FACE_SURFACE('',(#9958),#9954,.T.);
#9954=PLANE('',#9955);
#9955=AXIS2_PLACEMENT_3D('',#592,#9956,#9957);
#9956=DIRECTION('',(-0.9238773192177482,-0.3826887756846641,0));
#9957=DIRECTION('',(0,0,1));
#9958=FACE_BOUND('',#9959,.T.);
#9959=EDGE_LOOP('',(#9960,#9961,#9962));
#9960=ORIENTED_EDGE('',*,*,#9963,.T.);
#9961=ORIENTED_EDGE('',*,*,#9964,.T.);
#9962=ORIENTED_EDGE('',*,*,#9965,.T.);
#9963=EDGE_CURVE('',#593,#173,#9966,.F.);
#9964=EDGE_CURVE('',#173,#595,#9967,.T.);
#9965=EDGE_CURVE('',#595,#593,#9968,.T.);
#9966=LINE('',#592,#9969);
#9967=LINE('',#172,#9970);
#9968=LINE('',#594,#9971);
#9969=VECTOR('',#9972,1.0);
#9970=VECTOR('',#9973,1.0);
#9971=VECTOR('',#9974,1.0);
#9972=DIRECTION('',(0,0,1));
#9973=DIRECTION('',(-0.07353029442332193,0.17751493017157954,-0.9813672836243313));
#9974=DIRECTION('',(0.3826887756846641,-0.9238773192177482,0));
#9975=FACE_SURFACE('',(#9980),#9976,.T.);
#9976=PLANE('',#9977);
#9977=AXIS2_PLACEMENT_3D('',#594,#9978,#9979);
#9978=DIRECTION('',(-0.9238773192177482,-0.3826887756846641,0));
#9979=DIRECTION('',(0.07353029442332193,-0.17751493017157954,0.9813672836243313));
#9980=FACE_BOUND('',#9981,.T.);
#9981=EDGE_LOOP('',(#9982,#9983,#9984));
#9982=ORIENTED_EDGE('',*,*,#9985,.T.);
#9983=ORIENTED_EDGE('',*,*,#9986,.T.);
#9984=ORIENTED_EDGE('',*,*,#9987,.T.);
#9985=EDGE_CURVE('',#595,#173,#9988,.F.);
#9986=EDGE_CURVE('',#173,#171,#9989,.T.);
#9987=EDGE_CURVE('',#171,#595,#9990,.T.);
#9988=LINE('',#594,#9991);
#9989=LINE('',#172,#9992);
#9990=LINE('',#170,#9993);
#9991=VECTOR('',#9994,1.0);
#9992=VECTOR('',#9995,1.0);
#9993=VECTOR('',#9996,1.0);
#9994=DIRECTION('',(0.07353029442332193,-0.17751493017157954,0.9813672836243313));
#9995=DIRECTION('',(-0.3826887756846641,0.9238773192177482,0));
#9996=DIRECTION('',(0,0,-1));
#9997=FACE_SURFACE('',(#10002),#9998,.T.);
#9998=PLANE('',#9999);
#9999=AXIS2_PLACEMENT_3D('',#594,#10000,#10001);
#10000=DIRECTION('',(-0.7933560467907059,-0.6087579018137039,0));
#10001=DIRECTION('',(0,0,1));
#10002=FACE_BOUND('',#10003,.T.);
#10003=EDGE_LOOP('',(#10004,#10005,#10006));
#10004=ORIENTED_EDGE('',*,*,#10007,.T.);
#10005=ORIENTED_EDGE('',*,*,#10008,.T.);
#10006=ORIENTED_EDGE('',*,*,#10009,.T.);
#10007=EDGE_CURVE('',#595,#171,#10010,.F.);
#10008=EDGE_CURVE('',#171,#597,#10011,.T.);
#10009=EDGE_CURVE('',#597,#595,#10012,.T.);
#10010=LINE('',#594,#10013);
#10011=LINE('',#170,#10014);
#10012=LINE('',#596,#10015);
#10013=VECTOR('',#10016,1.0);
#10014=VECTOR('',#10017,1.0);
#10015=VECTOR('',#10018,1.0);
#10016=DIRECTION('',(0,0,1));
#10017=DIRECTION('',(-0.11696750635850531,0.15243642533604243,-0.9813672802203273));
#10018=DIRECTION('',(0.6087579018137039,-0.7933560467907059,0));
#10019=FACE_SURFACE('',(#10024),#10020,.T.);
#10020=PLANE('',#10021);
#10021=AXIS2_PLACEMENT_3D('',#596,#10022,#10023);
#10022=DIRECTION('',(-0.7933560467907059,-0.6087579018137039,0));
#10023=DIRECTION('',(0.11696750635850531,-0.15243642533604243,0.9813672802203273));
#10024=FACE_BOUND('',#10025,.T.);
#10025=EDGE_LOOP('',(#10026,#10027,#10028));
#10026=ORIENTED_EDGE('',*,*,#10029,.T.);
#10027=ORIENTED_EDGE('',*,*,#10030,.T.);
#10028=ORIENTED_EDGE('',*,*,#10031,.T.);
#10029=EDGE_CURVE('',#597,#171,#10032,.F.);
#10030=EDGE_CURVE('',#171,#169,#10033,.T.);
#10031=EDGE_CURVE('',#169,#597,#10034,.T.);
#10032=LINE('',#596,#10035);
#10033=LINE('',#170,#10036);
#10034=LINE('',#168,#10037);
#10035=VECTOR('',#10038,1.0);
#10036=VECTOR('',#10039,1.0);
#10037=VECTOR('',#10040,1.0);
#10038=DIRECTION('',(0.11696750635850531,-0.15243642533604243,0.9813672802203273));
#10039=DIRECTION('',(-0.6087579018137039,0.7933560467907059,0));
#10040=DIRECTION('',(0,0,-1));
#10041=FACE_SURFACE('',(#10046),#10042,.T.);
#10042=PLANE('',#10043);
#10043=AXIS2_PLACEMENT_3D('',#596,#10044,#10045);
#10044=DIRECTION('',(-0.6087640334084832,-0.7933513418582181,0));
#10045=DIRECTION('',(0,0,1));
#10046=FACE_BOUND('',#10047,.T.);
#10047=EDGE_LOOP('',(#10048,#10049,#10050));
#10048=ORIENTED_EDGE('',*,*,#10051,.T.);
#10049=ORIENTED_EDGE('',*,*,#10052,.T.);
#10050=ORIENTED_EDGE('',*,*,#10053,.T.);
#10051=EDGE_CURVE('',#597,#169,#10054,.F.);
#10052=EDGE_CURVE('',#169,#601,#10055,.T.);
#10053=EDGE_CURVE('',#601,#597,#10056,.T.);
#10054=LINE('',#596,#10057);
#10055=LINE('',#168,#10058);
#10056=LINE('',#600,#10059);
#10057=VECTOR('',#10060,1.0);
#10058=VECTOR('',#10061,1.0);
#10059=VECTOR('',#10062,1.0);
#10060=DIRECTION('',(0,0,1));
#10061=DIRECTION('',(-0.15243639196121905,0.11696935255846874,-0.9813670653572486));
#10062=DIRECTION('',(0.7933513418582181,-0.6087640334084832,0));
#10063=FACE_SURFACE('',(#10068),#10064,.T.);
#10064=PLANE('',#10065);
#10065=AXIS2_PLACEMENT_3D('',#600,#10066,#10067);
#10066=DIRECTION('',(-0.6087640334084832,-0.7933513418582181,0));
#10067=DIRECTION('',(0.15243639196121905,-0.11696935255846874,0.9813670653572486));
#10068=FACE_BOUND('',#10069,.T.);
#10069=EDGE_LOOP('',(#10070,#10071,#10072));
#10070=ORIENTED_EDGE('',*,*,#10073,.T.);
#10071=ORIENTED_EDGE('',*,*,#10074,.T.);
#10072=ORIENTED_EDGE('',*,*,#10075,.T.);
#10073=EDGE_CURVE('',#601,#169,#10076,.F.);
#10074=EDGE_CURVE('',#169,#163,#10077,.T.);
#10075=EDGE_CURVE('',#163,#601,#10078,.T.);
#10076=LINE('',#600,#10079);
#10077=LINE('',#168,#10080);
#10078=LINE('',#162,#10081);
#10079=VECTOR('',#10082,1.0);
#10080=VECTOR('',#10083,1.0);
#10081=VECTOR('',#10084,1.0);
#10082=DIRECTION('',(0.15243639196121905,-0.11696935255846874,0.9813670653572486));
#10083=DIRECTION('',(-0.7933513418582181,0.6087640334084832,0));
#10084=DIRECTION('',(0,0,-1));
#10085=FACE_SURFACE('',(#10090),#10086,.T.);
#10086=PLANE('',#10087);
#10087=AXIS2_PLACEMENT_3D('',#600,#10088,#10089);
#10088=DIRECTION('',(-0.3826804604958137,-0.9238807634942465,0));
#10089=DIRECTION('',(0,0,1));
#10090=FACE_BOUND('',#10091,.T.);
#10091=EDGE_LOOP('',(#10092,#10093,#10094));
#10092=ORIENTED_EDGE('',*,*,#10095,.T.);
#10093=ORIENTED_EDGE('',*,*,#10096,.T.);
#10094=ORIENTED_EDGE('',*,*,#10097,.T.);
#10095=EDGE_CURVE('',#601,#163,#10098,.F.);
#10096=EDGE_CURVE('',#163,#551,#10099,.T.);
#10097=EDGE_CURVE('',#551,#601,#10100,.T.);
#10098=LINE('',#600,#10101);
#10099=LINE('',#162,#10102);
#10100=LINE('',#550,#10103);
#10101=VECTOR('',#10104,1.0);
#10102=VECTOR('',#10105,1.0);
#10103=VECTOR('',#10106,1.0);
#10104=DIRECTION('',(0,0,1));
#10105=DIRECTION('',(-0.17751495460348904,0.07352843273371142,-0.9813674186928387));
#10106=DIRECTION('',(0.9238807634942465,-0.3826804604958137,0));
#10107=FACE_SURFACE('',(#10112),#10108,.T.);
#10108=PLANE('',#10109);
#10109=AXIS2_PLACEMENT_3D('',#550,#10110,#10111);
#10110=DIRECTION('',(-0.3826804604958137,-0.9238807634942465,0));
#10111=DIRECTION('',(0.17751495460348904,-0.07352843273371142,0.9813674186928387));
#10112=FACE_BOUND('',#10113,.T.);
#10113=EDGE_LOOP('',(#10114,#10115,#10116));
#10114=ORIENTED_EDGE('',*,*,#10117,.T.);
#10115=ORIENTED_EDGE('',*,*,#10118,.T.);
#10116=ORIENTED_EDGE('',*,*,#10119,.T.);
#10117=EDGE_CURVE('',#551,#163,#10120,.F.);
#10118=EDGE_CURVE('',#163,#157,#10121,.T.);
#10119=EDGE_CURVE('',#157,#551,#10122,.T.);
#10120=LINE('',#550,#10123);
#10121=LINE('',#162,#10124);
#10122=LINE('',#156,#10125);
#10123=VECTOR('',#10126,1.0);
#10124=VECTOR('',#10127,1.0);
#10125=VECTOR('',#10128,1.0);
#10126=DIRECTION('',(0.17751495460348904,-0.07352843273371142,0.9813674186928387));
#10127=DIRECTION('',(-0.9238807634942465,0.3826804604958137,0));
#10128=DIRECTION('',(0,0,-1));
#10129=FACE_SURFACE('',(#10134),#10130,.T.);
#10130=PLANE('',#10131);
#10131=AXIS2_PLACEMENT_3D('',#550,#10132,#10133);
#10132=DIRECTION('',(-0.13052104055558156,-0.9914455395896884,0));
#10133=DIRECTION('',(0,0,1));
#10134=FACE_BOUND('',#10135,.T.);
#10135=EDGE_LOOP('',(#10136,#10137,#10138));
#10136=ORIENTED_EDGE('',*,*,#10139,.T.);
#10137=ORIENTED_EDGE('',*,*,#10140,.T.);
#10138=ORIENTED_EDGE('',*,*,#10141,.T.);
#10139=EDGE_CURVE('',#551,#157,#10142,.F.);
#10140=EDGE_CURVE('',#157,#541,#10143,.T.);
#10141=EDGE_CURVE('',#541,#551,#10144,.T.);
#10142=LINE('',#550,#10145);
#10143=LINE('',#156,#10146);
#10144=LINE('',#540,#10147);
#10145=VECTOR('',#10148,1.0);
#10146=VECTOR('',#10149,1.0);
#10147=VECTOR('',#10150,1.0);
#10148=DIRECTION('',(0,0,1));
#10149=DIRECTION('',(-0.19049779271003559,0.02507850319075047,-0.9813672399516481));
#10150=DIRECTION('',(0.9914455395896884,-0.13052104055558156,0));
#10151=FACE_SURFACE('',(#10156),#10152,.T.);
#10152=PLANE('',#10153);
#10153=AXIS2_PLACEMENT_3D('',#540,#10154,#10155);
#10154=DIRECTION('',(-0.13052104055558156,-0.9914455395896884,0));
#10155=DIRECTION('',(0.19049779271003559,-0.02507850319075047,0.9813672399516481));
#10156=FACE_BOUND('',#10157,.T.);
#10157=EDGE_LOOP('',(#10158,#10159,#10160));
#10158=ORIENTED_EDGE('',*,*,#10161,.T.);
#10159=ORIENTED_EDGE('',*,*,#10162,.T.);
#10160=ORIENTED_EDGE('',*,*,#10163,.T.);
#10161=EDGE_CURVE('',#541,#157,#10164,.F.);
#10162=EDGE_CURVE('',#157,#151,#10165,.T.);
#10163=EDGE_CURVE('',#151,#541,#10166,.T.);
#10164=LINE('',#540,#10167);
#10165=LINE('',#156,#10168);
#10166=LINE('',#150,#10169);
#10167=VECTOR('',#10170,1.0);
#10168=VECTOR('',#10171,1.0);
#10169=VECTOR('',#10172,1.0);
#10170=DIRECTION('',(0.19049779271003559,-0.02507850319075047,0.9813672399516481));
#10171=DIRECTION('',(-0.9914455395896884,0.13052104055558156,0));
#10172=DIRECTION('',(0,0,-1));
#10173=FACE_SURFACE('',(#10178),#10174,.T.);
#10174=PLANE('',#10175);
#10175=AXIS2_PLACEMENT_3D('',#540,#10176,#10177);
#10176=DIRECTION('',(0.13052104055558156,-0.9914455395896884,0));
#10177=DIRECTION('',(0,0,1));
#10178=FACE_BOUND('',#10179,.T.);
#10179=EDGE_LOOP('',(#10180,#10181,#10182));
#10180=ORIENTED_EDGE('',*,*,#10183,.T.);
#10181=ORIENTED_EDGE('',*,*,#10184,.T.);
#10182=ORIENTED_EDGE('',*,*,#10185,.T.);
#10183=EDGE_CURVE('',#541,#151,#10186,.F.);
#10184=EDGE_CURVE('',#151,#537,#10187,.T.);
#10185=EDGE_CURVE('',#537,#541,#10188,.T.);
#10186=LINE('',#540,#10189);
#10187=LINE('',#150,#10190);
#10188=LINE('',#536,#10191);
#10189=VECTOR('',#10192,1.0);
#10190=VECTOR('',#10193,1.0);
#10191=VECTOR('',#10194,1.0);
#10192=DIRECTION('',(0,0,1));
#10193=DIRECTION('',(-0.19049779271003559,-0.02507850319075047,-0.9813672399516481));
#10194=DIRECTION('',(0.9914455395896884,0.13052104055558156,0));
#10195=FACE_SURFACE('',(#10200),#10196,.T.);
#10196=PLANE('',#10197);
#10197=AXIS2_PLACEMENT_3D('',#536,#10198,#10199);
#10198=DIRECTION('',(0.13052104055558156,-0.9914455395896884,0));
#10199=DIRECTION('',(0.19049779271003559,0.02507850319075047,0.9813672399516481));
#10200=FACE_BOUND('',#10201,.T.);
#10201=EDGE_LOOP('',(#10202,#10203,#10204));
#10202=ORIENTED_EDGE('',*,*,#10205,.T.);
#10203=ORIENTED_EDGE('',*,*,#10206,.T.);
#10204=ORIENTED_EDGE('',*,*,#10207,.T.);
#10205=EDGE_CURVE('',#537,#151,#10208,.F.);
#10206=EDGE_CURVE('',#151,#147,#10209,.T.);
#10207=EDGE_CURVE('',#147,#537,#10210,.T.);
#10208=LINE('',#536,#10211);
#10209=LINE('',#150,#10212);
#10210=LINE('',#146,#10213);
#10211=VECTOR('',#10214,1.0);
#10212=VECTOR('',#10215,1.0);
#10213=VECTOR('',#10216,1.0);
#10214=DIRECTION('',(0.19049779271003559,0.02507850319075047,0.9813672399516481));
#10215=DIRECTION('',(-0.9914455395896884,-0.13052104055558156,0));
#10216=DIRECTION('',(0,0,-1));
#10217=FACE_SURFACE('',(#10222),#10218,.T.);
#10218=PLANE('',#10219);
#10219=AXIS2_PLACEMENT_3D('',#536,#10220,#10221);
#10220=DIRECTION('',(0.3826804604958137,-0.9238807634942465,0));
#10221=DIRECTION('',(0,0,1));
#10222=FACE_BOUND('',#10223,.T.);
#10223=EDGE_LOOP('',(#10224,#10225,#10226));
#10224=ORIENTED_EDGE('',*,*,#10227,.T.);
#10225=ORIENTED_EDGE('',*,*,#10228,.T.);
#10226=ORIENTED_EDGE('',*,*,#10229,.T.);
#10227=EDGE_CURVE('',#537,#147,#10230,.F.);
#10228=EDGE_CURVE('',#147,#533,#10231,.T.);
#10229=EDGE_CURVE('',#533,#537,#10232,.T.);
#10230=LINE('',#536,#10233);
#10231=LINE('',#146,#10234);
#10232=LINE('',#532,#10235);
#10233=VECTOR('',#10236,1.0);
#10234=VECTOR('',#10237,1.0);
#10235=VECTOR('',#10238,1.0);
#10236=DIRECTION('',(0,0,1));
#10237=DIRECTION('',(-0.17751495460348904,-0.07352843273371142,-0.9813674186928387));
#10238=DIRECTION('',(0.9238807634942465,0.3826804604958137,0));
#10239=FACE_SURFACE('',(#10244),#10240,.T.);
#10240=PLANE('',#10241);
#10241=AXIS2_PLACEMENT_3D('',#532,#10242,#10243);
#10242=DIRECTION('',(0.3826804604958137,-0.9238807634942465,0));
#10243=DIRECTION('',(0.17751495460348904,0.07352843273371142,0.9813674186928387));
#10244=FACE_BOUND('',#10245,.T.);
#10245=EDGE_LOOP('',(#10246,#10247,#10248));
#10246=ORIENTED_EDGE('',*,*,#10249,.T.);
#10247=ORIENTED_EDGE('',*,*,#10250,.T.);
#10248=ORIENTED_EDGE('',*,*,#10251,.T.);
#10249=EDGE_CURVE('',#533,#147,#10252,.F.);
#10250=EDGE_CURVE('',#147,#143,#10253,.T.);
#10251=EDGE_CURVE('',#143,#533,#10254,.T.);
#10252=LINE('',#532,#10255);
#10253=LINE('',#146,#10256);
#10254=LINE('',#142,#10257);
#10255=VECTOR('',#10258,1.0);
#10256=VECTOR('',#10259,1.0);
#10257=VECTOR('',#10260,1.0);
#10258=DIRECTION('',(0.17751495460348904,0.07352843273371142,0.9813674186928387));
#10259=DIRECTION('',(-0.9238807634942465,-0.3826804604958137,0));
#10260=DIRECTION('',(0,0,-1));
#10261=FACE_SURFACE('',(#10266),#10262,.T.);
#10262=PLANE('',#10263);
#10263=AXIS2_PLACEMENT_3D('',#532,#10264,#10265);
#10264=DIRECTION('',(0.6087640334084832,-0.7933513418582181,0));
#10265=DIRECTION('',(0,0,1));
#10266=FACE_BOUND('',#10267,.T.);
#10267=EDGE_LOOP('',(#10268,#10269,#10270));
#10268=ORIENTED_EDGE('',*,*,#10271,.T.);
#10269=ORIENTED_EDGE('',*,*,#10272,.T.);
#10270=ORIENTED_EDGE('',*,*,#10273,.T.);
#10271=EDGE_CURVE('',#533,#143,#10274,.F.);
#10272=EDGE_CURVE('',#143,#529,#10275,.T.);
#10273=EDGE_CURVE('',#529,#533,#10276,.T.);
#10274=LINE('',#532,#10277);
#10275=LINE('',#142,#10278);
#10276=LINE('',#528,#10279);
#10277=VECTOR('',#10280,1.0);
#10278=VECTOR('',#10281,1.0);
#10279=VECTOR('',#10282,1.0);
#10280=DIRECTION('',(0,0,1));
#10281=DIRECTION('',(-0.15243639196121905,-0.11696935255846874,-0.9813670653572486));
#10282=DIRECTION('',(0.7933513418582181,0.6087640334084832,0));
#10283=FACE_SURFACE('',(#10288),#10284,.T.);
#10284=PLANE('',#10285);
#10285=AXIS2_PLACEMENT_3D('',#528,#10286,#10287);
#10286=DIRECTION('',(0.6087640334084832,-0.7933513418582181,0));
#10287=DIRECTION('',(0.15243639196121905,0.11696935255846874,0.9813670653572486));
#10288=FACE_BOUND('',#10289,.T.);
#10289=EDGE_LOOP('',(#10290,#10291,#10292));
#10290=ORIENTED_EDGE('',*,*,#10293,.T.);
#10291=ORIENTED_EDGE('',*,*,#10294,.T.);
#10292=ORIENTED_EDGE('',*,*,#10295,.T.);
#10293=EDGE_CURVE('',#529,#143,#10296,.F.);
#10294=EDGE_CURVE('',#143,#139,#10297,.T.);
#10295=EDGE_CURVE('',#139,#529,#10298,.T.);
#10296=LINE('',#528,#10299);
#10297=LINE('',#142,#10300);
#10298=LINE('',#138,#10301);
#10299=VECTOR('',#10302,1.0);
#10300=VECTOR('',#10303,1.0);
#10301=VECTOR('',#10304,1.0);
#10302=DIRECTION('',(0.15243639196121905,0.11696935255846874,0.9813670653572486));
#10303=DIRECTION('',(-0.7933513418582181,-0.6087640334084832,0));
#10304=DIRECTION('',(0,0,-1));
#10305=FACE_SURFACE('',(#10310),#10306,.T.);
#10306=PLANE('',#10307);
#10307=AXIS2_PLACEMENT_3D('',#528,#10308,#10309);
#10308=DIRECTION('',(0.7933560467907059,-0.6087579018137039,0));
#10309=DIRECTION('',(0,0,1));
#10310=FACE_BOUND('',#10311,.T.);
#10311=EDGE_LOOP('',(#10312,#10313,#10314));
#10312=ORIENTED_EDGE('',*,*,#10315,.T.);
#10313=ORIENTED_EDGE('',*,*,#10316,.T.);
#10314=ORIENTED_EDGE('',*,*,#10317,.T.);
#10315=EDGE_CURVE('',#529,#139,#10318,.F.);
#10316=EDGE_CURVE('',#139,#525,#10319,.T.);
#10317=EDGE_CURVE('',#525,#529,#10320,.T.);
#10318=LINE('',#528,#10321);
#10319=LINE('',#138,#10322);
#10320=LINE('',#524,#10323);
#10321=VECTOR('',#10324,1.0);
#10322=VECTOR('',#10325,1.0);
#10323=VECTOR('',#10326,1.0);
#10324=DIRECTION('',(0,0,1));
#10325=DIRECTION('',(-0.11696750635850531,-0.15243642533604243,-0.9813672802203273));
#10326=DIRECTION('',(0.6087579018137039,0.7933560467907059,0));
#10327=FACE_SURFACE('',(#10332),#10328,.T.);
#10328=PLANE('',#10329);
#10329=AXIS2_PLACEMENT_3D('',#524,#10330,#10331);
#10330=DIRECTION('',(0.7933560467907059,-0.6087579018137039,0));
#10331=DIRECTION('',(0.11696750635850531,0.15243642533604243,0.9813672802203273));
#10332=FACE_BOUND('',#10333,.T.);
#10333=EDGE_LOOP('',(#10334,#10335,#10336));
#10334=ORIENTED_EDGE('',*,*,#10337,.T.);
#10335=ORIENTED_EDGE('',*,*,#10338,.T.);
#10336=ORIENTED_EDGE('',*,*,#10339,.T.);
#10337=EDGE_CURVE('',#525,#139,#10340,.F.);
#10338=EDGE_CURVE('',#139,#135,#10341,.T.);
#10339=EDGE_CURVE('',#135,#525,#10342,.T.);
#10340=LINE('',#524,#10343);
#10341=LINE('',#138,#10344);
#10342=LINE('',#134,#10345);
#10343=VECTOR('',#10346,1.0);
#10344=VECTOR('',#10347,1.0);
#10345=VECTOR('',#10348,1.0);
#10346=DIRECTION('',(0.11696750635850531,0.15243642533604243,0.9813672802203273));
#10347=DIRECTION('',(-0.6087579018137039,-0.7933560467907059,0));
#10348=DIRECTION('',(0,0,-1));
#10349=FACE_SURFACE('',(#10354),#10350,.T.);
#10350=PLANE('',#10351);
#10351=AXIS2_PLACEMENT_3D('',#524,#10352,#10353);
#10352=DIRECTION('',(0.9238807634942465,-0.3826804604958137,0));
#10353=DIRECTION('',(0,0,1));
#10354=FACE_BOUND('',#10355,.T.);
#10355=EDGE_LOOP('',(#10356,#10357,#10358));
#10356=ORIENTED_EDGE('',*,*,#10359,.T.);
#10357=ORIENTED_EDGE('',*,*,#10360,.T.);
#10358=ORIENTED_EDGE('',*,*,#10361,.T.);
#10359=EDGE_CURVE('',#525,#135,#10362,.F.);
#10360=EDGE_CURVE('',#135,#517,#10363,.T.);
#10361=EDGE_CURVE('',#517,#525,#10364,.T.);
#10362=LINE('',#524,#10365);
#10363=LINE('',#134,#10366);
#10364=LINE('',#516,#10367);
#10365=VECTOR('',#10368,1.0);
#10366=VECTOR('',#10369,1.0);
#10367=VECTOR('',#10370,1.0);
#10368=DIRECTION('',(0,0,1));
#10369=DIRECTION('',(-0.07352843273371142,-0.17751495460348904,-0.9813674186928387));
#10370=DIRECTION('',(0.3826804604958137,0.9238807634942465,0));
#10371=FACE_SURFACE('',(#10376),#10372,.T.);
#10372=PLANE('',#10373);
#10373=AXIS2_PLACEMENT_3D('',#516,#10374,#10375);
#10374=DIRECTION('',(0.9238807634942465,-0.3826804604958137,0));
#10375=DIRECTION('',(0.07352843273371142,0.17751495460348904,0.9813674186928387));
#10376=FACE_BOUND('',#10377,.T.);
#10377=EDGE_LOOP('',(#10378,#10379,#10380));
#10378=ORIENTED_EDGE('',*,*,#10381,.T.);
#10379=ORIENTED_EDGE('',*,*,#10382,.T.);
#10380=ORIENTED_EDGE('',*,*,#10383,.T.);
#10381=EDGE_CURVE('',#517,#135,#10384,.F.);
#10382=EDGE_CURVE('',#135,#123,#10385,.T.);
#10383=EDGE_CURVE('',#123,#517,#10386,.T.);
#10384=LINE('',#516,#10387);
#10385=LINE('',#134,#10388);
#10386=LINE('',#122,#10389);
#10387=VECTOR('',#10390,1.0);
#10388=VECTOR('',#10391,1.0);
#10389=VECTOR('',#10392,1.0);
#10390=DIRECTION('',(0.07352843273371142,0.17751495460348904,0.9813674186928387));
#10391=DIRECTION('',(-0.3826804604958137,-0.9238807634942465,0));
#10392=DIRECTION('',(0,0,-1));
#10393=FACE_SURFACE('',(#10398),#10394,.T.);
#10394=PLANE('',#10395);
#10395=AXIS2_PLACEMENT_3D('',#478,#10396,#10397);
#10396=DIRECTION('',(-0.9914455395896884,0.13052104055558156,0));
#10397=DIRECTION('',(0,0,1));
#10398=FACE_BOUND('',#10399,.T.);
#10399=EDGE_LOOP('',(#10400,#10401,#10402));
#10400=ORIENTED_EDGE('',*,*,#10403,.T.);
#10401=ORIENTED_EDGE('',*,*,#10404,.T.);
#10402=ORIENTED_EDGE('',*,*,#10405,.T.);
#10403=EDGE_CURVE('',#479,#187,#10406,.F.);
#10404=EDGE_CURVE('',#187,#475,#10407,.T.);
#10405=EDGE_CURVE('',#475,#479,#10408,.T.);
#10406=LINE('',#478,#10409);
#10407=LINE('',#186,#10410);
#10408=LINE('',#474,#10411);
#10409=VECTOR('',#10412,1.0);
#10410=VECTOR('',#10413,1.0);
#10411=VECTOR('',#10414,1.0);
#10412=DIRECTION('',(0,0,1));
#10413=DIRECTION('',(0.02507850319075047,0.19049779271003559,-0.9813672399516481));
#10414=DIRECTION('',(-0.13052104055558156,-0.9914455395896884,0));
#10415=FACE_SURFACE('',(#10420),#10416,.T.);
#10416=PLANE('',#10417);
#10417=AXIS2_PLACEMENT_3D('',#474,#10418,#10419);
#10418=DIRECTION('',(-0.9914455395896884,0.13052104055558156,0));
#10419=DIRECTION('',(-0.02507850319075047,-0.19049779271003559,0.9813672399516481));
#10420=FACE_BOUND('',#10421,.T.);
#10421=EDGE_LOOP('',(#10422,#10423,#10424));
#10422=ORIENTED_EDGE('',*,*,#10425,.T.);
#10423=ORIENTED_EDGE('',*,*,#10426,.T.);
#10424=ORIENTED_EDGE('',*,*,#10427,.T.);
#10425=EDGE_CURVE('',#475,#187,#10428,.F.);
#10426=EDGE_CURVE('',#187,#183,#10429,.T.);
#10427=EDGE_CURVE('',#183,#475,#10430,.T.);
#10428=LINE('',#474,#10431);
#10429=LINE('',#186,#10432);
#10430=LINE('',#182,#10433);
#10431=VECTOR('',#10434,1.0);
#10432=VECTOR('',#10435,1.0);
#10433=VECTOR('',#10436,1.0);
#10434=DIRECTION('',(-0.02507850319075047,-0.19049779271003559,0.9813672399516481));
#10435=DIRECTION('',(0.13052104055558156,0.9914455395896884,0));
#10436=DIRECTION('',(0,0,-1));
#10437=FACE_SURFACE('',(#10442),#10438,.T.);
#10438=PLANE('',#10439);
#10439=AXIS2_PLACEMENT_3D('',#474,#10440,#10441);
#10440=DIRECTION('',(-0.991444875713994,-0.13052608329549653,0));
#10441=DIRECTION('',(0,0,1));
#10442=FACE_BOUND('',#10443,.T.);
#10443=EDGE_LOOP('',(#10444,#10445,#10446));
#10444=ORIENTED_EDGE('',*,*,#10447,.T.);
#10445=ORIENTED_EDGE('',*,*,#10448,.T.);
#10446=ORIENTED_EDGE('',*,*,#10449,.T.);
#10447=EDGE_CURVE('',#475,#183,#10450,.F.);
#10448=EDGE_CURVE('',#183,#425,#10451,.T.);
#10449=EDGE_CURVE('',#425,#475,#10452,.T.);
#10450=LINE('',#474,#10453);
#10451=LINE('',#182,#10454);
#10452=LINE('',#424,#10455);
#10453=VECTOR('',#10456,1.0);
#10454=VECTOR('',#10457,1.0);
#10455=VECTOR('',#10458,1.0);
#10456=DIRECTION('',(0,0,1));
#10457=DIRECTION('',(-0.025078538959650454,0.19049057716418177,-0.9813686396534719));
#10458=DIRECTION('',(0.13052608329549653,-0.991444875713994,0));
#10459=FACE_SURFACE('',(#10464),#10460,.T.);
#10460=PLANE('',#10461);
#10461=AXIS2_PLACEMENT_3D('',#424,#10462,#10463);
#10462=DIRECTION('',(-0.991444875713994,-0.13052608329549653,0));
#10463=DIRECTION('',(0.025078538959650454,-0.19049057716418177,0.9813686396534719));
#10464=FACE_BOUND('',#10465,.T.);
#10465=EDGE_LOOP('',(#10466,#10467,#10468));
#10466=ORIENTED_EDGE('',*,*,#10469,.T.);
#10467=ORIENTED_EDGE('',*,*,#10470,.T.);
#10468=ORIENTED_EDGE('',*,*,#10471,.T.);
#10469=EDGE_CURVE('',#425,#183,#10472,.F.);
#10470=EDGE_CURVE('',#183,#179,#10473,.T.);
#10471=EDGE_CURVE('',#179,#425,#10474,.T.);
#10472=LINE('',#424,#10475);
#10473=LINE('',#182,#10476);
#10474=LINE('',#178,#10477);
#10475=VECTOR('',#10478,1.0);
#10476=VECTOR('',#10479,1.0);
#10477=VECTOR('',#10480,1.0);
#10478=DIRECTION('',(0.025078538959650454,-0.19049057716418177,0.9813686396534719));
#10479=DIRECTION('',(-0.13052608329549653,0.991444875713994,0));
#10480=DIRECTION('',(0,0,-1));
#10481=FACE_SURFACE('',(#10486),#10482,.T.);
#10482=PLANE('',#10483);
#10483=AXIS2_PLACEMENT_3D('',#424,#10484,#10485);
#10484=DIRECTION('',(-0.9238830257078156,-0.3826749989337844,0));
#10485=DIRECTION('',(0,0,1));
#10486=FACE_BOUND('',#10487,.T.);
#10487=EDGE_LOOP('',(#10488,#10489,#10490));
#10488=ORIENTED_EDGE('',*,*,#10491,.T.);
#10489=ORIENTED_EDGE('',*,*,#10492,.T.);
#10490=ORIENTED_EDGE('',*,*,#10493,.T.);
#10491=EDGE_CURVE('',#425,#179,#10494,.F.);
#10492=EDGE_CURVE('',#179,#427,#10495,.T.);
#10493=EDGE_CURVE('',#427,#425,#10496,.T.);
#10494=LINE('',#424,#10497);
#10495=LINE('',#178,#10498);
#10496=LINE('',#426,#10499);
#10497=VECTOR('',#10500,1.0);
#10498=VECTOR('',#10501,1.0);
#10499=VECTOR('',#10502,1.0);
#10500=DIRECTION('',(0,0,1));
#10501=DIRECTION('',(-0.0735301966925941,0.1775221814608259,-0.98136597926754));
#10502=DIRECTION('',(0.3826749989337844,-0.9238830257078156,0));
#10503=FACE_SURFACE('',(#10508),#10504,.T.);
#10504=PLANE('',#10505);
#10505=AXIS2_PLACEMENT_3D('',#426,#10506,#10507);
#10506=DIRECTION('',(-0.9238830257078156,-0.3826749989337844,0));
#10507=DIRECTION('',(0.0735301966925941,-0.1775221814608259,0.98136597926754));
#10508=FACE_BOUND('',#10509,.T.);
#10509=EDGE_LOOP('',(#10510,#10511,#10512));
#10510=ORIENTED_EDGE('',*,*,#10513,.T.);
#10511=ORIENTED_EDGE('',*,*,#10514,.T.);
#10512=ORIENTED_EDGE('',*,*,#10515,.T.);
#10513=EDGE_CURVE('',#427,#179,#10516,.F.);
#10514=EDGE_CURVE('',#179,#211,#10517,.T.);
#10515=EDGE_CURVE('',#211,#427,#10518,.T.);
#10516=LINE('',#426,#10519);
#10517=LINE('',#178,#10520);
#10518=LINE('',#210,#10521);
#10519=VECTOR('',#10522,1.0);
#10520=VECTOR('',#10523,1.0);
#10521=VECTOR('',#10524,1.0);
#10522=DIRECTION('',(0.0735301966925941,-0.1775221814608259,0.98136597926754));
#10523=DIRECTION('',(-0.3826749989337844,0.9238830257078156,0));
#10524=DIRECTION('',(0,0,-1));
#10525=FACE_SURFACE('',(#10530),#10526,.T.);
#10526=PLANE('',#10527);
#10527=AXIS2_PLACEMENT_3D('',#426,#10528,#10529);
#10528=DIRECTION('',(-0.793348826239951,-0.6087673117897281,0));
#10529=DIRECTION('',(0,0,1));
#10530=FACE_BOUND('',#10531,.T.);
#10531=EDGE_LOOP('',(#10532,#10533,#10534));
#10532=ORIENTED_EDGE('',*,*,#10535,.T.);
#10533=ORIENTED_EDGE('',*,*,#10536,.T.);
#10534=ORIENTED_EDGE('',*,*,#10537,.T.);
#10535=EDGE_CURVE('',#427,#211,#10538,.F.);
#10536=EDGE_CURVE('',#211,#431,#10539,.T.);
#10537=EDGE_CURVE('',#431,#427,#10540,.T.);
#10538=LINE('',#426,#10541);
#10539=LINE('',#210,#10542);
#10540=LINE('',#430,#10543);
#10541=VECTOR('',#10544,1.0);
#10542=VECTOR('',#10545,1.0);
#10543=VECTOR('',#10546,1.0);
#10544=DIRECTION('',(0,0,1));
#10545=DIRECTION('',(-0.11696757310687736,0.15243276870379852,-0.9813678402448194));
#10546=DIRECTION('',(0.6087673117897281,-0.793348826239951,0));
#10547=FACE_SURFACE('',(#10552),#10548,.T.);
#10548=PLANE('',#10549);
#10549=AXIS2_PLACEMENT_3D('',#430,#10550,#10551);
#10550=DIRECTION('',(-0.793348826239951,-0.6087673117897281,0));
#10551=DIRECTION('',(0.11696757310687736,-0.15243276870379852,0.9813678402448194));
#10552=FACE_BOUND('',#10553,.T.);
#10553=EDGE_LOOP('',(#10554,#10555,#10556));
#10554=ORIENTED_EDGE('',*,*,#10557,.T.);
#10555=ORIENTED_EDGE('',*,*,#10558,.T.);
#10556=ORIENTED_EDGE('',*,*,#10559,.T.);
#10557=EDGE_CURVE('',#431,#211,#10560,.F.);
#10558=EDGE_CURVE('',#211,#213,#10561,.T.);
#10559=EDGE_CURVE('',#213,#431,#10562,.T.);
#10560=LINE('',#430,#10563);
#10561=LINE('',#210,#10564);
#10562=LINE('',#212,#10565);
#10563=VECTOR('',#10566,1.0);
#10564=VECTOR('',#10567,1.0);
#10565=VECTOR('',#10568,1.0);
#10566=DIRECTION('',(0.11696757310687736,-0.15243276870379852,0.9813678402448194));
#10567=DIRECTION('',(-0.6087673117897281,0.793348826239951,0));
#10568=DIRECTION('',(0,0,-1));
#10569=FACE_SURFACE('',(#10574),#10570,.T.);
#10570=PLANE('',#10571);
#10571=AXIS2_PLACEMENT_3D('',#430,#10572,#10573);
#10572=DIRECTION('',(-0.608751770109835,-0.7933607517316084,0));
#10573=DIRECTION('',(0,0,1));
#10574=FACE_BOUND('',#10575,.T.);
#10575=EDGE_LOOP('',(#10576,#10577,#10578));
#10576=ORIENTED_EDGE('',*,*,#10579,.T.);
#10577=ORIENTED_EDGE('',*,*,#10580,.T.);
#10578=ORIENTED_EDGE('',*,*,#10581,.T.);
#10579=EDGE_CURVE('',#431,#213,#10582,.F.);
#10580=EDGE_CURVE('',#213,#435,#10583,.T.);
#10581=EDGE_CURVE('',#435,#431,#10584,.T.);
#10582=LINE('',#430,#10585);
#10583=LINE('',#212,#10586);
#10584=LINE('',#434,#10587);
#10585=VECTOR('',#10588,1.0);
#10586=VECTOR('',#10589,1.0);
#10587=VECTOR('',#10590,1.0);
#10588=DIRECTION('',(0,0,1));
#10589=DIRECTION('',(-0.1524364587103536,0.11696566015732922,-0.9813674950801085));
#10590=DIRECTION('',(0.7933607517316084,-0.608751770109835,0));
#10591=FACE_SURFACE('',(#10596),#10592,.T.);
#10592=PLANE('',#10593);
#10593=AXIS2_PLACEMENT_3D('',#434,#10594,#10595);
#10594=DIRECTION('',(-0.608751770109835,-0.7933607517316084,0));
#10595=DIRECTION('',(0.1524364587103536,-0.11696566015732922,0.9813674950801085));
#10596=FACE_BOUND('',#10597,.T.);
#10597=EDGE_LOOP('',(#10598,#10599,#10600));
#10598=ORIENTED_EDGE('',*,*,#10601,.T.);
#10599=ORIENTED_EDGE('',*,*,#10602,.T.);
#10600=ORIENTED_EDGE('',*,*,#10603,.T.);
#10601=EDGE_CURVE('',#435,#213,#10604,.F.);
#10602=EDGE_CURVE('',#213,#217,#10605,.T.);
#10603=EDGE_CURVE('',#217,#435,#10606,.T.);
#10604=LINE('',#434,#10607);
#10605=LINE('',#212,#10608);
#10606=LINE('',#216,#10609);
#10607=VECTOR('',#10610,1.0);
#10608=VECTOR('',#10611,1.0);
#10609=VECTOR('',#10612,1.0);
#10610=DIRECTION('',(0.1524364587103536,-0.11696566015732922,0.9813674950801085));
#10611=DIRECTION('',(-0.7933607517316084,0.608751770109835,0));
#10612=DIRECTION('',(0,0,-1));
#10613=FACE_SURFACE('',(#10618),#10614,.T.);
#10614=PLANE('',#10615);
#10615=AXIS2_PLACEMENT_3D('',#434,#10616,#10617);
#10616=DIRECTION('',(-0.38269709078051545,-0.9238738748920926,0));
#10617=DIRECTION('',(0,0,1));
#10618=FACE_BOUND('',#10619,.T.);
#10619=EDGE_LOOP('',(#10620,#10621,#10622));
#10620=ORIENTED_EDGE('',*,*,#10623,.T.);
#10621=ORIENTED_EDGE('',*,*,#10624,.T.);
#10622=ORIENTED_EDGE('',*,*,#10625,.T.);
#10623=EDGE_CURVE('',#435,#217,#10626,.F.);
#10624=EDGE_CURVE('',#217,#439,#10627,.T.);
#10625=EDGE_CURVE('',#439,#435,#10628,.T.);
#10626=LINE('',#434,#10629);
#10627=LINE('',#216,#10630);
#10628=LINE('',#438,#10631);
#10629=VECTOR('',#10632,1.0);
#10630=VECTOR('',#10633,1.0);
#10631=VECTOR('',#10634,1.0);
#10632=DIRECTION('',(0,0,1));
#10633=DIRECTION('',(-0.17751490573905818,0.07353215611216375,-0.9813671485524413));
#10634=DIRECTION('',(0.9238738748920926,-0.38269709078051545,0));
#10635=FACE_SURFACE('',(#10640),#10636,.T.);
#10636=PLANE('',#10637);
#10637=AXIS2_PLACEMENT_3D('',#438,#10638,#10639);
#10638=DIRECTION('',(-0.38269709078051545,-0.9238738748920926,0));
#10639=DIRECTION('',(0.17751490573905818,-0.07353215611216375,0.9813671485524413));
#10640=FACE_BOUND('',#10641,.T.);
#10641=EDGE_LOOP('',(#10642,#10643,#10644));
#10642=ORIENTED_EDGE('',*,*,#10645,.T.);
#10643=ORIENTED_EDGE('',*,*,#10646,.T.);
#10644=ORIENTED_EDGE('',*,*,#10647,.T.);
#10645=EDGE_CURVE('',#439,#217,#10648,.F.);
#10646=EDGE_CURVE('',#217,#221,#10649,.T.);
#10647=EDGE_CURVE('',#221,#439,#10650,.T.);
#10648=LINE('',#438,#10651);
#10649=LINE('',#216,#10652);
#10650=LINE('',#220,#10653);
#10651=VECTOR('',#10654,1.0);
#10652=VECTOR('',#10655,1.0);
#10653=VECTOR('',#10656,1.0);
#10654=DIRECTION('',(0.17751490573905818,-0.07353215611216375,0.9813671485524413));
#10655=DIRECTION('',(-0.9238738748920926,0.38269709078051545,0));
#10656=DIRECTION('',(0,0,-1));
#10657=FACE_SURFACE('',(#10662),#10658,.T.);
#10658=PLANE('',#10659);
#10659=AXIS2_PLACEMENT_3D('',#438,#10660,#10661);
#10660=DIRECTION('',(-0.13054019222424268,-0.9914430181377333,0));
#10661=DIRECTION('',(0,0,1));
#10662=FACE_BOUND('',#10663,.T.);
#10663=EDGE_LOOP('',(#10664,#10665,#10666));
#10664=ORIENTED_EDGE('',*,*,#10667,.T.);
#10665=ORIENTED_EDGE('',*,*,#10668,.T.);
#10666=ORIENTED_EDGE('',*,*,#10669,.T.);
#10667=EDGE_CURVE('',#439,#221,#10670,.F.);
#10668=EDGE_CURVE('',#221,#443,#10671,.T.);
#10669=EDGE_CURVE('',#443,#439,#10672,.T.);
#10670=LINE('',#438,#10673);
#10671=LINE('',#220,#10674);
#10672=LINE('',#442,#10675);
#10673=VECTOR('',#10676,1.0);
#10674=VECTOR('',#10677,1.0);
#10675=VECTOR('',#10678,1.0);
#10676=DIRECTION('',(0,0,1));
#10677=DIRECTION('',(-0.19049777482394004,0.02508224445467119,-0.98136714780975));
#10678=DIRECTION('',(0.9914430181377333,-0.13054019222424268,0));
#10679=FACE_SURFACE('',(#10684),#10680,.T.);
#10680=PLANE('',#10681);
#10681=AXIS2_PLACEMENT_3D('',#442,#10682,#10683);
#10682=DIRECTION('',(-0.13054019222424268,-0.9914430181377333,0));
#10683=DIRECTION('',(0.19049777482394004,-0.02508224445467119,0.98136714780975));
#10684=FACE_BOUND('',#10685,.T.);
#10685=EDGE_LOOP('',(#10686,#10687,#10688));
#10686=ORIENTED_EDGE('',*,*,#10689,.T.);
#10687=ORIENTED_EDGE('',*,*,#10690,.T.);
#10688=ORIENTED_EDGE('',*,*,#10691,.T.);
#10689=EDGE_CURVE('',#443,#221,#10692,.F.);
#10690=EDGE_CURVE('',#221,#225,#10693,.T.);
#10691=EDGE_CURVE('',#225,#443,#10694,.T.);
#10692=LINE('',#442,#10695);
#10693=LINE('',#220,#10696);
#10694=LINE('',#224,#10697);
#10695=VECTOR('',#10698,1.0);
#10696=VECTOR('',#10699,1.0);
#10697=VECTOR('',#10700,1.0);
#10698=DIRECTION('',(0.19049777482394004,-0.02508224445467119,0.98136714780975));
#10699=DIRECTION('',(-0.9914430181377333,0.13054019222424268,0));
#10700=DIRECTION('',(0,0,-1));
#10701=FACE_SURFACE('',(#10706),#10702,.T.);
#10702=PLANE('',#10703);
#10703=AXIS2_PLACEMENT_3D('',#442,#10704,#10705);
#10704=DIRECTION('',(0.13054019222424268,-0.9914430181377333,0));
#10705=DIRECTION('',(0,0,1));
#10706=FACE_BOUND('',#10707,.T.);
#10707=EDGE_LOOP('',(#10708,#10709,#10710));
#10708=ORIENTED_EDGE('',*,*,#10711,.T.);
#10709=ORIENTED_EDGE('',*,*,#10712,.T.);
#10710=ORIENTED_EDGE('',*,*,#10713,.T.);
#10711=EDGE_CURVE('',#443,#225,#10714,.F.);
#10712=EDGE_CURVE('',#225,#449,#10715,.T.);
#10713=EDGE_CURVE('',#449,#443,#10716,.T.);
#10714=LINE('',#442,#10717);
#10715=LINE('',#224,#10718);
#10716=LINE('',#448,#10719);
#10717=VECTOR('',#10720,1.0);
#10718=VECTOR('',#10721,1.0);
#10719=VECTOR('',#10722,1.0);
#10720=DIRECTION('',(0,0,1));
#10721=DIRECTION('',(-0.19049777482394004,-0.02508224445467119,-0.98136714780975));
#10722=DIRECTION('',(0.9914430181377333,0.13054019222424268,0));
#10723=FACE_SURFACE('',(#10728),#10724,.T.);
#10724=PLANE('',#10725);
#10725=AXIS2_PLACEMENT_3D('',#448,#10726,#10727);
#10726=DIRECTION('',(0.13054019222424268,-0.9914430181377333,0));
#10727=DIRECTION('',(0.19049777482394004,0.02508224445467119,0.98136714780975));
#10728=FACE_BOUND('',#10729,.T.);
#10729=EDGE_LOOP('',(#10730,#10731,#10732));
#10730=ORIENTED_EDGE('',*,*,#10733,.T.);
#10731=ORIENTED_EDGE('',*,*,#10734,.T.);
#10732=ORIENTED_EDGE('',*,*,#10735,.T.);
#10733=EDGE_CURVE('',#449,#225,#10736,.F.);
#10734=EDGE_CURVE('',#225,#231,#10737,.T.);
#10735=EDGE_CURVE('',#231,#449,#10738,.T.);
#10736=LINE('',#448,#10739);
#10737=LINE('',#224,#10740);
#10738=LINE('',#230,#10741);
#10739=VECTOR('',#10742,1.0);
#10740=VECTOR('',#10743,1.0);
#10741=VECTOR('',#10744,1.0);
#10742=DIRECTION('',(0.19049777482394004,0.02508224445467119,0.98136714780975));
#10743=DIRECTION('',(-0.9914430181377333,-0.13054019222424268,0));
#10744=DIRECTION('',(0,0,-1));
#10745=FACE_SURFACE('',(#10750),#10746,.T.);
#10746=PLANE('',#10747);
#10747=AXIS2_PLACEMENT_3D('',#448,#10748,#10749);
#10748=DIRECTION('',(0.38269709078051545,-0.9238738748920926,0));
#10749=DIRECTION('',(0,0,1));
#10750=FACE_BOUND('',#10751,.T.);
#10751=EDGE_LOOP('',(#10752,#10753,#10754));
#10752=ORIENTED_EDGE('',*,*,#10755,.T.);
#10753=ORIENTED_EDGE('',*,*,#10756,.T.);
#10754=ORIENTED_EDGE('',*,*,#10757,.T.);
#10755=EDGE_CURVE('',#449,#231,#10758,.F.);
#10756=EDGE_CURVE('',#231,#453,#10759,.T.);
#10757=EDGE_CURVE('',#453,#449,#10760,.T.);
#10758=LINE('',#448,#10761);
#10759=LINE('',#230,#10762);
#10760=LINE('',#452,#10763);
#10761=VECTOR('',#10764,1.0);
#10762=VECTOR('',#10765,1.0);
#10763=VECTOR('',#10766,1.0);
#10764=DIRECTION('',(0,0,1));
#10765=DIRECTION('',(-0.17751490573905818,-0.07353215611216375,-0.9813671485524413));
#10766=DIRECTION('',(0.9238738748920926,0.38269709078051545,0));
#10767=FACE_SURFACE('',(#10772),#10768,.T.);
#10768=PLANE('',#10769);
#10769=AXIS2_PLACEMENT_3D('',#452,#10770,#10771);
#10770=DIRECTION('',(0.38269709078051545,-0.9238738748920926,0));
#10771=DIRECTION('',(0.17751490573905818,0.07353215611216375,0.9813671485524413));
#10772=FACE_BOUND('',#10773,.T.);
#10773=EDGE_LOOP('',(#10774,#10775,#10776));
#10774=ORIENTED_EDGE('',*,*,#10777,.T.);
#10775=ORIENTED_EDGE('',*,*,#10778,.T.);
#10776=ORIENTED_EDGE('',*,*,#10779,.T.);
#10777=EDGE_CURVE('',#453,#231,#10780,.F.);
#10778=EDGE_CURVE('',#231,#235,#10781,.T.);
#10779=EDGE_CURVE('',#235,#453,#10782,.T.);
#10780=LINE('',#452,#10783);
#10781=LINE('',#230,#10784);
#10782=LINE('',#234,#10785);
#10783=VECTOR('',#10786,1.0);
#10784=VECTOR('',#10787,1.0);
#10785=VECTOR('',#10788,1.0);
#10786=DIRECTION('',(0.17751490573905818,0.07353215611216375,0.9813671485524413));
#10787=DIRECTION('',(-0.9238738748920926,-0.38269709078051545,0));
#10788=DIRECTION('',(0,0,-1));
#10789=FACE_SURFACE('',(#10794),#10790,.T.);
#10790=PLANE('',#10791);
#10791=AXIS2_PLACEMENT_3D('',#452,#10792,#10793);
#10792=DIRECTION('',(0.608751770109835,-0.7933607517316084,0));
#10793=DIRECTION('',(0,0,1));
#10794=FACE_BOUND('',#10795,.T.);
#10795=EDGE_LOOP('',(#10796,#10797,#10798));
#10796=ORIENTED_EDGE('',*,*,#10799,.T.);
#10797=ORIENTED_EDGE('',*,*,#10800,.T.);
#10798=ORIENTED_EDGE('',*,*,#10801,.T.);
#10799=EDGE_CURVE('',#453,#235,#10802,.F.);
#10800=EDGE_CURVE('',#235,#457,#10803,.T.);
#10801=EDGE_CURVE('',#457,#453,#10804,.T.);
#10802=LINE('',#452,#10805);
#10803=LINE('',#234,#10806);
#10804=LINE('',#456,#10807);
#10805=VECTOR('',#10808,1.0);
#10806=VECTOR('',#10809,1.0);
#10807=VECTOR('',#10810,1.0);
#10808=DIRECTION('',(0,0,1));
#10809=DIRECTION('',(-0.1524364587103536,-0.11696566015732922,-0.9813674950801085));
#10810=DIRECTION('',(0.7933607517316084,0.608751770109835,0));
#10811=FACE_SURFACE('',(#10816),#10812,.T.);
#10812=PLANE('',#10813);
#10813=AXIS2_PLACEMENT_3D('',#456,#10814,#10815);
#10814=DIRECTION('',(0.608751770109835,-0.7933607517316084,0));
#10815=DIRECTION('',(0.1524364587103536,0.11696566015732922,0.9813674950801085));
#10816=FACE_BOUND('',#10817,.T.);
#10817=EDGE_LOOP('',(#10818,#10819,#10820));
#10818=ORIENTED_EDGE('',*,*,#10821,.T.);
#10819=ORIENTED_EDGE('',*,*,#10822,.T.);
#10820=ORIENTED_EDGE('',*,*,#10823,.T.);
#10821=EDGE_CURVE('',#457,#235,#10824,.F.);
#10822=EDGE_CURVE('',#235,#239,#10825,.T.);
#10823=EDGE_CURVE('',#239,#457,#10826,.T.);
#10824=LINE('',#456,#10827);
#10825=LINE('',#234,#10828);
#10826=LINE('',#238,#10829);
#10827=VECTOR('',#10830,1.0);
#10828=VECTOR('',#10831,1.0);
#10829=VECTOR('',#10832,1.0);
#10830=DIRECTION('',(0.1524364587103536,0.11696566015732922,0.9813674950801085));
#10831=DIRECTION('',(-0.7933607517316084,-0.608751770109835,0));
#10832=DIRECTION('',(0,0,-1));
#10833=FACE_SURFACE('',(#10838),#10834,.T.);
#10834=PLANE('',#10835);
#10835=AXIS2_PLACEMENT_3D('',#456,#10836,#10837);
#10836=DIRECTION('',(0.793348826239951,-0.6087673117897281,0));
#10837=DIRECTION('',(0,0,1));
#10838=FACE_BOUND('',#10839,.T.);
#10839=EDGE_LOOP('',(#10840,#10841,#10842));
#10840=ORIENTED_EDGE('',*,*,#10843,.T.);
#10841=ORIENTED_EDGE('',*,*,#10844,.T.);
#10842=ORIENTED_EDGE('',*,*,#10845,.T.);
#10843=EDGE_CURVE('',#457,#239,#10846,.F.);
#10844=EDGE_CURVE('',#239,#461,#10847,.T.);
#10845=EDGE_CURVE('',#461,#457,#10848,.T.);
#10846=LINE('',#456,#10849);
#10847=LINE('',#238,#10850);
#10848=LINE('',#460,#10851);
#10849=VECTOR('',#10852,1.0);
#10850=VECTOR('',#10853,1.0);
#10851=VECTOR('',#10854,1.0);
#10852=DIRECTION('',(0,0,1));
#10853=DIRECTION('',(-0.11696757310687736,-0.15243276870379852,-0.9813678402448194));
#10854=DIRECTION('',(0.6087673117897281,0.793348826239951,0));
#10855=FACE_SURFACE('',(#10860),#10856,.T.);
#10856=PLANE('',#10857);
#10857=AXIS2_PLACEMENT_3D('',#460,#10858,#10859);
#10858=DIRECTION('',(0.793348826239951,-0.6087673117897281,0));
#10859=DIRECTION('',(0.11696757310687736,0.15243276870379852,0.9813678402448194));
#10860=FACE_BOUND('',#10861,.T.);
#10861=EDGE_LOOP('',(#10862,#10863,#10864));
#10862=ORIENTED_EDGE('',*,*,#10865,.T.);
#10863=ORIENTED_EDGE('',*,*,#10866,.T.);
#10864=ORIENTED_EDGE('',*,*,#10867,.T.);
#10865=EDGE_CURVE('',#461,#239,#10868,.F.);
#10866=EDGE_CURVE('',#239,#243,#10869,.T.);
#10867=EDGE_CURVE('',#243,#461,#10870,.T.);
#10868=LINE('',#460,#10871);
#10869=LINE('',#238,#10872);
#10870=LINE('',#242,#10873);
#10871=VECTOR('',#10874,1.0);
#10872=VECTOR('',#10875,1.0);
#10873=VECTOR('',#10876,1.0);
#10874=DIRECTION('',(0.11696757310687736,0.15243276870379852,0.9813678402448194));
#10875=DIRECTION('',(-0.6087673117897281,-0.793348826239951,0));
#10876=DIRECTION('',(0,0,-1));
#10877=FACE_SURFACE('',(#10882),#10878,.T.);
#10878=PLANE('',#10879);
#10879=AXIS2_PLACEMENT_3D('',#460,#10880,#10881);
#10880=DIRECTION('',(0.9238864697576026,-0.3826666839415662,0));
#10881=DIRECTION('',(0,0,1));
#10882=FACE_BOUND('',#10883,.T.);
#10883=EDGE_LOOP('',(#10884,#10885,#10886));
#10884=ORIENTED_EDGE('',*,*,#10887,.T.);
#10885=ORIENTED_EDGE('',*,*,#10888,.T.);
#10886=ORIENTED_EDGE('',*,*,#10889,.T.);
#10887=EDGE_CURVE('',#461,#243,#10890,.F.);
#10888=EDGE_CURVE('',#243,#465,#10891,.T.);
#10889=EDGE_CURVE('',#465,#461,#10892,.T.);
#10890=LINE('',#460,#10893);
#10891=LINE('',#242,#10894);
#10892=LINE('',#464,#10895);
#10893=VECTOR('',#10896,1.0);
#10894=VECTOR('',#10897,1.0);
#10895=VECTOR('',#10898,1.0);
#10896=DIRECTION('',(0,0,1));
#10897=DIRECTION('',(-0.0735283350054311,-0.1775222058936685,-0.9813661143355089));
#10898=DIRECTION('',(0.3826666839415662,0.9238864697576026,0));
#10899=FACE_SURFACE('',(#10904),#10900,.T.);
#10900=PLANE('',#10901);
#10901=AXIS2_PLACEMENT_3D('',#464,#10902,#10903);
#10902=DIRECTION('',(0.9238864697576026,-0.3826666839415662,0));
#10903=DIRECTION('',(0.0735283350054311,0.1775222058936685,0.9813661143355089));
#10904=FACE_BOUND('',#10905,.T.);
#10905=EDGE_LOOP('',(#10906,#10907,#10908));
#10906=ORIENTED_EDGE('',*,*,#10909,.T.);
#10907=ORIENTED_EDGE('',*,*,#10910,.T.);
#10908=ORIENTED_EDGE('',*,*,#10911,.T.);
#10909=EDGE_CURVE('',#465,#243,#10912,.F.);
#10910=EDGE_CURVE('',#243,#247,#10913,.T.);
#10911=EDGE_CURVE('',#247,#465,#10914,.T.);
#10912=LINE('',#464,#10915);
#10913=LINE('',#242,#10916);
#10914=LINE('',#246,#10917);
#10915=VECTOR('',#10918,1.0);
#10916=VECTOR('',#10919,1.0);
#10917=VECTOR('',#10920,1.0);
#10918=DIRECTION('',(0.0735283350054311,0.1775222058936685,0.9813661143355089));
#10919=DIRECTION('',(-0.3826666839415662,-0.9238864697576026,0));
#10920=DIRECTION('',(0,0,-1));
#10921=FACE_SURFACE('',(#10926),#10922,.T.);
#10922=PLANE('',#10923);
#10923=AXIS2_PLACEMENT_3D('',#464,#10924,#10925);
#10924=DIRECTION('',(0.9914436149360859,-0.13053565950523363,0));
#10925=DIRECTION('',(0,0,1));
#10926=FACE_BOUND('',#10927,.T.);
#10927=EDGE_LOOP('',(#10928,#10929,#10930));
#10928=ORIENTED_EDGE('',*,*,#10931,.T.);
#10929=ORIENTED_EDGE('',*,*,#10932,.T.);
#10930=ORIENTED_EDGE('',*,*,#10933,.T.);
#10931=EDGE_CURVE('',#465,#247,#10934,.F.);
#10932=EDGE_CURVE('',#247,#469,#10935,.T.);
#10933=EDGE_CURVE('',#469,#465,#10936,.T.);
#10934=LINE('',#464,#10937);
#10935=LINE('',#246,#10938);
#10936=LINE('',#468,#10939);
#10937=VECTOR('',#10940,1.0);
#10938=VECTOR('',#10941,1.0);
#10939=VECTOR('',#10942,1.0);
#10940=DIRECTION('',(0,0,1));
#10941=DIRECTION('',(-0.025080409594407226,-0.19049056822178032,-0.9813685935840417));
#10942=DIRECTION('',(0.13053565950523363,0.9914436149360859,0));
#10943=FACE_SURFACE('',(#10948),#10944,.T.);
#10944=PLANE('',#10945);
#10945=AXIS2_PLACEMENT_3D('',#468,#10946,#10947);
#10946=DIRECTION('',(0.9914436149360859,-0.13053565950523363,0));
#10947=DIRECTION('',(0.025080409594407226,0.19049056822178032,0.9813685935840417));
#10948=FACE_BOUND('',#10949,.T.);
#10949=EDGE_LOOP('',(#10950,#10951,#10952));
#10950=ORIENTED_EDGE('',*,*,#10953,.T.);
#10951=ORIENTED_EDGE('',*,*,#10954,.T.);
#10952=ORIENTED_EDGE('',*,*,#10955,.T.);
#10953=EDGE_CURVE('',#469,#247,#10956,.F.);
#10954=EDGE_CURVE('',#247,#249,#10957,.T.);
#10955=EDGE_CURVE('',#249,#469,#10958,.T.);
#10956=LINE('',#468,#10959);
#10957=LINE('',#246,#10960);
#10958=LINE('',#248,#10961);
#10959=VECTOR('',#10962,1.0);
#10960=VECTOR('',#10963,1.0);
#10961=VECTOR('',#10964,1.0);
#10962=DIRECTION('',(0.025080409594407226,0.19049056822178032,0.9813685935840417));
#10963=DIRECTION('',(-0.13053565950523363,-0.9914436149360859,0));
#10964=DIRECTION('',(0,0,-1));
#10965=FACE_SURFACE('',(#10970),#10966,.T.);
#10966=PLANE('',#10967);
#10967=AXIS2_PLACEMENT_3D('',#468,#10968,#10969);
#10968=DIRECTION('',(0.9914442789083516,0.13053061640817715,-0));
#10969=DIRECTION('',(0,0,1));
#10970=FACE_BOUND('',#10971,.T.);
#10971=EDGE_LOOP('',(#10972,#10973,#10974));
#10972=ORIENTED_EDGE('',*,*,#10975,.T.);
#10973=ORIENTED_EDGE('',*,*,#10976,.T.);
#10974=ORIENTED_EDGE('',*,*,#10977,.T.);
#10975=EDGE_CURVE('',#469,#249,#10978,.F.);
#10976=EDGE_CURVE('',#249,#471,#10979,.T.);
#10977=EDGE_CURVE('',#471,#469,#10980,.T.);
#10978=LINE('',#468,#10981);
#10979=LINE('',#248,#10982);
#10980=LINE('',#470,#10983);
#10981=VECTOR('',#10984,1.0);
#10982=VECTOR('',#10985,1.0);
#10983=VECTOR('',#10986,1.0);
#10984=DIRECTION('',(0,0,1));
#10985=DIRECTION('',(0.025080373822842558,-0.1904977837673209,-0.981367193882415));
#10986=DIRECTION('',(-0.13053061640817715,0.9914442789083516,0));
#10987=FACE_SURFACE('',(#10992),#10988,.T.);
#10988=PLANE('',#10989);
#10989=AXIS2_PLACEMENT_3D('',#470,#10990,#10991);
#10990=DIRECTION('',(0.9914442789083516,0.13053061640817715,-0));
#10991=DIRECTION('',(-0.025080373822842558,0.1904977837673209,0.981367193882415));
#10992=FACE_BOUND('',#10993,.T.);
#10993=EDGE_LOOP('',(#10994,#10995,#10996));
#10994=ORIENTED_EDGE('',*,*,#10997,.T.);
#10995=ORIENTED_EDGE('',*,*,#10998,.T.);
#10996=ORIENTED_EDGE('',*,*,#10999,.T.);
#10997=EDGE_CURVE('',#471,#249,#11000,.F.);
#10998=EDGE_CURVE('',#249,#251,#11001,.T.);
#10999=EDGE_CURVE('',#251,#471,#11002,.T.);
#11000=LINE('',#470,#11003);
#11001=LINE('',#248,#11004);
#11002=LINE('',#250,#11005);
#11003=VECTOR('',#11006,1.0);
#11004=VECTOR('',#11007,1.0);
#11005=VECTOR('',#11008,1.0);
#11006=DIRECTION('',(-0.025080373822842558,0.1904977837673209,0.981367193882415));
#11007=DIRECTION('',(0.13053061640817715,-0.9914442789083516,0));
#11008=DIRECTION('',(0,0,-1));
#11009=FACE_SURFACE('',(#11014),#11010,.T.);
#11010=PLANE('',#11011);
#11011=AXIS2_PLACEMENT_3D('',#470,#11012,#11013);
#11012=DIRECTION('',(0.9238807634942465,0.3826804604958137,-0));
#11013=DIRECTION('',(0,0,1));
#11014=FACE_BOUND('',#11015,.T.);
#11015=EDGE_LOOP('',(#11016,#11017,#11018));
#11016=ORIENTED_EDGE('',*,*,#11019,.T.);
#11017=ORIENTED_EDGE('',*,*,#11020,.T.);
#11018=ORIENTED_EDGE('',*,*,#11021,.T.);
#11019=EDGE_CURVE('',#471,#251,#11022,.F.);
#11020=EDGE_CURVE('',#251,#505,#11023,.T.);
#11021=EDGE_CURVE('',#505,#471,#11024,.T.);
#11022=LINE('',#470,#11025);
#11023=LINE('',#250,#11026);
#11024=LINE('',#504,#11027);
#11025=VECTOR('',#11028,1.0);
#11026=VECTOR('',#11029,1.0);
#11027=VECTOR('',#11030,1.0);
#11028=DIRECTION('',(0,0,1));
#11029=DIRECTION('',(0.07352843273371142,-0.17751495460348904,-0.9813674186928387));
#11030=DIRECTION('',(-0.3826804604958137,0.9238807634942465,0));
#11031=FACE_SURFACE('',(#11036),#11032,.T.);
#11032=PLANE('',#11033);
#11033=AXIS2_PLACEMENT_3D('',#504,#11034,#11035);
#11034=DIRECTION('',(0.9238807634942465,0.3826804604958137,-0));
#11035=DIRECTION('',(-0.07352843273371142,0.17751495460348904,0.9813674186928387));
#11036=FACE_BOUND('',#11037,.T.);
#11037=EDGE_LOOP('',(#11038,#11039,#11040));
#11038=ORIENTED_EDGE('',*,*,#11041,.T.);
#11039=ORIENTED_EDGE('',*,*,#11042,.T.);
#11040=ORIENTED_EDGE('',*,*,#11043,.T.);
#11041=EDGE_CURVE('',#505,#251,#11044,.F.);
#11042=EDGE_CURVE('',#251,#253,#11045,.T.);
#11043=EDGE_CURVE('',#253,#505,#11046,.T.);
#11044=LINE('',#504,#11047);
#11045=LINE('',#250,#11048);
#11046=LINE('',#252,#11049);
#11047=VECTOR('',#11050,1.0);
#11048=VECTOR('',#11051,1.0);
#11049=VECTOR('',#11052,1.0);
#11050=DIRECTION('',(-0.07352843273371142,0.17751495460348904,0.9813674186928387));
#11051=DIRECTION('',(0.3826804604958137,-0.9238807634942465,0));
#11052=DIRECTION('',(0,0,-1));
#11053=FACE_SURFACE('',(#11058),#11054,.T.);
#11054=PLANE('',#11055);
#11055=AXIS2_PLACEMENT_3D('',#504,#11056,#11057);
#11056=DIRECTION('',(0.7933632670066336,0.6087484920429461,-0));
#11057=DIRECTION('',(0,0,1));
#11058=FACE_BOUND('',#11059,.T.);
#11059=EDGE_LOOP('',(#11060,#11061,#11062));
#11060=ORIENTED_EDGE('',*,*,#11063,.T.);
#11061=ORIENTED_EDGE('',*,*,#11064,.T.);
#11062=ORIENTED_EDGE('',*,*,#11065,.T.);
#11063=EDGE_CURVE('',#505,#253,#11066,.F.);
#11064=EDGE_CURVE('',#253,#507,#11067,.T.);
#11065=EDGE_CURVE('',#507,#505,#11068,.T.);
#11066=LINE('',#504,#11069);
#11067=LINE('',#252,#11070);
#11068=LINE('',#506,#11071);
#11069=VECTOR('',#11072,1.0);
#11070=VECTOR('',#11073,1.0);
#11071=VECTOR('',#11074,1.0);
#11072=DIRECTION('',(0,0,1));
#11073=DIRECTION('',(0.11696743960860823,-0.15244008196202619,-0.98136672018304));
#11074=DIRECTION('',(-0.6087484920429461,0.7933632670066336,0));
#11075=FACE_SURFACE('',(#11080),#11076,.T.);
#11076=PLANE('',#11077);
#11077=AXIS2_PLACEMENT_3D('',#506,#11078,#11079);
#11078=DIRECTION('',(0.7933632670066336,0.6087484920429461,-0));
#11079=DIRECTION('',(-0.11696743960860823,0.15244008196202619,0.98136672018304));
#11080=FACE_BOUND('',#11081,.T.);
#11081=EDGE_LOOP('',(#11082,#11083,#11084));
#11082=ORIENTED_EDGE('',*,*,#11085,.T.);
#11083=ORIENTED_EDGE('',*,*,#11086,.T.);
#11084=ORIENTED_EDGE('',*,*,#11087,.T.);
#11085=EDGE_CURVE('',#507,#253,#11088,.F.);
#11086=EDGE_CURVE('',#253,#255,#11089,.T.);
#11087=EDGE_CURVE('',#255,#507,#11090,.T.);
#11088=LINE('',#506,#11091);
#11089=LINE('',#252,#11092);
#11090=LINE('',#254,#11093);
#11091=VECTOR('',#11094,1.0);
#11092=VECTOR('',#11095,1.0);
#11093=VECTOR('',#11096,1.0);
#11094=DIRECTION('',(-0.11696743960860823,0.15244008196202619,0.98136672018304));
#11095=DIRECTION('',(0.6087484920429461,-0.7933632670066336,0));
#11096=DIRECTION('',(0,0,-1));
#11097=FACE_SURFACE('',(#11102),#11098,.T.);
#11098=PLANE('',#11099);
#11099=AXIS2_PLACEMENT_3D('',#506,#11100,#11101);
#11100=DIRECTION('',(0.608751770109835,0.7933607517316084,-0));
#11101=DIRECTION('',(0,0,1));
#11102=FACE_BOUND('',#11103,.T.);
#11103=EDGE_LOOP('',(#11104,#11105,#11106));
#11104=ORIENTED_EDGE('',*,*,#11107,.T.);
#11105=ORIENTED_EDGE('',*,*,#11108,.T.);
#11106=ORIENTED_EDGE('',*,*,#11109,.T.);
#11107=EDGE_CURVE('',#507,#255,#11110,.F.);
#11108=EDGE_CURVE('',#255,#509,#11111,.T.);
#11109=EDGE_CURVE('',#509,#507,#11112,.T.);
#11110=LINE('',#506,#11113);
#11111=LINE('',#254,#11114);
#11112=LINE('',#508,#11115);
#11113=VECTOR('',#11116,1.0);
#11114=VECTOR('',#11117,1.0);
#11115=VECTOR('',#11118,1.0);
#11116=DIRECTION('',(0,0,1));
#11117=DIRECTION('',(0.1524364587103536,-0.11696566015732922,-0.9813674950801085));
#11118=DIRECTION('',(-0.7933607517316084,0.608751770109835,0));
#11119=FACE_SURFACE('',(#11124),#11120,.T.);
#11120=PLANE('',#11121);
#11121=AXIS2_PLACEMENT_3D('',#508,#11122,#11123);
#11122=DIRECTION('',(0.608751770109835,0.7933607517316084,-0));
#11123=DIRECTION('',(-0.1524364587103536,0.11696566015732922,0.9813674950801085));
#11124=FACE_BOUND('',#11125,.T.);
#11125=EDGE_LOOP('',(#11126,#11127,#11128));
#11126=ORIENTED_EDGE('',*,*,#11129,.T.);
#11127=ORIENTED_EDGE('',*,*,#11130,.T.);
#11128=ORIENTED_EDGE('',*,*,#11131,.T.);
#11129=EDGE_CURVE('',#509,#255,#11132,.F.);
#11130=EDGE_CURVE('',#255,#257,#11133,.T.);
#11131=EDGE_CURVE('',#257,#509,#11134,.T.);
#11132=LINE('',#508,#11135);
#11133=LINE('',#254,#11136);
#11134=LINE('',#256,#11137);
#11135=VECTOR('',#11138,1.0);
#11136=VECTOR('',#11139,1.0);
#11137=VECTOR('',#11140,1.0);
#11138=DIRECTION('',(-0.1524364587103536,0.11696566015732922,0.9813674950801085));
#11139=DIRECTION('',(0.7933607517316084,-0.608751770109835,0));
#11140=DIRECTION('',(0,0,-1));
#11141=FACE_SURFACE('',(#11146),#11142,.T.);
#11142=PLANE('',#11143);
#11143=AXIS2_PLACEMENT_3D('',#508,#11144,#11145);
#11144=DIRECTION('',(0.38269709078051545,0.9238738748920926,-0));
#11145=DIRECTION('',(0,0,1));
#11146=FACE_BOUND('',#11147,.T.);
#11147=EDGE_LOOP('',(#11148,#11149,#11150));
#11148=ORIENTED_EDGE('',*,*,#11151,.T.);
#11149=ORIENTED_EDGE('',*,*,#11152,.T.);
#11150=ORIENTED_EDGE('',*,*,#11153,.T.);
#11151=EDGE_CURVE('',#509,#257,#11154,.F.);
#11152=EDGE_CURVE('',#257,#511,#11155,.T.);
#11153=EDGE_CURVE('',#511,#509,#11156,.T.);
#11154=LINE('',#508,#11157);
#11155=LINE('',#256,#11158);
#11156=LINE('',#510,#11159);
#11157=VECTOR('',#11160,1.0);
#11158=VECTOR('',#11161,1.0);
#11159=VECTOR('',#11162,1.0);
#11160=DIRECTION('',(0,0,1));
#11161=DIRECTION('',(0.17751490573905818,-0.07353215611216375,-0.9813671485524413));
#11162=DIRECTION('',(-0.9238738748920926,0.38269709078051545,0));
#11163=FACE_SURFACE('',(#11168),#11164,.T.);
#11164=PLANE('',#11165);
#11165=AXIS2_PLACEMENT_3D('',#510,#11166,#11167);
#11166=DIRECTION('',(0.38269709078051545,0.9238738748920926,-0));
#11167=DIRECTION('',(-0.17751490573905818,0.07353215611216375,0.9813671485524413));
#11168=FACE_BOUND('',#11169,.T.);
#11169=EDGE_LOOP('',(#11170,#11171,#11172));
#11170=ORIENTED_EDGE('',*,*,#11173,.T.);
#11171=ORIENTED_EDGE('',*,*,#11174,.T.);
#11172=ORIENTED_EDGE('',*,*,#11175,.T.);
#11173=EDGE_CURVE('',#511,#257,#11176,.F.);
#11174=EDGE_CURVE('',#257,#207,#11177,.T.);
#11175=EDGE_CURVE('',#207,#511,#11178,.T.);
#11176=LINE('',#510,#11179);
#11177=LINE('',#256,#11180);
#11178=LINE('',#206,#11181);
#11179=VECTOR('',#11182,1.0);
#11180=VECTOR('',#11183,1.0);
#11181=VECTOR('',#11184,1.0);
#11182=DIRECTION('',(-0.17751490573905818,0.07353215611216375,0.9813671485524413));
#11183=DIRECTION('',(0.9238738748920926,-0.38269709078051545,0));
#11184=DIRECTION('',(0,0,-1));
#11185=FACE_SURFACE('',(#11190),#11186,.T.);
#11186=PLANE('',#11187);
#11187=AXIS2_PLACEMENT_3D('',#510,#11188,#11189);
#11188=DIRECTION('',(0.13050188874081017,0.9914480606845127,-0));
#11189=DIRECTION('',(0,0,1));
#11190=FACE_BOUND('',#11191,.T.);
#11191=EDGE_LOOP('',(#11192,#11193,#11194));
#11192=ORIENTED_EDGE('',*,*,#11195,.T.);
#11193=ORIENTED_EDGE('',*,*,#11196,.T.);
#11194=ORIENTED_EDGE('',*,*,#11197,.T.);
#11195=EDGE_CURVE('',#511,#207,#11198,.F.);
#11196=EDGE_CURVE('',#207,#513,#11199,.T.);
#11197=EDGE_CURVE('',#513,#511,#11200,.T.);
#11198=LINE('',#510,#11201);
#11199=LINE('',#206,#11202);
#11200=LINE('',#512,#11203);
#11201=VECTOR('',#11204,1.0);
#11202=VECTOR('',#11205,1.0);
#11203=VECTOR('',#11206,1.0);
#11204=DIRECTION('',(0,0,1));
#11205=DIRECTION('',(0.1904978105934664,-0.02507476192577601,-0.9813673320798187));
#11206=DIRECTION('',(-0.9914480606845127,0.13050188874081017,0));
#11207=FACE_SURFACE('',(#11212),#11208,.T.);
#11208=PLANE('',#11209);
#11209=AXIS2_PLACEMENT_3D('',#512,#11210,#11211);
#11210=DIRECTION('',(0.13050188874081017,0.9914480606845127,-0));
#11211=DIRECTION('',(-0.1904978105934664,0.02507476192577601,0.9813673320798187));
#11212=FACE_BOUND('',#11213,.T.);
#11213=EDGE_LOOP('',(#11214,#11215,#11216));
#11214=ORIENTED_EDGE('',*,*,#11217,.T.);
#11215=ORIENTED_EDGE('',*,*,#11218,.T.);
#11216=ORIENTED_EDGE('',*,*,#11219,.T.);
#11217=EDGE_CURVE('',#513,#207,#11220,.F.);
#11218=EDGE_CURVE('',#207,#205,#11221,.T.);
#11219=EDGE_CURVE('',#205,#513,#11222,.T.);
#11220=LINE('',#512,#11223);
#11221=LINE('',#206,#11224);
#11222=LINE('',#204,#11225);
#11223=VECTOR('',#11226,1.0);
#11224=VECTOR('',#11227,1.0);
#11225=VECTOR('',#11228,1.0);
#11226=DIRECTION('',(-0.1904978105934664,0.02507476192577601,0.9813673320798187));
#11227=DIRECTION('',(0.9914480606845127,-0.13050188874081017,0));
#11228=DIRECTION('',(0,0,-1));
#11229=FACE_SURFACE('',(#11234),#11230,.T.);
#11230=PLANE('',#11231);
#11231=AXIS2_PLACEMENT_3D('',#512,#11232,#11233);
#11232=DIRECTION('',(-0.13050188874081017,0.9914480606845127,0));
#11233=DIRECTION('',(0,0,1));
#11234=FACE_BOUND('',#11235,.T.);
#11235=EDGE_LOOP('',(#11236,#11237,#11238));
#11236=ORIENTED_EDGE('',*,*,#11239,.T.);
#11237=ORIENTED_EDGE('',*,*,#11240,.T.);
#11238=ORIENTED_EDGE('',*,*,#11241,.T.);
#11239=EDGE_CURVE('',#513,#205,#11242,.F.);
#11240=EDGE_CURVE('',#205,#495,#11243,.T.);
#11241=EDGE_CURVE('',#495,#513,#11244,.T.);
#11242=LINE('',#512,#11245);
#11243=LINE('',#204,#11246);
#11244=LINE('',#494,#11247);
#11245=VECTOR('',#11248,1.0);
#11246=VECTOR('',#11249,1.0);
#11247=VECTOR('',#11250,1.0);
#11248=DIRECTION('',(0,0,1));
#11249=DIRECTION('',(0.1904978105934664,0.02507476192577601,-0.9813673320798187));
#11250=DIRECTION('',(-0.9914480606845127,-0.13050188874081017,0));
#11251=FACE_SURFACE('',(#11256),#11252,.T.);
#11252=PLANE('',#11253);
#11253=AXIS2_PLACEMENT_3D('',#494,#11254,#11255);
#11254=DIRECTION('',(-0.13050188874081017,0.9914480606845127,0));
#11255=DIRECTION('',(-0.1904978105934664,-0.02507476192577601,0.9813673320798187));
#11256=FACE_BOUND('',#11257,.T.);
#11257=EDGE_LOOP('',(#11258,#11259,#11260));
#11258=ORIENTED_EDGE('',*,*,#11261,.T.);
#11259=ORIENTED_EDGE('',*,*,#11262,.T.);
#11260=ORIENTED_EDGE('',*,*,#11263,.T.);
#11261=EDGE_CURVE('',#495,#205,#11264,.F.);
#11262=EDGE_CURVE('',#205,#203,#11265,.T.);
#11263=EDGE_CURVE('',#203,#495,#11266,.T.);
#11264=LINE('',#494,#11267);
#11265=LINE('',#204,#11268);
#11266=LINE('',#202,#11269);
#11267=VECTOR('',#11270,1.0);
#11268=VECTOR('',#11271,1.0);
#11269=VECTOR('',#11272,1.0);
#11270=DIRECTION('',(-0.1904978105934664,-0.02507476192577601,0.9813673320798187));
#11271=DIRECTION('',(0.9914480606845127,0.13050188874081017,0));
#11272=DIRECTION('',(0,0,-1));
#11273=FACE_SURFACE('',(#11278),#11274,.T.);
#11274=PLANE('',#11275);
#11275=AXIS2_PLACEMENT_3D('',#494,#11276,#11277);
#11276=DIRECTION('',(-0.38269709078051545,0.9238738748920926,0));
#11277=DIRECTION('',(0,0,1));
#11278=FACE_BOUND('',#11279,.T.);
#11279=EDGE_LOOP('',(#11280,#11281,#11282));
#11280=ORIENTED_EDGE('',*,*,#11283,.T.);
#11281=ORIENTED_EDGE('',*,*,#11284,.T.);
#11282=ORIENTED_EDGE('',*,*,#11285,.T.);
#11283=EDGE_CURVE('',#495,#203,#11286,.F.);
#11284=EDGE_CURVE('',#203,#491,#11287,.T.);
#11285=EDGE_CURVE('',#491,#495,#11288,.T.);
#11286=LINE('',#494,#11289);
#11287=LINE('',#202,#11290);
#11288=LINE('',#490,#11291);
#11289=VECTOR('',#11292,1.0);
#11290=VECTOR('',#11293,1.0);
#11291=VECTOR('',#11294,1.0);
#11292=DIRECTION('',(0,0,1));
#11293=DIRECTION('',(0.17751490573905818,0.07353215611216375,-0.9813671485524413));
#11294=DIRECTION('',(-0.9238738748920926,-0.38269709078051545,0));
#11295=FACE_SURFACE('',(#11300),#11296,.T.);
#11296=PLANE('',#11297);
#11297=AXIS2_PLACEMENT_3D('',#490,#11298,#11299);
#11298=DIRECTION('',(-0.38269709078051545,0.9238738748920926,0));
#11299=DIRECTION('',(-0.17751490573905818,-0.07353215611216375,0.9813671485524413));
#11300=FACE_BOUND('',#11301,.T.);
#11301=EDGE_LOOP('',(#11302,#11303,#11304));
#11302=ORIENTED_EDGE('',*,*,#11305,.T.);
#11303=ORIENTED_EDGE('',*,*,#11306,.T.);
#11304=ORIENTED_EDGE('',*,*,#11307,.T.);
#11305=EDGE_CURVE('',#491,#203,#11308,.F.);
#11306=EDGE_CURVE('',#203,#199,#11309,.T.);
#11307=EDGE_CURVE('',#199,#491,#11310,.T.);
#11308=LINE('',#490,#11311);
#11309=LINE('',#202,#11312);
#11310=LINE('',#198,#11313);
#11311=VECTOR('',#11314,1.0);
#11312=VECTOR('',#11315,1.0);
#11313=VECTOR('',#11316,1.0);
#11314=DIRECTION('',(-0.17751490573905818,-0.07353215611216375,0.9813671485524413));
#11315=DIRECTION('',(0.9238738748920926,0.38269709078051545,0));
#11316=DIRECTION('',(0,0,-1));
#11317=FACE_SURFACE('',(#11322),#11318,.T.);
#11318=PLANE('',#11319);
#11319=AXIS2_PLACEMENT_3D('',#490,#11320,#11321);
#11320=DIRECTION('',(-0.608751770109835,0.7933607517316084,0));
#11321=DIRECTION('',(0,0,1));
#11322=FACE_BOUND('',#11323,.T.);
#11323=EDGE_LOOP('',(#11324,#11325,#11326));
#11324=ORIENTED_EDGE('',*,*,#11327,.T.);
#11325=ORIENTED_EDGE('',*,*,#11328,.T.);
#11326=ORIENTED_EDGE('',*,*,#11329,.T.);
#11327=EDGE_CURVE('',#491,#199,#11330,.F.);
#11328=EDGE_CURVE('',#199,#487,#11331,.T.);
#11329=EDGE_CURVE('',#487,#491,#11332,.T.);
#11330=LINE('',#490,#11333);
#11331=LINE('',#198,#11334);
#11332=LINE('',#486,#11335);
#11333=VECTOR('',#11336,1.0);
#11334=VECTOR('',#11337,1.0);
#11335=VECTOR('',#11338,1.0);
#11336=DIRECTION('',(0,0,1));
#11337=DIRECTION('',(0.1524364587103536,0.11696566015732922,-0.9813674950801085));
#11338=DIRECTION('',(-0.7933607517316084,-0.608751770109835,0));
#11339=FACE_SURFACE('',(#11344),#11340,.T.);
#11340=PLANE('',#11341);
#11341=AXIS2_PLACEMENT_3D('',#486,#11342,#11343);
#11342=DIRECTION('',(-0.608751770109835,0.7933607517316084,0));
#11343=DIRECTION('',(-0.1524364587103536,-0.11696566015732922,0.9813674950801085));
#11344=FACE_BOUND('',#11345,.T.);
#11345=EDGE_LOOP('',(#11346,#11347,#11348));
#11346=ORIENTED_EDGE('',*,*,#11349,.T.);
#11347=ORIENTED_EDGE('',*,*,#11350,.T.);
#11348=ORIENTED_EDGE('',*,*,#11351,.T.);
#11349=EDGE_CURVE('',#487,#199,#11352,.F.);
#11350=EDGE_CURVE('',#199,#195,#11353,.T.);
#11351=EDGE_CURVE('',#195,#487,#11354,.T.);
#11352=LINE('',#486,#11355);
#11353=LINE('',#198,#11356);
#11354=LINE('',#194,#11357);
#11355=VECTOR('',#11358,1.0);
#11356=VECTOR('',#11359,1.0);
#11357=VECTOR('',#11360,1.0);
#11358=DIRECTION('',(-0.1524364587103536,-0.11696566015732922,0.9813674950801085));
#11359=DIRECTION('',(0.7933607517316084,0.608751770109835,0));
#11360=DIRECTION('',(0,0,-1));
#11361=FACE_SURFACE('',(#11366),#11362,.T.);
#11362=PLANE('',#11363);
#11363=AXIS2_PLACEMENT_3D('',#486,#11364,#11365);
#11364=DIRECTION('',(-0.7933632670066336,0.6087484920429461,0));
#11365=DIRECTION('',(0,0,1));
#11366=FACE_BOUND('',#11367,.T.);
#11367=EDGE_LOOP('',(#11368,#11369,#11370));
#11368=ORIENTED_EDGE('',*,*,#11371,.T.);
#11369=ORIENTED_EDGE('',*,*,#11372,.T.);
#11370=ORIENTED_EDGE('',*,*,#11373,.T.);
#11371=EDGE_CURVE('',#487,#195,#11374,.F.);
#11372=EDGE_CURVE('',#195,#483,#11375,.T.);
#11373=EDGE_CURVE('',#483,#487,#11376,.T.);
#11374=LINE('',#486,#11377);
#11375=LINE('',#194,#11378);
#11376=LINE('',#482,#11379);
#11377=VECTOR('',#11380,1.0);
#11378=VECTOR('',#11381,1.0);
#11379=VECTOR('',#11382,1.0);
#11380=DIRECTION('',(0,0,1));
#11381=DIRECTION('',(0.11696743960860823,0.15244008196202619,-0.98136672018304));
#11382=DIRECTION('',(-0.6087484920429461,-0.7933632670066336,0));
#11383=FACE_SURFACE('',(#11388),#11384,.T.);
#11384=PLANE('',#11385);
#11385=AXIS2_PLACEMENT_3D('',#482,#11386,#11387);
#11386=DIRECTION('',(-0.7933632670066336,0.6087484920429461,0));
#11387=DIRECTION('',(-0.11696743960860823,-0.15244008196202619,0.98136672018304));
#11388=FACE_BOUND('',#11389,.T.);
#11389=EDGE_LOOP('',(#11390,#11391,#11392));
#11390=ORIENTED_EDGE('',*,*,#11393,.T.);
#11391=ORIENTED_EDGE('',*,*,#11394,.T.);
#11392=ORIENTED_EDGE('',*,*,#11395,.T.);
#11393=EDGE_CURVE('',#483,#195,#11396,.F.);
#11394=EDGE_CURVE('',#195,#191,#11397,.T.);
#11395=EDGE_CURVE('',#191,#483,#11398,.T.);
#11396=LINE('',#482,#11399);
#11397=LINE('',#194,#11400);
#11398=LINE('',#190,#11401);
#11399=VECTOR('',#11402,1.0);
#11400=VECTOR('',#11403,1.0);
#11401=VECTOR('',#11404,1.0);
#11402=DIRECTION('',(-0.11696743960860823,-0.15244008196202619,0.98136672018304));
#11403=DIRECTION('',(0.6087484920429461,0.7933632670066336,0));
#11404=DIRECTION('',(0,0,-1));
#11405=FACE_SURFACE('',(#11410),#11406,.T.);
#11406=PLANE('',#11407);
#11407=AXIS2_PLACEMENT_3D('',#482,#11408,#11409);
#11408=DIRECTION('',(-0.9238773192177482,0.3826887756846641,0));
#11409=DIRECTION('',(0,0,1));
#11410=FACE_BOUND('',#11411,.T.);
#11411=EDGE_LOOP('',(#11412,#11413,#11414));
#11412=ORIENTED_EDGE('',*,*,#11415,.T.);
#11413=ORIENTED_EDGE('',*,*,#11416,.T.);
#11414=ORIENTED_EDGE('',*,*,#11417,.T.);
#11415=EDGE_CURVE('',#483,#191,#11418,.F.);
#11416=EDGE_CURVE('',#191,#479,#11419,.T.);
#11417=EDGE_CURVE('',#479,#483,#11420,.T.);
#11418=LINE('',#482,#11421);
#11419=LINE('',#190,#11422);
#11420=LINE('',#478,#11423);
#11421=VECTOR('',#11424,1.0);
#11422=VECTOR('',#11425,1.0);
#11423=VECTOR('',#11426,1.0);
#11424=DIRECTION('',(0,0,1));
#11425=DIRECTION('',(0.07353029442332193,0.17751493017157954,-0.9813672836243313));
#11426=DIRECTION('',(-0.3826887756846641,-0.9238773192177482,0));
#11427=FACE_SURFACE('',(#11432),#11428,.T.);
#11428=PLANE('',#11429);
#11429=AXIS2_PLACEMENT_3D('',#478,#11430,#11431);
#11430=DIRECTION('',(-0.9238773192177482,0.3826887756846641,0));
#11431=DIRECTION('',(-0.07353029442332193,-0.17751493017157954,0.9813672836243313));
#11432=FACE_BOUND('',#11433,.T.);
#11433=EDGE_LOOP('',(#11434,#11435,#11436));
#11434=ORIENTED_EDGE('',*,*,#11437,.T.);
#11435=ORIENTED_EDGE('',*,*,#11438,.T.);
#11436=ORIENTED_EDGE('',*,*,#11439,.T.);
#11437=EDGE_CURVE('',#479,#191,#11440,.F.);
#11438=EDGE_CURVE('',#191,#187,#11441,.T.);
#11439=EDGE_CURVE('',#187,#479,#11442,.T.);
#11440=LINE('',#478,#11443);
#11441=LINE('',#190,#11444);
#11442=LINE('',#186,#11445);
#11443=VECTOR('',#11446,1.0);
#11444=VECTOR('',#11447,1.0);
#11445=VECTOR('',#11448,1.0);
#11446=DIRECTION('',(-0.07353029442332193,-0.17751493017157954,0.9813672836243313));
#11447=DIRECTION('',(0.3826887756846641,0.9238773192177482,0));
#11448=DIRECTION('',(0,0,-1));
#11449=FACE_SURFACE('',(#11454),#11450,.T.);
#11450=PLANE('',#11451);
#11451=AXIS2_PLACEMENT_3D('',#472,#11452,#11453);
#11452=DIRECTION('',(0.9914436149360859,-0.13053565950523363,0));
#11453=DIRECTION('',(0,0,1));
#11454=FACE_BOUND('',#11455,.T.);
#11455=EDGE_LOOP('',(#11456,#11457,#11458));
#11456=ORIENTED_EDGE('',*,*,#11459,.T.);
#11457=ORIENTED_EDGE('',*,*,#11460,.T.);
#11458=ORIENTED_EDGE('',*,*,#11461,.T.);
#11459=EDGE_CURVE('',#473,#63,#11462,.F.);
#11460=EDGE_CURVE('',#63,#477,#11463,.T.);
#11461=EDGE_CURVE('',#477,#473,#11464,.T.);
#11462=LINE('',#472,#11465);
#11463=LINE('',#62,#11466);
#11464=LINE('',#476,#11467);
#11465=VECTOR('',#11468,1.0);
#11466=VECTOR('',#11469,1.0);
#11467=VECTOR('',#11470,1.0);
#11468=DIRECTION('',(0,0,1));
#11469=DIRECTION('',(-0.025080409594407226,-0.19049056822178032,-0.9813685935840417));
#11470=DIRECTION('',(0.13053565950523363,0.9914436149360859,0));
#11471=FACE_SURFACE('',(#11476),#11472,.T.);
#11472=PLANE('',#11473);
#11473=AXIS2_PLACEMENT_3D('',#476,#11474,#11475);
#11474=DIRECTION('',(0.9914436149360859,-0.13053565950523363,0));
#11475=DIRECTION('',(0.025080409594407226,0.19049056822178032,0.9813685935840417));
#11476=FACE_BOUND('',#11477,.T.);
#11477=EDGE_LOOP('',(#11478,#11479,#11480));
#11478=ORIENTED_EDGE('',*,*,#11481,.T.);
#11479=ORIENTED_EDGE('',*,*,#11482,.T.);
#11480=ORIENTED_EDGE('',*,*,#11483,.T.);
#11481=EDGE_CURVE('',#477,#63,#11484,.F.);
#11482=EDGE_CURVE('',#63,#181,#11485,.T.);
#11483=EDGE_CURVE('',#181,#477,#11486,.T.);
#11484=LINE('',#476,#11487);
#11485=LINE('',#62,#11488);
#11486=LINE('',#180,#11489);
#11487=VECTOR('',#11490,1.0);
#11488=VECTOR('',#11491,1.0);
#11489=VECTOR('',#11492,1.0);
#11490=DIRECTION('',(0.025080409594407226,0.19049056822178032,0.9813685935840417));
#11491=DIRECTION('',(-0.13053565950523363,-0.9914436149360859,0));
#11492=DIRECTION('',(0,0,-1));
#11493=FACE_SURFACE('',(#11498),#11494,.T.);
#11494=PLANE('',#11495);
#11495=AXIS2_PLACEMENT_3D('',#476,#11496,#11497);
#11496=DIRECTION('',(0.9914442789083516,0.13053061640817715,-0));
#11497=DIRECTION('',(0,0,1));
#11498=FACE_BOUND('',#11499,.T.);
#11499=EDGE_LOOP('',(#11500,#11501,#11502));
#11500=ORIENTED_EDGE('',*,*,#11503,.T.);
#11501=ORIENTED_EDGE('',*,*,#11504,.T.);
#11502=ORIENTED_EDGE('',*,*,#11505,.T.);
#11503=EDGE_CURVE('',#477,#181,#11506,.F.);
#11504=EDGE_CURVE('',#181,#481,#11507,.T.);
#11505=EDGE_CURVE('',#481,#477,#11508,.T.);
#11506=LINE('',#476,#11509);
#11507=LINE('',#180,#11510);
#11508=LINE('',#480,#11511);
#11509=VECTOR('',#11512,1.0);
#11510=VECTOR('',#11513,1.0);
#11511=VECTOR('',#11514,1.0);
#11512=DIRECTION('',(0,0,1));
#11513=DIRECTION('',(0.025080373822842558,-0.1904977837673209,-0.981367193882415));
#11514=DIRECTION('',(-0.13053061640817715,0.9914442789083516,0));
#11515=FACE_SURFACE('',(#11520),#11516,.T.);
#11516=PLANE('',#11517);
#11517=AXIS2_PLACEMENT_3D('',#480,#11518,#11519);
#11518=DIRECTION('',(0.9914442789083516,0.13053061640817715,-0));
#11519=DIRECTION('',(-0.025080373822842558,0.1904977837673209,0.981367193882415));
#11520=FACE_BOUND('',#11521,.T.);
#11521=EDGE_LOOP('',(#11522,#11523,#11524));
#11522=ORIENTED_EDGE('',*,*,#11525,.T.);
#11523=ORIENTED_EDGE('',*,*,#11526,.T.);
#11524=ORIENTED_EDGE('',*,*,#11527,.T.);
#11525=EDGE_CURVE('',#481,#181,#11528,.F.);
#11526=EDGE_CURVE('',#181,#185,#11529,.T.);
#11527=EDGE_CURVE('',#185,#481,#11530,.T.);
#11528=LINE('',#480,#11531);
#11529=LINE('',#180,#11532);
#11530=LINE('',#184,#11533);
#11531=VECTOR('',#11534,1.0);
#11532=VECTOR('',#11535,1.0);
#11533=VECTOR('',#11536,1.0);
#11534=DIRECTION('',(-0.025080373822842558,0.1904977837673209,0.981367193882415));
#11535=DIRECTION('',(0.13053061640817715,-0.9914442789083516,0));
#11536=DIRECTION('',(0,0,-1));
#11537=FACE_SURFACE('',(#11542),#11538,.T.);
#11538=PLANE('',#11539);
#11539=AXIS2_PLACEMENT_3D('',#480,#11540,#11541);
#11540=DIRECTION('',(0.9238807634942465,0.3826804604958137,-0));
#11541=DIRECTION('',(0,0,1));
#11542=FACE_BOUND('',#11543,.T.);
#11543=EDGE_LOOP('',(#11544,#11545,#11546));
#11544=ORIENTED_EDGE('',*,*,#11547,.T.);
#11545=ORIENTED_EDGE('',*,*,#11548,.T.);
#11546=ORIENTED_EDGE('',*,*,#11549,.T.);
#11547=EDGE_CURVE('',#481,#185,#11550,.F.);
#11548=EDGE_CURVE('',#185,#485,#11551,.T.);
#11549=EDGE_CURVE('',#485,#481,#11552,.T.);
#11550=LINE('',#480,#11553);
#11551=LINE('',#184,#11554);
#11552=LINE('',#484,#11555);
#11553=VECTOR('',#11556,1.0);
#11554=VECTOR('',#11557,1.0);
#11555=VECTOR('',#11558,1.0);
#11556=DIRECTION('',(0,0,1));
#11557=DIRECTION('',(0.07352843273371142,-0.17751495460348904,-0.9813674186928387));
#11558=DIRECTION('',(-0.3826804604958137,0.9238807634942465,0));
#11559=FACE_SURFACE('',(#11564),#11560,.T.);
#11560=PLANE('',#11561);
#11561=AXIS2_PLACEMENT_3D('',#484,#11562,#11563);
#11562=DIRECTION('',(0.9238807634942465,0.3826804604958137,-0));
#11563=DIRECTION('',(-0.07352843273371142,0.17751495460348904,0.9813674186928387));
#11564=FACE_BOUND('',#11565,.T.);
#11565=EDGE_LOOP('',(#11566,#11567,#11568));
#11566=ORIENTED_EDGE('',*,*,#11569,.T.);
#11567=ORIENTED_EDGE('',*,*,#11570,.T.);
#11568=ORIENTED_EDGE('',*,*,#11571,.T.);
#11569=EDGE_CURVE('',#485,#185,#11572,.F.);
#11570=EDGE_CURVE('',#185,#189,#11573,.T.);
#11571=EDGE_CURVE('',#189,#485,#11574,.T.);
#11572=LINE('',#484,#11575);
#11573=LINE('',#184,#11576);
#11574=LINE('',#188,#11577);
#11575=VECTOR('',#11578,1.0);
#11576=VECTOR('',#11579,1.0);
#11577=VECTOR('',#11580,1.0);
#11578=DIRECTION('',(-0.07352843273371142,0.17751495460348904,0.9813674186928387));
#11579=DIRECTION('',(0.3826804604958137,-0.9238807634942465,0));
#11580=DIRECTION('',(0,0,-1));
#11581=FACE_SURFACE('',(#11586),#11582,.T.);
#11582=PLANE('',#11583);
#11583=AXIS2_PLACEMENT_3D('',#484,#11584,#11585);
#11584=DIRECTION('',(0.7933632670066336,0.6087484920429461,-0));
#11585=DIRECTION('',(0,0,1));
#11586=FACE_BOUND('',#11587,.T.);
#11587=EDGE_LOOP('',(#11588,#11589,#11590));
#11588=ORIENTED_EDGE('',*,*,#11591,.T.);
#11589=ORIENTED_EDGE('',*,*,#11592,.T.);
#11590=ORIENTED_EDGE('',*,*,#11593,.T.);
#11591=EDGE_CURVE('',#485,#189,#11594,.F.);
#11592=EDGE_CURVE('',#189,#489,#11595,.T.);
#11593=EDGE_CURVE('',#489,#485,#11596,.T.);
#11594=LINE('',#484,#11597);
#11595=LINE('',#188,#11598);
#11596=LINE('',#488,#11599);
#11597=VECTOR('',#11600,1.0);
#11598=VECTOR('',#11601,1.0);
#11599=VECTOR('',#11602,1.0);
#11600=DIRECTION('',(0,0,1));
#11601=DIRECTION('',(0.11696743960860823,-0.15244008196202619,-0.98136672018304));
#11602=DIRECTION('',(-0.6087484920429461,0.7933632670066336,0));
#11603=FACE_SURFACE('',(#11608),#11604,.T.);
#11604=PLANE('',#11605);
#11605=AXIS2_PLACEMENT_3D('',#488,#11606,#11607);
#11606=DIRECTION('',(0.7933632670066336,0.6087484920429461,-0));
#11607=DIRECTION('',(-0.11696743960860823,0.15244008196202619,0.98136672018304));
#11608=FACE_BOUND('',#11609,.T.);
#11609=EDGE_LOOP('',(#11610,#11611,#11612));
#11610=ORIENTED_EDGE('',*,*,#11613,.T.);
#11611=ORIENTED_EDGE('',*,*,#11614,.T.);
#11612=ORIENTED_EDGE('',*,*,#11615,.T.);
#11613=EDGE_CURVE('',#489,#189,#11616,.F.);
#11614=EDGE_CURVE('',#189,#193,#11617,.T.);
#11615=EDGE_CURVE('',#193,#489,#11618,.T.);
#11616=LINE('',#488,#11619);
#11617=LINE('',#188,#11620);
#11618=LINE('',#192,#11621);
#11619=VECTOR('',#11622,1.0);
#11620=VECTOR('',#11623,1.0);
#11621=VECTOR('',#11624,1.0);
#11622=DIRECTION('',(-0.11696743960860823,0.15244008196202619,0.98136672018304));
#11623=DIRECTION('',(0.6087484920429461,-0.7933632670066336,0));
#11624=DIRECTION('',(0,0,-1));
#11625=FACE_SURFACE('',(#11630),#11626,.T.);
#11626=PLANE('',#11627);
#11627=AXIS2_PLACEMENT_3D('',#488,#11628,#11629);
#11628=DIRECTION('',(0.608751770109835,0.7933607517316084,-0));
#11629=DIRECTION('',(0,0,1));
#11630=FACE_BOUND('',#11631,.T.);
#11631=EDGE_LOOP('',(#11632,#11633,#11634));
#11632=ORIENTED_EDGE('',*,*,#11635,.T.);
#11633=ORIENTED_EDGE('',*,*,#11636,.T.);
#11634=ORIENTED_EDGE('',*,*,#11637,.T.);
#11635=EDGE_CURVE('',#489,#193,#11638,.F.);
#11636=EDGE_CURVE('',#193,#493,#11639,.T.);
#11637=EDGE_CURVE('',#493,#489,#11640,.T.);
#11638=LINE('',#488,#11641);
#11639=LINE('',#192,#11642);
#11640=LINE('',#492,#11643);
#11641=VECTOR('',#11644,1.0);
#11642=VECTOR('',#11645,1.0);
#11643=VECTOR('',#11646,1.0);
#11644=DIRECTION('',(0,0,1));
#11645=DIRECTION('',(0.1524364587103536,-0.11696566015732922,-0.9813674950801085));
#11646=DIRECTION('',(-0.7933607517316084,0.608751770109835,0));
#11647=FACE_SURFACE('',(#11652),#11648,.T.);
#11648=PLANE('',#11649);
#11649=AXIS2_PLACEMENT_3D('',#492,#11650,#11651);
#11650=DIRECTION('',(0.608751770109835,0.7933607517316084,-0));
#11651=DIRECTION('',(-0.1524364587103536,0.11696566015732922,0.9813674950801085));
#11652=FACE_BOUND('',#11653,.T.);
#11653=EDGE_LOOP('',(#11654,#11655,#11656));
#11654=ORIENTED_EDGE('',*,*,#11657,.T.);
#11655=ORIENTED_EDGE('',*,*,#11658,.T.);
#11656=ORIENTED_EDGE('',*,*,#11659,.T.);
#11657=EDGE_CURVE('',#493,#193,#11660,.F.);
#11658=EDGE_CURVE('',#193,#197,#11661,.T.);
#11659=EDGE_CURVE('',#197,#493,#11662,.T.);
#11660=LINE('',#492,#11663);
#11661=LINE('',#192,#11664);
#11662=LINE('',#196,#11665);
#11663=VECTOR('',#11666,1.0);
#11664=VECTOR('',#11667,1.0);
#11665=VECTOR('',#11668,1.0);
#11666=DIRECTION('',(-0.1524364587103536,0.11696566015732922,0.9813674950801085));
#11667=DIRECTION('',(0.7933607517316084,-0.608751770109835,0));
#11668=DIRECTION('',(0,0,-1));
#11669=FACE_SURFACE('',(#11674),#11670,.T.);
#11670=PLANE('',#11671);
#11671=AXIS2_PLACEMENT_3D('',#492,#11672,#11673);
#11672=DIRECTION('',(0.38269709078051545,0.9238738748920926,-0));
#11673=DIRECTION('',(0,0,1));
#11674=FACE_BOUND('',#11675,.T.);
#11675=EDGE_LOOP('',(#11676,#11677,#11678));
#11676=ORIENTED_EDGE('',*,*,#11679,.T.);
#11677=ORIENTED_EDGE('',*,*,#11680,.T.);
#11678=ORIENTED_EDGE('',*,*,#11681,.T.);
#11679=EDGE_CURVE('',#493,#197,#11682,.F.);
#11680=EDGE_CURVE('',#197,#497,#11683,.T.);
#11681=EDGE_CURVE('',#497,#493,#11684,.T.);
#11682=LINE('',#492,#11685);
#11683=LINE('',#196,#11686);
#11684=LINE('',#496,#11687);
#11685=VECTOR('',#11688,1.0);
#11686=VECTOR('',#11689,1.0);
#11687=VECTOR('',#11690,1.0);
#11688=DIRECTION('',(0,0,1));
#11689=DIRECTION('',(0.17751490573905818,-0.07353215611216375,-0.9813671485524413));
#11690=DIRECTION('',(-0.9238738748920926,0.38269709078051545,0));
#11691=FACE_SURFACE('',(#11696),#11692,.T.);
#11692=PLANE('',#11693);
#11693=AXIS2_PLACEMENT_3D('',#496,#11694,#11695);
#11694=DIRECTION('',(0.38269709078051545,0.9238738748920926,-0));
#11695=DIRECTION('',(-0.17751490573905818,0.07353215611216375,0.9813671485524413));
#11696=FACE_BOUND('',#11697,.T.);
#11697=EDGE_LOOP('',(#11698,#11699,#11700));
#11698=ORIENTED_EDGE('',*,*,#11701,.T.);
#11699=ORIENTED_EDGE('',*,*,#11702,.T.);
#11700=ORIENTED_EDGE('',*,*,#11703,.T.);
#11701=EDGE_CURVE('',#497,#197,#11704,.F.);
#11702=EDGE_CURVE('',#197,#201,#11705,.T.);
#11703=EDGE_CURVE('',#201,#497,#11706,.T.);
#11704=LINE('',#496,#11707);
#11705=LINE('',#196,#11708);
#11706=LINE('',#200,#11709);
#11707=VECTOR('',#11710,1.0);
#11708=VECTOR('',#11711,1.0);
#11709=VECTOR('',#11712,1.0);
#11710=DIRECTION('',(-0.17751490573905818,0.07353215611216375,0.9813671485524413));
#11711=DIRECTION('',(0.9238738748920926,-0.38269709078051545,0));
#11712=DIRECTION('',(0,0,-1));
#11713=FACE_SURFACE('',(#11718),#11714,.T.);
#11714=PLANE('',#11715);
#11715=AXIS2_PLACEMENT_3D('',#496,#11716,#11717);
#11716=DIRECTION('',(0.13050188874081017,0.9914480606845127,-0));
#11717=DIRECTION('',(0,0,1));
#11718=FACE_BOUND('',#11719,.T.);
#11719=EDGE_LOOP('',(#11720,#11721,#11722));
#11720=ORIENTED_EDGE('',*,*,#11723,.T.);
#11721=ORIENTED_EDGE('',*,*,#11724,.T.);
#11722=ORIENTED_EDGE('',*,*,#11725,.T.);
#11723=EDGE_CURVE('',#497,#201,#11726,.F.);
#11724=EDGE_CURVE('',#201,#501,#11727,.T.);
#11725=EDGE_CURVE('',#501,#497,#11728,.T.);
#11726=LINE('',#496,#11729);
#11727=LINE('',#200,#11730);
#11728=LINE('',#500,#11731);
#11729=VECTOR('',#11732,1.0);
#11730=VECTOR('',#11733,1.0);
#11731=VECTOR('',#11734,1.0);
#11732=DIRECTION('',(0,0,1));
#11733=DIRECTION('',(0.1904978105934664,-0.02507476192577601,-0.9813673320798187));
#11734=DIRECTION('',(-0.9914480606845127,0.13050188874081017,0));
#11735=FACE_SURFACE('',(#11740),#11736,.T.);
#11736=PLANE('',#11737);
#11737=AXIS2_PLACEMENT_3D('',#500,#11738,#11739);
#11738=DIRECTION('',(0.13050188874081017,0.9914480606845127,-0));
#11739=DIRECTION('',(-0.1904978105934664,0.02507476192577601,0.9813673320798187));
#11740=FACE_BOUND('',#11741,.T.);
#11741=EDGE_LOOP('',(#11742,#11743,#11744));
#11742=ORIENTED_EDGE('',*,*,#11745,.T.);
#11743=ORIENTED_EDGE('',*,*,#11746,.T.);
#11744=ORIENTED_EDGE('',*,*,#11747,.T.);
#11745=EDGE_CURVE('',#501,#201,#11748,.F.);
#11746=EDGE_CURVE('',#201,#367,#11749,.T.);
#11747=EDGE_CURVE('',#367,#501,#11750,.T.);
#11748=LINE('',#500,#11751);
#11749=LINE('',#200,#11752);
#11750=LINE('',#366,#11753);
#11751=VECTOR('',#11754,1.0);
#11752=VECTOR('',#11755,1.0);
#11753=VECTOR('',#11756,1.0);
#11754=DIRECTION('',(-0.1904978105934664,0.02507476192577601,0.9813673320798187));
#11755=DIRECTION('',(0.9914480606845127,-0.13050188874081017,0));
#11756=DIRECTION('',(0,0,-1));
#11757=FACE_SURFACE('',(#11762),#11758,.T.);
#11758=PLANE('',#11759);
#11759=AXIS2_PLACEMENT_3D('',#500,#11760,#11761);
#11760=DIRECTION('',(-0.13050188874081017,0.9914480606845127,0));
#11761=DIRECTION('',(0,0,1));
#11762=FACE_BOUND('',#11763,.T.);
#11763=EDGE_LOOP('',(#11764,#11765,#11766));
#11764=ORIENTED_EDGE('',*,*,#11767,.T.);
#11765=ORIENTED_EDGE('',*,*,#11768,.T.);
#11766=ORIENTED_EDGE('',*,*,#11769,.T.);
#11767=EDGE_CURVE('',#501,#367,#11770,.F.);
#11768=EDGE_CURVE('',#367,#503,#11771,.T.);
#11769=EDGE_CURVE('',#503,#501,#11772,.T.);
#11770=LINE('',#500,#11773);
#11771=LINE('',#366,#11774);
#11772=LINE('',#502,#11775);
#11773=VECTOR('',#11776,1.0);
#11774=VECTOR('',#11777,1.0);
#11775=VECTOR('',#11778,1.0);
#11776=DIRECTION('',(0,0,1));
#11777=DIRECTION('',(0.1904978105934664,0.02507476192577601,-0.9813673320798187));
#11778=DIRECTION('',(-0.9914480606845127,-0.13050188874081017,0));
#11779=FACE_SURFACE('',(#11784),#11780,.T.);
#11780=PLANE('',#11781);
#11781=AXIS2_PLACEMENT_3D('',#502,#11782,#11783);
#11782=DIRECTION('',(-0.13050188874081017,0.9914480606845127,0));
#11783=DIRECTION('',(-0.1904978105934664,-0.02507476192577601,0.9813673320798187));
#11784=FACE_BOUND('',#11785,.T.);
#11785=EDGE_LOOP('',(#11786,#11787,#11788));
#11786=ORIENTED_EDGE('',*,*,#11789,.T.);
#11787=ORIENTED_EDGE('',*,*,#11790,.T.);
#11788=ORIENTED_EDGE('',*,*,#11791,.T.);
#11789=EDGE_CURVE('',#503,#367,#11792,.F.);
#11790=EDGE_CURVE('',#367,#365,#11793,.T.);
#11791=EDGE_CURVE('',#365,#503,#11794,.T.);
#11792=LINE('',#502,#11795);
#11793=LINE('',#366,#11796);
#11794=LINE('',#364,#11797);
#11795=VECTOR('',#11798,1.0);
#11796=VECTOR('',#11799,1.0);
#11797=VECTOR('',#11800,1.0);
#11798=DIRECTION('',(-0.1904978105934664,-0.02507476192577601,0.9813673320798187));
#11799=DIRECTION('',(0.9914480606845127,0.13050188874081017,0));
#11800=DIRECTION('',(0,0,-1));
#11801=FACE_SURFACE('',(#11806),#11802,.T.);
#11802=PLANE('',#11803);
#11803=AXIS2_PLACEMENT_3D('',#502,#11804,#11805);
#11804=DIRECTION('',(-0.38269709078051545,0.9238738748920926,0));
#11805=DIRECTION('',(0,0,1));
#11806=FACE_BOUND('',#11807,.T.);
#11807=EDGE_LOOP('',(#11808,#11809,#11810));
#11808=ORIENTED_EDGE('',*,*,#11811,.T.);
#11809=ORIENTED_EDGE('',*,*,#11812,.T.);
#11810=ORIENTED_EDGE('',*,*,#11813,.T.);
#11811=EDGE_CURVE('',#503,#365,#11814,.F.);
#11812=EDGE_CURVE('',#365,#607,#11815,.T.);
#11813=EDGE_CURVE('',#607,#503,#11816,.T.);
#11814=LINE('',#502,#11817);
#11815=LINE('',#364,#11818);
#11816=LINE('',#606,#11819);
#11817=VECTOR('',#11820,1.0);
#11818=VECTOR('',#11821,1.0);
#11819=VECTOR('',#11822,1.0);
#11820=DIRECTION('',(0,0,1));
#11821=DIRECTION('',(0.17751490573905818,0.07353215611216375,-0.9813671485524413));
#11822=DIRECTION('',(-0.9238738748920926,-0.38269709078051545,0));
#11823=FACE_SURFACE('',(#11828),#11824,.T.);
#11824=PLANE('',#11825);
#11825=AXIS2_PLACEMENT_3D('',#606,#11826,#11827);
#11826=DIRECTION('',(-0.38269709078051545,0.9238738748920926,0));
#11827=DIRECTION('',(-0.17751490573905818,-0.07353215611216375,0.9813671485524413));
#11828=FACE_BOUND('',#11829,.T.);
#11829=EDGE_LOOP('',(#11830,#11831,#11832));
#11830=ORIENTED_EDGE('',*,*,#11833,.T.);
#11831=ORIENTED_EDGE('',*,*,#11834,.T.);
#11832=ORIENTED_EDGE('',*,*,#11835,.T.);
#11833=EDGE_CURVE('',#607,#365,#11836,.F.);
#11834=EDGE_CURVE('',#365,#363,#11837,.T.);
#11835=EDGE_CURVE('',#363,#607,#11838,.T.);
#11836=LINE('',#606,#11839);
#11837=LINE('',#364,#11840);
#11838=LINE('',#362,#11841);
#11839=VECTOR('',#11842,1.0);
#11840=VECTOR('',#11843,1.0);
#11841=VECTOR('',#11844,1.0);
#11842=DIRECTION('',(-0.17751490573905818,-0.07353215611216375,0.9813671485524413));
#11843=DIRECTION('',(0.9238738748920926,0.38269709078051545,0));
#11844=DIRECTION('',(0,0,-1));
#11845=FACE_SURFACE('',(#11850),#11846,.T.);
#11846=PLANE('',#11847);
#11847=AXIS2_PLACEMENT_3D('',#606,#11848,#11849);
#11848=DIRECTION('',(-0.608751770109835,0.7933607517316084,0));
#11849=DIRECTION('',(0,0,1));
#11850=FACE_BOUND('',#11851,.T.);
#11851=EDGE_LOOP('',(#11852,#11853,#11854));
#11852=ORIENTED_EDGE('',*,*,#11855,.T.);
#11853=ORIENTED_EDGE('',*,*,#11856,.T.);
#11854=ORIENTED_EDGE('',*,*,#11857,.T.);
#11855=EDGE_CURVE('',#607,#363,#11858,.F.);
#11856=EDGE_CURVE('',#363,#609,#11859,.T.);
#11857=EDGE_CURVE('',#609,#607,#11860,.T.);
#11858=LINE('',#606,#11861);
#11859=LINE('',#362,#11862);
#11860=LINE('',#608,#11863);
#11861=VECTOR('',#11864,1.0);
#11862=VECTOR('',#11865,1.0);
#11863=VECTOR('',#11866,1.0);
#11864=DIRECTION('',(0,0,1));
#11865=DIRECTION('',(0.1524364587103536,0.11696566015732922,-0.9813674950801085));
#11866=DIRECTION('',(-0.7933607517316084,-0.608751770109835,0));
#11867=FACE_SURFACE('',(#11872),#11868,.T.);
#11868=PLANE('',#11869);
#11869=AXIS2_PLACEMENT_3D('',#608,#11870,#11871);
#11870=DIRECTION('',(-0.608751770109835,0.7933607517316084,0));
#11871=DIRECTION('',(-0.1524364587103536,-0.11696566015732922,0.9813674950801085));
#11872=FACE_BOUND('',#11873,.T.);
#11873=EDGE_LOOP('',(#11874,#11875,#11876));
#11874=ORIENTED_EDGE('',*,*,#11877,.T.);
#11875=ORIENTED_EDGE('',*,*,#11878,.T.);
#11876=ORIENTED_EDGE('',*,*,#11879,.T.);
#11877=EDGE_CURVE('',#609,#363,#11880,.F.);
#11878=EDGE_CURVE('',#363,#361,#11881,.T.);
#11879=EDGE_CURVE('',#361,#609,#11882,.T.);
#11880=LINE('',#608,#11883);
#11881=LINE('',#362,#11884);
#11882=LINE('',#360,#11885);
#11883=VECTOR('',#11886,1.0);
#11884=VECTOR('',#11887,1.0);
#11885=VECTOR('',#11888,1.0);
#11886=DIRECTION('',(-0.1524364587103536,-0.11696566015732922,0.9813674950801085));
#11887=DIRECTION('',(0.7933607517316084,0.608751770109835,0));
#11888=DIRECTION('',(0,0,-1));
#11889=FACE_SURFACE('',(#11894),#11890,.T.);
#11890=PLANE('',#11891);
#11891=AXIS2_PLACEMENT_3D('',#608,#11892,#11893);
#11892=DIRECTION('',(-0.7933632670066336,0.6087484920429461,0));
#11893=DIRECTION('',(0,0,1));
#11894=FACE_BOUND('',#11895,.T.);
#11895=EDGE_LOOP('',(#11896,#11897,#11898));
#11896=ORIENTED_EDGE('',*,*,#11899,.T.);
#11897=ORIENTED_EDGE('',*,*,#11900,.T.);
#11898=ORIENTED_EDGE('',*,*,#11901,.T.);
#11899=EDGE_CURVE('',#609,#361,#11902,.F.);
#11900=EDGE_CURVE('',#361,#611,#11903,.T.);
#11901=EDGE_CURVE('',#611,#609,#11904,.T.);
#11902=LINE('',#608,#11905);
#11903=LINE('',#360,#11906);
#11904=LINE('',#610,#11907);
#11905=VECTOR('',#11908,1.0);
#11906=VECTOR('',#11909,1.0);
#11907=VECTOR('',#11910,1.0);
#11908=DIRECTION('',(0,0,1));
#11909=DIRECTION('',(0.11696743960860823,0.15244008196202619,-0.98136672018304));
#11910=DIRECTION('',(-0.6087484920429461,-0.7933632670066336,0));
#11911=FACE_SURFACE('',(#11916),#11912,.T.);
#11912=PLANE('',#11913);
#11913=AXIS2_PLACEMENT_3D('',#610,#11914,#11915);
#11914=DIRECTION('',(-0.7933632670066336,0.6087484920429461,0));
#11915=DIRECTION('',(-0.11696743960860823,-0.15244008196202619,0.98136672018304));
#11916=FACE_BOUND('',#11917,.T.);
#11917=EDGE_LOOP('',(#11918,#11919,#11920));
#11918=ORIENTED_EDGE('',*,*,#11921,.T.);
#11919=ORIENTED_EDGE('',*,*,#11922,.T.);
#11920=ORIENTED_EDGE('',*,*,#11923,.T.);
#11921=EDGE_CURVE('',#611,#361,#11924,.F.);
#11922=EDGE_CURVE('',#361,#359,#11925,.T.);
#11923=EDGE_CURVE('',#359,#611,#11926,.T.);
#11924=LINE('',#610,#11927);
#11925=LINE('',#360,#11928);
#11926=LINE('',#358,#11929);
#11927=VECTOR('',#11930,1.0);
#11928=VECTOR('',#11931,1.0);
#11929=VECTOR('',#11932,1.0);
#11930=DIRECTION('',(-0.11696743960860823,-0.15244008196202619,0.98136672018304));
#11931=DIRECTION('',(0.6087484920429461,0.7933632670066336,0));
#11932=DIRECTION('',(0,0,-1));
#11933=FACE_SURFACE('',(#11938),#11934,.T.);
#11934=PLANE('',#11935);
#11935=AXIS2_PLACEMENT_3D('',#610,#11936,#11937);
#11936=DIRECTION('',(-0.9238773192177482,0.3826887756846641,0));
#11937=DIRECTION('',(0,0,1));
#11938=FACE_BOUND('',#11939,.T.);
#11939=EDGE_LOOP('',(#11940,#11941,#11942));
#11940=ORIENTED_EDGE('',*,*,#11943,.T.);
#11941=ORIENTED_EDGE('',*,*,#11944,.T.);
#11942=ORIENTED_EDGE('',*,*,#11945,.T.);
#11943=EDGE_CURVE('',#611,#359,#11946,.F.);
#11944=EDGE_CURVE('',#359,#613,#11947,.T.);
#11945=EDGE_CURVE('',#613,#611,#11948,.T.);
#11946=LINE('',#610,#11949);
#11947=LINE('',#358,#11950);
#11948=LINE('',#612,#11951);
#11949=VECTOR('',#11952,1.0);
#11950=VECTOR('',#11953,1.0);
#11951=VECTOR('',#11954,1.0);
#11952=DIRECTION('',(0,0,1));
#11953=DIRECTION('',(0.07353029442332193,0.17751493017157954,-0.9813672836243313));
#11954=DIRECTION('',(-0.3826887756846641,-0.9238773192177482,0));
#11955=FACE_SURFACE('',(#11960),#11956,.T.);
#11956=PLANE('',#11957);
#11957=AXIS2_PLACEMENT_3D('',#612,#11958,#11959);
#11958=DIRECTION('',(-0.9238773192177482,0.3826887756846641,0));
#11959=DIRECTION('',(-0.07353029442332193,-0.17751493017157954,0.9813672836243313));
#11960=FACE_BOUND('',#11961,.T.);
#11961=EDGE_LOOP('',(#11962,#11963,#11964));
#11962=ORIENTED_EDGE('',*,*,#11965,.T.);
#11963=ORIENTED_EDGE('',*,*,#11966,.T.);
#11964=ORIENTED_EDGE('',*,*,#11967,.T.);
#11965=EDGE_CURVE('',#613,#359,#11968,.F.);
#11966=EDGE_CURVE('',#359,#109,#11969,.T.);
#11967=EDGE_CURVE('',#109,#613,#11970,.T.);
#11968=LINE('',#612,#11971);
#11969=LINE('',#358,#11972);
#11970=LINE('',#108,#11973);
#11971=VECTOR('',#11974,1.0);
#11972=VECTOR('',#11975,1.0);
#11973=VECTOR('',#11976,1.0);
#11974=DIRECTION('',(-0.07353029442332193,-0.17751493017157954,0.9813672836243313));
#11975=DIRECTION('',(0.3826887756846641,0.9238773192177482,0));
#11976=DIRECTION('',(0,0,-1));
#11977=FACE_SURFACE('',(#11982),#11978,.T.);
#11978=PLANE('',#11979);
#11979=AXIS2_PLACEMENT_3D('',#612,#11980,#11981);
#11980=DIRECTION('',(-0.9914455395896884,0.13052104055558156,0));
#11981=DIRECTION('',(0,0,1));
#11982=FACE_BOUND('',#11983,.T.);
#11983=EDGE_LOOP('',(#11984,#11985,#11986));
#11984=ORIENTED_EDGE('',*,*,#11987,.T.);
#11985=ORIENTED_EDGE('',*,*,#11988,.T.);
#11986=ORIENTED_EDGE('',*,*,#11989,.T.);
#11987=EDGE_CURVE('',#613,#109,#11990,.F.);
#11988=EDGE_CURVE('',#109,#615,#11991,.T.);
#11989=EDGE_CURVE('',#615,#613,#11992,.T.);
#11990=LINE('',#612,#11993);
#11991=LINE('',#108,#11994);
#11992=LINE('',#614,#11995);
#11993=VECTOR('',#11996,1.0);
#11994=VECTOR('',#11997,1.0);
#11995=VECTOR('',#11998,1.0);
#11996=DIRECTION('',(0,0,1));
#11997=DIRECTION('',(0.02507850319075047,0.19049779271003559,-0.9813672399516481));
#11998=DIRECTION('',(-0.13052104055558156,-0.9914455395896884,0));
#11999=FACE_SURFACE('',(#12004),#12000,.T.);
#12000=PLANE('',#12001);
#12001=AXIS2_PLACEMENT_3D('',#614,#12002,#12003);
#12002=DIRECTION('',(-0.9914455395896884,0.13052104055558156,0));
#12003=DIRECTION('',(-0.02507850319075047,-0.19049779271003559,0.9813672399516481));
#12004=FACE_BOUND('',#12005,.T.);
#12005=EDGE_LOOP('',(#12006,#12007,#12008));
#12006=ORIENTED_EDGE('',*,*,#12009,.T.);
#12007=ORIENTED_EDGE('',*,*,#12010,.T.);
#12008=ORIENTED_EDGE('',*,*,#12011,.T.);
#12009=EDGE_CURVE('',#615,#109,#12012,.F.);
#12010=EDGE_CURVE('',#109,#107,#12013,.T.);
#12011=EDGE_CURVE('',#107,#615,#12014,.T.);
#12012=LINE('',#614,#12015);
#12013=LINE('',#108,#12016);
#12014=LINE('',#106,#12017);
#12015=VECTOR('',#12018,1.0);
#12016=VECTOR('',#12019,1.0);
#12017=VECTOR('',#12020,1.0);
#12018=DIRECTION('',(-0.02507850319075047,-0.19049779271003559,0.9813672399516481));
#12019=DIRECTION('',(0.13052104055558156,0.9914455395896884,0));
#12020=DIRECTION('',(0,0,-1));
#12021=FACE_SURFACE('',(#12026),#12022,.T.);
#12022=PLANE('',#12023);
#12023=AXIS2_PLACEMENT_3D('',#614,#12024,#12025);
#12024=DIRECTION('',(-0.991444875713994,-0.13052608329549653,0));
#12025=DIRECTION('',(0,0,1));
#12026=FACE_BOUND('',#12027,.T.);
#12027=EDGE_LOOP('',(#12028,#12029,#12030));
#12028=ORIENTED_EDGE('',*,*,#12031,.T.);
#12029=ORIENTED_EDGE('',*,*,#12032,.T.);
#12030=ORIENTED_EDGE('',*,*,#12033,.T.);
#12031=EDGE_CURVE('',#615,#107,#12034,.F.);
#12032=EDGE_CURVE('',#107,#617,#12035,.T.);
#12033=EDGE_CURVE('',#617,#615,#12036,.T.);
#12034=LINE('',#614,#12037);
#12035=LINE('',#106,#12038);
#12036=LINE('',#616,#12039);
#12037=VECTOR('',#12040,1.0);
#12038=VECTOR('',#12041,1.0);
#12039=VECTOR('',#12042,1.0);
#12040=DIRECTION('',(0,0,1));
#12041=DIRECTION('',(-0.025078538959650454,0.19049057716418177,-0.9813686396534719));
#12042=DIRECTION('',(0.13052608329549653,-0.991444875713994,0));
#12043=FACE_SURFACE('',(#12048),#12044,.T.);
#12044=PLANE('',#12045);
#12045=AXIS2_PLACEMENT_3D('',#616,#12046,#12047);
#12046=DIRECTION('',(-0.991444875713994,-0.13052608329549653,0));
#12047=DIRECTION('',(0.025078538959650454,-0.19049057716418177,0.9813686396534719));
#12048=FACE_BOUND('',#12049,.T.);
#12049=EDGE_LOOP('',(#12050,#12051,#12052));
#12050=ORIENTED_EDGE('',*,*,#12053,.T.);
#12051=ORIENTED_EDGE('',*,*,#12054,.T.);
#12052=ORIENTED_EDGE('',*,*,#12055,.T.);
#12053=EDGE_CURVE('',#617,#107,#12056,.F.);
#12054=EDGE_CURVE('',#107,#103,#12057,.T.);
#12055=EDGE_CURVE('',#103,#617,#12058,.T.);
#12056=LINE('',#616,#12059);
#12057=LINE('',#106,#12060);
#12058=LINE('',#102,#12061);
#12059=VECTOR('',#12062,1.0);
#12060=VECTOR('',#12063,1.0);
#12061=VECTOR('',#12064,1.0);
#12062=DIRECTION('',(0.025078538959650454,-0.19049057716418177,0.9813686396534719));
#12063=DIRECTION('',(-0.13052608329549653,0.991444875713994,0));
#12064=DIRECTION('',(0,0,-1));
#12065=FACE_SURFACE('',(#12070),#12066,.T.);
#12066=PLANE('',#12067);
#12067=AXIS2_PLACEMENT_3D('',#616,#12068,#12069);
#12068=DIRECTION('',(-0.9238830257078156,-0.3826749989337844,0));
#12069=DIRECTION('',(0,0,1));
#12070=FACE_BOUND('',#12071,.T.);
#12071=EDGE_LOOP('',(#12072,#12073,#12074));
#12072=ORIENTED_EDGE('',*,*,#12075,.T.);
#12073=ORIENTED_EDGE('',*,*,#12076,.T.);
#12074=ORIENTED_EDGE('',*,*,#12077,.T.);
#12075=EDGE_CURVE('',#617,#103,#12078,.F.);
#12076=EDGE_CURVE('',#103,#621,#12079,.T.);
#12077=EDGE_CURVE('',#621,#617,#12080,.T.);
#12078=LINE('',#616,#12081);
#12079=LINE('',#102,#12082);
#12080=LINE('',#620,#12083);
#12081=VECTOR('',#12084,1.0);
#12082=VECTOR('',#12085,1.0);
#12083=VECTOR('',#12086,1.0);
#12084=DIRECTION('',(0,0,1));
#12085=DIRECTION('',(-0.0735301966925941,0.1775221814608259,-0.98136597926754));
#12086=DIRECTION('',(0.3826749989337844,-0.9238830257078156,0));
#12087=FACE_SURFACE('',(#12092),#12088,.T.);
#12088=PLANE('',#12089);
#12089=AXIS2_PLACEMENT_3D('',#620,#12090,#12091);
#12090=DIRECTION('',(-0.9238830257078156,-0.3826749989337844,0));
#12091=DIRECTION('',(0.0735301966925941,-0.1775221814608259,0.98136597926754));
#12092=FACE_BOUND('',#12093,.T.);
#12093=EDGE_LOOP('',(#12094,#12095,#12096));
#12094=ORIENTED_EDGE('',*,*,#12097,.T.);
#12095=ORIENTED_EDGE('',*,*,#12098,.T.);
#12096=ORIENTED_EDGE('',*,*,#12099,.T.);
#12097=EDGE_CURVE('',#621,#103,#12100,.F.);
#12098=EDGE_CURVE('',#103,#99,#12101,.T.);
#12099=EDGE_CURVE('',#99,#621,#12102,.T.);
#12100=LINE('',#620,#12103);
#12101=LINE('',#102,#12104);
#12102=LINE('',#98,#12105);
#12103=VECTOR('',#12106,1.0);
#12104=VECTOR('',#12107,1.0);
#12105=VECTOR('',#12108,1.0);
#12106=DIRECTION('',(0.0735301966925941,-0.1775221814608259,0.98136597926754));
#12107=DIRECTION('',(-0.3826749989337844,0.9238830257078156,0));
#12108=DIRECTION('',(0,0,-1));
#12109=FACE_SURFACE('',(#12114),#12110,.T.);
#12110=PLANE('',#12111);
#12111=AXIS2_PLACEMENT_3D('',#620,#12112,#12113);
#12112=DIRECTION('',(-0.793348826239951,-0.6087673117897281,0));
#12113=DIRECTION('',(0,0,1));
#12114=FACE_BOUND('',#12115,.T.);
#12115=EDGE_LOOP('',(#12116,#12117,#12118));
#12116=ORIENTED_EDGE('',*,*,#12119,.T.);
#12117=ORIENTED_EDGE('',*,*,#12120,.T.);
#12118=ORIENTED_EDGE('',*,*,#12121,.T.);
#12119=EDGE_CURVE('',#621,#99,#12122,.F.);
#12120=EDGE_CURVE('',#99,#625,#12123,.T.);
#12121=EDGE_CURVE('',#625,#621,#12124,.T.);
#12122=LINE('',#620,#12125);
#12123=LINE('',#98,#12126);
#12124=LINE('',#624,#12127);
#12125=VECTOR('',#12128,1.0);
#12126=VECTOR('',#12129,1.0);
#12127=VECTOR('',#12130,1.0);
#12128=DIRECTION('',(0,0,1));
#12129=DIRECTION('',(-0.11696757310687736,0.15243276870379852,-0.9813678402448194));
#12130=DIRECTION('',(0.6087673117897281,-0.793348826239951,0));
#12131=FACE_SURFACE('',(#12136),#12132,.T.);
#12132=PLANE('',#12133);
#12133=AXIS2_PLACEMENT_3D('',#624,#12134,#12135);
#12134=DIRECTION('',(-0.793348826239951,-0.6087673117897281,0));
#12135=DIRECTION('',(0.11696757310687736,-0.15243276870379852,0.9813678402448194));
#12136=FACE_BOUND('',#12137,.T.);
#12137=EDGE_LOOP('',(#12138,#12139,#12140));
#12138=ORIENTED_EDGE('',*,*,#12141,.T.);
#12139=ORIENTED_EDGE('',*,*,#12142,.T.);
#12140=ORIENTED_EDGE('',*,*,#12143,.T.);
#12141=EDGE_CURVE('',#625,#99,#12144,.F.);
#12142=EDGE_CURVE('',#99,#95,#12145,.T.);
#12143=EDGE_CURVE('',#95,#625,#12146,.T.);
#12144=LINE('',#624,#12147);
#12145=LINE('',#98,#12148);
#12146=LINE('',#94,#12149);
#12147=VECTOR('',#12150,1.0);
#12148=VECTOR('',#12151,1.0);
#12149=VECTOR('',#12152,1.0);
#12150=DIRECTION('',(0.11696757310687736,-0.15243276870379852,0.9813678402448194));
#12151=DIRECTION('',(-0.6087673117897281,0.793348826239951,0));
#12152=DIRECTION('',(0,0,-1));
#12153=FACE_SURFACE('',(#12158),#12154,.T.);
#12154=PLANE('',#12155);
#12155=AXIS2_PLACEMENT_3D('',#624,#12156,#12157);
#12156=DIRECTION('',(-0.608751770109835,-0.7933607517316084,0));
#12157=DIRECTION('',(0,0,1));
#12158=FACE_BOUND('',#12159,.T.);
#12159=EDGE_LOOP('',(#12160,#12161,#12162));
#12160=ORIENTED_EDGE('',*,*,#12163,.T.);
#12161=ORIENTED_EDGE('',*,*,#12164,.T.);
#12162=ORIENTED_EDGE('',*,*,#12165,.T.);
#12163=EDGE_CURVE('',#625,#95,#12166,.F.);
#12164=EDGE_CURVE('',#95,#629,#12167,.T.);
#12165=EDGE_CURVE('',#629,#625,#12168,.T.);
#12166=LINE('',#624,#12169);
#12167=LINE('',#94,#12170);
#12168=LINE('',#628,#12171);
#12169=VECTOR('',#12172,1.0);
#12170=VECTOR('',#12173,1.0);
#12171=VECTOR('',#12174,1.0);
#12172=DIRECTION('',(0,0,1));
#12173=DIRECTION('',(-0.1524364587103536,0.11696566015732922,-0.9813674950801085));
#12174=DIRECTION('',(0.7933607517316084,-0.608751770109835,0));
#12175=FACE_SURFACE('',(#12180),#12176,.T.);
#12176=PLANE('',#12177);
#12177=AXIS2_PLACEMENT_3D('',#628,#12178,#12179);
#12178=DIRECTION('',(-0.608751770109835,-0.7933607517316084,0));
#12179=DIRECTION('',(0.1524364587103536,-0.11696566015732922,0.9813674950801085));
#12180=FACE_BOUND('',#12181,.T.);
#12181=EDGE_LOOP('',(#12182,#12183,#12184));
#12182=ORIENTED_EDGE('',*,*,#12185,.T.);
#12183=ORIENTED_EDGE('',*,*,#12186,.T.);
#12184=ORIENTED_EDGE('',*,*,#12187,.T.);
#12185=EDGE_CURVE('',#629,#95,#12188,.F.);
#12186=EDGE_CURVE('',#95,#91,#12189,.T.);
#12187=EDGE_CURVE('',#91,#629,#12190,.T.);
#12188=LINE('',#628,#12191);
#12189=LINE('',#94,#12192);
#12190=LINE('',#90,#12193);
#12191=VECTOR('',#12194,1.0);
#12192=VECTOR('',#12195,1.0);
#12193=VECTOR('',#12196,1.0);
#12194=DIRECTION('',(0.1524364587103536,-0.11696566015732922,0.9813674950801085));
#12195=DIRECTION('',(-0.7933607517316084,0.608751770109835,0));
#12196=DIRECTION('',(0,0,-1));
#12197=FACE_SURFACE('',(#12202),#12198,.T.);
#12198=PLANE('',#12199);
#12199=AXIS2_PLACEMENT_3D('',#628,#12200,#12201);
#12200=DIRECTION('',(-0.38269709078051545,-0.9238738748920926,0));
#12201=DIRECTION('',(0,0,1));
#12202=FACE_BOUND('',#12203,.T.);
#12203=EDGE_LOOP('',(#12204,#12205,#12206));
#12204=ORIENTED_EDGE('',*,*,#12207,.T.);
#12205=ORIENTED_EDGE('',*,*,#12208,.T.);
#12206=ORIENTED_EDGE('',*,*,#12209,.T.);
#12207=EDGE_CURVE('',#629,#91,#12210,.F.);
#12208=EDGE_CURVE('',#91,#633,#12211,.T.);
#12209=EDGE_CURVE('',#633,#629,#12212,.T.);
#12210=LINE('',#628,#12213);
#12211=LINE('',#90,#12214);
#12212=LINE('',#632,#12215);
#12213=VECTOR('',#12216,1.0);
#12214=VECTOR('',#12217,1.0);
#12215=VECTOR('',#12218,1.0);
#12216=DIRECTION('',(0,0,1));
#12217=DIRECTION('',(-0.17751490573905818,0.07353215611216375,-0.9813671485524413));
#12218=DIRECTION('',(0.9238738748920926,-0.38269709078051545,0));
#12219=FACE_SURFACE('',(#12224),#12220,.T.);
#12220=PLANE('',#12221);
#12221=AXIS2_PLACEMENT_3D('',#632,#12222,#12223);
#12222=DIRECTION('',(-0.38269709078051545,-0.9238738748920926,0));
#12223=DIRECTION('',(0.17751490573905818,-0.07353215611216375,0.9813671485524413));
#12224=FACE_BOUND('',#12225,.T.);
#12225=EDGE_LOOP('',(#12226,#12227,#12228));
#12226=ORIENTED_EDGE('',*,*,#12229,.T.);
#12227=ORIENTED_EDGE('',*,*,#12230,.T.);
#12228=ORIENTED_EDGE('',*,*,#12231,.T.);
#12229=EDGE_CURVE('',#633,#91,#12232,.F.);
#12230=EDGE_CURVE('',#91,#87,#12233,.T.);
#12231=EDGE_CURVE('',#87,#633,#12234,.T.);
#12232=LINE('',#632,#12235);
#12233=LINE('',#90,#12236);
#12234=LINE('',#86,#12237);
#12235=VECTOR('',#12238,1.0);
#12236=VECTOR('',#12239,1.0);
#12237=VECTOR('',#12240,1.0);
#12238=DIRECTION('',(0.17751490573905818,-0.07353215611216375,0.9813671485524413));
#12239=DIRECTION('',(-0.9238738748920926,0.38269709078051545,0));
#12240=DIRECTION('',(0,0,-1));
#12241=FACE_SURFACE('',(#12246),#12242,.T.);
#12242=PLANE('',#12243);
#12243=AXIS2_PLACEMENT_3D('',#632,#12244,#12245);
#12244=DIRECTION('',(-0.13054019222424268,-0.9914430181377333,0));
#12245=DIRECTION('',(0,0,1));
#12246=FACE_BOUND('',#12247,.T.);
#12247=EDGE_LOOP('',(#12248,#12249,#12250));
#12248=ORIENTED_EDGE('',*,*,#12251,.T.);
#12249=ORIENTED_EDGE('',*,*,#12252,.T.);
#12250=ORIENTED_EDGE('',*,*,#12253,.T.);
#12251=EDGE_CURVE('',#633,#87,#12254,.F.);
#12252=EDGE_CURVE('',#87,#637,#12255,.T.);
#12253=EDGE_CURVE('',#637,#633,#12256,.T.);
#12254=LINE('',#632,#12257);
#12255=LINE('',#86,#12258);
#12256=LINE('',#636,#12259);
#12257=VECTOR('',#12260,1.0);
#12258=VECTOR('',#12261,1.0);
#12259=VECTOR('',#12262,1.0);
#12260=DIRECTION('',(0,0,1));
#12261=DIRECTION('',(-0.19049777482394004,0.02508224445467119,-0.98136714780975));
#12262=DIRECTION('',(0.9914430181377333,-0.13054019222424268,0));
#12263=FACE_SURFACE('',(#12268),#12264,.T.);
#12264=PLANE('',#12265);
#12265=AXIS2_PLACEMENT_3D('',#636,#12266,#12267);
#12266=DIRECTION('',(-0.13054019222424268,-0.9914430181377333,0));
#12267=DIRECTION('',(0.19049777482394004,-0.02508224445467119,0.98136714780975));
#12268=FACE_BOUND('',#12269,.T.);
#12269=EDGE_LOOP('',(#12270,#12271,#12272));
#12270=ORIENTED_EDGE('',*,*,#12273,.T.);
#12271=ORIENTED_EDGE('',*,*,#12274,.T.);
#12272=ORIENTED_EDGE('',*,*,#12275,.T.);
#12273=EDGE_CURVE('',#637,#87,#12276,.F.);
#12274=EDGE_CURVE('',#87,#81,#12277,.T.);
#12275=EDGE_CURVE('',#81,#637,#12278,.T.);
#12276=LINE('',#636,#12279);
#12277=LINE('',#86,#12280);
#12278=LINE('',#80,#12281);
#12279=VECTOR('',#12282,1.0);
#12280=VECTOR('',#12283,1.0);
#12281=VECTOR('',#12284,1.0);
#12282=DIRECTION('',(0.19049777482394004,-0.02508224445467119,0.98136714780975));
#12283=DIRECTION('',(-0.9914430181377333,0.13054019222424268,0));
#12284=DIRECTION('',(0,0,-1));
#12285=FACE_SURFACE('',(#12290),#12286,.T.);
#12286=PLANE('',#12287);
#12287=AXIS2_PLACEMENT_3D('',#636,#12288,#12289);
#12288=DIRECTION('',(0.13054019222424268,-0.9914430181377333,0));
#12289=DIRECTION('',(0,0,1));
#12290=FACE_BOUND('',#12291,.T.);
#12291=EDGE_LOOP('',(#12292,#12293,#12294));
#12292=ORIENTED_EDGE('',*,*,#12295,.T.);
#12293=ORIENTED_EDGE('',*,*,#12296,.T.);
#12294=ORIENTED_EDGE('',*,*,#12297,.T.);
#12295=EDGE_CURVE('',#637,#81,#12298,.F.);
#12296=EDGE_CURVE('',#81,#643,#12299,.T.);
#12297=EDGE_CURVE('',#643,#637,#12300,.T.);
#12298=LINE('',#636,#12301);
#12299=LINE('',#80,#12302);
#12300=LINE('',#642,#12303);
#12301=VECTOR('',#12304,1.0);
#12302=VECTOR('',#12305,1.0);
#12303=VECTOR('',#12306,1.0);
#12304=DIRECTION('',(0,0,1));
#12305=DIRECTION('',(-0.19049777482394004,-0.02508224445467119,-0.98136714780975));
#12306=DIRECTION('',(0.9914430181377333,0.13054019222424268,0));
#12307=FACE_SURFACE('',(#12312),#12308,.T.);
#12308=PLANE('',#12309);
#12309=AXIS2_PLACEMENT_3D('',#642,#12310,#12311);
#12310=DIRECTION('',(0.13054019222424268,-0.9914430181377333,0));
#12311=DIRECTION('',(0.19049777482394004,0.02508224445467119,0.98136714780975));
#12312=FACE_BOUND('',#12313,.T.);
#12313=EDGE_LOOP('',(#12314,#12315,#12316));
#12314=ORIENTED_EDGE('',*,*,#12317,.T.);
#12315=ORIENTED_EDGE('',*,*,#12318,.T.);
#12316=ORIENTED_EDGE('',*,*,#12319,.T.);
#12317=EDGE_CURVE('',#643,#81,#12320,.F.);
#12318=EDGE_CURVE('',#81,#77,#12321,.T.);
#12319=EDGE_CURVE('',#77,#643,#12322,.T.);
#12320=LINE('',#642,#12323);
#12321=LINE('',#80,#12324);
#12322=LINE('',#76,#12325);
#12323=VECTOR('',#12326,1.0);
#12324=VECTOR('',#12327,1.0);
#12325=VECTOR('',#12328,1.0);
#12326=DIRECTION('',(0.19049777482394004,0.02508224445467119,0.98136714780975));
#12327=DIRECTION('',(-0.9914430181377333,-0.13054019222424268,0));
#12328=DIRECTION('',(0,0,-1));
#12329=FACE_SURFACE('',(#12334),#12330,.T.);
#12330=PLANE('',#12331);
#12331=AXIS2_PLACEMENT_3D('',#642,#12332,#12333);
#12332=DIRECTION('',(0.38269709078051545,-0.9238738748920926,0));
#12333=DIRECTION('',(0,0,1));
#12334=FACE_BOUND('',#12335,.T.);
#12335=EDGE_LOOP('',(#12336,#12337,#12338));
#12336=ORIENTED_EDGE('',*,*,#12339,.T.);
#12337=ORIENTED_EDGE('',*,*,#12340,.T.);
#12338=ORIENTED_EDGE('',*,*,#12341,.T.);
#12339=EDGE_CURVE('',#643,#77,#12342,.F.);
#12340=EDGE_CURVE('',#77,#647,#12343,.T.);
#12341=EDGE_CURVE('',#647,#643,#12344,.T.);
#12342=LINE('',#642,#12345);
#12343=LINE('',#76,#12346);
#12344=LINE('',#646,#12347);
#12345=VECTOR('',#12348,1.0);
#12346=VECTOR('',#12349,1.0);
#12347=VECTOR('',#12350,1.0);
#12348=DIRECTION('',(0,0,1));
#12349=DIRECTION('',(-0.17751490573905818,-0.07353215611216375,-0.9813671485524413));
#12350=DIRECTION('',(0.9238738748920926,0.38269709078051545,0));
#12351=FACE_SURFACE('',(#12356),#12352,.T.);
#12352=PLANE('',#12353);
#12353=AXIS2_PLACEMENT_3D('',#646,#12354,#12355);
#12354=DIRECTION('',(0.38269709078051545,-0.9238738748920926,0));
#12355=DIRECTION('',(0.17751490573905818,0.07353215611216375,0.9813671485524413));
#12356=FACE_BOUND('',#12357,.T.);
#12357=EDGE_LOOP('',(#12358,#12359,#12360));
#12358=ORIENTED_EDGE('',*,*,#12361,.T.);
#12359=ORIENTED_EDGE('',*,*,#12362,.T.);
#12360=ORIENTED_EDGE('',*,*,#12363,.T.);
#12361=EDGE_CURVE('',#647,#77,#12364,.F.);
#12362=EDGE_CURVE('',#77,#73,#12365,.T.);
#12363=EDGE_CURVE('',#73,#647,#12366,.T.);
#12364=LINE('',#646,#12367);
#12365=LINE('',#76,#12368);
#12366=LINE('',#72,#12369);
#12367=VECTOR('',#12370,1.0);
#12368=VECTOR('',#12371,1.0);
#12369=VECTOR('',#12372,1.0);
#12370=DIRECTION('',(0.17751490573905818,0.07353215611216375,0.9813671485524413));
#12371=DIRECTION('',(-0.9238738748920926,-0.38269709078051545,0));
#12372=DIRECTION('',(0,0,-1));
#12373=FACE_SURFACE('',(#12378),#12374,.T.);
#12374=PLANE('',#12375);
#12375=AXIS2_PLACEMENT_3D('',#646,#12376,#12377);
#12376=DIRECTION('',(0.608751770109835,-0.7933607517316084,0));
#12377=DIRECTION('',(0,0,1));
#12378=FACE_BOUND('',#12379,.T.);
#12379=EDGE_LOOP('',(#12380,#12381,#12382));
#12380=ORIENTED_EDGE('',*,*,#12383,.T.);
#12381=ORIENTED_EDGE('',*,*,#12384,.T.);
#12382=ORIENTED_EDGE('',*,*,#12385,.T.);
#12383=EDGE_CURVE('',#647,#73,#12386,.F.);
#12384=EDGE_CURVE('',#73,#651,#12387,.T.);
#12385=EDGE_CURVE('',#651,#647,#12388,.T.);
#12386=LINE('',#646,#12389);
#12387=LINE('',#72,#12390);
#12388=LINE('',#650,#12391);
#12389=VECTOR('',#12392,1.0);
#12390=VECTOR('',#12393,1.0);
#12391=VECTOR('',#12394,1.0);
#12392=DIRECTION('',(0,0,1));
#12393=DIRECTION('',(-0.1524364587103536,-0.11696566015732922,-0.9813674950801085));
#12394=DIRECTION('',(0.7933607517316084,0.608751770109835,0));
#12395=FACE_SURFACE('',(#12400),#12396,.T.);
#12396=PLANE('',#12397);
#12397=AXIS2_PLACEMENT_3D('',#650,#12398,#12399);
#12398=DIRECTION('',(0.608751770109835,-0.7933607517316084,0));
#12399=DIRECTION('',(0.1524364587103536,0.11696566015732922,0.9813674950801085));
#12400=FACE_BOUND('',#12401,.T.);
#12401=EDGE_LOOP('',(#12402,#12403,#12404));
#12402=ORIENTED_EDGE('',*,*,#12405,.T.);
#12403=ORIENTED_EDGE('',*,*,#12406,.T.);
#12404=ORIENTED_EDGE('',*,*,#12407,.T.);
#12405=EDGE_CURVE('',#651,#73,#12408,.F.);
#12406=EDGE_CURVE('',#73,#69,#12409,.T.);
#12407=EDGE_CURVE('',#69,#651,#12410,.T.);
#12408=LINE('',#650,#12411);
#12409=LINE('',#72,#12412);
#12410=LINE('',#68,#12413);
#12411=VECTOR('',#12414,1.0);
#12412=VECTOR('',#12415,1.0);
#12413=VECTOR('',#12416,1.0);
#12414=DIRECTION('',(0.1524364587103536,0.11696566015732922,0.9813674950801085));
#12415=DIRECTION('',(-0.7933607517316084,-0.608751770109835,0));
#12416=DIRECTION('',(0,0,-1));
#12417=FACE_SURFACE('',(#12422),#12418,.T.);
#12418=PLANE('',#12419);
#12419=AXIS2_PLACEMENT_3D('',#650,#12420,#12421);
#12420=DIRECTION('',(0.793348826239951,-0.6087673117897281,0));
#12421=DIRECTION('',(0,0,1));
#12422=FACE_BOUND('',#12423,.T.);
#12423=EDGE_LOOP('',(#12424,#12425,#12426));
#12424=ORIENTED_EDGE('',*,*,#12427,.T.);
#12425=ORIENTED_EDGE('',*,*,#12428,.T.);
#12426=ORIENTED_EDGE('',*,*,#12429,.T.);
#12427=EDGE_CURVE('',#651,#69,#12430,.F.);
#12428=EDGE_CURVE('',#69,#655,#12431,.T.);
#12429=EDGE_CURVE('',#655,#651,#12432,.T.);
#12430=LINE('',#650,#12433);
#12431=LINE('',#68,#12434);
#12432=LINE('',#654,#12435);
#12433=VECTOR('',#12436,1.0);
#12434=VECTOR('',#12437,1.0);
#12435=VECTOR('',#12438,1.0);
#12436=DIRECTION('',(0,0,1));
#12437=DIRECTION('',(-0.11696757310687736,-0.15243276870379852,-0.9813678402448194));
#12438=DIRECTION('',(0.6087673117897281,0.793348826239951,0));
#12439=FACE_SURFACE('',(#12444),#12440,.T.);
#12440=PLANE('',#12441);
#12441=AXIS2_PLACEMENT_3D('',#654,#12442,#12443);
#12442=DIRECTION('',(0.793348826239951,-0.6087673117897281,0));
#12443=DIRECTION('',(0.11696757310687736,0.15243276870379852,0.9813678402448194));
#12444=FACE_BOUND('',#12445,.T.);
#12445=EDGE_LOOP('',(#12446,#12447,#12448));
#12446=ORIENTED_EDGE('',*,*,#12449,.T.);
#12447=ORIENTED_EDGE('',*,*,#12450,.T.);
#12448=ORIENTED_EDGE('',*,*,#12451,.T.);
#12449=EDGE_CURVE('',#655,#69,#12452,.F.);
#12450=EDGE_CURVE('',#69,#65,#12453,.T.);
#12451=EDGE_CURVE('',#65,#655,#12454,.T.);
#12452=LINE('',#654,#12455);
#12453=LINE('',#68,#12456);
#12454=LINE('',#64,#12457);
#12455=VECTOR('',#12458,1.0);
#12456=VECTOR('',#12459,1.0);
#12457=VECTOR('',#12460,1.0);
#12458=DIRECTION('',(0.11696757310687736,0.15243276870379852,0.9813678402448194));
#12459=DIRECTION('',(-0.6087673117897281,-0.793348826239951,0));
#12460=DIRECTION('',(0,0,-1));
#12461=FACE_SURFACE('',(#12466),#12462,.T.);
#12462=PLANE('',#12463);
#12463=AXIS2_PLACEMENT_3D('',#654,#12464,#12465);
#12464=DIRECTION('',(0.9238864697576026,-0.3826666839415662,0));
#12465=DIRECTION('',(0,0,1));
#12466=FACE_BOUND('',#12467,.T.);
#12467=EDGE_LOOP('',(#12468,#12469,#12470));
#12468=ORIENTED_EDGE('',*,*,#12471,.T.);
#12469=ORIENTED_EDGE('',*,*,#12472,.T.);
#12470=ORIENTED_EDGE('',*,*,#12473,.T.);
#12471=EDGE_CURVE('',#655,#65,#12474,.F.);
#12472=EDGE_CURVE('',#65,#473,#12475,.T.);
#12473=EDGE_CURVE('',#473,#655,#12476,.T.);
#12474=LINE('',#654,#12477);
#12475=LINE('',#64,#12478);
#12476=LINE('',#472,#12479);
#12477=VECTOR('',#12480,1.0);
#12478=VECTOR('',#12481,1.0);
#12479=VECTOR('',#12482,1.0);
#12480=DIRECTION('',(0,0,1));
#12481=DIRECTION('',(-0.0735283350054311,-0.1775222058936685,-0.9813661143355089));
#12482=DIRECTION('',(0.3826666839415662,0.9238864697576026,0));
#12483=FACE_SURFACE('',(#12488),#12484,.T.);
#12484=PLANE('',#12485);
#12485=AXIS2_PLACEMENT_3D('',#472,#12486,#12487);
#12486=DIRECTION('',(0.9238864697576026,-0.3826666839415662,0));
#12487=DIRECTION('',(0.0735283350054311,0.1775222058936685,0.9813661143355089));
#12488=FACE_BOUND('',#12489,.T.);
#12489=EDGE_LOOP('',(#12490,#12491,#12492));
#12490=ORIENTED_EDGE('',*,*,#12493,.T.);
#12491=ORIENTED_EDGE('',*,*,#12494,.T.);
#12492=ORIENTED_EDGE('',*,*,#12495,.T.);
#12493=EDGE_CURVE('',#473,#65,#12496,.F.);
#12494=EDGE_CURVE('',#65,#63,#12497,.T.);
#12495=EDGE_CURVE('',#63,#473,#12498,.T.);
#12496=LINE('',#472,#12499);
#12497=LINE('',#64,#12500);
#12498=LINE('',#62,#12501);
#12499=VECTOR('',#12502,1.0);
#12500=VECTOR('',#12503,1.0);
#12501=VECTOR('',#12504,1.0);
#12502=DIRECTION('',(0.0735283350054311,0.1775222058936685,0.9813661143355089));
#12503=DIRECTION('',(-0.3826666839415662,-0.9238864697576026,0));
#12504=DIRECTION('',(0,0,-1));
#12505=FACE_SURFACE('',(#12510),#12506,.T.);
#12506=PLANE('',#12507);
#12507=AXIS2_PLACEMENT_3D('',#398,#12508,#12509);
#12508=DIRECTION('',(-0.9914455395896884,-0.13052104055558156,-0));
#12509=DIRECTION('',(0,0,-1));
#12510=FACE_BOUND('',#12511,.T.);
#12511=EDGE_LOOP('',(#12512,#12513,#12514));
#12512=ORIENTED_EDGE('',*,*,#12515,.T.);
#12513=ORIENTED_EDGE('',*,*,#12516,.T.);
#12514=ORIENTED_EDGE('',*,*,#12517,.T.);
#12515=EDGE_CURVE('',#399,#657,#12518,.F.);
#12516=EDGE_CURVE('',#657,#351,#12519,.T.);
#12517=EDGE_CURVE('',#351,#399,#12520,.T.);
#12518=LINE('',#398,#12521);
#12519=LINE('',#656,#12522);
#12520=LINE('',#350,#12523);
#12521=VECTOR('',#12524,1.0);
#12522=VECTOR('',#12525,1.0);
#12523=VECTOR('',#12526,1.0);
#12524=DIRECTION('',(0,0,-1));
#12525=DIRECTION('',(0.02507850319075047,-0.19049779271003559,0.9813672399516481));
#12526=DIRECTION('',(-0.13052104055558156,0.9914455395896884,0));
#12527=FACE_SURFACE('',(#12532),#12528,.T.);
#12528=PLANE('',#12529);
#12529=AXIS2_PLACEMENT_3D('',#350,#12530,#12531);
#12530=DIRECTION('',(-0.9914455395896884,-0.13052104055558156,-0));
#12531=DIRECTION('',(-0.02507850319075047,0.19049779271003559,-0.9813672399516481));
#12532=FACE_BOUND('',#12533,.T.);
#12533=EDGE_LOOP('',(#12534,#12535,#12536));
#12534=ORIENTED_EDGE('',*,*,#12537,.T.);
#12535=ORIENTED_EDGE('',*,*,#12538,.T.);
#12536=ORIENTED_EDGE('',*,*,#12539,.T.);
#12537=EDGE_CURVE('',#351,#657,#12540,.F.);
#12538=EDGE_CURVE('',#657,#661,#12541,.T.);
#12539=EDGE_CURVE('',#661,#351,#12542,.T.);
#12540=LINE('',#350,#12543);
#12541=LINE('',#656,#12544);
#12542=LINE('',#660,#12545);
#12543=VECTOR('',#12546,1.0);
#12544=VECTOR('',#12547,1.0);
#12545=VECTOR('',#12548,1.0);
#12546=DIRECTION('',(-0.02507850319075047,0.19049779271003559,-0.9813672399516481));
#12547=DIRECTION('',(0.13052104055558156,-0.9914455395896884,0));
#12548=DIRECTION('',(0,0,1));
#12549=FACE_SURFACE('',(#12554),#12550,.T.);
#12550=PLANE('',#12551);
#12551=AXIS2_PLACEMENT_3D('',#350,#12552,#12553);
#12552=DIRECTION('',(-0.9914455395896884,0.13052104055558156,0));
#12553=DIRECTION('',(0,0,-1));
#12554=FACE_BOUND('',#12555,.T.);
#12555=EDGE_LOOP('',(#12556,#12557,#12558));
#12556=ORIENTED_EDGE('',*,*,#12559,.T.);
#12557=ORIENTED_EDGE('',*,*,#12560,.T.);
#12558=ORIENTED_EDGE('',*,*,#12561,.T.);
#12559=EDGE_CURVE('',#351,#661,#12562,.F.);
#12560=EDGE_CURVE('',#661,#101,#12563,.T.);
#12561=EDGE_CURVE('',#101,#351,#12564,.T.);
#12562=LINE('',#350,#12565);
#12563=LINE('',#660,#12566);
#12564=LINE('',#100,#12567);
#12565=VECTOR('',#12568,1.0);
#12566=VECTOR('',#12569,1.0);
#12567=VECTOR('',#12570,1.0);
#12568=DIRECTION('',(0,0,-1));
#12569=DIRECTION('',(-0.02507850319075047,-0.19049779271003559,0.9813672399516481));
#12570=DIRECTION('',(0.13052104055558156,0.9914455395896884,0));
#12571=FACE_SURFACE('',(#12576),#12572,.T.);
#12572=PLANE('',#12573);
#12573=AXIS2_PLACEMENT_3D('',#100,#12574,#12575);
#12574=DIRECTION('',(-0.9914455395896884,0.13052104055558156,0));
#12575=DIRECTION('',(0.02507850319075047,0.19049779271003559,-0.9813672399516481));
#12576=FACE_BOUND('',#12577,.T.);
#12577=EDGE_LOOP('',(#12578,#12579,#12580));
#12578=ORIENTED_EDGE('',*,*,#12581,.T.);
#12579=ORIENTED_EDGE('',*,*,#12582,.T.);
#12580=ORIENTED_EDGE('',*,*,#12583,.T.);
#12581=EDGE_CURVE('',#101,#661,#12584,.F.);
#12582=EDGE_CURVE('',#661,#619,#12585,.T.);
#12583=EDGE_CURVE('',#619,#101,#12586,.T.);
#12584=LINE('',#100,#12587);
#12585=LINE('',#660,#12588);
#12586=LINE('',#618,#12589);
#12587=VECTOR('',#12590,1.0);
#12588=VECTOR('',#12591,1.0);
#12589=VECTOR('',#12592,1.0);
#12590=DIRECTION('',(0.02507850319075047,0.19049779271003559,-0.9813672399516481));
#12591=DIRECTION('',(-0.13052104055558156,-0.9914455395896884,0));
#12592=DIRECTION('',(0,0,1));
#12593=FACE_SURFACE('',(#12598),#12594,.T.);
#12594=PLANE('',#12595);
#12595=AXIS2_PLACEMENT_3D('',#100,#12596,#12597);
#12596=DIRECTION('',(-0.9238773192177482,0.3826887756846641,0));
#12597=DIRECTION('',(0,0,-1));
#12598=FACE_BOUND('',#12599,.T.);
#12599=EDGE_LOOP('',(#12600,#12601,#12602));
#12600=ORIENTED_EDGE('',*,*,#12603,.T.);
#12601=ORIENTED_EDGE('',*,*,#12604,.T.);
#12602=ORIENTED_EDGE('',*,*,#12605,.T.);
#12603=EDGE_CURVE('',#101,#619,#12606,.F.);
#12604=EDGE_CURVE('',#619,#97,#12607,.T.);
#12605=EDGE_CURVE('',#97,#101,#12608,.T.);
#12606=LINE('',#100,#12609);
#12607=LINE('',#618,#12610);
#12608=LINE('',#96,#12611);
#12609=VECTOR('',#12612,1.0);
#12610=VECTOR('',#12613,1.0);
#12611=VECTOR('',#12614,1.0);
#12612=DIRECTION('',(0,0,-1));
#12613=DIRECTION('',(-0.07353029442332193,-0.17751493017157954,0.9813672836243313));
#12614=DIRECTION('',(0.3826887756846641,0.9238773192177482,0));
#12615=FACE_SURFACE('',(#12620),#12616,.T.);
#12616=PLANE('',#12617);
#12617=AXIS2_PLACEMENT_3D('',#96,#12618,#12619);
#12618=DIRECTION('',(-0.9238773192177482,0.3826887756846641,0));
#12619=DIRECTION('',(0.07353029442332193,0.17751493017157954,-0.9813672836243313));
#12620=FACE_BOUND('',#12621,.T.);
#12621=EDGE_LOOP('',(#12622,#12623,#12624));
#12622=ORIENTED_EDGE('',*,*,#12625,.T.);
#12623=ORIENTED_EDGE('',*,*,#12626,.T.);
#12624=ORIENTED_EDGE('',*,*,#12627,.T.);
#12625=EDGE_CURVE('',#97,#619,#12628,.F.);
#12626=EDGE_CURVE('',#619,#623,#12629,.T.);
#12627=EDGE_CURVE('',#623,#97,#12630,.T.);
#12628=LINE('',#96,#12631);
#12629=LINE('',#618,#12632);
#12630=LINE('',#622,#12633);
#12631=VECTOR('',#12634,1.0);
#12632=VECTOR('',#12635,1.0);
#12633=VECTOR('',#12636,1.0);
#12634=DIRECTION('',(0.07353029442332193,0.17751493017157954,-0.9813672836243313));
#12635=DIRECTION('',(-0.3826887756846641,-0.9238773192177482,0));
#12636=DIRECTION('',(0,0,1));
#12637=FACE_SURFACE('',(#12642),#12638,.T.);
#12638=PLANE('',#12639);
#12639=AXIS2_PLACEMENT_3D('',#96,#12640,#12641);
#12640=DIRECTION('',(-0.7933560467907059,0.6087579018137039,0));
#12641=DIRECTION('',(0,0,-1));
#12642=FACE_BOUND('',#12643,.T.);
#12643=EDGE_LOOP('',(#12644,#12645,#12646));
#12644=ORIENTED_EDGE('',*,*,#12647,.T.);
#12645=ORIENTED_EDGE('',*,*,#12648,.T.);
#12646=ORIENTED_EDGE('',*,*,#12649,.T.);
#12647=EDGE_CURVE('',#97,#623,#12650,.F.);
#12648=EDGE_CURVE('',#623,#93,#12651,.T.);
#12649=EDGE_CURVE('',#93,#97,#12652,.T.);
#12650=LINE('',#96,#12653);
#12651=LINE('',#622,#12654);
#12652=LINE('',#92,#12655);
#12653=VECTOR('',#12656,1.0);
#12654=VECTOR('',#12657,1.0);
#12655=VECTOR('',#12658,1.0);
#12656=DIRECTION('',(0,0,-1));
#12657=DIRECTION('',(-0.11696750635850531,-0.15243642533604243,0.9813672802203273));
#12658=DIRECTION('',(0.6087579018137039,0.7933560467907059,0));
#12659=FACE_SURFACE('',(#12664),#12660,.T.);
#12660=PLANE('',#12661);
#12661=AXIS2_PLACEMENT_3D('',#92,#12662,#12663);
#12662=DIRECTION('',(-0.7933560467907059,0.6087579018137039,0));
#12663=DIRECTION('',(0.11696750635850531,0.15243642533604243,-0.9813672802203273));
#12664=FACE_BOUND('',#12665,.T.);
#12665=EDGE_LOOP('',(#12666,#12667,#12668));
#12666=ORIENTED_EDGE('',*,*,#12669,.T.);
#12667=ORIENTED_EDGE('',*,*,#12670,.T.);
#12668=ORIENTED_EDGE('',*,*,#12671,.T.);
#12669=EDGE_CURVE('',#93,#623,#12672,.F.);
#12670=EDGE_CURVE('',#623,#627,#12673,.T.);
#12671=EDGE_CURVE('',#627,#93,#12674,.T.);
#12672=LINE('',#92,#12675);
#12673=LINE('',#622,#12676);
#12674=LINE('',#626,#12677);
#12675=VECTOR('',#12678,1.0);
#12676=VECTOR('',#12679,1.0);
#12677=VECTOR('',#12680,1.0);
#12678=DIRECTION('',(0.11696750635850531,0.15243642533604243,-0.9813672802203273));
#12679=DIRECTION('',(-0.6087579018137039,-0.7933560467907059,0));
#12680=DIRECTION('',(0,0,1));
#12681=FACE_SURFACE('',(#12686),#12682,.T.);
#12682=PLANE('',#12683);
#12683=AXIS2_PLACEMENT_3D('',#92,#12684,#12685);
#12684=DIRECTION('',(-0.608751770109835,0.7933607517316084,0));
#12685=DIRECTION('',(0,0,-1));
#12686=FACE_BOUND('',#12687,.T.);
#12687=EDGE_LOOP('',(#12688,#12689,#12690));
#12688=ORIENTED_EDGE('',*,*,#12691,.T.);
#12689=ORIENTED_EDGE('',*,*,#12692,.T.);
#12690=ORIENTED_EDGE('',*,*,#12693,.T.);
#12691=EDGE_CURVE('',#93,#627,#12694,.F.);
#12692=EDGE_CURVE('',#627,#89,#12695,.T.);
#12693=EDGE_CURVE('',#89,#93,#12696,.T.);
#12694=LINE('',#92,#12697);
#12695=LINE('',#626,#12698);
#12696=LINE('',#88,#12699);
#12697=VECTOR('',#12700,1.0);
#12698=VECTOR('',#12701,1.0);
#12699=VECTOR('',#12702,1.0);
#12700=DIRECTION('',(0,0,-1));
#12701=DIRECTION('',(-0.1524364587103536,-0.11696566015732922,0.9813674950801085));
#12702=DIRECTION('',(0.7933607517316084,0.608751770109835,0));
#12703=FACE_SURFACE('',(#12708),#12704,.T.);
#12704=PLANE('',#12705);
#12705=AXIS2_PLACEMENT_3D('',#88,#12706,#12707);
#12706=DIRECTION('',(-0.608751770109835,0.7933607517316084,0));
#12707=DIRECTION('',(0.1524364587103536,0.11696566015732922,-0.9813674950801085));
#12708=FACE_BOUND('',#12709,.T.);
#12709=EDGE_LOOP('',(#12710,#12711,#12712));
#12710=ORIENTED_EDGE('',*,*,#12713,.T.);
#12711=ORIENTED_EDGE('',*,*,#12714,.T.);
#12712=ORIENTED_EDGE('',*,*,#12715,.T.);
#12713=EDGE_CURVE('',#89,#627,#12716,.F.);
#12714=EDGE_CURVE('',#627,#631,#12717,.T.);
#12715=EDGE_CURVE('',#631,#89,#12718,.T.);
#12716=LINE('',#88,#12719);
#12717=LINE('',#626,#12720);
#12718=LINE('',#630,#12721);
#12719=VECTOR('',#12722,1.0);
#12720=VECTOR('',#12723,1.0);
#12721=VECTOR('',#12724,1.0);
#12722=DIRECTION('',(0.1524364587103536,0.11696566015732922,-0.9813674950801085));
#12723=DIRECTION('',(-0.7933607517316084,-0.608751770109835,0));
#12724=DIRECTION('',(0,0,1));
#12725=FACE_SURFACE('',(#12730),#12726,.T.);
#12726=PLANE('',#12727);
#12727=AXIS2_PLACEMENT_3D('',#88,#12728,#12729);
#12728=DIRECTION('',(-0.38269709078051545,0.9238738748920926,0));
#12729=DIRECTION('',(0,0,-1));
#12730=FACE_BOUND('',#12731,.T.);
#12731=EDGE_LOOP('',(#12732,#12733,#12734));
#12732=ORIENTED_EDGE('',*,*,#12735,.T.);
#12733=ORIENTED_EDGE('',*,*,#12736,.T.);
#12734=ORIENTED_EDGE('',*,*,#12737,.T.);
#12735=EDGE_CURVE('',#89,#631,#12738,.F.);
#12736=EDGE_CURVE('',#631,#85,#12739,.T.);
#12737=EDGE_CURVE('',#85,#89,#12740,.T.);
#12738=LINE('',#88,#12741);
#12739=LINE('',#630,#12742);
#12740=LINE('',#84,#12743);
#12741=VECTOR('',#12744,1.0);
#12742=VECTOR('',#12745,1.0);
#12743=VECTOR('',#12746,1.0);
#12744=DIRECTION('',(0,0,-1));
#12745=DIRECTION('',(-0.17751490573905818,-0.07353215611216375,0.9813671485524413));
#12746=DIRECTION('',(0.9238738748920926,0.38269709078051545,0));
#12747=FACE_SURFACE('',(#12752),#12748,.T.);
#12748=PLANE('',#12749);
#12749=AXIS2_PLACEMENT_3D('',#84,#12750,#12751);
#12750=DIRECTION('',(-0.38269709078051545,0.9238738748920926,0));
#12751=DIRECTION('',(0.17751490573905818,0.07353215611216375,-0.9813671485524413));
#12752=FACE_BOUND('',#12753,.T.);
#12753=EDGE_LOOP('',(#12754,#12755,#12756));
#12754=ORIENTED_EDGE('',*,*,#12757,.T.);
#12755=ORIENTED_EDGE('',*,*,#12758,.T.);
#12756=ORIENTED_EDGE('',*,*,#12759,.T.);
#12757=EDGE_CURVE('',#85,#631,#12760,.F.);
#12758=EDGE_CURVE('',#631,#635,#12761,.T.);
#12759=EDGE_CURVE('',#635,#85,#12762,.T.);
#12760=LINE('',#84,#12763);
#12761=LINE('',#630,#12764);
#12762=LINE('',#634,#12765);
#12763=VECTOR('',#12766,1.0);
#12764=VECTOR('',#12767,1.0);
#12765=VECTOR('',#12768,1.0);
#12766=DIRECTION('',(0.17751490573905818,0.07353215611216375,-0.9813671485524413));
#12767=DIRECTION('',(-0.9238738748920926,-0.38269709078051545,0));
#12768=DIRECTION('',(0,0,1));
#12769=FACE_SURFACE('',(#12774),#12770,.T.);
#12770=PLANE('',#12771);
#12771=AXIS2_PLACEMENT_3D('',#84,#12772,#12773);
#12772=DIRECTION('',(-0.13052104055558156,0.9914455395896884,0));
#12773=DIRECTION('',(0,0,-1));
#12774=FACE_BOUND('',#12775,.T.);
#12775=EDGE_LOOP('',(#12776,#12777,#12778));
#12776=ORIENTED_EDGE('',*,*,#12779,.T.);
#12777=ORIENTED_EDGE('',*,*,#12780,.T.);
#12778=ORIENTED_EDGE('',*,*,#12781,.T.);
#12779=EDGE_CURVE('',#85,#635,#12782,.F.);
#12780=EDGE_CURVE('',#635,#83,#12783,.T.);
#12781=EDGE_CURVE('',#83,#85,#12784,.T.);
#12782=LINE('',#84,#12785);
#12783=LINE('',#634,#12786);
#12784=LINE('',#82,#12787);
#12785=VECTOR('',#12788,1.0);
#12786=VECTOR('',#12789,1.0);
#12787=VECTOR('',#12790,1.0);
#12788=DIRECTION('',(0,0,-1));
#12789=DIRECTION('',(-0.19049779271003559,-0.02507850319075047,0.9813672399516481));
#12790=DIRECTION('',(0.9914455395896884,0.13052104055558156,0));
#12791=FACE_SURFACE('',(#12796),#12792,.T.);
#12792=PLANE('',#12793);
#12793=AXIS2_PLACEMENT_3D('',#82,#12794,#12795);
#12794=DIRECTION('',(-0.13052104055558156,0.9914455395896884,0));
#12795=DIRECTION('',(0.19049779271003559,0.02507850319075047,-0.9813672399516481));
#12796=FACE_BOUND('',#12797,.T.);
#12797=EDGE_LOOP('',(#12798,#12799,#12800));
#12798=ORIENTED_EDGE('',*,*,#12801,.T.);
#12799=ORIENTED_EDGE('',*,*,#12802,.T.);
#12800=ORIENTED_EDGE('',*,*,#12803,.T.);
#12801=EDGE_CURVE('',#83,#635,#12804,.F.);
#12802=EDGE_CURVE('',#635,#639,#12805,.T.);
#12803=EDGE_CURVE('',#639,#83,#12806,.T.);
#12804=LINE('',#82,#12807);
#12805=LINE('',#634,#12808);
#12806=LINE('',#638,#12809);
#12807=VECTOR('',#12810,1.0);
#12808=VECTOR('',#12811,1.0);
#12809=VECTOR('',#12812,1.0);
#12810=DIRECTION('',(0.19049779271003559,0.02507850319075047,-0.9813672399516481));
#12811=DIRECTION('',(-0.9914455395896884,-0.13052104055558156,0));
#12812=DIRECTION('',(0,0,1));
#12813=FACE_SURFACE('',(#12818),#12814,.T.);
#12814=PLANE('',#12815);
#12815=AXIS2_PLACEMENT_3D('',#82,#12816,#12817);
#12816=DIRECTION('',(0.13052104055558156,0.9914455395896884,0));
#12817=DIRECTION('',(0,0,-1));
#12818=FACE_BOUND('',#12819,.T.);
#12819=EDGE_LOOP('',(#12820,#12821,#12822));
#12820=ORIENTED_EDGE('',*,*,#12823,.T.);
#12821=ORIENTED_EDGE('',*,*,#12824,.T.);
#12822=ORIENTED_EDGE('',*,*,#12825,.T.);
#12823=EDGE_CURVE('',#83,#639,#12826,.F.);
#12824=EDGE_CURVE('',#639,#79,#12827,.T.);
#12825=EDGE_CURVE('',#79,#83,#12828,.T.);
#12826=LINE('',#82,#12829);
#12827=LINE('',#638,#12830);
#12828=LINE('',#78,#12831);
#12829=VECTOR('',#12832,1.0);
#12830=VECTOR('',#12833,1.0);
#12831=VECTOR('',#12834,1.0);
#12832=DIRECTION('',(0,0,-1));
#12833=DIRECTION('',(-0.19049779271003559,0.02507850319075047,0.9813672399516481));
#12834=DIRECTION('',(0.9914455395896884,-0.13052104055558156,0));
#12835=FACE_SURFACE('',(#12840),#12836,.T.);
#12836=PLANE('',#12837);
#12837=AXIS2_PLACEMENT_3D('',#78,#12838,#12839);
#12838=DIRECTION('',(0.13052104055558156,0.9914455395896884,0));
#12839=DIRECTION('',(0.19049779271003559,-0.02507850319075047,-0.9813672399516481));
#12840=FACE_BOUND('',#12841,.T.);
#12841=EDGE_LOOP('',(#12842,#12843,#12844));
#12842=ORIENTED_EDGE('',*,*,#12845,.T.);
#12843=ORIENTED_EDGE('',*,*,#12846,.T.);
#12844=ORIENTED_EDGE('',*,*,#12847,.T.);
#12845=EDGE_CURVE('',#79,#639,#12848,.F.);
#12846=EDGE_CURVE('',#639,#641,#12849,.T.);
#12847=EDGE_CURVE('',#641,#79,#12850,.T.);
#12848=LINE('',#78,#12851);
#12849=LINE('',#638,#12852);
#12850=LINE('',#640,#12853);
#12851=VECTOR('',#12854,1.0);
#12852=VECTOR('',#12855,1.0);
#12853=VECTOR('',#12856,1.0);
#12854=DIRECTION('',(0.19049779271003559,-0.02507850319075047,-0.9813672399516481));
#12855=DIRECTION('',(-0.9914455395896884,0.13052104055558156,0));
#12856=DIRECTION('',(0,0,1));
#12857=FACE_SURFACE('',(#12862),#12858,.T.);
#12858=PLANE('',#12859);
#12859=AXIS2_PLACEMENT_3D('',#78,#12860,#12861);
#12860=DIRECTION('',(0.38269709078051545,0.9238738748920926,0));
#12861=DIRECTION('',(0,0,-1));
#12862=FACE_BOUND('',#12863,.T.);
#12863=EDGE_LOOP('',(#12864,#12865,#12866));
#12864=ORIENTED_EDGE('',*,*,#12867,.T.);
#12865=ORIENTED_EDGE('',*,*,#12868,.T.);
#12866=ORIENTED_EDGE('',*,*,#12869,.T.);
#12867=EDGE_CURVE('',#79,#641,#12870,.F.);
#12868=EDGE_CURVE('',#641,#75,#12871,.T.);
#12869=EDGE_CURVE('',#75,#79,#12872,.T.);
#12870=LINE('',#78,#12873);
#12871=LINE('',#640,#12874);
#12872=LINE('',#74,#12875);
#12873=VECTOR('',#12876,1.0);
#12874=VECTOR('',#12877,1.0);
#12875=VECTOR('',#12878,1.0);
#12876=DIRECTION('',(0,0,-1));
#12877=DIRECTION('',(-0.17751490573905818,0.07353215611216375,0.9813671485524413));
#12878=DIRECTION('',(0.9238738748920926,-0.38269709078051545,0));
#12879=FACE_SURFACE('',(#12884),#12880,.T.);
#12880=PLANE('',#12881);
#12881=AXIS2_PLACEMENT_3D('',#74,#12882,#12883);
#12882=DIRECTION('',(0.38269709078051545,0.9238738748920926,0));
#12883=DIRECTION('',(0.17751490573905818,-0.07353215611216375,-0.9813671485524413));
#12884=FACE_BOUND('',#12885,.T.);
#12885=EDGE_LOOP('',(#12886,#12887,#12888));
#12886=ORIENTED_EDGE('',*,*,#12889,.T.);
#12887=ORIENTED_EDGE('',*,*,#12890,.T.);
#12888=ORIENTED_EDGE('',*,*,#12891,.T.);
#12889=EDGE_CURVE('',#75,#641,#12892,.F.);
#12890=EDGE_CURVE('',#641,#645,#12893,.T.);
#12891=EDGE_CURVE('',#645,#75,#12894,.T.);
#12892=LINE('',#74,#12895);
#12893=LINE('',#640,#12896);
#12894=LINE('',#644,#12897);
#12895=VECTOR('',#12898,1.0);
#12896=VECTOR('',#12899,1.0);
#12897=VECTOR('',#12900,1.0);
#12898=DIRECTION('',(0.17751490573905818,-0.07353215611216375,-0.9813671485524413));
#12899=DIRECTION('',(-0.9238738748920926,0.38269709078051545,0));
#12900=DIRECTION('',(0,0,1));
#12901=FACE_SURFACE('',(#12906),#12902,.T.);
#12902=PLANE('',#12903);
#12903=AXIS2_PLACEMENT_3D('',#74,#12904,#12905);
#12904=DIRECTION('',(0.608751770109835,0.7933607517316084,0));
#12905=DIRECTION('',(0,0,-1));
#12906=FACE_BOUND('',#12907,.T.);
#12907=EDGE_LOOP('',(#12908,#12909,#12910));
#12908=ORIENTED_EDGE('',*,*,#12911,.T.);
#12909=ORIENTED_EDGE('',*,*,#12912,.T.);
#12910=ORIENTED_EDGE('',*,*,#12913,.T.);
#12911=EDGE_CURVE('',#75,#645,#12914,.F.);
#12912=EDGE_CURVE('',#645,#71,#12915,.T.);
#12913=EDGE_CURVE('',#71,#75,#12916,.T.);
#12914=LINE('',#74,#12917);
#12915=LINE('',#644,#12918);
#12916=LINE('',#70,#12919);
#12917=VECTOR('',#12920,1.0);
#12918=VECTOR('',#12921,1.0);
#12919=VECTOR('',#12922,1.0);
#12920=DIRECTION('',(0,0,-1));
#12921=DIRECTION('',(-0.1524364587103536,0.11696566015732922,0.9813674950801085));
#12922=DIRECTION('',(0.7933607517316084,-0.608751770109835,0));
#12923=FACE_SURFACE('',(#12928),#12924,.T.);
#12924=PLANE('',#12925);
#12925=AXIS2_PLACEMENT_3D('',#70,#12926,#12927);
#12926=DIRECTION('',(0.608751770109835,0.7933607517316084,0));
#12927=DIRECTION('',(0.1524364587103536,-0.11696566015732922,-0.9813674950801085));
#12928=FACE_BOUND('',#12929,.T.);
#12929=EDGE_LOOP('',(#12930,#12931,#12932));
#12930=ORIENTED_EDGE('',*,*,#12933,.T.);
#12931=ORIENTED_EDGE('',*,*,#12934,.T.);
#12932=ORIENTED_EDGE('',*,*,#12935,.T.);
#12933=EDGE_CURVE('',#71,#645,#12936,.F.);
#12934=EDGE_CURVE('',#645,#649,#12937,.T.);
#12935=EDGE_CURVE('',#649,#71,#12938,.T.);
#12936=LINE('',#70,#12939);
#12937=LINE('',#644,#12940);
#12938=LINE('',#648,#12941);
#12939=VECTOR('',#12942,1.0);
#12940=VECTOR('',#12943,1.0);
#12941=VECTOR('',#12944,1.0);
#12942=DIRECTION('',(0.1524364587103536,-0.11696566015732922,-0.9813674950801085));
#12943=DIRECTION('',(-0.7933607517316084,0.608751770109835,0));
#12944=DIRECTION('',(0,0,1));
#12945=FACE_SURFACE('',(#12950),#12946,.T.);
#12946=PLANE('',#12947);
#12947=AXIS2_PLACEMENT_3D('',#70,#12948,#12949);
#12948=DIRECTION('',(0.7933560467907059,0.6087579018137039,0));
#12949=DIRECTION('',(0,0,-1));
#12950=FACE_BOUND('',#12951,.T.);
#12951=EDGE_LOOP('',(#12952,#12953,#12954));
#12952=ORIENTED_EDGE('',*,*,#12955,.T.);
#12953=ORIENTED_EDGE('',*,*,#12956,.T.);
#12954=ORIENTED_EDGE('',*,*,#12957,.T.);
#12955=EDGE_CURVE('',#71,#649,#12958,.F.);
#12956=EDGE_CURVE('',#649,#67,#12959,.T.);
#12957=EDGE_CURVE('',#67,#71,#12960,.T.);
#12958=LINE('',#70,#12961);
#12959=LINE('',#648,#12962);
#12960=LINE('',#66,#12963);
#12961=VECTOR('',#12964,1.0);
#12962=VECTOR('',#12965,1.0);
#12963=VECTOR('',#12966,1.0);
#12964=DIRECTION('',(0,0,-1));
#12965=DIRECTION('',(-0.11696750635850531,0.15243642533604243,0.9813672802203273));
#12966=DIRECTION('',(0.6087579018137039,-0.7933560467907059,0));
#12967=FACE_SURFACE('',(#12972),#12968,.T.);
#12968=PLANE('',#12969);
#12969=AXIS2_PLACEMENT_3D('',#66,#12970,#12971);
#12970=DIRECTION('',(0.7933560467907059,0.6087579018137039,0));
#12971=DIRECTION('',(0.11696750635850531,-0.15243642533604243,-0.9813672802203273));
#12972=FACE_BOUND('',#12973,.T.);
#12973=EDGE_LOOP('',(#12974,#12975,#12976));
#12974=ORIENTED_EDGE('',*,*,#12977,.T.);
#12975=ORIENTED_EDGE('',*,*,#12978,.T.);
#12976=ORIENTED_EDGE('',*,*,#12979,.T.);
#12977=EDGE_CURVE('',#67,#649,#12980,.F.);
#12978=EDGE_CURVE('',#649,#653,#12981,.T.);
#12979=EDGE_CURVE('',#653,#67,#12982,.T.);
#12980=LINE('',#66,#12983);
#12981=LINE('',#648,#12984);
#12982=LINE('',#652,#12985);
#12983=VECTOR('',#12986,1.0);
#12984=VECTOR('',#12987,1.0);
#12985=VECTOR('',#12988,1.0);
#12986=DIRECTION('',(0.11696750635850531,-0.15243642533604243,-0.9813672802203273));
#12987=DIRECTION('',(-0.6087579018137039,0.7933560467907059,0));
#12988=DIRECTION('',(0,0,1));
#12989=FACE_SURFACE('',(#12994),#12990,.T.);
#12990=PLANE('',#12991);
#12991=AXIS2_PLACEMENT_3D('',#66,#12992,#12993);
#12992=DIRECTION('',(0.9238807634942465,0.3826804604958137,0));
#12993=DIRECTION('',(0,0,-1));
#12994=FACE_BOUND('',#12995,.T.);
#12995=EDGE_LOOP('',(#12996,#12997,#12998));
#12996=ORIENTED_EDGE('',*,*,#12999,.T.);
#12997=ORIENTED_EDGE('',*,*,#13000,.T.);
#12998=ORIENTED_EDGE('',*,*,#13001,.T.);
#12999=EDGE_CURVE('',#67,#653,#13002,.F.);
#13000=EDGE_CURVE('',#653,#369,#13003,.T.);
#13001=EDGE_CURVE('',#369,#67,#13004,.T.);
#13002=LINE('',#66,#13005);
#13003=LINE('',#652,#13006);
#13004=LINE('',#368,#13007);
#13005=VECTOR('',#13008,1.0);
#13006=VECTOR('',#13009,1.0);
#13007=VECTOR('',#13010,1.0);
#13008=DIRECTION('',(0,0,-1));
#13009=DIRECTION('',(-0.07352843273371142,0.17751495460348904,0.9813674186928387));
#13010=DIRECTION('',(0.3826804604958137,-0.9238807634942465,0));
#13011=FACE_SURFACE('',(#13016),#13012,.T.);
#13012=PLANE('',#13013);
#13013=AXIS2_PLACEMENT_3D('',#368,#13014,#13015);
#13014=DIRECTION('',(0.9238807634942465,0.3826804604958137,0));
#13015=DIRECTION('',(0.07352843273371142,-0.17751495460348904,-0.9813674186928387));
#13016=FACE_BOUND('',#13017,.T.);
#13017=EDGE_LOOP('',(#13018,#13019,#13020));
#13018=ORIENTED_EDGE('',*,*,#13021,.T.);
#13019=ORIENTED_EDGE('',*,*,#13022,.T.);
#13020=ORIENTED_EDGE('',*,*,#13023,.T.);
#13021=EDGE_CURVE('',#369,#653,#13024,.F.);
#13022=EDGE_CURVE('',#653,#709,#13025,.T.);
#13023=EDGE_CURVE('',#709,#369,#13026,.T.);
#13024=LINE('',#368,#13027);
#13025=LINE('',#652,#13028);
#13026=LINE('',#708,#13029);
#13027=VECTOR('',#13030,1.0);
#13028=VECTOR('',#13031,1.0);
#13029=VECTOR('',#13032,1.0);
#13030=DIRECTION('',(0.07352843273371142,-0.17751495460348904,-0.9813674186928387));
#13031=DIRECTION('',(-0.3826804604958137,0.9238807634942465,0));
#13032=DIRECTION('',(0,0,1));
#13033=FACE_SURFACE('',(#13038),#13034,.T.);
#13034=PLANE('',#13035);
#13035=AXIS2_PLACEMENT_3D('',#368,#13036,#13037);
#13036=DIRECTION('',(0.9914442789083516,0.13053061640817715,0));
#13037=DIRECTION('',(0,0,-1));
#13038=FACE_BOUND('',#13039,.T.);
#13039=EDGE_LOOP('',(#13040,#13041,#13042));
#13040=ORIENTED_EDGE('',*,*,#13043,.T.);
#13041=ORIENTED_EDGE('',*,*,#13044,.T.);
#13042=ORIENTED_EDGE('',*,*,#13045,.T.);
#13043=EDGE_CURVE('',#369,#709,#13046,.F.);
#13044=EDGE_CURVE('',#709,#371,#13047,.T.);
#13045=EDGE_CURVE('',#371,#369,#13048,.T.);
#13046=LINE('',#368,#13049);
#13047=LINE('',#708,#13050);
#13048=LINE('',#370,#13051);
#13049=VECTOR('',#13052,1.0);
#13050=VECTOR('',#13053,1.0);
#13051=VECTOR('',#13054,1.0);
#13052=DIRECTION('',(0,0,-1));
#13053=DIRECTION('',(-0.025080373822842558,0.1904977837673209,0.981367193882415));
#13054=DIRECTION('',(0.13053061640817715,-0.9914442789083516,0));
#13055=FACE_SURFACE('',(#13060),#13056,.T.);
#13056=PLANE('',#13057);
#13057=AXIS2_PLACEMENT_3D('',#370,#13058,#13059);
#13058=DIRECTION('',(0.9914442789083516,0.13053061640817715,0));
#13059=DIRECTION('',(0.025080373822842558,-0.1904977837673209,-0.981367193882415));
#13060=FACE_BOUND('',#13061,.T.);
#13061=EDGE_LOOP('',(#13062,#13063,#13064));
#13062=ORIENTED_EDGE('',*,*,#13065,.T.);
#13063=ORIENTED_EDGE('',*,*,#13066,.T.);
#13064=ORIENTED_EDGE('',*,*,#13067,.T.);
#13065=EDGE_CURVE('',#371,#709,#13068,.F.);
#13066=EDGE_CURVE('',#709,#707,#13069,.T.);
#13067=EDGE_CURVE('',#707,#371,#13070,.T.);
#13068=LINE('',#370,#13071);
#13069=LINE('',#708,#13072);
#13070=LINE('',#706,#13073);
#13071=VECTOR('',#13074,1.0);
#13072=VECTOR('',#13075,1.0);
#13073=VECTOR('',#13076,1.0);
#13074=DIRECTION('',(0.025080373822842558,-0.1904977837673209,-0.981367193882415));
#13075=DIRECTION('',(-0.13053061640817715,0.9914442789083516,0));
#13076=DIRECTION('',(0,0,1));
#13077=FACE_SURFACE('',(#13082),#13078,.T.);
#13078=PLANE('',#13079);
#13079=AXIS2_PLACEMENT_3D('',#370,#13080,#13081);
#13080=DIRECTION('',(0.9914442789083516,-0.13053061640817715,0));
#13081=DIRECTION('',(0,0,-1));
#13082=FACE_BOUND('',#13083,.T.);
#13083=EDGE_LOOP('',(#13084,#13085,#13086));
#13084=ORIENTED_EDGE('',*,*,#13087,.T.);
#13085=ORIENTED_EDGE('',*,*,#13088,.T.);
#13086=ORIENTED_EDGE('',*,*,#13089,.T.);
#13087=EDGE_CURVE('',#371,#707,#13090,.F.);
#13088=EDGE_CURVE('',#707,#373,#13091,.T.);
#13089=EDGE_CURVE('',#373,#371,#13092,.T.);
#13090=LINE('',#370,#13093);
#13091=LINE('',#706,#13094);
#13092=LINE('',#372,#13095);
#13093=VECTOR('',#13096,1.0);
#13094=VECTOR('',#13097,1.0);
#13095=VECTOR('',#13098,1.0);
#13096=DIRECTION('',(0,0,-1));
#13097=DIRECTION('',(0.025080373822842558,0.1904977837673209,0.981367193882415));
#13098=DIRECTION('',(-0.13053061640817715,-0.9914442789083516,0));
#13099=FACE_SURFACE('',(#13104),#13100,.T.);
#13100=PLANE('',#13101);
#13101=AXIS2_PLACEMENT_3D('',#372,#13102,#13103);
#13102=DIRECTION('',(0.9914442789083516,-0.13053061640817715,0));
#13103=DIRECTION('',(-0.025080373822842558,-0.1904977837673209,-0.981367193882415));
#13104=FACE_BOUND('',#13105,.T.);
#13105=EDGE_LOOP('',(#13106,#13107,#13108));
#13106=ORIENTED_EDGE('',*,*,#13109,.T.);
#13107=ORIENTED_EDGE('',*,*,#13110,.T.);
#13108=ORIENTED_EDGE('',*,*,#13111,.T.);
#13109=EDGE_CURVE('',#373,#707,#13112,.F.);
#13110=EDGE_CURVE('',#707,#705,#13113,.T.);
#13111=EDGE_CURVE('',#705,#373,#13114,.T.);
#13112=LINE('',#372,#13115);
#13113=LINE('',#706,#13116);
#13114=LINE('',#704,#13117);
#13115=VECTOR('',#13118,1.0);
#13116=VECTOR('',#13119,1.0);
#13117=VECTOR('',#13120,1.0);
#13118=DIRECTION('',(-0.025080373822842558,-0.1904977837673209,-0.981367193882415));
#13119=DIRECTION('',(0.13053061640817715,0.9914442789083516,0));
#13120=DIRECTION('',(0,0,1));
#13121=FACE_SURFACE('',(#13126),#13122,.T.);
#13122=PLANE('',#13123);
#13123=AXIS2_PLACEMENT_3D('',#372,#13124,#13125);
#13124=DIRECTION('',(0.9238807634942465,-0.3826804604958137,0));
#13125=DIRECTION('',(0,0,-1));
#13126=FACE_BOUND('',#13127,.T.);
#13127=EDGE_LOOP('',(#13128,#13129,#13130));
#13128=ORIENTED_EDGE('',*,*,#13131,.T.);
#13129=ORIENTED_EDGE('',*,*,#13132,.T.);
#13130=ORIENTED_EDGE('',*,*,#13133,.T.);
#13131=EDGE_CURVE('',#373,#705,#13134,.F.);
#13132=EDGE_CURVE('',#705,#375,#13135,.T.);
#13133=EDGE_CURVE('',#375,#373,#13136,.T.);
#13134=LINE('',#372,#13137);
#13135=LINE('',#704,#13138);
#13136=LINE('',#374,#13139);
#13137=VECTOR('',#13140,1.0);
#13138=VECTOR('',#13141,1.0);
#13139=VECTOR('',#13142,1.0);
#13140=DIRECTION('',(0,0,-1));
#13141=DIRECTION('',(0.07352843273371142,0.17751495460348904,0.9813674186928387));
#13142=DIRECTION('',(-0.3826804604958137,-0.9238807634942465,0));
#13143=FACE_SURFACE('',(#13148),#13144,.T.);
#13144=PLANE('',#13145);
#13145=AXIS2_PLACEMENT_3D('',#374,#13146,#13147);
#13146=DIRECTION('',(0.9238807634942465,-0.3826804604958137,0));
#13147=DIRECTION('',(-0.07352843273371142,-0.17751495460348904,-0.9813674186928387));
#13148=FACE_BOUND('',#13149,.T.);
#13149=EDGE_LOOP('',(#13150,#13151,#13152));
#13150=ORIENTED_EDGE('',*,*,#13153,.T.);
#13151=ORIENTED_EDGE('',*,*,#13154,.T.);
#13152=ORIENTED_EDGE('',*,*,#13155,.T.);
#13153=EDGE_CURVE('',#375,#705,#13156,.F.);
#13154=EDGE_CURVE('',#705,#703,#13157,.T.);
#13155=EDGE_CURVE('',#703,#375,#13158,.T.);
#13156=LINE('',#374,#13159);
#13157=LINE('',#704,#13160);
#13158=LINE('',#702,#13161);
#13159=VECTOR('',#13162,1.0);
#13160=VECTOR('',#13163,1.0);
#13161=VECTOR('',#13164,1.0);
#13162=DIRECTION('',(-0.07352843273371142,-0.17751495460348904,-0.9813674186928387));
#13163=DIRECTION('',(0.3826804604958137,0.9238807634942465,0));
#13164=DIRECTION('',(0,0,1));
#13165=FACE_SURFACE('',(#13170),#13166,.T.);
#13166=PLANE('',#13167);
#13167=AXIS2_PLACEMENT_3D('',#374,#13168,#13169);
#13168=DIRECTION('',(0.7933560467907059,-0.6087579018137039,0));
#13169=DIRECTION('',(0,0,-1));
#13170=FACE_BOUND('',#13171,.T.);
#13171=EDGE_LOOP('',(#13172,#13173,#13174));
#13172=ORIENTED_EDGE('',*,*,#13175,.T.);
#13173=ORIENTED_EDGE('',*,*,#13176,.T.);
#13174=ORIENTED_EDGE('',*,*,#13177,.T.);
#13175=EDGE_CURVE('',#375,#703,#13178,.F.);
#13176=EDGE_CURVE('',#703,#305,#13179,.T.);
#13177=EDGE_CURVE('',#305,#375,#13180,.T.);
#13178=LINE('',#374,#13181);
#13179=LINE('',#702,#13182);
#13180=LINE('',#304,#13183);
#13181=VECTOR('',#13184,1.0);
#13182=VECTOR('',#13185,1.0);
#13183=VECTOR('',#13186,1.0);
#13184=DIRECTION('',(0,0,-1));
#13185=DIRECTION('',(0.11696750635850531,0.15243642533604243,0.9813672802203273));
#13186=DIRECTION('',(-0.6087579018137039,-0.7933560467907059,0));
#13187=FACE_SURFACE('',(#13192),#13188,.T.);
#13188=PLANE('',#13189);
#13189=AXIS2_PLACEMENT_3D('',#304,#13190,#13191);
#13190=DIRECTION('',(0.7933560467907059,-0.6087579018137039,0));
#13191=DIRECTION('',(-0.11696750635850531,-0.15243642533604243,-0.9813672802203273));
#13192=FACE_BOUND('',#13193,.T.);
#13193=EDGE_LOOP('',(#13194,#13195,#13196));
#13194=ORIENTED_EDGE('',*,*,#13197,.T.);
#13195=ORIENTED_EDGE('',*,*,#13198,.T.);
#13196=ORIENTED_EDGE('',*,*,#13199,.T.);
#13197=EDGE_CURVE('',#305,#703,#13200,.F.);
#13198=EDGE_CURVE('',#703,#701,#13201,.T.);
#13199=EDGE_CURVE('',#701,#305,#13202,.T.);
#13200=LINE('',#304,#13203);
#13201=LINE('',#702,#13204);
#13202=LINE('',#700,#13205);
#13203=VECTOR('',#13206,1.0);
#13204=VECTOR('',#13207,1.0);
#13205=VECTOR('',#13208,1.0);
#13206=DIRECTION('',(-0.11696750635850531,-0.15243642533604243,-0.9813672802203273));
#13207=DIRECTION('',(0.6087579018137039,0.7933560467907059,0));
#13208=DIRECTION('',(0,0,1));
#13209=FACE_SURFACE('',(#13214),#13210,.T.);
#13210=PLANE('',#13211);
#13211=AXIS2_PLACEMENT_3D('',#304,#13212,#13213);
#13212=DIRECTION('',(0.6087640334084832,-0.7933513418582181,0));
#13213=DIRECTION('',(0,0,-1));
#13214=FACE_BOUND('',#13215,.T.);
#13215=EDGE_LOOP('',(#13216,#13217,#13218));
#13216=ORIENTED_EDGE('',*,*,#13219,.T.);
#13217=ORIENTED_EDGE('',*,*,#13220,.T.);
#13218=ORIENTED_EDGE('',*,*,#13221,.T.);
#13219=EDGE_CURVE('',#305,#701,#13222,.F.);
#13220=EDGE_CURVE('',#701,#297,#13223,.T.);
#13221=EDGE_CURVE('',#297,#305,#13224,.T.);
#13222=LINE('',#304,#13225);
#13223=LINE('',#700,#13226);
#13224=LINE('',#296,#13227);
#13225=VECTOR('',#13228,1.0);
#13226=VECTOR('',#13229,1.0);
#13227=VECTOR('',#13230,1.0);
#13228=DIRECTION('',(0,0,-1));
#13229=DIRECTION('',(0.15243639196121905,0.11696935255846874,0.9813670653572486));
#13230=DIRECTION('',(-0.7933513418582181,-0.6087640334084832,0));
#13231=FACE_SURFACE('',(#13236),#13232,.T.);
#13232=PLANE('',#13233);
#13233=AXIS2_PLACEMENT_3D('',#296,#13234,#13235);
#13234=DIRECTION('',(0.6087640334084832,-0.7933513418582181,0));
#13235=DIRECTION('',(-0.15243639196121905,-0.11696935255846874,-0.9813670653572486));
#13236=FACE_BOUND('',#13237,.T.);
#13237=EDGE_LOOP('',(#13238,#13239,#13240));
#13238=ORIENTED_EDGE('',*,*,#13241,.T.);
#13239=ORIENTED_EDGE('',*,*,#13242,.T.);
#13240=ORIENTED_EDGE('',*,*,#13243,.T.);
#13241=EDGE_CURVE('',#297,#701,#13244,.F.);
#13242=EDGE_CURVE('',#701,#695,#13245,.T.);
#13243=EDGE_CURVE('',#695,#297,#13246,.T.);
#13244=LINE('',#296,#13247);
#13245=LINE('',#700,#13248);
#13246=LINE('',#694,#13249);
#13247=VECTOR('',#13250,1.0);
#13248=VECTOR('',#13251,1.0);
#13249=VECTOR('',#13252,1.0);
#13250=DIRECTION('',(-0.15243639196121905,-0.11696935255846874,-0.9813670653572486));
#13251=DIRECTION('',(0.7933513418582181,0.6087640334084832,0));
#13252=DIRECTION('',(0,0,1));
#13253=FACE_SURFACE('',(#13258),#13254,.T.);
#13254=PLANE('',#13255);
#13255=AXIS2_PLACEMENT_3D('',#296,#13256,#13257);
#13256=DIRECTION('',(0.3826804604958137,-0.9238807634942465,0));
#13257=DIRECTION('',(0,0,-1));
#13258=FACE_BOUND('',#13259,.T.);
#13259=EDGE_LOOP('',(#13260,#13261,#13262));
#13260=ORIENTED_EDGE('',*,*,#13263,.T.);
#13261=ORIENTED_EDGE('',*,*,#13264,.T.);
#13262=ORIENTED_EDGE('',*,*,#13265,.T.);
#13263=EDGE_CURVE('',#297,#695,#13266,.F.);
#13264=EDGE_CURVE('',#695,#293,#13267,.T.);
#13265=EDGE_CURVE('',#293,#297,#13268,.T.);
#13266=LINE('',#296,#13269);
#13267=LINE('',#694,#13270);
#13268=LINE('',#292,#13271);
#13269=VECTOR('',#13272,1.0);
#13270=VECTOR('',#13273,1.0);
#13271=VECTOR('',#13274,1.0);
#13272=DIRECTION('',(0,0,-1));
#13273=DIRECTION('',(0.17751495460348904,0.07352843273371142,0.9813674186928387));
#13274=DIRECTION('',(-0.9238807634942465,-0.3826804604958137,0));
#13275=FACE_SURFACE('',(#13280),#13276,.T.);
#13276=PLANE('',#13277);
#13277=AXIS2_PLACEMENT_3D('',#292,#13278,#13279);
#13278=DIRECTION('',(0.3826804604958137,-0.9238807634942465,0));
#13279=DIRECTION('',(-0.17751495460348904,-0.07352843273371142,-0.9813674186928387));
#13280=FACE_BOUND('',#13281,.T.);
#13281=EDGE_LOOP('',(#13282,#13283,#13284));
#13282=ORIENTED_EDGE('',*,*,#13285,.T.);
#13283=ORIENTED_EDGE('',*,*,#13286,.T.);
#13284=ORIENTED_EDGE('',*,*,#13287,.T.);
#13285=EDGE_CURVE('',#293,#695,#13288,.F.);
#13286=EDGE_CURVE('',#695,#689,#13289,.T.);
#13287=EDGE_CURVE('',#689,#293,#13290,.T.);
#13288=LINE('',#292,#13291);
#13289=LINE('',#694,#13292);
#13290=LINE('',#688,#13293);
#13291=VECTOR('',#13294,1.0);
#13292=VECTOR('',#13295,1.0);
#13293=VECTOR('',#13296,1.0);
#13294=DIRECTION('',(-0.17751495460348904,-0.07352843273371142,-0.9813674186928387));
#13295=DIRECTION('',(0.9238807634942465,0.3826804604958137,0));
#13296=DIRECTION('',(0,0,1));
#13297=FACE_SURFACE('',(#13302),#13298,.T.);
#13298=PLANE('',#13299);
#13299=AXIS2_PLACEMENT_3D('',#292,#13300,#13301);
#13300=DIRECTION('',(0.13052104055558156,-0.9914455395896884,0));
#13301=DIRECTION('',(0,0,-1));
#13302=FACE_BOUND('',#13303,.T.);
#13303=EDGE_LOOP('',(#13304,#13305,#13306));
#13304=ORIENTED_EDGE('',*,*,#13307,.T.);
#13305=ORIENTED_EDGE('',*,*,#13308,.T.);
#13306=ORIENTED_EDGE('',*,*,#13309,.T.);
#13307=EDGE_CURVE('',#293,#689,#13310,.F.);
#13308=EDGE_CURVE('',#689,#377,#13311,.T.);
#13309=EDGE_CURVE('',#377,#293,#13312,.T.);
#13310=LINE('',#292,#13313);
#13311=LINE('',#688,#13314);
#13312=LINE('',#376,#13315);
#13313=VECTOR('',#13316,1.0);
#13314=VECTOR('',#13317,1.0);
#13315=VECTOR('',#13318,1.0);
#13316=DIRECTION('',(0,0,-1));
#13317=DIRECTION('',(0.19049779271003559,0.02507850319075047,0.9813672399516481));
#13318=DIRECTION('',(-0.9914455395896884,-0.13052104055558156,0));
#13319=FACE_SURFACE('',(#13324),#13320,.T.);
#13320=PLANE('',#13321);
#13321=AXIS2_PLACEMENT_3D('',#376,#13322,#13323);
#13322=DIRECTION('',(0.13052104055558156,-0.9914455395896884,0));
#13323=DIRECTION('',(-0.19049779271003559,-0.02507850319075047,-0.9813672399516481));
#13324=FACE_BOUND('',#13325,.T.);
#13325=EDGE_LOOP('',(#13326,#13327,#13328));
#13326=ORIENTED_EDGE('',*,*,#13329,.T.);
#13327=ORIENTED_EDGE('',*,*,#13330,.T.);
#13328=ORIENTED_EDGE('',*,*,#13331,.T.);
#13329=EDGE_CURVE('',#377,#689,#13332,.F.);
#13330=EDGE_CURVE('',#689,#683,#13333,.T.);
#13331=EDGE_CURVE('',#683,#377,#13334,.T.);
#13332=LINE('',#376,#13335);
#13333=LINE('',#688,#13336);
#13334=LINE('',#682,#13337);
#13335=VECTOR('',#13338,1.0);
#13336=VECTOR('',#13339,1.0);
#13337=VECTOR('',#13340,1.0);
#13338=DIRECTION('',(-0.19049779271003559,-0.02507850319075047,-0.9813672399516481));
#13339=DIRECTION('',(0.9914455395896884,0.13052104055558156,0));
#13340=DIRECTION('',(0,0,1));
#13341=FACE_SURFACE('',(#13346),#13342,.T.);
#13342=PLANE('',#13343);
#13343=AXIS2_PLACEMENT_3D('',#376,#13344,#13345);
#13344=DIRECTION('',(-0.13052104055558156,-0.9914455395896884,-0));
#13345=DIRECTION('',(0,0,-1));
#13346=FACE_BOUND('',#13347,.T.);
#13347=EDGE_LOOP('',(#13348,#13349,#13350));
#13348=ORIENTED_EDGE('',*,*,#13351,.T.);
#13349=ORIENTED_EDGE('',*,*,#13352,.T.);
#13350=ORIENTED_EDGE('',*,*,#13353,.T.);
#13351=EDGE_CURVE('',#377,#683,#13354,.F.);
#13352=EDGE_CURVE('',#683,#383,#13355,.T.);
#13353=EDGE_CURVE('',#383,#377,#13356,.T.);
#13354=LINE('',#376,#13357);
#13355=LINE('',#682,#13358);
#13356=LINE('',#382,#13359);
#13357=VECTOR('',#13360,1.0);
#13358=VECTOR('',#13361,1.0);
#13359=VECTOR('',#13362,1.0);
#13360=DIRECTION('',(0,0,-1));
#13361=DIRECTION('',(0.19049779271003559,-0.02507850319075047,0.9813672399516481));
#13362=DIRECTION('',(-0.9914455395896884,0.13052104055558156,0));
#13363=FACE_SURFACE('',(#13368),#13364,.T.);
#13364=PLANE('',#13365);
#13365=AXIS2_PLACEMENT_3D('',#382,#13366,#13367);
#13366=DIRECTION('',(-0.13052104055558156,-0.9914455395896884,-0));
#13367=DIRECTION('',(-0.19049779271003559,0.02507850319075047,-0.9813672399516481));
#13368=FACE_BOUND('',#13369,.T.);
#13369=EDGE_LOOP('',(#13370,#13371,#13372));
#13370=ORIENTED_EDGE('',*,*,#13373,.T.);
#13371=ORIENTED_EDGE('',*,*,#13374,.T.);
#13372=ORIENTED_EDGE('',*,*,#13375,.T.);
#13373=EDGE_CURVE('',#383,#683,#13376,.F.);
#13374=EDGE_CURVE('',#683,#679,#13377,.T.);
#13375=EDGE_CURVE('',#679,#383,#13378,.T.);
#13376=LINE('',#382,#13379);
#13377=LINE('',#682,#13380);
#13378=LINE('',#678,#13381);
#13379=VECTOR('',#13382,1.0);
#13380=VECTOR('',#13383,1.0);
#13381=VECTOR('',#13384,1.0);
#13382=DIRECTION('',(-0.19049779271003559,0.02507850319075047,-0.9813672399516481));
#13383=DIRECTION('',(0.9914455395896884,-0.13052104055558156,0));
#13384=DIRECTION('',(0,0,1));
#13385=FACE_SURFACE('',(#13390),#13386,.T.);
#13386=PLANE('',#13387);
#13387=AXIS2_PLACEMENT_3D('',#382,#13388,#13389);
#13388=DIRECTION('',(-0.3826804604958137,-0.9238807634942465,-0));
#13389=DIRECTION('',(0,0,-1));
#13390=FACE_BOUND('',#13391,.T.);
#13391=EDGE_LOOP('',(#13392,#13393,#13394));
#13392=ORIENTED_EDGE('',*,*,#13395,.T.);
#13393=ORIENTED_EDGE('',*,*,#13396,.T.);
#13394=ORIENTED_EDGE('',*,*,#13397,.T.);
#13395=EDGE_CURVE('',#383,#679,#13398,.F.);
#13396=EDGE_CURVE('',#679,#387,#13399,.T.);
#13397=EDGE_CURVE('',#387,#383,#13400,.T.);
#13398=LINE('',#382,#13401);
#13399=LINE('',#678,#13402);
#13400=LINE('',#386,#13403);
#13401=VECTOR('',#13404,1.0);
#13402=VECTOR('',#13405,1.0);
#13403=VECTOR('',#13406,1.0);
#13404=DIRECTION('',(0,0,-1));
#13405=DIRECTION('',(0.17751495460348904,-0.07352843273371142,0.9813674186928387));
#13406=DIRECTION('',(-0.9238807634942465,0.3826804604958137,0));
#13407=FACE_SURFACE('',(#13412),#13408,.T.);
#13408=PLANE('',#13409);
#13409=AXIS2_PLACEMENT_3D('',#386,#13410,#13411);
#13410=DIRECTION('',(-0.3826804604958137,-0.9238807634942465,-0));
#13411=DIRECTION('',(-0.17751495460348904,0.07352843273371142,-0.9813674186928387));
#13412=FACE_BOUND('',#13413,.T.);
#13413=EDGE_LOOP('',(#13414,#13415,#13416));
#13414=ORIENTED_EDGE('',*,*,#13417,.T.);
#13415=ORIENTED_EDGE('',*,*,#13418,.T.);
#13416=ORIENTED_EDGE('',*,*,#13419,.T.);
#13417=EDGE_CURVE('',#387,#679,#13420,.F.);
#13418=EDGE_CURVE('',#679,#675,#13421,.T.);
#13419=EDGE_CURVE('',#675,#387,#13422,.T.);
#13420=LINE('',#386,#13423);
#13421=LINE('',#678,#13424);
#13422=LINE('',#674,#13425);
#13423=VECTOR('',#13426,1.0);
#13424=VECTOR('',#13427,1.0);
#13425=VECTOR('',#13428,1.0);
#13426=DIRECTION('',(-0.17751495460348904,0.07352843273371142,-0.9813674186928387));
#13427=DIRECTION('',(0.9238807634942465,-0.3826804604958137,0));
#13428=DIRECTION('',(0,0,1));
#13429=FACE_SURFACE('',(#13434),#13430,.T.);
#13430=PLANE('',#13431);
#13431=AXIS2_PLACEMENT_3D('',#386,#13432,#13433);
#13432=DIRECTION('',(-0.6087640334084832,-0.7933513418582181,-0));
#13433=DIRECTION('',(0,0,-1));
#13434=FACE_BOUND('',#13435,.T.);
#13435=EDGE_LOOP('',(#13436,#13437,#13438));
#13436=ORIENTED_EDGE('',*,*,#13439,.T.);
#13437=ORIENTED_EDGE('',*,*,#13440,.T.);
#13438=ORIENTED_EDGE('',*,*,#13441,.T.);
#13439=EDGE_CURVE('',#387,#675,#13442,.F.);
#13440=EDGE_CURVE('',#675,#391,#13443,.T.);
#13441=EDGE_CURVE('',#391,#387,#13444,.T.);
#13442=LINE('',#386,#13445);
#13443=LINE('',#674,#13446);
#13444=LINE('',#390,#13447);
#13445=VECTOR('',#13448,1.0);
#13446=VECTOR('',#13449,1.0);
#13447=VECTOR('',#13450,1.0);
#13448=DIRECTION('',(0,0,-1));
#13449=DIRECTION('',(0.15243639196121905,-0.11696935255846874,0.9813670653572486));
#13450=DIRECTION('',(-0.7933513418582181,0.6087640334084832,0));
#13451=FACE_SURFACE('',(#13456),#13452,.T.);
#13452=PLANE('',#13453);
#13453=AXIS2_PLACEMENT_3D('',#390,#13454,#13455);
#13454=DIRECTION('',(-0.6087640334084832,-0.7933513418582181,-0));
#13455=DIRECTION('',(-0.15243639196121905,0.11696935255846874,-0.9813670653572486));
#13456=FACE_BOUND('',#13457,.T.);
#13457=EDGE_LOOP('',(#13458,#13459,#13460));
#13458=ORIENTED_EDGE('',*,*,#13461,.T.);
#13459=ORIENTED_EDGE('',*,*,#13462,.T.);
#13460=ORIENTED_EDGE('',*,*,#13463,.T.);
#13461=EDGE_CURVE('',#391,#675,#13464,.F.);
#13462=EDGE_CURVE('',#675,#671,#13465,.T.);
#13463=EDGE_CURVE('',#671,#391,#13466,.T.);
#13464=LINE('',#390,#13467);
#13465=LINE('',#674,#13468);
#13466=LINE('',#670,#13469);
#13467=VECTOR('',#13470,1.0);
#13468=VECTOR('',#13471,1.0);
#13469=VECTOR('',#13472,1.0);
#13470=DIRECTION('',(-0.15243639196121905,0.11696935255846874,-0.9813670653572486));
#13471=DIRECTION('',(0.7933513418582181,-0.6087640334084832,0));
#13472=DIRECTION('',(0,0,1));
#13473=FACE_SURFACE('',(#13478),#13474,.T.);
#13474=PLANE('',#13475);
#13475=AXIS2_PLACEMENT_3D('',#390,#13476,#13477);
#13476=DIRECTION('',(-0.7933560467907059,-0.6087579018137039,-0));
#13477=DIRECTION('',(0,0,-1));
#13478=FACE_BOUND('',#13479,.T.);
#13479=EDGE_LOOP('',(#13480,#13481,#13482));
#13480=ORIENTED_EDGE('',*,*,#13483,.T.);
#13481=ORIENTED_EDGE('',*,*,#13484,.T.);
#13482=ORIENTED_EDGE('',*,*,#13485,.T.);
#13483=EDGE_CURVE('',#391,#671,#13486,.F.);
#13484=EDGE_CURVE('',#671,#395,#13487,.T.);
#13485=EDGE_CURVE('',#395,#391,#13488,.T.);
#13486=LINE('',#390,#13489);
#13487=LINE('',#670,#13490);
#13488=LINE('',#394,#13491);
#13489=VECTOR('',#13492,1.0);
#13490=VECTOR('',#13493,1.0);
#13491=VECTOR('',#13494,1.0);
#13492=DIRECTION('',(0,0,-1));
#13493=DIRECTION('',(0.11696750635850531,-0.15243642533604243,0.9813672802203273));
#13494=DIRECTION('',(-0.6087579018137039,0.7933560467907059,0));
#13495=FACE_SURFACE('',(#13500),#13496,.T.);
#13496=PLANE('',#13497);
#13497=AXIS2_PLACEMENT_3D('',#394,#13498,#13499);
#13498=DIRECTION('',(-0.7933560467907059,-0.6087579018137039,-0));
#13499=DIRECTION('',(-0.11696750635850531,0.15243642533604243,-0.9813672802203273));
#13500=FACE_BOUND('',#13501,.T.);
#13501=EDGE_LOOP('',(#13502,#13503,#13504));
#13502=ORIENTED_EDGE('',*,*,#13505,.T.);
#13503=ORIENTED_EDGE('',*,*,#13506,.T.);
#13504=ORIENTED_EDGE('',*,*,#13507,.T.);
#13505=EDGE_CURVE('',#395,#671,#13508,.F.);
#13506=EDGE_CURVE('',#671,#667,#13509,.T.);
#13507=EDGE_CURVE('',#667,#395,#13510,.T.);
#13508=LINE('',#394,#13511);
#13509=LINE('',#670,#13512);
#13510=LINE('',#666,#13513);
#13511=VECTOR('',#13514,1.0);
#13512=VECTOR('',#13515,1.0);
#13513=VECTOR('',#13516,1.0);
#13514=DIRECTION('',(-0.11696750635850531,0.15243642533604243,-0.9813672802203273));
#13515=DIRECTION('',(0.6087579018137039,-0.7933560467907059,0));
#13516=DIRECTION('',(0,0,1));
#13517=FACE_SURFACE('',(#13522),#13518,.T.);
#13518=PLANE('',#13519);
#13519=AXIS2_PLACEMENT_3D('',#394,#13520,#13521);
#13520=DIRECTION('',(-0.9238773192177482,-0.3826887756846641,-0));
#13521=DIRECTION('',(0,0,-1));
#13522=FACE_BOUND('',#13523,.T.);
#13523=EDGE_LOOP('',(#13524,#13525,#13526));
#13524=ORIENTED_EDGE('',*,*,#13527,.T.);
#13525=ORIENTED_EDGE('',*,*,#13528,.T.);
#13526=ORIENTED_EDGE('',*,*,#13529,.T.);
#13527=EDGE_CURVE('',#395,#667,#13530,.F.);
#13528=EDGE_CURVE('',#667,#399,#13531,.T.);
#13529=EDGE_CURVE('',#399,#395,#13532,.T.);
#13530=LINE('',#394,#13533);
#13531=LINE('',#666,#13534);
#13532=LINE('',#398,#13535);
#13533=VECTOR('',#13536,1.0);
#13534=VECTOR('',#13537,1.0);
#13535=VECTOR('',#13538,1.0);
#13536=DIRECTION('',(0,0,-1));
#13537=DIRECTION('',(0.07353029442332193,-0.17751493017157954,0.9813672836243313));
#13538=DIRECTION('',(-0.3826887756846641,0.9238773192177482,0));
#13539=FACE_SURFACE('',(#13544),#13540,.T.);
#13540=PLANE('',#13541);
#13541=AXIS2_PLACEMENT_3D('',#398,#13542,#13543);
#13542=DIRECTION('',(-0.9238773192177482,-0.3826887756846641,-0));
#13543=DIRECTION('',(-0.07353029442332193,0.17751493017157954,-0.9813672836243313));
#13544=FACE_BOUND('',#13545,.T.);
#13545=EDGE_LOOP('',(#13546,#13547,#13548));
#13546=ORIENTED_EDGE('',*,*,#13549,.T.);
#13547=ORIENTED_EDGE('',*,*,#13550,.T.);
#13548=ORIENTED_EDGE('',*,*,#13551,.T.);
#13549=EDGE_CURVE('',#399,#667,#13552,.F.);
#13550=EDGE_CURVE('',#667,#657,#13553,.T.);
#13551=EDGE_CURVE('',#657,#399,#13554,.T.);
#13552=LINE('',#398,#13555);
#13553=LINE('',#666,#13556);
#13554=LINE('',#656,#13557);
#13555=VECTOR('',#13558,1.0);
#13556=VECTOR('',#13559,1.0);
#13557=VECTOR('',#13560,1.0);
#13558=DIRECTION('',(-0.07353029442332193,0.17751493017157954,-0.9813672836243313));
#13559=DIRECTION('',(0.3826887756846641,-0.9238773192177482,0));
#13560=DIRECTION('',(0,0,1));
#13561=FACE_SURFACE('',(#13566),#13562,.T.);
#13562=PLANE('',#13563);
#13563=AXIS2_PLACEMENT_3D('',#354,#13564,#13565);
#13564=DIRECTION('',(-0.9914455395896884,-0.13052104055558156,-0));
#13565=DIRECTION('',(0,0,-1));
#13566=FACE_BOUND('',#13567,.T.);
#13567=EDGE_LOOP('',(#13568,#13569,#13570));
#13568=ORIENTED_EDGE('',*,*,#13571,.T.);
#13569=ORIENTED_EDGE('',*,*,#13572,.T.);
#13570=ORIENTED_EDGE('',*,*,#13573,.T.);
#13571=EDGE_CURVE('',#355,#711,#13574,.F.);
#13572=EDGE_CURVE('',#711,#353,#13575,.T.);
#13573=EDGE_CURVE('',#353,#355,#13576,.T.);
#13574=LINE('',#354,#13577);
#13575=LINE('',#710,#13578);
#13576=LINE('',#352,#13579);
#13577=VECTOR('',#13580,1.0);
#13578=VECTOR('',#13581,1.0);
#13579=VECTOR('',#13582,1.0);
#13580=DIRECTION('',(0,0,-1));
#13581=DIRECTION('',(0.02507850319075047,-0.19049779271003559,0.9813672399516481));
#13582=DIRECTION('',(-0.13052104055558156,0.9914455395896884,0));
#13583=FACE_SURFACE('',(#13588),#13584,.T.);
#13584=PLANE('',#13585);
#13585=AXIS2_PLACEMENT_3D('',#352,#13586,#13587);
#13586=DIRECTION('',(-0.9914455395896884,-0.13052104055558156,-0));
#13587=DIRECTION('',(-0.02507850319075047,0.19049779271003559,-0.9813672399516481));
#13588=FACE_BOUND('',#13589,.T.);
#13589=EDGE_LOOP('',(#13590,#13591,#13592));
#13590=ORIENTED_EDGE('',*,*,#13593,.T.);
#13591=ORIENTED_EDGE('',*,*,#13594,.T.);
#13592=ORIENTED_EDGE('',*,*,#13595,.T.);
#13593=EDGE_CURVE('',#353,#711,#13596,.F.);
#13594=EDGE_CURVE('',#711,#659,#13597,.T.);
#13595=EDGE_CURVE('',#659,#353,#13598,.T.);
#13596=LINE('',#352,#13599);
#13597=LINE('',#710,#13600);
#13598=LINE('',#658,#13601);
#13599=VECTOR('',#13602,1.0);
#13600=VECTOR('',#13603,1.0);
#13601=VECTOR('',#13604,1.0);
#13602=DIRECTION('',(-0.02507850319075047,0.19049779271003559,-0.9813672399516481));
#13603=DIRECTION('',(0.13052104055558156,-0.9914455395896884,0));
#13604=DIRECTION('',(0,0,1));
#13605=FACE_SURFACE('',(#13610),#13606,.T.);
#13606=PLANE('',#13607);
#13607=AXIS2_PLACEMENT_3D('',#352,#13608,#13609);
#13608=DIRECTION('',(-0.9914455395896884,0.13052104055558156,0));
#13609=DIRECTION('',(0,0,-1));
#13610=FACE_BOUND('',#13611,.T.);
#13611=EDGE_LOOP('',(#13612,#13613,#13614));
#13612=ORIENTED_EDGE('',*,*,#13615,.T.);
#13613=ORIENTED_EDGE('',*,*,#13616,.T.);
#13614=ORIENTED_EDGE('',*,*,#13617,.T.);
#13615=EDGE_CURVE('',#353,#659,#13618,.F.);
#13616=EDGE_CURVE('',#659,#397,#13619,.T.);
#13617=EDGE_CURVE('',#397,#353,#13620,.T.);
#13618=LINE('',#352,#13621);
#13619=LINE('',#658,#13622);
#13620=LINE('',#396,#13623);
#13621=VECTOR('',#13624,1.0);
#13622=VECTOR('',#13625,1.0);
#13623=VECTOR('',#13626,1.0);
#13624=DIRECTION('',(0,0,-1));
#13625=DIRECTION('',(-0.02507850319075047,-0.19049779271003559,0.9813672399516481));
#13626=DIRECTION('',(0.13052104055558156,0.9914455395896884,0));
#13627=FACE_SURFACE('',(#13632),#13628,.T.);
#13628=PLANE('',#13629);
#13629=AXIS2_PLACEMENT_3D('',#396,#13630,#13631);
#13630=DIRECTION('',(-0.9914455395896884,0.13052104055558156,0));
#13631=DIRECTION('',(0.02507850319075047,0.19049779271003559,-0.9813672399516481));
#13632=FACE_BOUND('',#13633,.T.);
#13633=EDGE_LOOP('',(#13634,#13635,#13636));
#13634=ORIENTED_EDGE('',*,*,#13637,.T.);
#13635=ORIENTED_EDGE('',*,*,#13638,.T.);
#13636=ORIENTED_EDGE('',*,*,#13639,.T.);
#13637=EDGE_CURVE('',#397,#659,#13640,.F.);
#13638=EDGE_CURVE('',#659,#665,#13641,.T.);
#13639=EDGE_CURVE('',#665,#397,#13642,.T.);
#13640=LINE('',#396,#13643);
#13641=LINE('',#658,#13644);
#13642=LINE('',#664,#13645);
#13643=VECTOR('',#13646,1.0);
#13644=VECTOR('',#13647,1.0);
#13645=VECTOR('',#13648,1.0);
#13646=DIRECTION('',(0.02507850319075047,0.19049779271003559,-0.9813672399516481));
#13647=DIRECTION('',(-0.13052104055558156,-0.9914455395896884,0));
#13648=DIRECTION('',(0,0,1));
#13649=FACE_SURFACE('',(#13654),#13650,.T.);
#13650=PLANE('',#13651);
#13651=AXIS2_PLACEMENT_3D('',#396,#13652,#13653);
#13652=DIRECTION('',(-0.9238773192177482,0.3826887756846641,0));
#13653=DIRECTION('',(0,0,-1));
#13654=FACE_BOUND('',#13655,.T.);
#13655=EDGE_LOOP('',(#13656,#13657,#13658));
#13656=ORIENTED_EDGE('',*,*,#13659,.T.);
#13657=ORIENTED_EDGE('',*,*,#13660,.T.);
#13658=ORIENTED_EDGE('',*,*,#13661,.T.);
#13659=EDGE_CURVE('',#397,#665,#13662,.F.);
#13660=EDGE_CURVE('',#665,#393,#13663,.T.);
#13661=EDGE_CURVE('',#393,#397,#13664,.T.);
#13662=LINE('',#396,#13665);
#13663=LINE('',#664,#13666);
#13664=LINE('',#392,#13667);
#13665=VECTOR('',#13668,1.0);
#13666=VECTOR('',#13669,1.0);
#13667=VECTOR('',#13670,1.0);
#13668=DIRECTION('',(0,0,-1));
#13669=DIRECTION('',(-0.07353029442332193,-0.17751493017157954,0.9813672836243313));
#13670=DIRECTION('',(0.3826887756846641,0.9238773192177482,0));
#13671=FACE_SURFACE('',(#13676),#13672,.T.);
#13672=PLANE('',#13673);
#13673=AXIS2_PLACEMENT_3D('',#392,#13674,#13675);
#13674=DIRECTION('',(-0.9238773192177482,0.3826887756846641,0));
#13675=DIRECTION('',(0.07353029442332193,0.17751493017157954,-0.9813672836243313));
#13676=FACE_BOUND('',#13677,.T.);
#13677=EDGE_LOOP('',(#13678,#13679,#13680));
#13678=ORIENTED_EDGE('',*,*,#13681,.T.);
#13679=ORIENTED_EDGE('',*,*,#13682,.T.);
#13680=ORIENTED_EDGE('',*,*,#13683,.T.);
#13681=EDGE_CURVE('',#393,#665,#13684,.F.);
#13682=EDGE_CURVE('',#665,#669,#13685,.T.);
#13683=EDGE_CURVE('',#669,#393,#13686,.T.);
#13684=LINE('',#392,#13687);
#13685=LINE('',#664,#13688);
#13686=LINE('',#668,#13689);
#13687=VECTOR('',#13690,1.0);
#13688=VECTOR('',#13691,1.0);
#13689=VECTOR('',#13692,1.0);
#13690=DIRECTION('',(0.07353029442332193,0.17751493017157954,-0.9813672836243313));
#13691=DIRECTION('',(-0.3826887756846641,-0.9238773192177482,0));
#13692=DIRECTION('',(0,0,1));
#13693=FACE_SURFACE('',(#13698),#13694,.T.);
#13694=PLANE('',#13695);
#13695=AXIS2_PLACEMENT_3D('',#392,#13696,#13697);
#13696=DIRECTION('',(-0.7933560467907059,0.6087579018137039,0));
#13697=DIRECTION('',(0,0,-1));
#13698=FACE_BOUND('',#13699,.T.);
#13699=EDGE_LOOP('',(#13700,#13701,#13702));
#13700=ORIENTED_EDGE('',*,*,#13703,.T.);
#13701=ORIENTED_EDGE('',*,*,#13704,.T.);
#13702=ORIENTED_EDGE('',*,*,#13705,.T.);
#13703=EDGE_CURVE('',#393,#669,#13706,.F.);
#13704=EDGE_CURVE('',#669,#389,#13707,.T.);
#13705=EDGE_CURVE('',#389,#393,#13708,.T.);
#13706=LINE('',#392,#13709);
#13707=LINE('',#668,#13710);
#13708=LINE('',#388,#13711);
#13709=VECTOR('',#13712,1.0);
#13710=VECTOR('',#13713,1.0);
#13711=VECTOR('',#13714,1.0);
#13712=DIRECTION('',(0,0,-1));
#13713=DIRECTION('',(-0.11696750635850531,-0.15243642533604243,0.9813672802203273));
#13714=DIRECTION('',(0.6087579018137039,0.7933560467907059,0));
#13715=FACE_SURFACE('',(#13720),#13716,.T.);
#13716=PLANE('',#13717);
#13717=AXIS2_PLACEMENT_3D('',#388,#13718,#13719);
#13718=DIRECTION('',(-0.7933560467907059,0.6087579018137039,0));
#13719=DIRECTION('',(0.11696750635850531,0.15243642533604243,-0.9813672802203273));
#13720=FACE_BOUND('',#13721,.T.);
#13721=EDGE_LOOP('',(#13722,#13723,#13724));
#13722=ORIENTED_EDGE('',*,*,#13725,.T.);
#13723=ORIENTED_EDGE('',*,*,#13726,.T.);
#13724=ORIENTED_EDGE('',*,*,#13727,.T.);
#13725=EDGE_CURVE('',#389,#669,#13728,.F.);
#13726=EDGE_CURVE('',#669,#673,#13729,.T.);
#13727=EDGE_CURVE('',#673,#389,#13730,.T.);
#13728=LINE('',#388,#13731);
#13729=LINE('',#668,#13732);
#13730=LINE('',#672,#13733);
#13731=VECTOR('',#13734,1.0);
#13732=VECTOR('',#13735,1.0);
#13733=VECTOR('',#13736,1.0);
#13734=DIRECTION('',(0.11696750635850531,0.15243642533604243,-0.9813672802203273));
#13735=DIRECTION('',(-0.6087579018137039,-0.7933560467907059,0));
#13736=DIRECTION('',(0,0,1));
#13737=FACE_SURFACE('',(#13742),#13738,.T.);
#13738=PLANE('',#13739);
#13739=AXIS2_PLACEMENT_3D('',#388,#13740,#13741);
#13740=DIRECTION('',(-0.6087579018137039,0.7933560467907059,0));
#13741=DIRECTION('',(0,0,-1));
#13742=FACE_BOUND('',#13743,.T.);
#13743=EDGE_LOOP('',(#13744,#13745,#13746));
#13744=ORIENTED_EDGE('',*,*,#13747,.T.);
#13745=ORIENTED_EDGE('',*,*,#13748,.T.);
#13746=ORIENTED_EDGE('',*,*,#13749,.T.);
#13747=EDGE_CURVE('',#389,#673,#13750,.F.);
#13748=EDGE_CURVE('',#673,#385,#13751,.T.);
#13749=EDGE_CURVE('',#385,#389,#13752,.T.);
#13750=LINE('',#388,#13753);
#13751=LINE('',#672,#13754);
#13752=LINE('',#384,#13755);
#13753=VECTOR('',#13756,1.0);
#13754=VECTOR('',#13757,1.0);
#13755=VECTOR('',#13758,1.0);
#13756=DIRECTION('',(0,0,-1));
#13757=DIRECTION('',(-0.15243642533604243,-0.11696750635850531,0.9813672802203273));
#13758=DIRECTION('',(0.7933560467907059,0.6087579018137039,0));
#13759=FACE_SURFACE('',(#13764),#13760,.T.);
#13760=PLANE('',#13761);
#13761=AXIS2_PLACEMENT_3D('',#384,#13762,#13763);
#13762=DIRECTION('',(-0.6087579018137039,0.7933560467907059,0));
#13763=DIRECTION('',(0.15243642533604243,0.11696750635850531,-0.9813672802203273));
#13764=FACE_BOUND('',#13765,.T.);
#13765=EDGE_LOOP('',(#13766,#13767,#13768));
#13766=ORIENTED_EDGE('',*,*,#13769,.T.);
#13767=ORIENTED_EDGE('',*,*,#13770,.T.);
#13768=ORIENTED_EDGE('',*,*,#13771,.T.);
#13769=EDGE_CURVE('',#385,#673,#13772,.F.);
#13770=EDGE_CURVE('',#673,#677,#13773,.T.);
#13771=EDGE_CURVE('',#677,#385,#13774,.T.);
#13772=LINE('',#384,#13775);
#13773=LINE('',#672,#13776);
#13774=LINE('',#676,#13777);
#13775=VECTOR('',#13778,1.0);
#13776=VECTOR('',#13779,1.0);
#13777=VECTOR('',#13780,1.0);
#13778=DIRECTION('',(0.15243642533604243,0.11696750635850531,-0.9813672802203273));
#13779=DIRECTION('',(-0.7933560467907059,-0.6087579018137039,0));
#13780=DIRECTION('',(0,0,1));
#13781=FACE_SURFACE('',(#13786),#13782,.T.);
#13782=PLANE('',#13783);
#13783=AXIS2_PLACEMENT_3D('',#384,#13784,#13785);
#13784=DIRECTION('',(-0.3826804604958137,0.9238807634942465,0));
#13785=DIRECTION('',(0,0,-1));
#13786=FACE_BOUND('',#13787,.T.);
#13787=EDGE_LOOP('',(#13788,#13789,#13790));
#13788=ORIENTED_EDGE('',*,*,#13791,.T.);
#13789=ORIENTED_EDGE('',*,*,#13792,.T.);
#13790=ORIENTED_EDGE('',*,*,#13793,.T.);
#13791=EDGE_CURVE('',#385,#677,#13794,.F.);
#13792=EDGE_CURVE('',#677,#381,#13795,.T.);
#13793=EDGE_CURVE('',#381,#385,#13796,.T.);
#13794=LINE('',#384,#13797);
#13795=LINE('',#676,#13798);
#13796=LINE('',#380,#13799);
#13797=VECTOR('',#13800,1.0);
#13798=VECTOR('',#13801,1.0);
#13799=VECTOR('',#13802,1.0);
#13800=DIRECTION('',(0,0,-1));
#13801=DIRECTION('',(-0.17751495460348904,-0.07352843273371142,0.9813674186928387));
#13802=DIRECTION('',(0.9238807634942465,0.3826804604958137,0));
#13803=FACE_SURFACE('',(#13808),#13804,.T.);
#13804=PLANE('',#13805);
#13805=AXIS2_PLACEMENT_3D('',#380,#13806,#13807);
#13806=DIRECTION('',(-0.3826804604958137,0.9238807634942465,0));
#13807=DIRECTION('',(0.17751495460348904,0.07352843273371142,-0.9813674186928387));
#13808=FACE_BOUND('',#13809,.T.);
#13809=EDGE_LOOP('',(#13810,#13811,#13812));
#13810=ORIENTED_EDGE('',*,*,#13813,.T.);
#13811=ORIENTED_EDGE('',*,*,#13814,.T.);
#13812=ORIENTED_EDGE('',*,*,#13815,.T.);
#13813=EDGE_CURVE('',#381,#677,#13816,.F.);
#13814=EDGE_CURVE('',#677,#681,#13817,.T.);
#13815=EDGE_CURVE('',#681,#381,#13818,.T.);
#13816=LINE('',#380,#13819);
#13817=LINE('',#676,#13820);
#13818=LINE('',#680,#13821);
#13819=VECTOR('',#13822,1.0);
#13820=VECTOR('',#13823,1.0);
#13821=VECTOR('',#13824,1.0);
#13822=DIRECTION('',(0.17751495460348904,0.07352843273371142,-0.9813674186928387));
#13823=DIRECTION('',(-0.9238807634942465,-0.3826804604958137,0));
#13824=DIRECTION('',(0,0,1));
#13825=FACE_SURFACE('',(#13830),#13826,.T.);
#13826=PLANE('',#13827);
#13827=AXIS2_PLACEMENT_3D('',#380,#13828,#13829);
#13828=DIRECTION('',(-0.13053061640817715,0.9914442789083516,0));
#13829=DIRECTION('',(0,0,-1));
#13830=FACE_BOUND('',#13831,.T.);
#13831=EDGE_LOOP('',(#13832,#13833,#13834));
#13832=ORIENTED_EDGE('',*,*,#13835,.T.);
#13833=ORIENTED_EDGE('',*,*,#13836,.T.);
#13834=ORIENTED_EDGE('',*,*,#13837,.T.);
#13835=EDGE_CURVE('',#381,#681,#13838,.F.);
#13836=EDGE_CURVE('',#681,#379,#13839,.T.);
#13837=EDGE_CURVE('',#379,#381,#13840,.T.);
#13838=LINE('',#380,#13841);
#13839=LINE('',#680,#13842);
#13840=LINE('',#378,#13843);
#13841=VECTOR('',#13844,1.0);
#13842=VECTOR('',#13845,1.0);
#13843=VECTOR('',#13846,1.0);
#13844=DIRECTION('',(0,0,-1));
#13845=DIRECTION('',(-0.1904977837673209,-0.025080373822842558,0.981367193882415));
#13846=DIRECTION('',(0.9914442789083516,0.13053061640817715,0));
#13847=FACE_SURFACE('',(#13852),#13848,.T.);
#13848=PLANE('',#13849);
#13849=AXIS2_PLACEMENT_3D('',#378,#13850,#13851);
#13850=DIRECTION('',(-0.13053061640817715,0.9914442789083516,0));
#13851=DIRECTION('',(0.1904977837673209,0.025080373822842558,-0.981367193882415));
#13852=FACE_BOUND('',#13853,.T.);
#13853=EDGE_LOOP('',(#13854,#13855,#13856));
#13854=ORIENTED_EDGE('',*,*,#13857,.T.);
#13855=ORIENTED_EDGE('',*,*,#13858,.T.);
#13856=ORIENTED_EDGE('',*,*,#13859,.T.);
#13857=EDGE_CURVE('',#379,#681,#13860,.F.);
#13858=EDGE_CURVE('',#681,#685,#13861,.T.);
#13859=EDGE_CURVE('',#685,#379,#13862,.T.);
#13860=LINE('',#378,#13863);
#13861=LINE('',#680,#13864);
#13862=LINE('',#684,#13865);
#13863=VECTOR('',#13866,1.0);
#13864=VECTOR('',#13867,1.0);
#13865=VECTOR('',#13868,1.0);
#13866=DIRECTION('',(0.1904977837673209,0.025080373822842558,-0.981367193882415));
#13867=DIRECTION('',(-0.9914442789083516,-0.13053061640817715,0));
#13868=DIRECTION('',(0,0,1));
#13869=FACE_SURFACE('',(#13874),#13870,.T.);
#13870=PLANE('',#13871);
#13871=AXIS2_PLACEMENT_3D('',#378,#13872,#13873);
#13872=DIRECTION('',(0.13053061640817715,0.9914442789083516,0));
#13873=DIRECTION('',(0,0,-1));
#13874=FACE_BOUND('',#13875,.T.);
#13875=EDGE_LOOP('',(#13876,#13877,#13878));
#13876=ORIENTED_EDGE('',*,*,#13879,.T.);
#13877=ORIENTED_EDGE('',*,*,#13880,.T.);
#13878=ORIENTED_EDGE('',*,*,#13881,.T.);
#13879=EDGE_CURVE('',#379,#685,#13882,.F.);
#13880=EDGE_CURVE('',#685,#295,#13883,.T.);
#13881=EDGE_CURVE('',#295,#379,#13884,.T.);
#13882=LINE('',#378,#13885);
#13883=LINE('',#684,#13886);
#13884=LINE('',#294,#13887);
#13885=VECTOR('',#13888,1.0);
#13886=VECTOR('',#13889,1.0);
#13887=VECTOR('',#13890,1.0);
#13888=DIRECTION('',(0,0,-1));
#13889=DIRECTION('',(-0.1904977837673209,0.025080373822842558,0.981367193882415));
#13890=DIRECTION('',(0.9914442789083516,-0.13053061640817715,0));
#13891=FACE_SURFACE('',(#13896),#13892,.T.);
#13892=PLANE('',#13893);
#13893=AXIS2_PLACEMENT_3D('',#294,#13894,#13895);
#13894=DIRECTION('',(0.13053061640817715,0.9914442789083516,0));
#13895=DIRECTION('',(0.1904977837673209,-0.025080373822842558,-0.981367193882415));
#13896=FACE_BOUND('',#13897,.T.);
#13897=EDGE_LOOP('',(#13898,#13899,#13900));
#13898=ORIENTED_EDGE('',*,*,#13901,.T.);
#13899=ORIENTED_EDGE('',*,*,#13902,.T.);
#13900=ORIENTED_EDGE('',*,*,#13903,.T.);
#13901=EDGE_CURVE('',#295,#685,#13904,.F.);
#13902=EDGE_CURVE('',#685,#687,#13905,.T.);
#13903=EDGE_CURVE('',#687,#295,#13906,.T.);
#13904=LINE('',#294,#13907);
#13905=LINE('',#684,#13908);
#13906=LINE('',#686,#13909);
#13907=VECTOR('',#13910,1.0);
#13908=VECTOR('',#13911,1.0);
#13909=VECTOR('',#13912,1.0);
#13910=DIRECTION('',(0.1904977837673209,-0.025080373822842558,-0.981367193882415));
#13911=DIRECTION('',(-0.9914442789083516,0.13053061640817715,0));
#13912=DIRECTION('',(0,0,1));
#13913=FACE_SURFACE('',(#13918),#13914,.T.);
#13914=PLANE('',#13915);
#13915=AXIS2_PLACEMENT_3D('',#294,#13916,#13917);
#13916=DIRECTION('',(0.3826804604958137,0.9238807634942465,0));
#13917=DIRECTION('',(0,0,-1));
#13918=FACE_BOUND('',#13919,.T.);
#13919=EDGE_LOOP('',(#13920,#13921,#13922));
#13920=ORIENTED_EDGE('',*,*,#13923,.T.);
#13921=ORIENTED_EDGE('',*,*,#13924,.T.);
#13922=ORIENTED_EDGE('',*,*,#13925,.T.);
#13923=EDGE_CURVE('',#295,#687,#13926,.F.);
#13924=EDGE_CURVE('',#687,#287,#13927,.T.);
#13925=EDGE_CURVE('',#287,#295,#13928,.T.);
#13926=LINE('',#294,#13929);
#13927=LINE('',#686,#13930);
#13928=LINE('',#286,#13931);
#13929=VECTOR('',#13932,1.0);
#13930=VECTOR('',#13933,1.0);
#13931=VECTOR('',#13934,1.0);
#13932=DIRECTION('',(0,0,-1));
#13933=DIRECTION('',(-0.17751495460348904,0.07352843273371142,0.9813674186928387));
#13934=DIRECTION('',(0.9238807634942465,-0.3826804604958137,0));
#13935=FACE_SURFACE('',(#13940),#13936,.T.);
#13936=PLANE('',#13937);
#13937=AXIS2_PLACEMENT_3D('',#286,#13938,#13939);
#13938=DIRECTION('',(0.3826804604958137,0.9238807634942465,0));
#13939=DIRECTION('',(0.17751495460348904,-0.07352843273371142,-0.9813674186928387));
#13940=FACE_BOUND('',#13941,.T.);
#13941=EDGE_LOOP('',(#13942,#13943,#13944));
#13942=ORIENTED_EDGE('',*,*,#13945,.T.);
#13943=ORIENTED_EDGE('',*,*,#13946,.T.);
#13944=ORIENTED_EDGE('',*,*,#13947,.T.);
#13945=EDGE_CURVE('',#287,#687,#13948,.F.);
#13946=EDGE_CURVE('',#687,#747,#13949,.T.);
#13947=EDGE_CURVE('',#747,#287,#13950,.T.);
#13948=LINE('',#286,#13951);
#13949=LINE('',#686,#13952);
#13950=LINE('',#746,#13953);
#13951=VECTOR('',#13954,1.0);
#13952=VECTOR('',#13955,1.0);
#13953=VECTOR('',#13956,1.0);
#13954=DIRECTION('',(0.17751495460348904,-0.07352843273371142,-0.9813674186928387));
#13955=DIRECTION('',(-0.9238807634942465,0.3826804604958137,0));
#13956=DIRECTION('',(0,0,1));
#13957=FACE_SURFACE('',(#13962),#13958,.T.);
#13958=PLANE('',#13959);
#13959=AXIS2_PLACEMENT_3D('',#286,#13960,#13961);
#13960=DIRECTION('',(0.6087579018137039,0.7933560467907059,0));
#13961=DIRECTION('',(0,0,-1));
#13962=FACE_BOUND('',#13963,.T.);
#13963=EDGE_LOOP('',(#13964,#13965,#13966));
#13964=ORIENTED_EDGE('',*,*,#13967,.T.);
#13965=ORIENTED_EDGE('',*,*,#13968,.T.);
#13966=ORIENTED_EDGE('',*,*,#13969,.T.);
#13967=EDGE_CURVE('',#287,#747,#13970,.F.);
#13968=EDGE_CURVE('',#747,#289,#13971,.T.);
#13969=EDGE_CURVE('',#289,#287,#13972,.T.);
#13970=LINE('',#286,#13973);
#13971=LINE('',#746,#13974);
#13972=LINE('',#288,#13975);
#13973=VECTOR('',#13976,1.0);
#13974=VECTOR('',#13977,1.0);
#13975=VECTOR('',#13978,1.0);
#13976=DIRECTION('',(0,0,-1));
#13977=DIRECTION('',(-0.15243642533604243,0.11696750635850531,0.9813672802203273));
#13978=DIRECTION('',(0.7933560467907059,-0.6087579018137039,0));
#13979=FACE_SURFACE('',(#13984),#13980,.T.);
#13980=PLANE('',#13981);
#13981=AXIS2_PLACEMENT_3D('',#288,#13982,#13983);
#13982=DIRECTION('',(0.6087579018137039,0.7933560467907059,0));
#13983=DIRECTION('',(0.15243642533604243,-0.11696750635850531,-0.9813672802203273));
#13984=FACE_BOUND('',#13985,.T.);
#13985=EDGE_LOOP('',(#13986,#13987,#13988));
#13986=ORIENTED_EDGE('',*,*,#13989,.T.);
#13987=ORIENTED_EDGE('',*,*,#13990,.T.);
#13988=ORIENTED_EDGE('',*,*,#13991,.T.);
#13989=EDGE_CURVE('',#289,#747,#13992,.F.);
#13990=EDGE_CURVE('',#747,#745,#13993,.T.);
#13991=EDGE_CURVE('',#745,#289,#13994,.T.);
#13992=LINE('',#288,#13995);
#13993=LINE('',#746,#13996);
#13994=LINE('',#744,#13997);
#13995=VECTOR('',#13998,1.0);
#13996=VECTOR('',#13999,1.0);
#13997=VECTOR('',#14000,1.0);
#13998=DIRECTION('',(0.15243642533604243,-0.11696750635850531,-0.9813672802203273));
#13999=DIRECTION('',(-0.7933560467907059,0.6087579018137039,0));
#14000=DIRECTION('',(0,0,1));
#14001=FACE_SURFACE('',(#14006),#14002,.T.);
#14002=PLANE('',#14003);
#14003=AXIS2_PLACEMENT_3D('',#288,#14004,#14005);
#14004=DIRECTION('',(0.7933560467907059,0.6087579018137039,0));
#14005=DIRECTION('',(0,0,-1));
#14006=FACE_BOUND('',#14007,.T.);
#14007=EDGE_LOOP('',(#14008,#14009,#14010));
#14008=ORIENTED_EDGE('',*,*,#14011,.T.);
#14009=ORIENTED_EDGE('',*,*,#14012,.T.);
#14010=ORIENTED_EDGE('',*,*,#14013,.T.);
#14011=EDGE_CURVE('',#289,#745,#14014,.F.);
#14012=EDGE_CURVE('',#745,#279,#14015,.T.);
#14013=EDGE_CURVE('',#279,#289,#14016,.T.);
#14014=LINE('',#288,#14017);
#14015=LINE('',#744,#14018);
#14016=LINE('',#278,#14019);
#14017=VECTOR('',#14020,1.0);
#14018=VECTOR('',#14021,1.0);
#14019=VECTOR('',#14022,1.0);
#14020=DIRECTION('',(0,0,-1));
#14021=DIRECTION('',(-0.11696750635850531,0.15243642533604243,0.9813672802203273));
#14022=DIRECTION('',(0.6087579018137039,-0.7933560467907059,0));
#14023=FACE_SURFACE('',(#14028),#14024,.T.);
#14024=PLANE('',#14025);
#14025=AXIS2_PLACEMENT_3D('',#278,#14026,#14027);
#14026=DIRECTION('',(0.7933560467907059,0.6087579018137039,0));
#14027=DIRECTION('',(0.11696750635850531,-0.15243642533604243,-0.9813672802203273));
#14028=FACE_BOUND('',#14029,.T.);
#14029=EDGE_LOOP('',(#14030,#14031,#14032));
#14030=ORIENTED_EDGE('',*,*,#14033,.T.);
#14031=ORIENTED_EDGE('',*,*,#14034,.T.);
#14032=ORIENTED_EDGE('',*,*,#14035,.T.);
#14033=EDGE_CURVE('',#279,#745,#14036,.F.);
#14034=EDGE_CURVE('',#745,#741,#14037,.T.);
#14035=EDGE_CURVE('',#741,#279,#14038,.T.);
#14036=LINE('',#278,#14039);
#14037=LINE('',#744,#14040);
#14038=LINE('',#740,#14041);
#14039=VECTOR('',#14042,1.0);
#14040=VECTOR('',#14043,1.0);
#14041=VECTOR('',#14044,1.0);
#14042=DIRECTION('',(0.11696750635850531,-0.15243642533604243,-0.9813672802203273));
#14043=DIRECTION('',(-0.6087579018137039,0.7933560467907059,0));
#14044=DIRECTION('',(0,0,1));
#14045=FACE_SURFACE('',(#14050),#14046,.T.);
#14046=PLANE('',#14047);
#14047=AXIS2_PLACEMENT_3D('',#278,#14048,#14049);
#14048=DIRECTION('',(0.9238807634942465,0.3826804604958137,0));
#14049=DIRECTION('',(0,0,-1));
#14050=FACE_BOUND('',#14051,.T.);
#14051=EDGE_LOOP('',(#14052,#14053,#14054));
#14052=ORIENTED_EDGE('',*,*,#14055,.T.);
#14053=ORIENTED_EDGE('',*,*,#14056,.T.);
#14054=ORIENTED_EDGE('',*,*,#14057,.T.);
#14055=EDGE_CURVE('',#279,#741,#14058,.F.);
#14056=EDGE_CURVE('',#741,#281,#14059,.T.);
#14057=EDGE_CURVE('',#281,#279,#14060,.T.);
#14058=LINE('',#278,#14061);
#14059=LINE('',#740,#14062);
#14060=LINE('',#280,#14063);
#14061=VECTOR('',#14064,1.0);
#14062=VECTOR('',#14065,1.0);
#14063=VECTOR('',#14066,1.0);
#14064=DIRECTION('',(0,0,-1));
#14065=DIRECTION('',(-0.07352843273371142,0.17751495460348904,0.9813674186928387));
#14066=DIRECTION('',(0.3826804604958137,-0.9238807634942465,0));
#14067=FACE_SURFACE('',(#14072),#14068,.T.);
#14068=PLANE('',#14069);
#14069=AXIS2_PLACEMENT_3D('',#280,#14070,#14071);
#14070=DIRECTION('',(0.9238807634942465,0.3826804604958137,0));
#14071=DIRECTION('',(0.07352843273371142,-0.17751495460348904,-0.9813674186928387));
#14072=FACE_BOUND('',#14073,.T.);
#14073=EDGE_LOOP('',(#14074,#14075,#14076));
#14074=ORIENTED_EDGE('',*,*,#14077,.T.);
#14075=ORIENTED_EDGE('',*,*,#14078,.T.);
#14076=ORIENTED_EDGE('',*,*,#14079,.T.);
#14077=EDGE_CURVE('',#281,#741,#14080,.F.);
#14078=EDGE_CURVE('',#741,#739,#14081,.T.);
#14079=EDGE_CURVE('',#739,#281,#14082,.T.);
#14080=LINE('',#280,#14083);
#14081=LINE('',#740,#14084);
#14082=LINE('',#738,#14085);
#14083=VECTOR('',#14086,1.0);
#14084=VECTOR('',#14087,1.0);
#14085=VECTOR('',#14088,1.0);
#14086=DIRECTION('',(0.07352843273371142,-0.17751495460348904,-0.9813674186928387));
#14087=DIRECTION('',(-0.3826804604958137,0.9238807634942465,0));
#14088=DIRECTION('',(0,0,1));
#14089=FACE_SURFACE('',(#14094),#14090,.T.);
#14090=PLANE('',#14091);
#14091=AXIS2_PLACEMENT_3D('',#280,#14092,#14093);
#14092=DIRECTION('',(0.9914442789083516,0.13053061640817715,0));
#14093=DIRECTION('',(0,0,-1));
#14094=FACE_BOUND('',#14095,.T.);
#14095=EDGE_LOOP('',(#14096,#14097,#14098));
#14096=ORIENTED_EDGE('',*,*,#14099,.T.);
#14097=ORIENTED_EDGE('',*,*,#14100,.T.);
#14098=ORIENTED_EDGE('',*,*,#14101,.T.);
#14099=EDGE_CURVE('',#281,#739,#14102,.F.);
#14100=EDGE_CURVE('',#739,#283,#14103,.T.);
#14101=EDGE_CURVE('',#283,#281,#14104,.T.);
#14102=LINE('',#280,#14105);
#14103=LINE('',#738,#14106);
#14104=LINE('',#282,#14107);
#14105=VECTOR('',#14108,1.0);
#14106=VECTOR('',#14109,1.0);
#14107=VECTOR('',#14110,1.0);
#14108=DIRECTION('',(0,0,-1));
#14109=DIRECTION('',(-0.025080373822842558,0.1904977837673209,0.981367193882415));
#14110=DIRECTION('',(0.13053061640817715,-0.9914442789083516,0));
#14111=FACE_SURFACE('',(#14116),#14112,.T.);
#14112=PLANE('',#14113);
#14113=AXIS2_PLACEMENT_3D('',#282,#14114,#14115);
#14114=DIRECTION('',(0.9914442789083516,0.13053061640817715,0));
#14115=DIRECTION('',(0.025080373822842558,-0.1904977837673209,-0.981367193882415));
#14116=FACE_BOUND('',#14117,.T.);
#14117=EDGE_LOOP('',(#14118,#14119,#14120));
#14118=ORIENTED_EDGE('',*,*,#14121,.T.);
#14119=ORIENTED_EDGE('',*,*,#14122,.T.);
#14120=ORIENTED_EDGE('',*,*,#14123,.T.);
#14121=EDGE_CURVE('',#283,#739,#14124,.F.);
#14122=EDGE_CURVE('',#739,#737,#14125,.T.);
#14123=EDGE_CURVE('',#737,#283,#14126,.T.);
#14124=LINE('',#282,#14127);
#14125=LINE('',#738,#14128);
#14126=LINE('',#736,#14129);
#14127=VECTOR('',#14130,1.0);
#14128=VECTOR('',#14131,1.0);
#14129=VECTOR('',#14132,1.0);
#14130=DIRECTION('',(0.025080373822842558,-0.1904977837673209,-0.981367193882415));
#14131=DIRECTION('',(-0.13053061640817715,0.9914442789083516,0));
#14132=DIRECTION('',(0,0,1));
#14133=FACE_SURFACE('',(#14138),#14134,.T.);
#14134=PLANE('',#14135);
#14135=AXIS2_PLACEMENT_3D('',#282,#14136,#14137);
#14136=DIRECTION('',(0.9914442789083516,-0.13053061640817715,0));
#14137=DIRECTION('',(0,0,-1));
#14138=FACE_BOUND('',#14139,.T.);
#14139=EDGE_LOOP('',(#14140,#14141,#14142));
#14140=ORIENTED_EDGE('',*,*,#14143,.T.);
#14141=ORIENTED_EDGE('',*,*,#14144,.T.);
#14142=ORIENTED_EDGE('',*,*,#14145,.T.);
#14143=EDGE_CURVE('',#283,#737,#14146,.F.);
#14144=EDGE_CURVE('',#737,#401,#14147,.T.);
#14145=EDGE_CURVE('',#401,#283,#14148,.T.);
#14146=LINE('',#282,#14149);
#14147=LINE('',#736,#14150);
#14148=LINE('',#400,#14151);
#14149=VECTOR('',#14152,1.0);
#14150=VECTOR('',#14153,1.0);
#14151=VECTOR('',#14154,1.0);
#14152=DIRECTION('',(0,0,-1));
#14153=DIRECTION('',(0.025080373822842558,0.1904977837673209,0.981367193882415));
#14154=DIRECTION('',(-0.13053061640817715,-0.9914442789083516,0));
#14155=FACE_SURFACE('',(#14160),#14156,.T.);
#14156=PLANE('',#14157);
#14157=AXIS2_PLACEMENT_3D('',#400,#14158,#14159);
#14158=DIRECTION('',(0.9914442789083516,-0.13053061640817715,0));
#14159=DIRECTION('',(-0.025080373822842558,-0.1904977837673209,-0.981367193882415));
#14160=FACE_BOUND('',#14161,.T.);
#14161=EDGE_LOOP('',(#14162,#14163,#14164));
#14162=ORIENTED_EDGE('',*,*,#14165,.T.);
#14163=ORIENTED_EDGE('',*,*,#14166,.T.);
#14164=ORIENTED_EDGE('',*,*,#14167,.T.);
#14165=EDGE_CURVE('',#401,#737,#14168,.F.);
#14166=EDGE_CURVE('',#737,#735,#14169,.T.);
#14167=EDGE_CURVE('',#735,#401,#14170,.T.);
#14168=LINE('',#400,#14171);
#14169=LINE('',#736,#14172);
#14170=LINE('',#734,#14173);
#14171=VECTOR('',#14174,1.0);
#14172=VECTOR('',#14175,1.0);
#14173=VECTOR('',#14176,1.0);
#14174=DIRECTION('',(-0.025080373822842558,-0.1904977837673209,-0.981367193882415));
#14175=DIRECTION('',(0.13053061640817715,0.9914442789083516,0));
#14176=DIRECTION('',(0,0,1));
#14177=FACE_SURFACE('',(#14182),#14178,.T.);
#14178=PLANE('',#14179);
#14179=AXIS2_PLACEMENT_3D('',#400,#14180,#14181);
#14180=DIRECTION('',(0.9238807634942465,-0.3826804604958137,0));
#14181=DIRECTION('',(0,0,-1));
#14182=FACE_BOUND('',#14183,.T.);
#14183=EDGE_LOOP('',(#14184,#14185,#14186));
#14184=ORIENTED_EDGE('',*,*,#14187,.T.);
#14185=ORIENTED_EDGE('',*,*,#14188,.T.);
#14186=ORIENTED_EDGE('',*,*,#14189,.T.);
#14187=EDGE_CURVE('',#401,#735,#14190,.F.);
#14188=EDGE_CURVE('',#735,#403,#14191,.T.);
#14189=EDGE_CURVE('',#403,#401,#14192,.T.);
#14190=LINE('',#400,#14193);
#14191=LINE('',#734,#14194);
#14192=LINE('',#402,#14195);
#14193=VECTOR('',#14196,1.0);
#14194=VECTOR('',#14197,1.0);
#14195=VECTOR('',#14198,1.0);
#14196=DIRECTION('',(0,0,-1));
#14197=DIRECTION('',(0.07352843273371142,0.17751495460348904,0.9813674186928387));
#14198=DIRECTION('',(-0.3826804604958137,-0.9238807634942465,0));
#14199=FACE_SURFACE('',(#14204),#14200,.T.);
#14200=PLANE('',#14201);
#14201=AXIS2_PLACEMENT_3D('',#402,#14202,#14203);
#14202=DIRECTION('',(0.9238807634942465,-0.3826804604958137,0));
#14203=DIRECTION('',(-0.07352843273371142,-0.17751495460348904,-0.9813674186928387));
#14204=FACE_BOUND('',#14205,.T.);
#14205=EDGE_LOOP('',(#14206,#14207,#14208));
#14206=ORIENTED_EDGE('',*,*,#14209,.T.);
#14207=ORIENTED_EDGE('',*,*,#14210,.T.);
#14208=ORIENTED_EDGE('',*,*,#14211,.T.);
#14209=EDGE_CURVE('',#403,#735,#14212,.F.);
#14210=EDGE_CURVE('',#735,#733,#14213,.T.);
#14211=EDGE_CURVE('',#733,#403,#14214,.T.);
#14212=LINE('',#402,#14215);
#14213=LINE('',#734,#14216);
#14214=LINE('',#732,#14217);
#14215=VECTOR('',#14218,1.0);
#14216=VECTOR('',#14219,1.0);
#14217=VECTOR('',#14220,1.0);
#14218=DIRECTION('',(-0.07352843273371142,-0.17751495460348904,-0.9813674186928387));
#14219=DIRECTION('',(0.3826804604958137,0.9238807634942465,0));
#14220=DIRECTION('',(0,0,1));
#14221=FACE_SURFACE('',(#14226),#14222,.T.);
#14222=PLANE('',#14223);
#14223=AXIS2_PLACEMENT_3D('',#402,#14224,#14225);
#14224=DIRECTION('',(0.7933560467907059,-0.6087579018137039,0));
#14225=DIRECTION('',(0,0,-1));
#14226=FACE_BOUND('',#14227,.T.);
#14227=EDGE_LOOP('',(#14228,#14229,#14230));
#14228=ORIENTED_EDGE('',*,*,#14231,.T.);
#14229=ORIENTED_EDGE('',*,*,#14232,.T.);
#14230=ORIENTED_EDGE('',*,*,#14233,.T.);
#14231=EDGE_CURVE('',#403,#733,#14234,.F.);
#14232=EDGE_CURVE('',#733,#271,#14235,.T.);
#14233=EDGE_CURVE('',#271,#403,#14236,.T.);
#14234=LINE('',#402,#14237);
#14235=LINE('',#732,#14238);
#14236=LINE('',#270,#14239);
#14237=VECTOR('',#14240,1.0);
#14238=VECTOR('',#14241,1.0);
#14239=VECTOR('',#14242,1.0);
#14240=DIRECTION('',(0,0,-1));
#14241=DIRECTION('',(0.11696750635850531,0.15243642533604243,0.9813672802203273));
#14242=DIRECTION('',(-0.6087579018137039,-0.7933560467907059,0));
#14243=FACE_SURFACE('',(#14248),#14244,.T.);
#14244=PLANE('',#14245);
#14245=AXIS2_PLACEMENT_3D('',#270,#14246,#14247);
#14246=DIRECTION('',(0.7933560467907059,-0.6087579018137039,0));
#14247=DIRECTION('',(-0.11696750635850531,-0.15243642533604243,-0.9813672802203273));
#14248=FACE_BOUND('',#14249,.T.);
#14249=EDGE_LOOP('',(#14250,#14251,#14252));
#14250=ORIENTED_EDGE('',*,*,#14253,.T.);
#14251=ORIENTED_EDGE('',*,*,#14254,.T.);
#14252=ORIENTED_EDGE('',*,*,#14255,.T.);
#14253=EDGE_CURVE('',#271,#733,#14256,.F.);
#14254=EDGE_CURVE('',#733,#729,#14257,.T.);
#14255=EDGE_CURVE('',#729,#271,#14258,.T.);
#14256=LINE('',#270,#14259);
#14257=LINE('',#732,#14260);
#14258=LINE('',#728,#14261);
#14259=VECTOR('',#14262,1.0);
#14260=VECTOR('',#14263,1.0);
#14261=VECTOR('',#14264,1.0);
#14262=DIRECTION('',(-0.11696750635850531,-0.15243642533604243,-0.9813672802203273));
#14263=DIRECTION('',(0.6087579018137039,0.7933560467907059,0));
#14264=DIRECTION('',(0,0,1));
#14265=FACE_SURFACE('',(#14270),#14266,.T.);
#14266=PLANE('',#14267);
#14267=AXIS2_PLACEMENT_3D('',#270,#14268,#14269);
#14268=DIRECTION('',(0.6087579018137039,-0.7933560467907059,0));
#14269=DIRECTION('',(0,0,-1));
#14270=FACE_BOUND('',#14271,.T.);
#14271=EDGE_LOOP('',(#14272,#14273,#14274));
#14272=ORIENTED_EDGE('',*,*,#14275,.T.);
#14273=ORIENTED_EDGE('',*,*,#14276,.T.);
#14274=ORIENTED_EDGE('',*,*,#14277,.T.);
#14275=EDGE_CURVE('',#271,#729,#14278,.F.);
#14276=EDGE_CURVE('',#729,#273,#14279,.T.);
#14277=EDGE_CURVE('',#273,#271,#14280,.T.);
#14278=LINE('',#270,#14281);
#14279=LINE('',#728,#14282);
#14280=LINE('',#272,#14283);
#14281=VECTOR('',#14284,1.0);
#14282=VECTOR('',#14285,1.0);
#14283=VECTOR('',#14286,1.0);
#14284=DIRECTION('',(0,0,-1));
#14285=DIRECTION('',(0.15243642533604243,0.11696750635850531,0.9813672802203273));
#14286=DIRECTION('',(-0.7933560467907059,-0.6087579018137039,0));
#14287=FACE_SURFACE('',(#14292),#14288,.T.);
#14288=PLANE('',#14289);
#14289=AXIS2_PLACEMENT_3D('',#272,#14290,#14291);
#14290=DIRECTION('',(0.6087579018137039,-0.7933560467907059,0));
#14291=DIRECTION('',(-0.15243642533604243,-0.11696750635850531,-0.9813672802203273));
#14292=FACE_BOUND('',#14293,.T.);
#14293=EDGE_LOOP('',(#14294,#14295,#14296));
#14294=ORIENTED_EDGE('',*,*,#14297,.T.);
#14295=ORIENTED_EDGE('',*,*,#14298,.T.);
#14296=ORIENTED_EDGE('',*,*,#14299,.T.);
#14297=EDGE_CURVE('',#273,#729,#14300,.F.);
#14298=EDGE_CURVE('',#729,#727,#14301,.T.);
#14299=EDGE_CURVE('',#727,#273,#14302,.T.);
#14300=LINE('',#272,#14303);
#14301=LINE('',#728,#14304);
#14302=LINE('',#726,#14305);
#14303=VECTOR('',#14306,1.0);
#14304=VECTOR('',#14307,1.0);
#14305=VECTOR('',#14308,1.0);
#14306=DIRECTION('',(-0.15243642533604243,-0.11696750635850531,-0.9813672802203273));
#14307=DIRECTION('',(0.7933560467907059,0.6087579018137039,0));
#14308=DIRECTION('',(0,0,1));
#14309=FACE_SURFACE('',(#14314),#14310,.T.);
#14310=PLANE('',#14311);
#14311=AXIS2_PLACEMENT_3D('',#272,#14312,#14313);
#14312=DIRECTION('',(0.3826887756846641,-0.9238773192177482,0));
#14313=DIRECTION('',(0,0,-1));
#14314=FACE_BOUND('',#14315,.T.);
#14315=EDGE_LOOP('',(#14316,#14317,#14318));
#14316=ORIENTED_EDGE('',*,*,#14319,.T.);
#14317=ORIENTED_EDGE('',*,*,#14320,.T.);
#14318=ORIENTED_EDGE('',*,*,#14321,.T.);
#14319=EDGE_CURVE('',#273,#727,#14322,.F.);
#14320=EDGE_CURVE('',#727,#275,#14323,.T.);
#14321=EDGE_CURVE('',#275,#273,#14324,.T.);
#14322=LINE('',#272,#14325);
#14323=LINE('',#726,#14326);
#14324=LINE('',#274,#14327);
#14325=VECTOR('',#14328,1.0);
#14326=VECTOR('',#14329,1.0);
#14327=VECTOR('',#14330,1.0);
#14328=DIRECTION('',(0,0,-1));
#14329=DIRECTION('',(0.17751493017157954,0.07353029442332193,0.9813672836243313));
#14330=DIRECTION('',(-0.9238773192177482,-0.3826887756846641,0));
#14331=FACE_SURFACE('',(#14336),#14332,.T.);
#14332=PLANE('',#14333);
#14333=AXIS2_PLACEMENT_3D('',#274,#14334,#14335);
#14334=DIRECTION('',(0.3826887756846641,-0.9238773192177482,0));
#14335=DIRECTION('',(-0.17751493017157954,-0.07353029442332193,-0.9813672836243313));
#14336=FACE_BOUND('',#14337,.T.);
#14337=EDGE_LOOP('',(#14338,#14339,#14340));
#14338=ORIENTED_EDGE('',*,*,#14341,.T.);
#14339=ORIENTED_EDGE('',*,*,#14342,.T.);
#14340=ORIENTED_EDGE('',*,*,#14343,.T.);
#14341=EDGE_CURVE('',#275,#727,#14344,.F.);
#14342=EDGE_CURVE('',#727,#725,#14345,.T.);
#14343=EDGE_CURVE('',#725,#275,#14346,.T.);
#14344=LINE('',#274,#14347);
#14345=LINE('',#726,#14348);
#14346=LINE('',#724,#14349);
#14347=VECTOR('',#14350,1.0);
#14348=VECTOR('',#14351,1.0);
#14349=VECTOR('',#14352,1.0);
#14350=DIRECTION('',(-0.17751493017157954,-0.07353029442332193,-0.9813672836243313));
#14351=DIRECTION('',(0.9238773192177482,0.3826887756846641,0));
#14352=DIRECTION('',(0,0,1));
#14353=FACE_SURFACE('',(#14358),#14354,.T.);
#14354=PLANE('',#14355);
#14355=AXIS2_PLACEMENT_3D('',#274,#14356,#14357);
#14356=DIRECTION('',(0.13052104055558156,-0.9914455395896884,0));
#14357=DIRECTION('',(0,0,-1));
#14358=FACE_BOUND('',#14359,.T.);
#14359=EDGE_LOOP('',(#14360,#14361,#14362));
#14360=ORIENTED_EDGE('',*,*,#14363,.T.);
#14361=ORIENTED_EDGE('',*,*,#14364,.T.);
#14362=ORIENTED_EDGE('',*,*,#14365,.T.);
#14363=EDGE_CURVE('',#275,#725,#14366,.F.);
#14364=EDGE_CURVE('',#725,#405,#14367,.T.);
#14365=EDGE_CURVE('',#405,#275,#14368,.T.);
#14366=LINE('',#274,#14369);
#14367=LINE('',#724,#14370);
#14368=LINE('',#404,#14371);
#14369=VECTOR('',#14372,1.0);
#14370=VECTOR('',#14373,1.0);
#14371=VECTOR('',#14374,1.0);
#14372=DIRECTION('',(0,0,-1));
#14373=DIRECTION('',(0.19049779271003559,0.02507850319075047,0.9813672399516481));
#14374=DIRECTION('',(-0.9914455395896884,-0.13052104055558156,0));
#14375=FACE_SURFACE('',(#14380),#14376,.T.);
#14376=PLANE('',#14377);
#14377=AXIS2_PLACEMENT_3D('',#404,#14378,#14379);
#14378=DIRECTION('',(0.13052104055558156,-0.9914455395896884,0));
#14379=DIRECTION('',(-0.19049779271003559,-0.02507850319075047,-0.9813672399516481));
#14380=FACE_BOUND('',#14381,.T.);
#14381=EDGE_LOOP('',(#14382,#14383,#14384));
#14382=ORIENTED_EDGE('',*,*,#14385,.T.);
#14383=ORIENTED_EDGE('',*,*,#14386,.T.);
#14384=ORIENTED_EDGE('',*,*,#14387,.T.);
#14385=EDGE_CURVE('',#405,#725,#14388,.F.);
#14386=EDGE_CURVE('',#725,#723,#14389,.T.);
#14387=EDGE_CURVE('',#723,#405,#14390,.T.);
#14388=LINE('',#404,#14391);
#14389=LINE('',#724,#14392);
#14390=LINE('',#722,#14393);
#14391=VECTOR('',#14394,1.0);
#14392=VECTOR('',#14395,1.0);
#14393=VECTOR('',#14396,1.0);
#14394=DIRECTION('',(-0.19049779271003559,-0.02507850319075047,-0.9813672399516481));
#14395=DIRECTION('',(0.9914455395896884,0.13052104055558156,0));
#14396=DIRECTION('',(0,0,1));
#14397=FACE_SURFACE('',(#14402),#14398,.T.);
#14398=PLANE('',#14399);
#14399=AXIS2_PLACEMENT_3D('',#404,#14400,#14401);
#14400=DIRECTION('',(-0.13052104055558156,-0.9914455395896884,-0));
#14401=DIRECTION('',(0,0,-1));
#14402=FACE_BOUND('',#14403,.T.);
#14403=EDGE_LOOP('',(#14404,#14405,#14406));
#14404=ORIENTED_EDGE('',*,*,#14407,.T.);
#14405=ORIENTED_EDGE('',*,*,#14408,.T.);
#14406=ORIENTED_EDGE('',*,*,#14409,.T.);
#14407=EDGE_CURVE('',#405,#723,#14410,.F.);
#14408=EDGE_CURVE('',#723,#261,#14411,.T.);
#14409=EDGE_CURVE('',#261,#405,#14412,.T.);
#14410=LINE('',#404,#14413);
#14411=LINE('',#722,#14414);
#14412=LINE('',#260,#14415);
#14413=VECTOR('',#14416,1.0);
#14414=VECTOR('',#14417,1.0);
#14415=VECTOR('',#14418,1.0);
#14416=DIRECTION('',(0,0,-1));
#14417=DIRECTION('',(0.19049779271003559,-0.02507850319075047,0.9813672399516481));
#14418=DIRECTION('',(-0.9914455395896884,0.13052104055558156,0));
#14419=FACE_SURFACE('',(#14424),#14420,.T.);
#14420=PLANE('',#14421);
#14421=AXIS2_PLACEMENT_3D('',#260,#14422,#14423);
#14422=DIRECTION('',(-0.13052104055558156,-0.9914455395896884,-0));
#14423=DIRECTION('',(-0.19049779271003559,0.02507850319075047,-0.9813672399516481));
#14424=FACE_BOUND('',#14425,.T.);
#14425=EDGE_LOOP('',(#14426,#14427,#14428));
#14426=ORIENTED_EDGE('',*,*,#14429,.T.);
#14427=ORIENTED_EDGE('',*,*,#14430,.T.);
#14428=ORIENTED_EDGE('',*,*,#14431,.T.);
#14429=EDGE_CURVE('',#261,#723,#14432,.F.);
#14430=EDGE_CURVE('',#723,#719,#14433,.T.);
#14431=EDGE_CURVE('',#719,#261,#14434,.T.);
#14432=LINE('',#260,#14435);
#14433=LINE('',#722,#14436);
#14434=LINE('',#718,#14437);
#14435=VECTOR('',#14438,1.0);
#14436=VECTOR('',#14439,1.0);
#14437=VECTOR('',#14440,1.0);
#14438=DIRECTION('',(-0.19049779271003559,0.02507850319075047,-0.9813672399516481));
#14439=DIRECTION('',(0.9914455395896884,-0.13052104055558156,0));
#14440=DIRECTION('',(0,0,1));
#14441=FACE_SURFACE('',(#14446),#14442,.T.);
#14442=PLANE('',#14443);
#14443=AXIS2_PLACEMENT_3D('',#260,#14444,#14445);
#14444=DIRECTION('',(-0.3826887756846641,-0.9238773192177482,-0));
#14445=DIRECTION('',(0,0,-1));
#14446=FACE_BOUND('',#14447,.T.);
#14447=EDGE_LOOP('',(#14448,#14449,#14450));
#14448=ORIENTED_EDGE('',*,*,#14451,.T.);
#14449=ORIENTED_EDGE('',*,*,#14452,.T.);
#14450=ORIENTED_EDGE('',*,*,#14453,.T.);
#14451=EDGE_CURVE('',#261,#719,#14454,.F.);
#14452=EDGE_CURVE('',#719,#265,#14455,.T.);
#14453=EDGE_CURVE('',#265,#261,#14456,.T.);
#14454=LINE('',#260,#14457);
#14455=LINE('',#718,#14458);
#14456=LINE('',#264,#14459);
#14457=VECTOR('',#14460,1.0);
#14458=VECTOR('',#14461,1.0);
#14459=VECTOR('',#14462,1.0);
#14460=DIRECTION('',(0,0,-1));
#14461=DIRECTION('',(0.17751493017157954,-0.07353029442332193,0.9813672836243313));
#14462=DIRECTION('',(-0.9238773192177482,0.3826887756846641,0));
#14463=FACE_SURFACE('',(#14468),#14464,.T.);
#14464=PLANE('',#14465);
#14465=AXIS2_PLACEMENT_3D('',#264,#14466,#14467);
#14466=DIRECTION('',(-0.3826887756846641,-0.9238773192177482,-0));
#14467=DIRECTION('',(-0.17751493017157954,0.07353029442332193,-0.9813672836243313));
#14468=FACE_BOUND('',#14469,.T.);
#14469=EDGE_LOOP('',(#14470,#14471,#14472));
#14470=ORIENTED_EDGE('',*,*,#14473,.T.);
#14471=ORIENTED_EDGE('',*,*,#14474,.T.);
#14472=ORIENTED_EDGE('',*,*,#14475,.T.);
#14473=EDGE_CURVE('',#265,#719,#14476,.F.);
#14474=EDGE_CURVE('',#719,#717,#14477,.T.);
#14475=EDGE_CURVE('',#717,#265,#14478,.T.);
#14476=LINE('',#264,#14479);
#14477=LINE('',#718,#14480);
#14478=LINE('',#716,#14481);
#14479=VECTOR('',#14482,1.0);
#14480=VECTOR('',#14483,1.0);
#14481=VECTOR('',#14484,1.0);
#14482=DIRECTION('',(-0.17751493017157954,0.07353029442332193,-0.9813672836243313));
#14483=DIRECTION('',(0.9238773192177482,-0.3826887756846641,0));
#14484=DIRECTION('',(0,0,1));
#14485=FACE_SURFACE('',(#14490),#14486,.T.);
#14486=PLANE('',#14487);
#14487=AXIS2_PLACEMENT_3D('',#264,#14488,#14489);
#14488=DIRECTION('',(-0.6087579018137039,-0.7933560467907059,-0));
#14489=DIRECTION('',(0,0,-1));
#14490=FACE_BOUND('',#14491,.T.);
#14491=EDGE_LOOP('',(#14492,#14493,#14494));
#14492=ORIENTED_EDGE('',*,*,#14495,.T.);
#14493=ORIENTED_EDGE('',*,*,#14496,.T.);
#14494=ORIENTED_EDGE('',*,*,#14497,.T.);
#14495=EDGE_CURVE('',#265,#717,#14498,.F.);
#14496=EDGE_CURVE('',#717,#267,#14499,.T.);
#14497=EDGE_CURVE('',#267,#265,#14500,.T.);
#14498=LINE('',#264,#14501);
#14499=LINE('',#716,#14502);
#14500=LINE('',#266,#14503);
#14501=VECTOR('',#14504,1.0);
#14502=VECTOR('',#14505,1.0);
#14503=VECTOR('',#14506,1.0);
#14504=DIRECTION('',(0,0,-1));
#14505=DIRECTION('',(0.15243642533604243,-0.11696750635850531,0.9813672802203273));
#14506=DIRECTION('',(-0.7933560467907059,0.6087579018137039,0));
#14507=FACE_SURFACE('',(#14512),#14508,.T.);
#14508=PLANE('',#14509);
#14509=AXIS2_PLACEMENT_3D('',#266,#14510,#14511);
#14510=DIRECTION('',(-0.6087579018137039,-0.7933560467907059,-0));
#14511=DIRECTION('',(-0.15243642533604243,0.11696750635850531,-0.9813672802203273));
#14512=FACE_BOUND('',#14513,.T.);
#14513=EDGE_LOOP('',(#14514,#14515,#14516));
#14514=ORIENTED_EDGE('',*,*,#14517,.T.);
#14515=ORIENTED_EDGE('',*,*,#14518,.T.);
#14516=ORIENTED_EDGE('',*,*,#14519,.T.);
#14517=EDGE_CURVE('',#267,#717,#14520,.F.);
#14518=EDGE_CURVE('',#717,#715,#14521,.T.);
#14519=EDGE_CURVE('',#715,#267,#14522,.T.);
#14520=LINE('',#266,#14523);
#14521=LINE('',#716,#14524);
#14522=LINE('',#714,#14525);
#14523=VECTOR('',#14526,1.0);
#14524=VECTOR('',#14527,1.0);
#14525=VECTOR('',#14528,1.0);
#14526=DIRECTION('',(-0.15243642533604243,0.11696750635850531,-0.9813672802203273));
#14527=DIRECTION('',(0.7933560467907059,-0.6087579018137039,0));
#14528=DIRECTION('',(0,0,1));
#14529=FACE_SURFACE('',(#14534),#14530,.T.);
#14530=PLANE('',#14531);
#14531=AXIS2_PLACEMENT_3D('',#266,#14532,#14533);
#14532=DIRECTION('',(-0.7933560467907059,-0.6087579018137039,-0));
#14533=DIRECTION('',(0,0,-1));
#14534=FACE_BOUND('',#14535,.T.);
#14535=EDGE_LOOP('',(#14536,#14537,#14538));
#14536=ORIENTED_EDGE('',*,*,#14539,.T.);
#14537=ORIENTED_EDGE('',*,*,#14540,.T.);
#14538=ORIENTED_EDGE('',*,*,#14541,.T.);
#14539=EDGE_CURVE('',#267,#715,#14542,.F.);
#14540=EDGE_CURVE('',#715,#357,#14543,.T.);
#14541=EDGE_CURVE('',#357,#267,#14544,.T.);
#14542=LINE('',#266,#14545);
#14543=LINE('',#714,#14546);
#14544=LINE('',#356,#14547);
#14545=VECTOR('',#14548,1.0);
#14546=VECTOR('',#14549,1.0);
#14547=VECTOR('',#14550,1.0);
#14548=DIRECTION('',(0,0,-1));
#14549=DIRECTION('',(0.11696750635850531,-0.15243642533604243,0.9813672802203273));
#14550=DIRECTION('',(-0.6087579018137039,0.7933560467907059,0));
#14551=FACE_SURFACE('',(#14556),#14552,.T.);
#14552=PLANE('',#14553);
#14553=AXIS2_PLACEMENT_3D('',#356,#14554,#14555);
#14554=DIRECTION('',(-0.7933560467907059,-0.6087579018137039,-0));
#14555=DIRECTION('',(-0.11696750635850531,0.15243642533604243,-0.9813672802203273));
#14556=FACE_BOUND('',#14557,.T.);
#14557=EDGE_LOOP('',(#14558,#14559,#14560));
#14558=ORIENTED_EDGE('',*,*,#14561,.T.);
#14559=ORIENTED_EDGE('',*,*,#14562,.T.);
#14560=ORIENTED_EDGE('',*,*,#14563,.T.);
#14561=EDGE_CURVE('',#357,#715,#14564,.F.);
#14562=EDGE_CURVE('',#715,#713,#14565,.T.);
#14563=EDGE_CURVE('',#713,#357,#14566,.T.);
#14564=LINE('',#356,#14567);
#14565=LINE('',#714,#14568);
#14566=LINE('',#712,#14569);
#14567=VECTOR('',#14570,1.0);
#14568=VECTOR('',#14571,1.0);
#14569=VECTOR('',#14572,1.0);
#14570=DIRECTION('',(-0.11696750635850531,0.15243642533604243,-0.9813672802203273));
#14571=DIRECTION('',(0.6087579018137039,-0.7933560467907059,0));
#14572=DIRECTION('',(0,0,1));
#14573=FACE_SURFACE('',(#14578),#14574,.T.);
#14574=PLANE('',#14575);
#14575=AXIS2_PLACEMENT_3D('',#356,#14576,#14577);
#14576=DIRECTION('',(-0.9238773192177482,-0.3826887756846641,-0));
#14577=DIRECTION('',(0,0,-1));
#14578=FACE_BOUND('',#14579,.T.);
#14579=EDGE_LOOP('',(#14580,#14581,#14582));
#14580=ORIENTED_EDGE('',*,*,#14583,.T.);
#14581=ORIENTED_EDGE('',*,*,#14584,.T.);
#14582=ORIENTED_EDGE('',*,*,#14585,.T.);
#14583=EDGE_CURVE('',#357,#713,#14586,.F.);
#14584=EDGE_CURVE('',#713,#355,#14587,.T.);
#14585=EDGE_CURVE('',#355,#357,#14588,.T.);
#14586=LINE('',#356,#14589);
#14587=LINE('',#712,#14590);
#14588=LINE('',#354,#14591);
#14589=VECTOR('',#14592,1.0);
#14590=VECTOR('',#14593,1.0);
#14591=VECTOR('',#14594,1.0);
#14592=DIRECTION('',(0,0,-1));
#14593=DIRECTION('',(0.07353029442332193,-0.17751493017157954,0.9813672836243313));
#14594=DIRECTION('',(-0.3826887756846641,0.9238773192177482,0));
#14595=FACE_SURFACE('',(#14600),#14596,.T.);
#14596=PLANE('',#14597);
#14597=AXIS2_PLACEMENT_3D('',#354,#14598,#14599);
#14598=DIRECTION('',(-0.9238773192177482,-0.3826887756846641,-0));
#14599=DIRECTION('',(-0.07353029442332193,0.17751493017157954,-0.9813672836243313));
#14600=FACE_BOUND('',#14601,.T.);
#14601=EDGE_LOOP('',(#14602,#14603,#14604));
#14602=ORIENTED_EDGE('',*,*,#14605,.T.);
#14603=ORIENTED_EDGE('',*,*,#14606,.T.);
#14604=ORIENTED_EDGE('',*,*,#14607,.T.);
#14605=EDGE_CURVE('',#355,#713,#14608,.F.);
#14606=EDGE_CURVE('',#713,#711,#14609,.T.);
#14607=EDGE_CURVE('',#711,#355,#14610,.T.);
#14608=LINE('',#354,#14611);
#14609=LINE('',#712,#14612);
#14610=LINE('',#710,#14613);
#14611=VECTOR('',#14614,1.0);
#14612=VECTOR('',#14615,1.0);
#14613=VECTOR('',#14616,1.0);
#14614=DIRECTION('',(-0.07353029442332193,0.17751493017157954,-0.9813672836243313));
#14615=DIRECTION('',(0.3826887756846641,-0.9238773192177482,0));
#14616=DIRECTION('',(0,0,1));
#14617=FACE_SURFACE('',(#14622),#14618,.T.);
#14618=PLANE('',#14619);
#14619=AXIS2_PLACEMENT_3D('',#498,#14620,#14621);
#14620=DIRECTION('',(1,0,0));
#14621=DIRECTION('',(0,1,0));
#14622=FACE_BOUND('',#14623,.T.);
#14623=EDGE_LOOP('',(#14624,#14625,#14626));
#14624=ORIENTED_EDGE('',*,*,#14627,.T.);
#14625=ORIENTED_EDGE('',*,*,#14628,.T.);
#14626=ORIENTED_EDGE('',*,*,#14629,.T.);
#14627=EDGE_CURVE('',#499,#663,#14630,.F.);
#14628=EDGE_CURVE('',#663,#105,#14631,.T.);
#14629=EDGE_CURVE('',#105,#499,#14632,.T.);
#14630=LINE('',#498,#14633);
#14631=LINE('',#662,#14634);
#14632=LINE('',#104,#14635);
#14633=VECTOR('',#14636,1.0);
#14634=VECTOR('',#14637,1.0);
#14635=VECTOR('',#14638,1.0);
#14636=DIRECTION('',(0,1,0));
#14637=DIRECTION('',(0,-0.9997854268157196,0.020714736950038833));
#14638=DIRECTION('',(0,0,-1));
#14639=FACE_SURFACE('',(#14644),#14640,.T.);
#14640=PLANE('',#14641);
#14641=AXIS2_PLACEMENT_3D('',#104,#14642,#14643);
#14642=DIRECTION('',(1,-0,0));
#14643=DIRECTION('',(0,0.9997854268157196,-0.020714736950038833));
#14644=FACE_BOUND('',#14645,.T.);
#14645=EDGE_LOOP('',(#14646,#14647,#14648));
#14646=ORIENTED_EDGE('',*,*,#14649,.T.);
#14647=ORIENTED_EDGE('',*,*,#14650,.T.);
#14648=ORIENTED_EDGE('',*,*,#14651,.T.);
#14649=EDGE_CURVE('',#105,#663,#14652,.F.);
#14650=EDGE_CURVE('',#663,#263,#14653,.T.);
#14651=EDGE_CURVE('',#263,#105,#14654,.T.);
#14652=LINE('',#104,#14655);
#14653=LINE('',#662,#14656);
#14654=LINE('',#262,#14657);
#14655=VECTOR('',#14658,1.0);
#14656=VECTOR('',#14659,1.0);
#14657=VECTOR('',#14660,1.0);
#14658=DIRECTION('',(0,0.9997854268157196,-0.020714736950038833));
#14659=DIRECTION('',(0,0,1));
#14660=DIRECTION('',(0,-1,0));
#14661=FACE_SURFACE('',(#14666),#14662,.T.);
#14662=PLANE('',#14663);
#14663=AXIS2_PLACEMENT_3D('',#466,#14664,#14665);
#14664=DIRECTION('',(0,-1,0));
#14665=DIRECTION('',(1,0,0));
#14666=FACE_BOUND('',#14667,.T.);
#14667=EDGE_LOOP('',(#14668,#14669,#14670));
#14668=ORIENTED_EDGE('',*,*,#14671,.T.);
#14669=ORIENTED_EDGE('',*,*,#14672,.T.);
#14670=ORIENTED_EDGE('',*,*,#14673,.T.);
#14671=EDGE_CURVE('',#467,#499,#14674,.F.);
#14672=EDGE_CURVE('',#499,#131,#14675,.T.);
#14673=EDGE_CURVE('',#131,#467,#14676,.T.);
#14674=LINE('',#466,#14677);
#14675=LINE('',#498,#14678);
#14676=LINE('',#130,#14679);
#14677=VECTOR('',#14680,1.0);
#14678=VECTOR('',#14681,1.0);
#14679=VECTOR('',#14682,1.0);
#14680=DIRECTION('',(1,0,0));
#14681=DIRECTION('',(-0.9996876464081228,0,0.02499219116020307));
#14682=DIRECTION('',(0,0,-1));
#14683=FACE_SURFACE('',(#14688),#14684,.T.);
#14684=PLANE('',#14685);
#14685=AXIS2_PLACEMENT_3D('',#130,#14686,#14687);
#14686=DIRECTION('',(0,-1,0));
#14687=DIRECTION('',(0.9996876464081228,0,-0.02499219116020307));
#14688=FACE_BOUND('',#14689,.T.);
#14689=EDGE_LOOP('',(#14690,#14691,#14692));
#14690=ORIENTED_EDGE('',*,*,#14693,.T.);
#14691=ORIENTED_EDGE('',*,*,#14694,.T.);
#14692=ORIENTED_EDGE('',*,*,#14695,.T.);
#14693=EDGE_CURVE('',#131,#499,#14696,.F.);
#14694=EDGE_CURVE('',#499,#105,#14697,.T.);
#14695=EDGE_CURVE('',#105,#131,#14698,.T.);
#14696=LINE('',#130,#14699);
#14697=LINE('',#498,#14700);
#14698=LINE('',#104,#14701);
#14699=VECTOR('',#14702,1.0);
#14700=VECTOR('',#14703,1.0);
#14701=VECTOR('',#14704,1.0);
#14702=DIRECTION('',(0.9996876464081228,0,-0.02499219116020307));
#14703=DIRECTION('',(0,0,1));
#14704=DIRECTION('',(-1,0,0));
#14705=FACE_SURFACE('',(#14710),#14706,.T.);
#14706=PLANE('',#14707);
#14707=AXIS2_PLACEMENT_3D('',#522,#14708,#14709);
#14708=DIRECTION('',(-1,0,0));
#14709=DIRECTION('',(0,-1,0));
#14710=FACE_BOUND('',#14711,.T.);
#14711=EDGE_LOOP('',(#14712,#14713,#14714));
#14712=ORIENTED_EDGE('',*,*,#14715,.T.);
#14713=ORIENTED_EDGE('',*,*,#14716,.T.);
#14714=ORIENTED_EDGE('',*,*,#14717,.T.);
#14715=EDGE_CURVE('',#523,#467,#14718,.F.);
#14716=EDGE_CURVE('',#467,#129,#14719,.T.);
#14717=EDGE_CURVE('',#129,#523,#14720,.T.);
#14718=LINE('',#522,#14721);
#14719=LINE('',#466,#14722);
#14720=LINE('',#128,#14723);
#14721=VECTOR('',#14724,1.0);
#14722=VECTOR('',#14725,1.0);
#14723=VECTOR('',#14726,1.0);
#14724=DIRECTION('',(0,-1,0));
#14725=DIRECTION('',(0,0.9997854268157196,0.020714736950038833));
#14726=DIRECTION('',(0,0,-1));
#14727=FACE_SURFACE('',(#14732),#14728,.T.);
#14728=PLANE('',#14729);
#14729=AXIS2_PLACEMENT_3D('',#128,#14730,#14731);
#14730=DIRECTION('',(-1,-0,0));
#14731=DIRECTION('',(0,-0.9997854268157196,-0.020714736950038833));
#14732=FACE_BOUND('',#14733,.T.);
#14733=EDGE_LOOP('',(#14734,#14735,#14736));
#14734=ORIENTED_EDGE('',*,*,#14737,.T.);
#14735=ORIENTED_EDGE('',*,*,#14738,.T.);
#14736=ORIENTED_EDGE('',*,*,#14739,.T.);
#14737=EDGE_CURVE('',#129,#467,#14740,.F.);
#14738=EDGE_CURVE('',#467,#131,#14741,.T.);
#14739=EDGE_CURVE('',#131,#129,#14742,.T.);
#14740=LINE('',#128,#14743);
#14741=LINE('',#466,#14744);
#14742=LINE('',#130,#14745);
#14743=VECTOR('',#14746,1.0);
#14744=VECTOR('',#14747,1.0);
#14745=VECTOR('',#14748,1.0);
#14746=DIRECTION('',(0,-0.9997854268157196,-0.020714736950038833));
#14747=DIRECTION('',(0,0,1));
#14748=DIRECTION('',(0,1,0));
#14749=FACE_SURFACE('',(#14754),#14750,.T.);
#14750=PLANE('',#14751);
#14751=AXIS2_PLACEMENT_3D('',#262,#14752,#14753);
#14752=DIRECTION('',(-0.6157501284691171,0.7879414821484307,0));
#14753=DIRECTION('',(0,0,-1));
#14754=FACE_BOUND('',#14755,.T.);
#14755=EDGE_LOOP('',(#14756,#14757,#14758));
#14756=ORIENTED_EDGE('',*,*,#14759,.T.);
#14757=ORIENTED_EDGE('',*,*,#14760,.T.);
#14758=ORIENTED_EDGE('',*,*,#14761,.T.);
#14759=EDGE_CURVE('',#263,#663,#14762,.F.);
#14760=EDGE_CURVE('',#663,#259,#14763,.T.);
#14761=EDGE_CURVE('',#259,#263,#14764,.T.);
#14762=LINE('',#262,#14765);
#14763=LINE('',#662,#14766);
#14764=LINE('',#258,#14767);
#14765=VECTOR('',#14768,1.0);
#14766=VECTOR('',#14769,1.0);
#14767=VECTOR('',#14770,1.0);
#14768=DIRECTION('',(0,0,-1));
#14769=DIRECTION('',(-0.6618069475956814,-0.5171801742087108,0.5427119231411215));
#14770=DIRECTION('',(0.7879414821484307,0.6157501284691171,0));
#14771=FACE_SURFACE('',(#14776),#14772,.T.);
#14772=PLANE('',#14773);
#14773=AXIS2_PLACEMENT_3D('',#258,#14774,#14775);
#14774=DIRECTION('',(-0.6157501284691171,0.7879414821484307,0));
#14775=DIRECTION('',(0.6618069475956814,0.5171801742087108,-0.5427119231411215));
#14776=FACE_BOUND('',#14777,.T.);
#14777=EDGE_LOOP('',(#14778,#14779,#14780));
#14778=ORIENTED_EDGE('',*,*,#14781,.T.);
#14779=ORIENTED_EDGE('',*,*,#14782,.T.);
#14780=ORIENTED_EDGE('',*,*,#14783,.T.);
#14781=EDGE_CURVE('',#259,#663,#14784,.F.);
#14782=EDGE_CURVE('',#663,#721,#14785,.T.);
#14783=EDGE_CURVE('',#721,#259,#14786,.T.);
#14784=LINE('',#258,#14787);
#14785=LINE('',#662,#14788);
#14786=LINE('',#720,#14789);
#14787=VECTOR('',#14790,1.0);
#14788=VECTOR('',#14791,1.0);
#14789=VECTOR('',#14792,1.0);
#14790=DIRECTION('',(0.6618069475956814,0.5171801742087108,-0.5427119231411215));
#14791=DIRECTION('',(-0.7879414821484307,-0.6157501284691171,0));
#14792=DIRECTION('',(0,0,1));
#14793=FACE_SURFACE('',(#14798),#14794,.T.);
#14794=PLANE('',#14795);
#14795=AXIS2_PLACEMENT_3D('',#258,#14796,#14797);
#14796=DIRECTION('',(-0.5763059636872458,0.8172340155784724,0));
#14797=DIRECTION('',(0,0,-1));
#14798=FACE_BOUND('',#14799,.T.);
#14799=EDGE_LOOP('',(#14800,#14801,#14802));
#14800=ORIENTED_EDGE('',*,*,#14803,.T.);
#14801=ORIENTED_EDGE('',*,*,#14804,.T.);
#14802=ORIENTED_EDGE('',*,*,#14805,.T.);
#14803=EDGE_CURVE('',#259,#721,#14806,.F.);
#14804=EDGE_CURVE('',#721,#269,#14807,.T.);
#14805=EDGE_CURVE('',#269,#259,#14808,.T.);
#14806=LINE('',#258,#14809);
#14807=LINE('',#720,#14810);
#14808=LINE('',#268,#14811);
#14809=VECTOR('',#14812,1.0);
#14810=VECTOR('',#14813,1.0);
#14811=VECTOR('',#14814,1.0);
#14812=DIRECTION('',(0,0,-1));
#14813=DIRECTION('',(-0.6864099585108097,-0.48405003350733633,0.5427125702604788));
#14814=DIRECTION('',(0.8172340155784724,0.5763059636872458,0));
#14815=FACE_SURFACE('',(#14820),#14816,.T.);
#14816=PLANE('',#14817);
#14817=AXIS2_PLACEMENT_3D('',#268,#14818,#14819);
#14818=DIRECTION('',(-0.5763059636872458,0.8172340155784724,0));
#14819=DIRECTION('',(0.6864099585108097,0.48405003350733633,-0.5427125702604788));
#14820=FACE_BOUND('',#14821,.T.);
#14821=EDGE_LOOP('',(#14822,#14823,#14824));
#14822=ORIENTED_EDGE('',*,*,#14825,.T.);
#14823=ORIENTED_EDGE('',*,*,#14826,.T.);
#14824=ORIENTED_EDGE('',*,*,#14827,.T.);
#14825=EDGE_CURVE('',#269,#721,#14828,.F.);
#14826=EDGE_CURVE('',#721,#731,#14829,.T.);
#14827=EDGE_CURVE('',#731,#269,#14830,.T.);
#14828=LINE('',#268,#14831);
#14829=LINE('',#720,#14832);
#14830=LINE('',#730,#14833);
#14831=VECTOR('',#14834,1.0);
#14832=VECTOR('',#14835,1.0);
#14833=VECTOR('',#14836,1.0);
#14834=DIRECTION('',(0.6864099585108097,0.48405003350733633,-0.5427125702604788));
#14835=DIRECTION('',(-0.8172340155784724,-0.5763059636872458,0));
#14836=DIRECTION('',(0,0,1));
#14837=FACE_SURFACE('',(#14842),#14838,.T.);
#14838=PLANE('',#14839);
#14839=AXIS2_PLACEMENT_3D('',#268,#14840,#14841);
#14840=DIRECTION('',(-0.5354711490697088,0.8445535202187991,0));
#14841=DIRECTION('',(0,0,-1));
#14842=FACE_BOUND('',#14843,.T.);
#14843=EDGE_LOOP('',(#14844,#14845,#14846));
#14844=ORIENTED_EDGE('',*,*,#14847,.T.);
#14845=ORIENTED_EDGE('',*,*,#14848,.T.);
#14846=ORIENTED_EDGE('',*,*,#14849,.T.);
#14847=EDGE_CURVE('',#269,#731,#14850,.F.);
#14848=EDGE_CURVE('',#731,#277,#14851,.T.);
#14849=EDGE_CURVE('',#277,#269,#14852,.T.);
#14850=LINE('',#268,#14853);
#14851=LINE('',#730,#14854);
#14852=LINE('',#276,#14855);
#14853=VECTOR('',#14856,1.0);
#14854=VECTOR('',#14857,1.0);
#14855=VECTOR('',#14858,1.0);
#14856=DIRECTION('',(0,0,-1));
#14857=DIRECTION('',(-0.7093563725417014,-0.4497522807156376,0.5427120992990311));
#14858=DIRECTION('',(0.8445535202187991,0.5354711490697088,0));
#14859=FACE_SURFACE('',(#14864),#14860,.T.);
#14860=PLANE('',#14861);
#14861=AXIS2_PLACEMENT_3D('',#276,#14862,#14863);
#14862=DIRECTION('',(-0.5354711490697088,0.8445535202187991,0));
#14863=DIRECTION('',(0.7093563725417014,0.4497522807156376,-0.5427120992990311));
#14864=FACE_BOUND('',#14865,.T.);
#14865=EDGE_LOOP('',(#14866,#14867,#14868));
#14866=ORIENTED_EDGE('',*,*,#14869,.T.);
#14867=ORIENTED_EDGE('',*,*,#14870,.T.);
#14868=ORIENTED_EDGE('',*,*,#14871,.T.);
#14869=EDGE_CURVE('',#277,#731,#14872,.F.);
#14870=EDGE_CURVE('',#731,#743,#14873,.T.);
#14871=EDGE_CURVE('',#743,#277,#14874,.T.);
#14872=LINE('',#276,#14875);
#14873=LINE('',#730,#14876);
#14874=LINE('',#742,#14877);
#14875=VECTOR('',#14878,1.0);
#14876=VECTOR('',#14879,1.0);
#14877=VECTOR('',#14880,1.0);
#14878=DIRECTION('',(0.7093563725417014,0.4497522807156376,-0.5427120992990311));
#14879=DIRECTION('',(-0.8445535202187991,-0.5354711490697088,0));
#14880=DIRECTION('',(0,0,1));
#14881=FACE_SURFACE('',(#14886),#14882,.T.);
#14882=PLANE('',#14883);
#14883=AXIS2_PLACEMENT_3D('',#276,#14884,#14885);
#14884=DIRECTION('',(-0.49334387725614265,0.8698343628380498,0));
#14885=DIRECTION('',(0,0,-1));
#14886=FACE_BOUND('',#14887,.T.);
#14887=EDGE_LOOP('',(#14888,#14889,#14890));
#14888=ORIENTED_EDGE('',*,*,#14891,.T.);
#14889=ORIENTED_EDGE('',*,*,#14892,.T.);
#14890=ORIENTED_EDGE('',*,*,#14893,.T.);
#14891=EDGE_CURVE('',#277,#743,#14894,.F.);
#14892=EDGE_CURVE('',#743,#285,#14895,.T.);
#14893=EDGE_CURVE('',#285,#277,#14896,.T.);
#14894=LINE('',#276,#14897);
#14895=LINE('',#742,#14898);
#14896=LINE('',#284,#14899);
#14897=VECTOR('',#14900,1.0);
#14898=VECTOR('',#14901,1.0);
#14899=VECTOR('',#14902,1.0);
#14900=DIRECTION('',(0,0,-1));
#14901=DIRECTION('',(-0.7305903786735698,-0.4143688792942749,0.5427118300369141));
#14902=DIRECTION('',(0.8698343628380498,0.49334387725614265,0));
#14903=FACE_SURFACE('',(#14908),#14904,.T.);
#14904=PLANE('',#14905);
#14905=AXIS2_PLACEMENT_3D('',#284,#14906,#14907);
#14906=DIRECTION('',(-0.49334387725614265,0.8698343628380498,0));
#14907=DIRECTION('',(0.7305903786735698,0.4143688792942749,-0.5427118300369141));
#14908=FACE_BOUND('',#14909,.T.);
#14909=EDGE_LOOP('',(#14910,#14911,#14912));
#14910=ORIENTED_EDGE('',*,*,#14913,.T.);
#14911=ORIENTED_EDGE('',*,*,#14914,.T.);
#14912=ORIENTED_EDGE('',*,*,#14915,.T.);
#14913=EDGE_CURVE('',#285,#743,#14916,.F.);
#14914=EDGE_CURVE('',#743,#691,#14917,.T.);
#14915=EDGE_CURVE('',#691,#285,#14918,.T.);
#14916=LINE('',#284,#14919);
#14917=LINE('',#742,#14920);
#14918=LINE('',#690,#14921);
#14919=VECTOR('',#14922,1.0);
#14920=VECTOR('',#14923,1.0);
#14921=VECTOR('',#14924,1.0);
#14922=DIRECTION('',(0.7305903786735698,0.4143688792942749,-0.5427118300369141));
#14923=DIRECTION('',(-0.8698343628380498,-0.49334387725614265,0));
#14924=DIRECTION('',(0,0,1));
#14925=FACE_SURFACE('',(#14930),#14926,.T.);
#14926=PLANE('',#14927);
#14927=AXIS2_PLACEMENT_3D('',#284,#14928,#14929);
#14928=DIRECTION('',(-0.4500245298059365,0.8930161939029693,0));
#14929=DIRECTION('',(0,0,-1));
#14930=FACE_BOUND('',#14931,.T.);
#14931=EDGE_LOOP('',(#14932,#14933,#14934));
#14932=ORIENTED_EDGE('',*,*,#14935,.T.);
#14933=ORIENTED_EDGE('',*,*,#14936,.T.);
#14934=ORIENTED_EDGE('',*,*,#14937,.T.);
#14935=EDGE_CURVE('',#285,#691,#14938,.F.);
#14936=EDGE_CURVE('',#691,#291,#14939,.T.);
#14937=EDGE_CURVE('',#291,#285,#14940,.T.);
#14938=LINE('',#284,#14941);
#14939=LINE('',#690,#14942);
#14940=LINE('',#290,#14943);
#14941=VECTOR('',#14944,1.0);
#14942=VECTOR('',#14945,1.0);
#14943=VECTOR('',#14946,1.0);
#14944=DIRECTION('',(0,0,-1));
#14945=DIRECTION('',(-0.7500609735313823,-0.3779840043706076,0.542712288809748));
#14946=DIRECTION('',(0.8930161939029693,0.4500245298059365,0));
#14947=FACE_SURFACE('',(#14952),#14948,.T.);
#14948=PLANE('',#14949);
#14949=AXIS2_PLACEMENT_3D('',#290,#14950,#14951);
#14950=DIRECTION('',(-0.4500245298059365,0.8930161939029693,0));
#14951=DIRECTION('',(0.7500609735313823,0.3779840043706076,-0.542712288809748));
#14952=FACE_BOUND('',#14953,.T.);
#14953=EDGE_LOOP('',(#14954,#14955,#14956));
#14954=ORIENTED_EDGE('',*,*,#14957,.T.);
#14955=ORIENTED_EDGE('',*,*,#14958,.T.);
#14956=ORIENTED_EDGE('',*,*,#14959,.T.);
#14957=EDGE_CURVE('',#291,#691,#14960,.F.);
#14958=EDGE_CURVE('',#691,#693,#14961,.T.);
#14959=EDGE_CURVE('',#693,#291,#14962,.T.);
#14960=LINE('',#290,#14963);
#14961=LINE('',#690,#14964);
#14962=LINE('',#692,#14965);
#14963=VECTOR('',#14966,1.0);
#14964=VECTOR('',#14967,1.0);
#14965=VECTOR('',#14968,1.0);
#14966=DIRECTION('',(0.7500609735313823,0.3779840043706076,-0.542712288809748));
#14967=DIRECTION('',(-0.8930161939029693,-0.4500245298059365,0));
#14968=DIRECTION('',(0,0,1));
#14969=FACE_SURFACE('',(#14974),#14970,.T.);
#14970=PLANE('',#14971);
#14971=AXIS2_PLACEMENT_3D('',#290,#14972,#14973);
#14972=DIRECTION('',(-0.4056197129148151,0.9140419292871105,0));
#14973=DIRECTION('',(0,0,-1));
#14974=FACE_BOUND('',#14975,.T.);
#14975=EDGE_LOOP('',(#14976,#14977,#14978));
#14976=ORIENTED_EDGE('',*,*,#14979,.T.);
#14977=ORIENTED_EDGE('',*,*,#14980,.T.);
#14978=ORIENTED_EDGE('',*,*,#14981,.T.);
#14979=EDGE_CURVE('',#291,#693,#14982,.F.);
#14980=EDGE_CURVE('',#693,#299,#14983,.T.);
#14981=EDGE_CURVE('',#299,#291,#14984,.T.);
#14982=LINE('',#290,#14985);
#14983=LINE('',#692,#14986);
#14984=LINE('',#298,#14987);
#14985=VECTOR('',#14988,1.0);
#14986=VECTOR('',#14989,1.0);
#14987=VECTOR('',#14990,1.0);
#14988=DIRECTION('',(0,0,-1));
#14989=DIRECTION('',(-0.7677210703617844,-0.34068765357588593,0.5427119685648303));
#14990=DIRECTION('',(0.9140419292871105,0.4056197129148151,0));
#14991=FACE_SURFACE('',(#14996),#14992,.T.);
#14992=PLANE('',#14993);
#14993=AXIS2_PLACEMENT_3D('',#298,#14994,#14995);
#14994=DIRECTION('',(-0.4056197129148151,0.9140419292871105,0));
#14995=DIRECTION('',(0.7677210703617844,0.34068765357588593,-0.5427119685648303));
#14996=FACE_BOUND('',#14997,.T.);
#14997=EDGE_LOOP('',(#14998,#14999,#15000));
#14998=ORIENTED_EDGE('',*,*,#15001,.T.);
#14999=ORIENTED_EDGE('',*,*,#15002,.T.);
#15000=ORIENTED_EDGE('',*,*,#15003,.T.);
#15001=EDGE_CURVE('',#299,#693,#15004,.F.);
#15002=EDGE_CURVE('',#693,#697,#15005,.T.);
#15003=EDGE_CURVE('',#697,#299,#15006,.T.);
#15004=LINE('',#298,#15007);
#15005=LINE('',#692,#15008);
#15006=LINE('',#696,#15009);
#15007=VECTOR('',#15010,1.0);
#15008=VECTOR('',#15011,1.0);
#15009=VECTOR('',#15012,1.0);
#15010=DIRECTION('',(0.7677210703617844,0.34068765357588593,-0.5427119685648303));
#15011=DIRECTION('',(-0.9140419292871105,-0.4056197129148151,0));
#15012=DIRECTION('',(0,0,1));
#15013=FACE_SURFACE('',(#15018),#15014,.T.);
#15014=PLANE('',#15015);
#15015=AXIS2_PLACEMENT_3D('',#298,#15016,#15017);
#15016=DIRECTION('',(-0.36023686105082475,0.9328608706234004,0));
#15017=DIRECTION('',(0,0,-1));
#15018=FACE_BOUND('',#15019,.T.);
#15019=EDGE_LOOP('',(#15020,#15021,#15022));
#15020=ORIENTED_EDGE('',*,*,#15023,.T.);
#15021=ORIENTED_EDGE('',*,*,#15024,.T.);
#15022=ORIENTED_EDGE('',*,*,#15025,.T.);
#15023=EDGE_CURVE('',#299,#697,#15026,.F.);
#15024=EDGE_CURVE('',#697,#301,#15027,.T.);
#15025=EDGE_CURVE('',#301,#299,#15028,.T.);
#15026=LINE('',#298,#15029);
#15027=LINE('',#696,#15030);
#15028=LINE('',#300,#15031);
#15029=VECTOR('',#15032,1.0);
#15030=VECTOR('',#15033,1.0);
#15031=VECTOR('',#15034,1.0);
#15032=DIRECTION('',(0,0,-1));
#15033=DIRECTION('',(-0.7835273661791516,-0.3025697055458824,0.5427121149691054));
#15034=DIRECTION('',(0.9328608706234004,0.36023686105082475,0));
#15035=FACE_SURFACE('',(#15040),#15036,.T.);
#15036=PLANE('',#15037);
#15037=AXIS2_PLACEMENT_3D('',#300,#15038,#15039);
#15038=DIRECTION('',(-0.36023686105082475,0.9328608706234004,0));
#15039=DIRECTION('',(0.7835273661791516,0.3025697055458824,-0.5427121149691054));
#15040=FACE_BOUND('',#15041,.T.);
#15041=EDGE_LOOP('',(#15042,#15043,#15044));
#15042=ORIENTED_EDGE('',*,*,#15045,.T.);
#15043=ORIENTED_EDGE('',*,*,#15046,.T.);
#15044=ORIENTED_EDGE('',*,*,#15047,.T.);
#15045=EDGE_CURVE('',#301,#697,#15048,.F.);
#15046=EDGE_CURVE('',#697,#699,#15049,.T.);
#15047=EDGE_CURVE('',#699,#301,#15050,.T.);
#15048=LINE('',#300,#15051);
#15049=LINE('',#696,#15052);
#15050=LINE('',#698,#15053);
#15051=VECTOR('',#15054,1.0);
#15052=VECTOR('',#15055,1.0);
#15053=VECTOR('',#15056,1.0);
#15054=DIRECTION('',(0.7835273661791516,0.3025697055458824,-0.5427121149691054));
#15055=DIRECTION('',(-0.9328608706234004,-0.36023686105082475,0));
#15056=DIRECTION('',(0,0,1));
#15057=FACE_SURFACE('',(#15062),#15058,.T.);
#15058=PLANE('',#15059);
#15059=AXIS2_PLACEMENT_3D('',#300,#15060,#15061);
#15060=DIRECTION('',(-0.31398244149498394,0.9494287895534077,0));
#15061=DIRECTION('',(0,0,-1));
#15062=FACE_BOUND('',#15063,.T.);
#15063=EDGE_LOOP('',(#15064,#15065,#15066));
#15064=ORIENTED_EDGE('',*,*,#15067,.T.);
#15065=ORIENTED_EDGE('',*,*,#15068,.T.);
#15066=ORIENTED_EDGE('',*,*,#15069,.T.);
#15067=EDGE_CURVE('',#301,#699,#15070,.F.);
#15068=EDGE_CURVE('',#699,#303,#15071,.T.);
#15069=EDGE_CURVE('',#303,#301,#15072,.T.);
#15070=LINE('',#300,#15073);
#15071=LINE('',#698,#15074);
#15072=LINE('',#302,#15075);
#15073=VECTOR('',#15076,1.0);
#15074=VECTOR('',#15077,1.0);
#15075=VECTOR('',#15078,1.0);
#15076=DIRECTION('',(0,0,-1));
#15077=DIRECTION('',(-0.7974431356667298,-0.2637197707137475,0.5427120119480516));
#15078=DIRECTION('',(0.9494287895534077,0.31398244149498394,0));
#15079=FACE_SURFACE('',(#15084),#15080,.T.);
#15080=PLANE('',#15081);
#15081=AXIS2_PLACEMENT_3D('',#302,#15082,#15083);
#15082=DIRECTION('',(-0.31398244149498394,0.9494287895534077,0));
#15083=DIRECTION('',(0.7974431356667298,0.2637197707137475,-0.5427120119480516));
#15084=FACE_BOUND('',#15085,.T.);
#15085=EDGE_LOOP('',(#15086,#15087,#15088));
#15086=ORIENTED_EDGE('',*,*,#15089,.T.);
#15087=ORIENTED_EDGE('',*,*,#15090,.T.);
#15088=ORIENTED_EDGE('',*,*,#15091,.T.);
#15089=EDGE_CURVE('',#303,#699,#15092,.F.);
#15090=EDGE_CURVE('',#699,#411,#15093,.T.);
#15091=EDGE_CURVE('',#411,#303,#15094,.T.);
#15092=LINE('',#302,#15095);
#15093=LINE('',#698,#15096);
#15094=LINE('',#410,#15097);
#15095=VECTOR('',#15098,1.0);
#15096=VECTOR('',#15099,1.0);
#15097=VECTOR('',#15100,1.0);
#15098=DIRECTION('',(0.7974431356667298,0.2637197707137475,-0.5427120119480516));
#15099=DIRECTION('',(-0.9494287895534077,-0.31398244149498394,0));
#15100=DIRECTION('',(0,0,1));
#15101=FACE_SURFACE('',(#15106),#15102,.T.);
#15102=PLANE('',#15103);
#15103=AXIS2_PLACEMENT_3D('',#302,#15104,#15105);
#15104=DIRECTION('',(-0.26697143746518986,0.963704442024509,0));
#15105=DIRECTION('',(0,0,-1));
#15106=FACE_BOUND('',#15107,.T.);
#15107=EDGE_LOOP('',(#15108,#15109,#15110));
#15108=ORIENTED_EDGE('',*,*,#15111,.T.);
#15109=ORIENTED_EDGE('',*,*,#15112,.T.);
#15110=ORIENTED_EDGE('',*,*,#15113,.T.);
#15111=EDGE_CURVE('',#303,#411,#15114,.F.);
#15112=EDGE_CURVE('',#411,#307,#15115,.T.);
#15113=EDGE_CURVE('',#307,#303,#15116,.T.);
#15114=LINE('',#302,#15117);
#15115=LINE('',#410,#15118);
#15116=LINE('',#306,#15119);
#15117=VECTOR('',#15120,1.0);
#15118=VECTOR('',#15121,1.0);
#15119=VECTOR('',#15122,1.0);
#15120=DIRECTION('',(0,0,-1));
#15121=DIRECTION('',(-0.8094334980265938,-0.22423433479944563,0.5427120556699309));
#15122=DIRECTION('',(0.963704442024509,0.26697143746518986,0));
#15123=FACE_SURFACE('',(#15128),#15124,.T.);
#15124=PLANE('',#15125);
#15125=AXIS2_PLACEMENT_3D('',#306,#15126,#15127);
#15126=DIRECTION('',(-0.26697143746518986,0.963704442024509,0));
#15127=DIRECTION('',(0.8094334980265938,0.22423433479944563,-0.5427120556699309));
#15128=FACE_BOUND('',#15129,.T.);
#15129=EDGE_LOOP('',(#15130,#15131,#15132));
#15130=ORIENTED_EDGE('',*,*,#15133,.T.);
#15131=ORIENTED_EDGE('',*,*,#15134,.T.);
#15132=ORIENTED_EDGE('',*,*,#15135,.T.);
#15133=EDGE_CURVE('',#307,#411,#15136,.F.);
#15134=EDGE_CURVE('',#411,#409,#15137,.T.);
#15135=EDGE_CURVE('',#409,#307,#15138,.T.);
#15136=LINE('',#306,#15139);
#15137=LINE('',#410,#15140);
#15138=LINE('',#408,#15141);
#15139=VECTOR('',#15142,1.0);
#15140=VECTOR('',#15143,1.0);
#15141=VECTOR('',#15144,1.0);
#15142=DIRECTION('',(0.8094334980265938,0.22423433479944563,-0.5427120556699309));
#15143=DIRECTION('',(-0.963704442024509,-0.26697143746518986,0));
#15144=DIRECTION('',(0,0,1));
#15145=FACE_SURFACE('',(#15150),#15146,.T.);
#15146=PLANE('',#15147);
#15147=AXIS2_PLACEMENT_3D('',#306,#15148,#15149);
#15148=DIRECTION('',(-0.21931469382970104,0.9756541728862663,0));
#15149=DIRECTION('',(0,0,-1));
#15150=FACE_BOUND('',#15151,.T.);
#15151=EDGE_LOOP('',(#15152,#15153,#15154));
#15152=ORIENTED_EDGE('',*,*,#15155,.T.);
#15153=ORIENTED_EDGE('',*,*,#15156,.T.);
#15154=ORIENTED_EDGE('',*,*,#15157,.T.);
#15155=EDGE_CURVE('',#307,#409,#15158,.F.);
#15156=EDGE_CURVE('',#409,#57,#15159,.T.);
#15157=EDGE_CURVE('',#57,#307,#15160,.T.);
#15158=LINE('',#306,#15161);
#15159=LINE('',#408,#15162);
#15160=LINE('',#56,#15163);
#15161=VECTOR('',#15164,1.0);
#15162=VECTOR('',#15165,1.0);
#15163=VECTOR('',#15166,1.0);
#15164=DIRECTION('',(0,0,-1));
#15165=DIRECTION('',(-0.8194702033364365,-0.18420651675749447,0.5427122119759333));
#15166=DIRECTION('',(0.9756541728862663,0.21931469382970104,0));
#15167=FACE_SURFACE('',(#15172),#15168,.T.);
#15168=PLANE('',#15169);
#15169=AXIS2_PLACEMENT_3D('',#56,#15170,#15171);
#15170=DIRECTION('',(-0.21931469382970104,0.9756541728862663,0));
#15171=DIRECTION('',(0.8194702033364365,0.18420651675749447,-0.5427122119759333));
#15172=FACE_BOUND('',#15173,.T.);
#15173=EDGE_LOOP('',(#15174,#15175,#15176));
#15174=ORIENTED_EDGE('',*,*,#15177,.T.);
#15175=ORIENTED_EDGE('',*,*,#15178,.T.);
#15176=ORIENTED_EDGE('',*,*,#15179,.T.);
#15177=EDGE_CURVE('',#57,#409,#15180,.F.);
#15178=EDGE_CURVE('',#409,#407,#15181,.T.);
#15179=EDGE_CURVE('',#407,#57,#15182,.T.);
#15180=LINE('',#56,#15183);
#15181=LINE('',#408,#15184);
#15182=LINE('',#406,#15185);
#15183=VECTOR('',#15186,1.0);
#15184=VECTOR('',#15187,1.0);
#15185=VECTOR('',#15188,1.0);
#15186=DIRECTION('',(0.8194702033364365,0.18420651675749447,-0.5427122119759333));
#15187=DIRECTION('',(-0.9756541728862663,-0.21931469382970104,0));
#15188=DIRECTION('',(0,0,1));
#15189=FACE_SURFACE('',(#15194),#15190,.T.);
#15190=PLANE('',#15191);
#15191=AXIS2_PLACEMENT_3D('',#56,#15192,#15193);
#15192=DIRECTION('',(-0.17113026704228365,0.9852484111644315,0));
#15193=DIRECTION('',(0,0,-1));
#15194=FACE_BOUND('',#15195,.T.);
#15195=EDGE_LOOP('',(#15196,#15197,#15198));
#15196=ORIENTED_EDGE('',*,*,#15199,.T.);
#15197=ORIENTED_EDGE('',*,*,#15200,.T.);
#15198=ORIENTED_EDGE('',*,*,#15201,.T.);
#15199=EDGE_CURVE('',#57,#407,#15202,.F.);
#15200=EDGE_CURVE('',#407,#59,#15203,.T.);
#15201=EDGE_CURVE('',#59,#57,#15204,.T.);
#15202=LINE('',#56,#15205);
#15203=LINE('',#406,#15206);
#15204=LINE('',#58,#15207);
#15205=VECTOR('',#15208,1.0);
#15206=VECTOR('',#15209,1.0);
#15207=VECTOR('',#15210,1.0);
#15208=DIRECTION('',(0,0,-1));
#15209=DIRECTION('',(-0.8275287174484282,-0.14373553795914049,0.5427120018257896));
#15210=DIRECTION('',(0.9852484111644315,0.17113026704228365,0));
#15211=FACE_SURFACE('',(#15216),#15212,.T.);
#15212=PLANE('',#15213);
#15213=AXIS2_PLACEMENT_3D('',#58,#15214,#15215);
#15214=DIRECTION('',(-0.17113026704228365,0.9852484111644315,0));
#15215=DIRECTION('',(0.8275287174484282,0.14373553795914049,-0.5427120018257896));
#15216=FACE_BOUND('',#15217,.T.);
#15217=EDGE_LOOP('',(#15218,#15219,#15220));
#15218=ORIENTED_EDGE('',*,*,#15221,.T.);
#15219=ORIENTED_EDGE('',*,*,#15222,.T.);
#15220=ORIENTED_EDGE('',*,*,#15223,.T.);
#15221=EDGE_CURVE('',#59,#407,#15224,.F.);
#15222=EDGE_CURVE('',#407,#755,#15225,.T.);
#15223=EDGE_CURVE('',#755,#59,#15226,.T.);
#15224=LINE('',#58,#15227);
#15225=LINE('',#406,#15228);
#15226=LINE('',#754,#15229);
#15227=VECTOR('',#15230,1.0);
#15228=VECTOR('',#15231,1.0);
#15229=VECTOR('',#15232,1.0);
#15230=DIRECTION('',(0.8275287174484282,0.14373553795914049,-0.5427120018257896));
#15231=DIRECTION('',(-0.9852484111644315,-0.17113026704228365,0));
#15232=DIRECTION('',(0,0,1));
#15233=FACE_SURFACE('',(#15238),#15234,.T.);
#15234=PLANE('',#15235);
#15235=AXIS2_PLACEMENT_3D('',#58,#15236,#15237);
#15236=DIRECTION('',(-0.12253189979573359,0.992464575454685,0));
#15237=DIRECTION('',(0,0,-1));
#15238=FACE_BOUND('',#15239,.T.);
#15239=EDGE_LOOP('',(#15240,#15241,#15242));
#15240=ORIENTED_EDGE('',*,*,#15243,.T.);
#15241=ORIENTED_EDGE('',*,*,#15244,.T.);
#15242=ORIENTED_EDGE('',*,*,#15245,.T.);
#15243=EDGE_CURVE('',#59,#755,#15246,.F.);
#15244=EDGE_CURVE('',#755,#61,#15247,.T.);
#15245=EDGE_CURVE('',#61,#59,#15248,.T.);
#15246=LINE('',#58,#15249);
#15247=LINE('',#754,#15250);
#15248=LINE('',#60,#15251);
#15249=VECTOR('',#15252,1.0);
#15250=VECTOR('',#15253,1.0);
#15251=VECTOR('',#15254,1.0);
#15252=DIRECTION('',(0,0,-1));
#15253=DIRECTION('',(-0.8335896386413677,-0.10291684418657572,0.5427121129405813));
#15254=DIRECTION('',(0.992464575454685,0.12253189979573359,0));
#15255=FACE_SURFACE('',(#15260),#15256,.T.);
#15256=PLANE('',#15257);
#15257=AXIS2_PLACEMENT_3D('',#60,#15258,#15259);
#15258=DIRECTION('',(-0.12253189979573359,0.992464575454685,0));
#15259=DIRECTION('',(0.8335896386413677,0.10291684418657572,-0.5427121129405813));
#15260=FACE_BOUND('',#15261,.T.);
#15261=EDGE_LOOP('',(#15262,#15263,#15264));
#15262=ORIENTED_EDGE('',*,*,#15265,.T.);
#15263=ORIENTED_EDGE('',*,*,#15266,.T.);
#15264=ORIENTED_EDGE('',*,*,#15267,.T.);
#15265=EDGE_CURVE('',#61,#755,#15268,.F.);
#15266=EDGE_CURVE('',#755,#417,#15269,.T.);
#15267=EDGE_CURVE('',#417,#61,#15270,.T.);
#15268=LINE('',#60,#15271);
#15269=LINE('',#754,#15272);
#15270=LINE('',#416,#15273);
#15271=VECTOR('',#15274,1.0);
#15272=VECTOR('',#15275,1.0);
#15273=VECTOR('',#15276,1.0);
#15274=DIRECTION('',(0.8335896386413677,0.10291684418657572,-0.5427121129405813));
#15275=DIRECTION('',(-0.992464575454685,-0.12253189979573359,0));
#15276=DIRECTION('',(0,0,1));
#15277=FACE_SURFACE('',(#15282),#15278,.T.);
#15278=PLANE('',#15279);
#15279=AXIS2_PLACEMENT_3D('',#60,#15280,#15281);
#15280=DIRECTION('',(-0.07363647297698887,0.997285149717727,0));
#15281=DIRECTION('',(0,0,-1));
#15282=FACE_BOUND('',#15283,.T.);
#15283=EDGE_LOOP('',(#15284,#15285,#15286));
#15284=ORIENTED_EDGE('',*,*,#15287,.T.);
#15285=ORIENTED_EDGE('',*,*,#15288,.T.);
#15286=ORIENTED_EDGE('',*,*,#15289,.T.);
#15287=EDGE_CURVE('',#61,#417,#15290,.F.);
#15288=EDGE_CURVE('',#417,#309,#15291,.T.);
#15289=EDGE_CURVE('',#309,#61,#15292,.T.);
#15290=LINE('',#60,#15293);
#15291=LINE('',#416,#15294);
#15292=LINE('',#308,#15295);
#15293=VECTOR('',#15296,1.0);
#15294=VECTOR('',#15297,1.0);
#15295=VECTOR('',#15298,1.0);
#15296=DIRECTION('',(0,0,-1));
#15297=DIRECTION('',(-0.8376385102387125,-0.06184865536314901,0.5427121428481593));
#15298=DIRECTION('',(0.997285149717727,0.07363647297698887,0));
#15299=FACE_SURFACE('',(#15304),#15300,.T.);
#15300=PLANE('',#15301);
#15301=AXIS2_PLACEMENT_3D('',#308,#15302,#15303);
#15302=DIRECTION('',(-0.07363647297698887,0.997285149717727,0));
#15303=DIRECTION('',(0.8376385102387125,0.06184865536314901,-0.5427121428481593));
#15304=FACE_BOUND('',#15305,.T.);
#15305=EDGE_LOOP('',(#15306,#15307,#15308));
#15306=ORIENTED_EDGE('',*,*,#15309,.T.);
#15307=ORIENTED_EDGE('',*,*,#15310,.T.);
#15308=ORIENTED_EDGE('',*,*,#15311,.T.);
#15309=EDGE_CURVE('',#309,#417,#15312,.F.);
#15310=EDGE_CURVE('',#417,#415,#15313,.T.);
#15311=EDGE_CURVE('',#415,#309,#15314,.T.);
#15312=LINE('',#308,#15315);
#15313=LINE('',#416,#15316);
#15314=LINE('',#414,#15317);
#15315=VECTOR('',#15318,1.0);
#15316=VECTOR('',#15319,1.0);
#15317=VECTOR('',#15320,1.0);
#15318=DIRECTION('',(0.8376385102387125,0.06184865536314901,-0.5427121428481593));
#15319=DIRECTION('',(-0.997285149717727,-0.07363647297698887,0));
#15320=DIRECTION('',(0,0,1));
#15321=FACE_SURFACE('',(#15326),#15322,.T.);
#15322=PLANE('',#15323);
#15323=AXIS2_PLACEMENT_3D('',#308,#15324,#15325);
#15324=DIRECTION('',(-0.02456602894454541,0.9996982095722168,0));
#15325=DIRECTION('',(0,0,-1));
#15326=FACE_BOUND('',#15327,.T.);
#15327=EDGE_LOOP('',(#15328,#15329,#15330));
#15328=ORIENTED_EDGE('',*,*,#15331,.T.);
#15329=ORIENTED_EDGE('',*,*,#15332,.T.);
#15330=ORIENTED_EDGE('',*,*,#15333,.T.);
#15331=EDGE_CURVE('',#309,#415,#15334,.F.);
#15332=EDGE_CURVE('',#415,#117,#15335,.T.);
#15333=EDGE_CURVE('',#117,#309,#15336,.T.);
#15334=LINE('',#308,#15337);
#15335=LINE('',#414,#15338);
#15336=LINE('',#116,#15339);
#15337=VECTOR('',#15340,1.0);
#15338=VECTOR('',#15341,1.0);
#15339=VECTOR('',#15342,1.0);
#15340=DIRECTION('',(0,0,-1));
#15341=DIRECTION('',(-0.8396653101743811,-0.02063346929700034,0.5427121030846191));
#15342=DIRECTION('',(0.9996982095722168,0.02456602894454541,0));
#15343=FACE_SURFACE('',(#15348),#15344,.T.);
#15344=PLANE('',#15345);
#15345=AXIS2_PLACEMENT_3D('',#116,#15346,#15347);
#15346=DIRECTION('',(-0.02456602894454541,0.9996982095722168,0));
#15347=DIRECTION('',(0.8396653101743811,0.02063346929700034,-0.5427121030846191));
#15348=FACE_BOUND('',#15349,.T.);
#15349=EDGE_LOOP('',(#15350,#15351,#15352));
#15350=ORIENTED_EDGE('',*,*,#15353,.T.);
#15351=ORIENTED_EDGE('',*,*,#15354,.T.);
#15352=ORIENTED_EDGE('',*,*,#15355,.T.);
#15353=EDGE_CURVE('',#117,#415,#15356,.F.);
#15354=EDGE_CURVE('',#415,#413,#15357,.T.);
#15355=EDGE_CURVE('',#413,#117,#15358,.T.);
#15356=LINE('',#116,#15359);
#15357=LINE('',#414,#15360);
#15358=LINE('',#412,#15361);
#15359=VECTOR('',#15362,1.0);
#15360=VECTOR('',#15363,1.0);
#15361=VECTOR('',#15364,1.0);
#15362=DIRECTION('',(0.8396653101743811,0.02063346929700034,-0.5427121030846191));
#15363=DIRECTION('',(-0.9996982095722168,-0.02456602894454541,0));
#15364=DIRECTION('',(0,0,1));
#15365=FACE_SURFACE('',(#15370),#15366,.T.);
#15366=PLANE('',#15367);
#15367=AXIS2_PLACEMENT_3D('',#116,#15368,#15369);
#15368=DIRECTION('',(0.024566028369457923,0.9996982095863487,0));
#15369=DIRECTION('',(0,0,-1));
#15370=FACE_BOUND('',#15371,.T.);
#15371=EDGE_LOOP('',(#15372,#15373,#15374));
#15372=ORIENTED_EDGE('',*,*,#15375,.T.);
#15373=ORIENTED_EDGE('',*,*,#15376,.T.);
#15374=ORIENTED_EDGE('',*,*,#15377,.T.);
#15375=EDGE_CURVE('',#117,#413,#15378,.F.);
#15376=EDGE_CURVE('',#413,#119,#15379,.T.);
#15377=EDGE_CURVE('',#119,#117,#15380,.T.);
#15378=LINE('',#116,#15381);
#15379=LINE('',#412,#15382);
#15380=LINE('',#118,#15383);
#15381=VECTOR('',#15384,1.0);
#15382=VECTOR('',#15385,1.0);
#15383=VECTOR('',#15386,1.0);
#15384=DIRECTION('',(0,0,-1));
#15385=DIRECTION('',(-0.8396653159757923,0.02063346895624253,0.5427120941218323));
#15386=DIRECTION('',(0.9996982095863487,-0.024566028369457923,0));
#15387=FACE_SURFACE('',(#15392),#15388,.T.);
#15388=PLANE('',#15389);
#15389=AXIS2_PLACEMENT_3D('',#118,#15390,#15391);
#15390=DIRECTION('',(0.024566028369457923,0.9996982095863487,0));
#15391=DIRECTION('',(0.8396653159757923,-0.02063346895624253,-0.5427120941218323));
#15392=FACE_BOUND('',#15393,.T.);
#15393=EDGE_LOOP('',(#15394,#15395,#15396));
#15394=ORIENTED_EDGE('',*,*,#15397,.T.);
#15395=ORIENTED_EDGE('',*,*,#15398,.T.);
#15396=ORIENTED_EDGE('',*,*,#15399,.T.);
#15397=EDGE_CURVE('',#119,#413,#15400,.F.);
#15398=EDGE_CURVE('',#413,#753,#15401,.T.);
#15399=EDGE_CURVE('',#753,#119,#15402,.T.);
#15400=LINE('',#118,#15403);
#15401=LINE('',#412,#15404);
#15402=LINE('',#752,#15405);
#15403=VECTOR('',#15406,1.0);
#15404=VECTOR('',#15407,1.0);
#15405=VECTOR('',#15408,1.0);
#15406=DIRECTION('',(0.8396653159757923,-0.02063346895624253,-0.5427120941218323));
#15407=DIRECTION('',(-0.9996982095863487,0.024566028369457923,0));
#15408=DIRECTION('',(0,0,1));
#15409=FACE_SURFACE('',(#15414),#15410,.T.);
#15410=PLANE('',#15411);
#15411=AXIS2_PLACEMENT_3D('',#118,#15412,#15413);
#15412=DIRECTION('',(0.07363769872439452,0.9972850592115452,0));
#15413=DIRECTION('',(0,0,-1));
#15414=FACE_BOUND('',#15415,.T.);
#15415=EDGE_LOOP('',(#15416,#15417,#15418));
#15416=ORIENTED_EDGE('',*,*,#15419,.T.);
#15417=ORIENTED_EDGE('',*,*,#15420,.T.);
#15418=ORIENTED_EDGE('',*,*,#15421,.T.);
#15419=EDGE_CURVE('',#119,#753,#15422,.F.);
#15420=EDGE_CURVE('',#753,#121,#15423,.T.);
#15421=EDGE_CURVE('',#121,#119,#15424,.T.);
#15422=LINE('',#118,#15425);
#15423=LINE('',#752,#15426);
#15424=LINE('',#120,#15427);
#15425=VECTOR('',#15428,1.0);
#15426=VECTOR('',#15429,1.0);
#15427=VECTOR('',#15430,1.0);
#15428=DIRECTION('',(0,0,-1));
#15429=DIRECTION('',(-0.8376384566108963,0.06184968654463315,0.5427121081023034));
#15430=DIRECTION('',(0.9972850592115452,-0.07363769872439452,0));
#15431=FACE_SURFACE('',(#15436),#15432,.T.);
#15432=PLANE('',#15433);
#15433=AXIS2_PLACEMENT_3D('',#120,#15434,#15435);
#15434=DIRECTION('',(0.07363769872439452,0.9972850592115452,0));
#15435=DIRECTION('',(0.8376384566108963,-0.06184968654463315,-0.5427121081023034));
#15436=FACE_BOUND('',#15437,.T.);
#15437=EDGE_LOOP('',(#15438,#15439,#15440));
#15438=ORIENTED_EDGE('',*,*,#15441,.T.);
#15439=ORIENTED_EDGE('',*,*,#15442,.T.);
#15440=ORIENTED_EDGE('',*,*,#15443,.T.);
#15441=EDGE_CURVE('',#121,#753,#15444,.F.);
#15442=EDGE_CURVE('',#753,#423,#15445,.T.);
#15443=EDGE_CURVE('',#423,#121,#15446,.T.);
#15444=LINE('',#120,#15447);
#15445=LINE('',#752,#15448);
#15446=LINE('',#422,#15449);
#15447=VECTOR('',#15450,1.0);
#15448=VECTOR('',#15451,1.0);
#15449=VECTOR('',#15452,1.0);
#15450=DIRECTION('',(0.8376384566108963,-0.06184968654463315,-0.5427121081023034));
#15451=DIRECTION('',(-0.9972850592115452,0.07363769872439452,0));
#15452=DIRECTION('',(0,0,1));
#15453=FACE_SURFACE('',(#15458),#15454,.T.);
#15454=PLANE('',#15455);
#15455=AXIS2_PLACEMENT_3D('',#120,#15456,#15457);
#15456=DIRECTION('',(0.12253066713505135,0.9924647276409572,0));
#15457=DIRECTION('',(0,0,-1));
#15458=FACE_BOUND('',#15459,.T.);
#15459=EDGE_LOOP('',(#15460,#15461,#15462));
#15460=ORIENTED_EDGE('',*,*,#15463,.T.);
#15461=ORIENTED_EDGE('',*,*,#15464,.T.);
#15462=ORIENTED_EDGE('',*,*,#15465,.T.);
#15463=EDGE_CURVE('',#121,#423,#15466,.F.);
#15464=EDGE_CURVE('',#423,#311,#15467,.T.);
#15465=EDGE_CURVE('',#311,#121,#15468,.T.);
#15466=LINE('',#120,#15469);
#15467=LINE('',#422,#15470);
#15468=LINE('',#310,#15471);
#15469=VECTOR('',#15472,1.0);
#15470=VECTOR('',#15473,1.0);
#15471=VECTOR('',#15474,1.0);
#15472=DIRECTION('',(0,0,-1));
#15473=DIRECTION('',(-0.833589766927469,0.1029158089087534,0.5427121122201576));
#15474=DIRECTION('',(0.9924647276409572,-0.12253066713505135,0));
#15475=FACE_SURFACE('',(#15480),#15476,.T.);
#15476=PLANE('',#15477);
#15477=AXIS2_PLACEMENT_3D('',#310,#15478,#15479);
#15478=DIRECTION('',(0.12253066713505135,0.9924647276409572,0));
#15479=DIRECTION('',(0.833589766927469,-0.1029158089087534,-0.5427121122201576));
#15480=FACE_BOUND('',#15481,.T.);
#15481=EDGE_LOOP('',(#15482,#15483,#15484));
#15482=ORIENTED_EDGE('',*,*,#15485,.T.);
#15483=ORIENTED_EDGE('',*,*,#15486,.T.);
#15484=ORIENTED_EDGE('',*,*,#15487,.T.);
#15485=EDGE_CURVE('',#311,#423,#15488,.F.);
#15486=EDGE_CURVE('',#423,#421,#15489,.T.);
#15487=EDGE_CURVE('',#421,#311,#15490,.T.);
#15488=LINE('',#310,#15491);
#15489=LINE('',#422,#15492);
#15490=LINE('',#420,#15493);
#15491=VECTOR('',#15494,1.0);
#15492=VECTOR('',#15495,1.0);
#15493=VECTOR('',#15496,1.0);
#15494=DIRECTION('',(0.833589766927469,-0.1029158089087534,-0.5427121122201576));
#15495=DIRECTION('',(-0.9924647276409572,0.12253066713505135,0));
#15496=DIRECTION('',(0,0,1));
#15497=FACE_SURFACE('',(#15502),#15498,.T.);
#15498=PLANE('',#15499);
#15499=AXIS2_PLACEMENT_3D('',#310,#15500,#15501);
#15500=DIRECTION('',(0.17113031899100795,0.9852484021413258,0));
#15501=DIRECTION('',(0,0,-1));
#15502=FACE_BOUND('',#15503,.T.);
#15503=EDGE_LOOP('',(#15504,#15505,#15506));
#15504=ORIENTED_EDGE('',*,*,#15507,.T.);
#15505=ORIENTED_EDGE('',*,*,#15508,.T.);
#15506=ORIENTED_EDGE('',*,*,#15509,.T.);
#15507=EDGE_CURVE('',#311,#421,#15510,.F.);
#15508=EDGE_CURVE('',#421,#111,#15511,.T.);
#15509=EDGE_CURVE('',#111,#311,#15512,.T.);
#15510=LINE('',#310,#15513);
#15511=LINE('',#420,#15514);
#15512=LINE('',#110,#15515);
#15513=VECTOR('',#15516,1.0);
#15514=VECTOR('',#15517,1.0);
#15515=VECTOR('',#15518,1.0);
#15516=DIRECTION('',(0,0,-1));
#15517=DIRECTION('',(-0.8275286358802694,0.14373556874043084,0.5427121180487915));
#15518=DIRECTION('',(0.9852484021413258,-0.17113031899100795,0));
#15519=FACE_SURFACE('',(#15524),#15520,.T.);
#15520=PLANE('',#15521);
#15521=AXIS2_PLACEMENT_3D('',#110,#15522,#15523);
#15522=DIRECTION('',(0.17113031899100795,0.9852484021413258,0));
#15523=DIRECTION('',(0.8275286358802694,-0.14373556874043084,-0.5427121180487915));
#15524=FACE_BOUND('',#15525,.T.);
#15525=EDGE_LOOP('',(#15526,#15527,#15528));
#15526=ORIENTED_EDGE('',*,*,#15529,.T.);
#15527=ORIENTED_EDGE('',*,*,#15530,.T.);
#15528=ORIENTED_EDGE('',*,*,#15531,.T.);
#15529=EDGE_CURVE('',#111,#421,#15532,.F.);
#15530=EDGE_CURVE('',#421,#419,#15533,.T.);
#15531=EDGE_CURVE('',#419,#111,#15534,.T.);
#15532=LINE('',#110,#15535);
#15533=LINE('',#420,#15536);
#15534=LINE('',#418,#15537);
#15535=VECTOR('',#15538,1.0);
#15536=VECTOR('',#15539,1.0);
#15537=VECTOR('',#15540,1.0);
#15538=DIRECTION('',(0.8275286358802694,-0.14373556874043084,-0.5427121180487915));
#15539=DIRECTION('',(-0.9852484021413258,0.17113031899100795,0));
#15540=DIRECTION('',(0,0,1));
#15541=FACE_SURFACE('',(#15546),#15542,.T.);
#15542=PLANE('',#15543);
#15543=AXIS2_PLACEMENT_3D('',#110,#15544,#15545);
#15544=DIRECTION('',(0.21931580105335777,0.9756539239957599,0));
#15545=DIRECTION('',(0,0,-1));
#15546=FACE_BOUND('',#15547,.T.);
#15547=EDGE_LOOP('',(#15548,#15549,#15550));
#15548=ORIENTED_EDGE('',*,*,#15551,.T.);
#15549=ORIENTED_EDGE('',*,*,#15552,.T.);
#15550=ORIENTED_EDGE('',*,*,#15553,.T.);
#15551=EDGE_CURVE('',#111,#419,#15554,.F.);
#15552=EDGE_CURVE('',#419,#113,#15555,.T.);
#15553=EDGE_CURVE('',#113,#111,#15556,.T.);
#15554=LINE('',#110,#15557);
#15555=LINE('',#418,#15558);
#15556=LINE('',#112,#15559);
#15557=VECTOR('',#15560,1.0);
#15558=VECTOR('',#15561,1.0);
#15559=VECTOR('',#15562,1.0);
#15560=DIRECTION('',(0,0,-1));
#15561=DIRECTION('',(-0.8194701320825157,0.18420747770985121,0.5427119934002185));
#15562=DIRECTION('',(0.9756539239957599,-0.21931580105335777,0));
#15563=FACE_SURFACE('',(#15568),#15564,.T.);
#15564=PLANE('',#15565);
#15565=AXIS2_PLACEMENT_3D('',#112,#15566,#15567);
#15566=DIRECTION('',(0.21931580105335777,0.9756539239957599,0));
#15567=DIRECTION('',(0.8194701320825157,-0.18420747770985121,-0.5427119934002185));
#15568=FACE_BOUND('',#15569,.T.);
#15569=EDGE_LOOP('',(#15570,#15571,#15572));
#15570=ORIENTED_EDGE('',*,*,#15573,.T.);
#15571=ORIENTED_EDGE('',*,*,#15574,.T.);
#15572=ORIENTED_EDGE('',*,*,#15575,.T.);
#15573=EDGE_CURVE('',#113,#419,#15576,.F.);
#15574=EDGE_CURVE('',#419,#751,#15577,.T.);
#15575=EDGE_CURVE('',#751,#113,#15578,.T.);
#15576=LINE('',#112,#15579);
#15577=LINE('',#418,#15580);
#15578=LINE('',#750,#15581);
#15579=VECTOR('',#15582,1.0);
#15580=VECTOR('',#15583,1.0);
#15581=VECTOR('',#15584,1.0);
#15582=DIRECTION('',(0.8194701320825157,-0.18420747770985121,-0.5427119934002185));
#15583=DIRECTION('',(-0.9756539239957599,0.21931580105335777,0));
#15584=DIRECTION('',(0,0,1));
#15585=FACE_SURFACE('',(#15590),#15586,.T.);
#15586=PLANE('',#15587);
#15587=AXIS2_PLACEMENT_3D('',#112,#15588,#15589);
#15588=DIRECTION('',(0.2669703721446999,0.9637047371456262,0));
#15589=DIRECTION('',(0,0,-1));
#15590=FACE_BOUND('',#15591,.T.);
#15591=EDGE_LOOP('',(#15592,#15593,#15594));
#15592=ORIENTED_EDGE('',*,*,#15595,.T.);
#15593=ORIENTED_EDGE('',*,*,#15596,.T.);
#15594=ORIENTED_EDGE('',*,*,#15597,.T.);
#15595=EDGE_CURVE('',#113,#751,#15598,.F.);
#15596=EDGE_CURVE('',#751,#115,#15599,.T.);
#15597=EDGE_CURVE('',#115,#113,#15600,.T.);
#15598=LINE('',#112,#15601);
#15599=LINE('',#750,#15602);
#15600=LINE('',#114,#15603);
#15601=VECTOR('',#15604,1.0);
#15602=VECTOR('',#15605,1.0);
#15603=VECTOR('',#15606,1.0);
#15604=DIRECTION('',(0,0,-1));
#15605=DIRECTION('',(-0.809433596673576,0.22423339867604405,0.5427122953225485));
#15606=DIRECTION('',(0.9637047371456262,-0.2669703721446999,0));
#15607=FACE_SURFACE('',(#15612),#15608,.T.);
#15608=PLANE('',#15609);
#15609=AXIS2_PLACEMENT_3D('',#114,#15610,#15611);
#15610=DIRECTION('',(0.2669703721446999,0.9637047371456262,0));
#15611=DIRECTION('',(0.809433596673576,-0.22423339867604405,-0.5427122953225485));
#15612=FACE_BOUND('',#15613,.T.);
#15613=EDGE_LOOP('',(#15614,#15615,#15616));
#15614=ORIENTED_EDGE('',*,*,#15617,.T.);
#15615=ORIENTED_EDGE('',*,*,#15618,.T.);
#15616=ORIENTED_EDGE('',*,*,#15619,.T.);
#15617=EDGE_CURVE('',#115,#751,#15620,.F.);
#15618=EDGE_CURVE('',#751,#749,#15621,.T.);
#15619=EDGE_CURVE('',#749,#115,#15622,.T.);
#15620=LINE('',#114,#15623);
#15621=LINE('',#750,#15624);
#15622=LINE('',#748,#15625);
#15623=VECTOR('',#15626,1.0);
#15624=VECTOR('',#15627,1.0);
#15625=VECTOR('',#15628,1.0);
#15626=DIRECTION('',(0.809433596673576,-0.22423339867604405,-0.5427122953225485));
#15627=DIRECTION('',(-0.9637047371456262,0.2669703721446999,0));
#15628=DIRECTION('',(0,0,1));
#15629=FACE_SURFACE('',(#15634),#15630,.T.);
#15630=PLANE('',#15631);
#15631=AXIS2_PLACEMENT_3D('',#114,#15632,#15633);
#15632=DIRECTION('',(0.31398244149498394,0.9494287895534077,0));
#15633=DIRECTION('',(0,0,-1));
#15634=FACE_BOUND('',#15635,.T.);
#15635=EDGE_LOOP('',(#15636,#15637,#15638));
#15636=ORIENTED_EDGE('',*,*,#15639,.T.);
#15637=ORIENTED_EDGE('',*,*,#15640,.T.);
#15638=ORIENTED_EDGE('',*,*,#15641,.T.);
#15639=EDGE_CURVE('',#115,#749,#15642,.F.);
#15640=EDGE_CURVE('',#749,#167,#15643,.T.);
#15641=EDGE_CURVE('',#167,#115,#15644,.T.);
#15642=LINE('',#114,#15645);
#15643=LINE('',#748,#15646);
#15644=LINE('',#166,#15647);
#15645=VECTOR('',#15648,1.0);
#15646=VECTOR('',#15649,1.0);
#15647=VECTOR('',#15650,1.0);
#15648=DIRECTION('',(0,0,-1));
#15649=DIRECTION('',(-0.7974431356667298,0.2637197707137475,0.5427120119480516));
#15650=DIRECTION('',(0.9494287895534077,-0.31398244149498394,0));
#15651=FACE_SURFACE('',(#15656),#15652,.T.);
#15652=PLANE('',#15653);
#15653=AXIS2_PLACEMENT_3D('',#166,#15654,#15655);
#15654=DIRECTION('',(0.31398244149498394,0.9494287895534077,0));
#15655=DIRECTION('',(0.7974431356667298,-0.2637197707137475,-0.5427120119480516));
#15656=FACE_BOUND('',#15657,.T.);
#15657=EDGE_LOOP('',(#15658,#15659,#15660));
#15658=ORIENTED_EDGE('',*,*,#15661,.T.);
#15659=ORIENTED_EDGE('',*,*,#15662,.T.);
#15660=ORIENTED_EDGE('',*,*,#15663,.T.);
#15661=EDGE_CURVE('',#167,#749,#15664,.F.);
#15662=EDGE_CURVE('',#749,#599,#15665,.T.);
#15663=EDGE_CURVE('',#599,#167,#15666,.T.);
#15664=LINE('',#166,#15667);
#15665=LINE('',#748,#15668);
#15666=LINE('',#598,#15669);
#15667=VECTOR('',#15670,1.0);
#15668=VECTOR('',#15671,1.0);
#15669=VECTOR('',#15672,1.0);
#15670=DIRECTION('',(0.7974431356667298,-0.2637197707137475,-0.5427120119480516));
#15671=DIRECTION('',(-0.9494287895534077,0.31398244149498394,0));
#15672=DIRECTION('',(0,0,1));
#15673=FACE_SURFACE('',(#15678),#15674,.T.);
#15674=PLANE('',#15675);
#15675=AXIS2_PLACEMENT_3D('',#166,#15676,#15677);
#15676=DIRECTION('',(0.36023686105082475,0.9328608706234004,0));
#15677=DIRECTION('',(0,0,-1));
#15678=FACE_BOUND('',#15679,.T.);
#15679=EDGE_LOOP('',(#15680,#15681,#15682));
#15680=ORIENTED_EDGE('',*,*,#15683,.T.);
#15681=ORIENTED_EDGE('',*,*,#15684,.T.);
#15682=ORIENTED_EDGE('',*,*,#15685,.T.);
#15683=EDGE_CURVE('',#167,#599,#15686,.F.);
#15684=EDGE_CURVE('',#599,#165,#15687,.T.);
#15685=EDGE_CURVE('',#165,#167,#15688,.T.);
#15686=LINE('',#166,#15689);
#15687=LINE('',#598,#15690);
#15688=LINE('',#164,#15691);
#15689=VECTOR('',#15692,1.0);
#15690=VECTOR('',#15693,1.0);
#15691=VECTOR('',#15694,1.0);
#15692=DIRECTION('',(0,0,-1));
#15693=DIRECTION('',(-0.7835273661791516,0.3025697055458824,0.5427121149691054));
#15694=DIRECTION('',(0.9328608706234004,-0.36023686105082475,0));
#15695=FACE_SURFACE('',(#15700),#15696,.T.);
#15696=PLANE('',#15697);
#15697=AXIS2_PLACEMENT_3D('',#164,#15698,#15699);
#15698=DIRECTION('',(0.36023686105082475,0.9328608706234004,0));
#15699=DIRECTION('',(0.7835273661791516,-0.3025697055458824,-0.5427121149691054));
#15700=FACE_BOUND('',#15701,.T.);
#15701=EDGE_LOOP('',(#15702,#15703,#15704));
#15702=ORIENTED_EDGE('',*,*,#15705,.T.);
#15703=ORIENTED_EDGE('',*,*,#15706,.T.);
#15704=ORIENTED_EDGE('',*,*,#15707,.T.);
#15705=EDGE_CURVE('',#165,#599,#15708,.F.);
#15706=EDGE_CURVE('',#599,#603,#15709,.T.);
#15707=EDGE_CURVE('',#603,#165,#15710,.T.);
#15708=LINE('',#164,#15711);
#15709=LINE('',#598,#15712);
#15710=LINE('',#602,#15713);
#15711=VECTOR('',#15714,1.0);
#15712=VECTOR('',#15715,1.0);
#15713=VECTOR('',#15716,1.0);
#15714=DIRECTION('',(0.7835273661791516,-0.3025697055458824,-0.5427121149691054));
#15715=DIRECTION('',(-0.9328608706234004,0.36023686105082475,0));
#15716=DIRECTION('',(0,0,1));
#15717=FACE_SURFACE('',(#15722),#15718,.T.);
#15718=PLANE('',#15719);
#15719=AXIS2_PLACEMENT_3D('',#164,#15720,#15721);
#15720=DIRECTION('',(0.4056197129148151,0.9140419292871105,0));
#15721=DIRECTION('',(0,0,-1));
#15722=FACE_BOUND('',#15723,.T.);
#15723=EDGE_LOOP('',(#15724,#15725,#15726));
#15724=ORIENTED_EDGE('',*,*,#15727,.T.);
#15725=ORIENTED_EDGE('',*,*,#15728,.T.);
#15726=ORIENTED_EDGE('',*,*,#15729,.T.);
#15727=EDGE_CURVE('',#165,#603,#15730,.F.);
#15728=EDGE_CURVE('',#603,#161,#15731,.T.);
#15729=EDGE_CURVE('',#161,#165,#15732,.T.);
#15730=LINE('',#164,#15733);
#15731=LINE('',#602,#15734);
#15732=LINE('',#160,#15735);
#15733=VECTOR('',#15736,1.0);
#15734=VECTOR('',#15737,1.0);
#15735=VECTOR('',#15738,1.0);
#15736=DIRECTION('',(0,0,-1));
#15737=DIRECTION('',(-0.7677210703617844,0.34068765357588593,0.5427119685648303));
#15738=DIRECTION('',(0.9140419292871105,-0.4056197129148151,0));
#15739=FACE_SURFACE('',(#15744),#15740,.T.);
#15740=PLANE('',#15741);
#15741=AXIS2_PLACEMENT_3D('',#160,#15742,#15743);
#15742=DIRECTION('',(0.4056197129148151,0.9140419292871105,0));
#15743=DIRECTION('',(0.7677210703617844,-0.34068765357588593,-0.5427119685648303));
#15744=FACE_BOUND('',#15745,.T.);
#15745=EDGE_LOOP('',(#15746,#15747,#15748));
#15746=ORIENTED_EDGE('',*,*,#15749,.T.);
#15747=ORIENTED_EDGE('',*,*,#15750,.T.);
#15748=ORIENTED_EDGE('',*,*,#15751,.T.);
#15749=EDGE_CURVE('',#161,#603,#15752,.F.);
#15750=EDGE_CURVE('',#603,#605,#15753,.T.);
#15751=EDGE_CURVE('',#605,#161,#15754,.T.);
#15752=LINE('',#160,#15755);
#15753=LINE('',#602,#15756);
#15754=LINE('',#604,#15757);
#15755=VECTOR('',#15758,1.0);
#15756=VECTOR('',#15759,1.0);
#15757=VECTOR('',#15760,1.0);
#15758=DIRECTION('',(0.7677210703617844,-0.34068765357588593,-0.5427119685648303));
#15759=DIRECTION('',(-0.9140419292871105,0.4056197129148151,0));
#15760=DIRECTION('',(0,0,1));
#15761=FACE_SURFACE('',(#15766),#15762,.T.);
#15762=PLANE('',#15763);
#15763=AXIS2_PLACEMENT_3D('',#160,#15764,#15765);
#15764=DIRECTION('',(0.4500245298059365,0.8930161939029693,0));
#15765=DIRECTION('',(0,0,-1));
#15766=FACE_BOUND('',#15767,.T.);
#15767=EDGE_LOOP('',(#15768,#15769,#15770));
#15768=ORIENTED_EDGE('',*,*,#15771,.T.);
#15769=ORIENTED_EDGE('',*,*,#15772,.T.);
#15770=ORIENTED_EDGE('',*,*,#15773,.T.);
#15771=EDGE_CURVE('',#161,#605,#15774,.F.);
#15772=EDGE_CURVE('',#605,#159,#15775,.T.);
#15773=EDGE_CURVE('',#159,#161,#15776,.T.);
#15774=LINE('',#160,#15777);
#15775=LINE('',#604,#15778);
#15776=LINE('',#158,#15779);
#15777=VECTOR('',#15780,1.0);
#15778=VECTOR('',#15781,1.0);
#15779=VECTOR('',#15782,1.0);
#15780=DIRECTION('',(0,0,-1));
#15781=DIRECTION('',(-0.7500609735313823,0.3779840043706076,0.542712288809748));
#15782=DIRECTION('',(0.8930161939029693,-0.4500245298059365,0));
#15783=FACE_SURFACE('',(#15788),#15784,.T.);
#15784=PLANE('',#15785);
#15785=AXIS2_PLACEMENT_3D('',#158,#15786,#15787);
#15786=DIRECTION('',(0.4500245298059365,0.8930161939029693,0));
#15787=DIRECTION('',(0.7500609735313823,-0.3779840043706076,-0.542712288809748));
#15788=FACE_BOUND('',#15789,.T.);
#15789=EDGE_LOOP('',(#15790,#15791,#15792));
#15790=ORIENTED_EDGE('',*,*,#15793,.T.);
#15791=ORIENTED_EDGE('',*,*,#15794,.T.);
#15792=ORIENTED_EDGE('',*,*,#15795,.T.);
#15793=EDGE_CURVE('',#159,#605,#15796,.F.);
#15794=EDGE_CURVE('',#605,#549,#15797,.T.);
#15795=EDGE_CURVE('',#549,#159,#15798,.T.);
#15796=LINE('',#158,#15799);
#15797=LINE('',#604,#15800);
#15798=LINE('',#548,#15801);
#15799=VECTOR('',#15802,1.0);
#15800=VECTOR('',#15803,1.0);
#15801=VECTOR('',#15804,1.0);
#15802=DIRECTION('',(0.7500609735313823,-0.3779840043706076,-0.542712288809748));
#15803=DIRECTION('',(-0.8930161939029693,0.4500245298059365,0));
#15804=DIRECTION('',(0,0,1));
#15805=FACE_SURFACE('',(#15810),#15806,.T.);
#15806=PLANE('',#15807);
#15807=AXIS2_PLACEMENT_3D('',#158,#15808,#15809);
#15808=DIRECTION('',(0.49334387725614265,0.8698343628380498,0));
#15809=DIRECTION('',(0,0,-1));
#15810=FACE_BOUND('',#15811,.T.);
#15811=EDGE_LOOP('',(#15812,#15813,#15814));
#15812=ORIENTED_EDGE('',*,*,#15815,.T.);
#15813=ORIENTED_EDGE('',*,*,#15816,.T.);
#15814=ORIENTED_EDGE('',*,*,#15817,.T.);
#15815=EDGE_CURVE('',#159,#549,#15818,.F.);
#15816=EDGE_CURVE('',#549,#315,#15819,.T.);
#15817=EDGE_CURVE('',#315,#159,#15820,.T.);
#15818=LINE('',#158,#15821);
#15819=LINE('',#548,#15822);
#15820=LINE('',#314,#15823);
#15821=VECTOR('',#15824,1.0);
#15822=VECTOR('',#15825,1.0);
#15823=VECTOR('',#15826,1.0);
#15824=DIRECTION('',(0,0,-1));
#15825=DIRECTION('',(-0.7305903786735698,0.4143688792942749,0.5427118300369141));
#15826=DIRECTION('',(0.8698343628380498,-0.49334387725614265,0));
#15827=FACE_SURFACE('',(#15832),#15828,.T.);
#15828=PLANE('',#15829);
#15829=AXIS2_PLACEMENT_3D('',#314,#15830,#15831);
#15830=DIRECTION('',(0.49334387725614265,0.8698343628380498,0));
#15831=DIRECTION('',(0.7305903786735698,-0.4143688792942749,-0.5427118300369141));
#15832=FACE_BOUND('',#15833,.T.);
#15833=EDGE_LOOP('',(#15834,#15835,#15836));
#15834=ORIENTED_EDGE('',*,*,#15837,.T.);
#15835=ORIENTED_EDGE('',*,*,#15838,.T.);
#15836=ORIENTED_EDGE('',*,*,#15839,.T.);
#15837=EDGE_CURVE('',#315,#549,#15840,.F.);
#15838=EDGE_CURVE('',#549,#553,#15841,.T.);
#15839=EDGE_CURVE('',#553,#315,#15842,.T.);
#15840=LINE('',#314,#15843);
#15841=LINE('',#548,#15844);
#15842=LINE('',#552,#15845);
#15843=VECTOR('',#15846,1.0);
#15844=VECTOR('',#15847,1.0);
#15845=VECTOR('',#15848,1.0);
#15846=DIRECTION('',(0.7305903786735698,-0.4143688792942749,-0.5427118300369141));
#15847=DIRECTION('',(-0.8698343628380498,0.49334387725614265,0));
#15848=DIRECTION('',(0,0,1));
#15849=FACE_SURFACE('',(#15854),#15850,.T.);
#15850=PLANE('',#15851);
#15851=AXIS2_PLACEMENT_3D('',#314,#15852,#15853);
#15852=DIRECTION('',(0.5354711490697088,0.8445535202187991,0));
#15853=DIRECTION('',(0,0,-1));
#15854=FACE_BOUND('',#15855,.T.);
#15855=EDGE_LOOP('',(#15856,#15857,#15858));
#15856=ORIENTED_EDGE('',*,*,#15859,.T.);
#15857=ORIENTED_EDGE('',*,*,#15860,.T.);
#15858=ORIENTED_EDGE('',*,*,#15861,.T.);
#15859=EDGE_CURVE('',#315,#553,#15862,.F.);
#15860=EDGE_CURVE('',#553,#321,#15863,.T.);
#15861=EDGE_CURVE('',#321,#315,#15864,.T.);
#15862=LINE('',#314,#15865);
#15863=LINE('',#552,#15866);
#15864=LINE('',#320,#15867);
#15865=VECTOR('',#15868,1.0);
#15866=VECTOR('',#15869,1.0);
#15867=VECTOR('',#15870,1.0);
#15868=DIRECTION('',(0,0,-1));
#15869=DIRECTION('',(-0.7093563725417014,0.4497522807156376,0.5427120992990311));
#15870=DIRECTION('',(0.8445535202187991,-0.5354711490697088,0));
#15871=FACE_SURFACE('',(#15876),#15872,.T.);
#15872=PLANE('',#15873);
#15873=AXIS2_PLACEMENT_3D('',#320,#15874,#15875);
#15874=DIRECTION('',(0.5354711490697088,0.8445535202187991,0));
#15875=DIRECTION('',(0.7093563725417014,-0.4497522807156376,-0.5427120992990311));
#15876=FACE_BOUND('',#15877,.T.);
#15877=EDGE_LOOP('',(#15878,#15879,#15880));
#15878=ORIENTED_EDGE('',*,*,#15881,.T.);
#15879=ORIENTED_EDGE('',*,*,#15882,.T.);
#15880=ORIENTED_EDGE('',*,*,#15883,.T.);
#15881=EDGE_CURVE('',#321,#553,#15884,.F.);
#15882=EDGE_CURVE('',#553,#559,#15885,.T.);
#15883=EDGE_CURVE('',#559,#321,#15886,.T.);
#15884=LINE('',#320,#15887);
#15885=LINE('',#552,#15888);
#15886=LINE('',#558,#15889);
#15887=VECTOR('',#15890,1.0);
#15888=VECTOR('',#15891,1.0);
#15889=VECTOR('',#15892,1.0);
#15890=DIRECTION('',(0.7093563725417014,-0.4497522807156376,-0.5427120992990311));
#15891=DIRECTION('',(-0.8445535202187991,0.5354711490697088,0));
#15892=DIRECTION('',(0,0,1));
#15893=FACE_SURFACE('',(#15898),#15894,.T.);
#15894=PLANE('',#15895);
#15895=AXIS2_PLACEMENT_3D('',#320,#15896,#15897);
#15896=DIRECTION('',(0.5763059636872458,0.8172340155784724,0));
#15897=DIRECTION('',(0,0,-1));
#15898=FACE_BOUND('',#15899,.T.);
#15899=EDGE_LOOP('',(#15900,#15901,#15902));
#15900=ORIENTED_EDGE('',*,*,#15903,.T.);
#15901=ORIENTED_EDGE('',*,*,#15904,.T.);
#15902=ORIENTED_EDGE('',*,*,#15905,.T.);
#15903=EDGE_CURVE('',#321,#559,#15906,.F.);
#15904=EDGE_CURVE('',#559,#333,#15907,.T.);
#15905=EDGE_CURVE('',#333,#321,#15908,.T.);
#15906=LINE('',#320,#15909);
#15907=LINE('',#558,#15910);
#15908=LINE('',#332,#15911);
#15909=VECTOR('',#15912,1.0);
#15910=VECTOR('',#15913,1.0);
#15911=VECTOR('',#15914,1.0);
#15912=DIRECTION('',(0,0,-1));
#15913=DIRECTION('',(-0.6864099585108097,0.48405003350733633,0.5427125702604788));
#15914=DIRECTION('',(0.8172340155784724,-0.5763059636872458,0));
#15915=FACE_SURFACE('',(#15920),#15916,.T.);
#15916=PLANE('',#15917);
#15917=AXIS2_PLACEMENT_3D('',#332,#15918,#15919);
#15918=DIRECTION('',(0.5763059636872458,0.8172340155784724,0));
#15919=DIRECTION('',(0.6864099585108097,-0.48405003350733633,-0.5427125702604788));
#15920=FACE_BOUND('',#15921,.T.);
#15921=EDGE_LOOP('',(#15922,#15923,#15924));
#15922=ORIENTED_EDGE('',*,*,#15925,.T.);
#15923=ORIENTED_EDGE('',*,*,#15926,.T.);
#15924=ORIENTED_EDGE('',*,*,#15927,.T.);
#15925=EDGE_CURVE('',#333,#559,#15928,.F.);
#15926=EDGE_CURVE('',#559,#571,#15929,.T.);
#15927=EDGE_CURVE('',#571,#333,#15930,.T.);
#15928=LINE('',#332,#15931);
#15929=LINE('',#558,#15932);
#15930=LINE('',#570,#15933);
#15931=VECTOR('',#15934,1.0);
#15932=VECTOR('',#15935,1.0);
#15933=VECTOR('',#15936,1.0);
#15934=DIRECTION('',(0.6864099585108097,-0.48405003350733633,-0.5427125702604788));
#15935=DIRECTION('',(-0.8172340155784724,0.5763059636872458,0));
#15936=DIRECTION('',(0,0,1));
#15937=FACE_SURFACE('',(#15942),#15938,.T.);
#15938=PLANE('',#15939);
#15939=AXIS2_PLACEMENT_3D('',#332,#15940,#15941);
#15940=DIRECTION('',(0.6157501284691171,0.7879414821484307,0));
#15941=DIRECTION('',(0,0,-1));
#15942=FACE_BOUND('',#15943,.T.);
#15943=EDGE_LOOP('',(#15944,#15945,#15946));
#15944=ORIENTED_EDGE('',*,*,#15947,.T.);
#15945=ORIENTED_EDGE('',*,*,#15948,.T.);
#15946=ORIENTED_EDGE('',*,*,#15949,.T.);
#15947=EDGE_CURVE('',#333,#571,#15950,.F.);
#15948=EDGE_CURVE('',#571,#129,#15951,.T.);
#15949=EDGE_CURVE('',#129,#333,#15952,.T.);
#15950=LINE('',#332,#15953);
#15951=LINE('',#570,#15954);
#15952=LINE('',#128,#15955);
#15953=VECTOR('',#15956,1.0);
#15954=VECTOR('',#15957,1.0);
#15955=VECTOR('',#15958,1.0);
#15956=DIRECTION('',(0,0,-1));
#15957=DIRECTION('',(-0.6618069475956814,0.5171801742087108,0.5427119231411215));
#15958=DIRECTION('',(0.7879414821484307,-0.6157501284691171,0));
#15959=FACE_SURFACE('',(#15964),#15960,.T.);
#15960=PLANE('',#15961);
#15961=AXIS2_PLACEMENT_3D('',#128,#15962,#15963);
#15962=DIRECTION('',(0.6157501284691171,0.7879414821484307,0));
#15963=DIRECTION('',(0.6618069475956814,-0.5171801742087108,-0.5427119231411215));
#15964=FACE_BOUND('',#15965,.T.);
#15965=EDGE_LOOP('',(#15966,#15967,#15968));
#15966=ORIENTED_EDGE('',*,*,#15969,.T.);
#15967=ORIENTED_EDGE('',*,*,#15970,.T.);
#15968=ORIENTED_EDGE('',*,*,#15971,.T.);
#15969=EDGE_CURVE('',#129,#571,#15972,.F.);
#15970=EDGE_CURVE('',#571,#523,#15973,.T.);
#15971=EDGE_CURVE('',#523,#129,#15974,.T.);
#15972=LINE('',#128,#15975);
#15973=LINE('',#570,#15976);
#15974=LINE('',#522,#15977);
#15975=VECTOR('',#15978,1.0);
#15976=VECTOR('',#15979,1.0);
#15977=VECTOR('',#15980,1.0);
#15978=DIRECTION('',(0.6618069475956814,-0.5171801742087108,-0.5427119231411215));
#15979=DIRECTION('',(-0.7879414821484307,0.6157501284691171,0));
#15980=DIRECTION('',(0,0,1));
#15981=FACE_SURFACE('',(#15986),#15982,.T.);
#15982=PLANE('',#15983);
#15983=AXIS2_PLACEMENT_3D('',#132,#15984,#15985);
#15984=DIRECTION('',(0.9914442789083516,0.13053061640817715,0));
#15985=DIRECTION('',(0,0,-1));
#15986=FACE_BOUND('',#15987,.T.);
#15987=EDGE_LOOP('',(#15988,#15989,#15990));
#15988=ORIENTED_EDGE('',*,*,#15991,.T.);
#15989=ORIENTED_EDGE('',*,*,#15992,.T.);
#15990=ORIENTED_EDGE('',*,*,#15993,.T.);
#15991=EDGE_CURVE('',#133,#515,#15994,.F.);
#15992=EDGE_CURVE('',#515,#125,#15995,.T.);
#15993=EDGE_CURVE('',#125,#133,#15996,.T.);
#15994=LINE('',#132,#15997);
#15995=LINE('',#514,#15998);
#15996=LINE('',#124,#15999);
#15997=VECTOR('',#16000,1.0);
#15998=VECTOR('',#16001,1.0);
#15999=VECTOR('',#16002,1.0);
#16000=DIRECTION('',(0,0,-1));
#16001=DIRECTION('',(-0.025080373822842558,0.1904977837673209,0.981367193882415));
#16002=DIRECTION('',(0.13053061640817715,-0.9914442789083516,0));
#16003=FACE_SURFACE('',(#16008),#16004,.T.);
#16004=PLANE('',#16005);
#16005=AXIS2_PLACEMENT_3D('',#124,#16006,#16007);
#16006=DIRECTION('',(0.9914442789083516,0.13053061640817715,0));
#16007=DIRECTION('',(0.025080373822842558,-0.1904977837673209,-0.981367193882415));
#16008=FACE_BOUND('',#16009,.T.);
#16009=EDGE_LOOP('',(#16010,#16011,#16012));
#16010=ORIENTED_EDGE('',*,*,#16013,.T.);
#16011=ORIENTED_EDGE('',*,*,#16014,.T.);
#16012=ORIENTED_EDGE('',*,*,#16015,.T.);
#16013=EDGE_CURVE('',#125,#515,#16016,.F.);
#16014=EDGE_CURVE('',#515,#519,#16017,.T.);
#16015=EDGE_CURVE('',#519,#125,#16018,.T.);
#16016=LINE('',#124,#16019);
#16017=LINE('',#514,#16020);
#16018=LINE('',#518,#16021);
#16019=VECTOR('',#16022,1.0);
#16020=VECTOR('',#16023,1.0);
#16021=VECTOR('',#16024,1.0);
#16022=DIRECTION('',(0.025080373822842558,-0.1904977837673209,-0.981367193882415));
#16023=DIRECTION('',(-0.13053061640817715,0.9914442789083516,0));
#16024=DIRECTION('',(0,0,1));
#16025=FACE_SURFACE('',(#16030),#16026,.T.);
#16026=PLANE('',#16027);
#16027=AXIS2_PLACEMENT_3D('',#124,#16028,#16029);
#16028=DIRECTION('',(0.9914442789083516,-0.13053061640817715,0));
#16029=DIRECTION('',(0,0,-1));
#16030=FACE_BOUND('',#16031,.T.);
#16031=EDGE_LOOP('',(#16032,#16033,#16034));
#16032=ORIENTED_EDGE('',*,*,#16035,.T.);
#16033=ORIENTED_EDGE('',*,*,#16036,.T.);
#16034=ORIENTED_EDGE('',*,*,#16037,.T.);
#16035=EDGE_CURVE('',#125,#519,#16038,.F.);
#16036=EDGE_CURVE('',#519,#349,#16039,.T.);
#16037=EDGE_CURVE('',#349,#125,#16040,.T.);
#16038=LINE('',#124,#16041);
#16039=LINE('',#518,#16042);
#16040=LINE('',#348,#16043);
#16041=VECTOR('',#16044,1.0);
#16042=VECTOR('',#16045,1.0);
#16043=VECTOR('',#16046,1.0);
#16044=DIRECTION('',(0,0,-1));
#16045=DIRECTION('',(0.025080373822842558,0.1904977837673209,0.981367193882415));
#16046=DIRECTION('',(-0.13053061640817715,-0.9914442789083516,0));
#16047=FACE_SURFACE('',(#16052),#16048,.T.);
#16048=PLANE('',#16049);
#16049=AXIS2_PLACEMENT_3D('',#348,#16050,#16051);
#16050=DIRECTION('',(0.9914442789083516,-0.13053061640817715,0));
#16051=DIRECTION('',(-0.025080373822842558,-0.1904977837673209,-0.981367193882415));
#16052=FACE_BOUND('',#16053,.T.);
#16053=EDGE_LOOP('',(#16054,#16055,#16056));
#16054=ORIENTED_EDGE('',*,*,#16057,.T.);
#16055=ORIENTED_EDGE('',*,*,#16058,.T.);
#16056=ORIENTED_EDGE('',*,*,#16059,.T.);
#16057=EDGE_CURVE('',#349,#519,#16060,.F.);
#16058=EDGE_CURVE('',#519,#587,#16061,.T.);
#16059=EDGE_CURVE('',#587,#349,#16062,.T.);
#16060=LINE('',#348,#16063);
#16061=LINE('',#518,#16064);
#16062=LINE('',#586,#16065);
#16063=VECTOR('',#16066,1.0);
#16064=VECTOR('',#16067,1.0);
#16065=VECTOR('',#16068,1.0);
#16066=DIRECTION('',(-0.025080373822842558,-0.1904977837673209,-0.981367193882415));
#16067=DIRECTION('',(0.13053061640817715,0.9914442789083516,0));
#16068=DIRECTION('',(0,0,1));
#16069=FACE_SURFACE('',(#16074),#16070,.T.);
#16070=PLANE('',#16071);
#16071=AXIS2_PLACEMENT_3D('',#348,#16072,#16073);
#16072=DIRECTION('',(0.9238807634942465,-0.3826804604958137,0));
#16073=DIRECTION('',(0,0,-1));
#16074=FACE_BOUND('',#16075,.T.);
#16075=EDGE_LOOP('',(#16076,#16077,#16078));
#16076=ORIENTED_EDGE('',*,*,#16079,.T.);
#16077=ORIENTED_EDGE('',*,*,#16080,.T.);
#16078=ORIENTED_EDGE('',*,*,#16081,.T.);
#16079=EDGE_CURVE('',#349,#587,#16082,.F.);
#16080=EDGE_CURVE('',#587,#347,#16083,.T.);
#16081=EDGE_CURVE('',#347,#349,#16084,.T.);
#16082=LINE('',#348,#16085);
#16083=LINE('',#586,#16086);
#16084=LINE('',#346,#16087);
#16085=VECTOR('',#16088,1.0);
#16086=VECTOR('',#16089,1.0);
#16087=VECTOR('',#16090,1.0);
#16088=DIRECTION('',(0,0,-1));
#16089=DIRECTION('',(0.07352843273371142,0.17751495460348904,0.9813674186928387));
#16090=DIRECTION('',(-0.3826804604958137,-0.9238807634942465,0));
#16091=FACE_SURFACE('',(#16096),#16092,.T.);
#16092=PLANE('',#16093);
#16093=AXIS2_PLACEMENT_3D('',#346,#16094,#16095);
#16094=DIRECTION('',(0.9238807634942465,-0.3826804604958137,0));
#16095=DIRECTION('',(-0.07352843273371142,-0.17751495460348904,-0.9813674186928387));
#16096=FACE_BOUND('',#16097,.T.);
#16097=EDGE_LOOP('',(#16098,#16099,#16100));
#16098=ORIENTED_EDGE('',*,*,#16101,.T.);
#16099=ORIENTED_EDGE('',*,*,#16102,.T.);
#16100=ORIENTED_EDGE('',*,*,#16103,.T.);
#16101=EDGE_CURVE('',#347,#587,#16104,.F.);
#16102=EDGE_CURVE('',#587,#585,#16105,.T.);
#16103=EDGE_CURVE('',#585,#347,#16106,.T.);
#16104=LINE('',#346,#16107);
#16105=LINE('',#586,#16108);
#16106=LINE('',#584,#16109);
#16107=VECTOR('',#16110,1.0);
#16108=VECTOR('',#16111,1.0);
#16109=VECTOR('',#16112,1.0);
#16110=DIRECTION('',(-0.07352843273371142,-0.17751495460348904,-0.9813674186928387));
#16111=DIRECTION('',(0.3826804604958137,0.9238807634942465,0));
#16112=DIRECTION('',(0,0,1));
#16113=FACE_SURFACE('',(#16118),#16114,.T.);
#16114=PLANE('',#16115);
#16115=AXIS2_PLACEMENT_3D('',#346,#16116,#16117);
#16116=DIRECTION('',(0.7933560467907059,-0.6087579018137039,0));
#16117=DIRECTION('',(0,0,-1));
#16118=FACE_BOUND('',#16119,.T.);
#16119=EDGE_LOOP('',(#16120,#16121,#16122));
#16120=ORIENTED_EDGE('',*,*,#16123,.T.);
#16121=ORIENTED_EDGE('',*,*,#16124,.T.);
#16122=ORIENTED_EDGE('',*,*,#16125,.T.);
#16123=EDGE_CURVE('',#347,#585,#16126,.F.);
#16124=EDGE_CURVE('',#585,#345,#16127,.T.);
#16125=EDGE_CURVE('',#345,#347,#16128,.T.);
#16126=LINE('',#346,#16129);
#16127=LINE('',#584,#16130);
#16128=LINE('',#344,#16131);
#16129=VECTOR('',#16132,1.0);
#16130=VECTOR('',#16133,1.0);
#16131=VECTOR('',#16134,1.0);
#16132=DIRECTION('',(0,0,-1));
#16133=DIRECTION('',(0.11696750635850531,0.15243642533604243,0.9813672802203273));
#16134=DIRECTION('',(-0.6087579018137039,-0.7933560467907059,0));
#16135=FACE_SURFACE('',(#16140),#16136,.T.);
#16136=PLANE('',#16137);
#16137=AXIS2_PLACEMENT_3D('',#344,#16138,#16139);
#16138=DIRECTION('',(0.7933560467907059,-0.6087579018137039,0));
#16139=DIRECTION('',(-0.11696750635850531,-0.15243642533604243,-0.9813672802203273));
#16140=FACE_BOUND('',#16141,.T.);
#16141=EDGE_LOOP('',(#16142,#16143,#16144));
#16142=ORIENTED_EDGE('',*,*,#16145,.T.);
#16143=ORIENTED_EDGE('',*,*,#16146,.T.);
#16144=ORIENTED_EDGE('',*,*,#16147,.T.);
#16145=EDGE_CURVE('',#345,#585,#16148,.F.);
#16146=EDGE_CURVE('',#585,#583,#16149,.T.);
#16147=EDGE_CURVE('',#583,#345,#16150,.T.);
#16148=LINE('',#344,#16151);
#16149=LINE('',#584,#16152);
#16150=LINE('',#582,#16153);
#16151=VECTOR('',#16154,1.0);
#16152=VECTOR('',#16155,1.0);
#16153=VECTOR('',#16156,1.0);
#16154=DIRECTION('',(-0.11696750635850531,-0.15243642533604243,-0.9813672802203273));
#16155=DIRECTION('',(0.6087579018137039,0.7933560467907059,0));
#16156=DIRECTION('',(0,0,1));
#16157=FACE_SURFACE('',(#16162),#16158,.T.);
#16158=PLANE('',#16159);
#16159=AXIS2_PLACEMENT_3D('',#344,#16160,#16161);
#16160=DIRECTION('',(0.6087579018137039,-0.7933560467907059,0));
#16161=DIRECTION('',(0,0,-1));
#16162=FACE_BOUND('',#16163,.T.);
#16163=EDGE_LOOP('',(#16164,#16165,#16166));
#16164=ORIENTED_EDGE('',*,*,#16167,.T.);
#16165=ORIENTED_EDGE('',*,*,#16168,.T.);
#16166=ORIENTED_EDGE('',*,*,#16169,.T.);
#16167=EDGE_CURVE('',#345,#583,#16170,.F.);
#16168=EDGE_CURVE('',#583,#343,#16171,.T.);
#16169=EDGE_CURVE('',#343,#345,#16172,.T.);
#16170=LINE('',#344,#16173);
#16171=LINE('',#582,#16174);
#16172=LINE('',#342,#16175);
#16173=VECTOR('',#16176,1.0);
#16174=VECTOR('',#16177,1.0);
#16175=VECTOR('',#16178,1.0);
#16176=DIRECTION('',(0,0,-1));
#16177=DIRECTION('',(0.15243642533604243,0.11696750635850531,0.9813672802203273));
#16178=DIRECTION('',(-0.7933560467907059,-0.6087579018137039,0));
#16179=FACE_SURFACE('',(#16184),#16180,.T.);
#16180=PLANE('',#16181);
#16181=AXIS2_PLACEMENT_3D('',#342,#16182,#16183);
#16182=DIRECTION('',(0.6087579018137039,-0.7933560467907059,0));
#16183=DIRECTION('',(-0.15243642533604243,-0.11696750635850531,-0.9813672802203273));
#16184=FACE_BOUND('',#16185,.T.);
#16185=EDGE_LOOP('',(#16186,#16187,#16188));
#16186=ORIENTED_EDGE('',*,*,#16189,.T.);
#16187=ORIENTED_EDGE('',*,*,#16190,.T.);
#16188=ORIENTED_EDGE('',*,*,#16191,.T.);
#16189=EDGE_CURVE('',#343,#583,#16192,.F.);
#16190=EDGE_CURVE('',#583,#581,#16193,.T.);
#16191=EDGE_CURVE('',#581,#343,#16194,.T.);
#16192=LINE('',#342,#16195);
#16193=LINE('',#582,#16196);
#16194=LINE('',#580,#16197);
#16195=VECTOR('',#16198,1.0);
#16196=VECTOR('',#16199,1.0);
#16197=VECTOR('',#16200,1.0);
#16198=DIRECTION('',(-0.15243642533604243,-0.11696750635850531,-0.9813672802203273));
#16199=DIRECTION('',(0.7933560467907059,0.6087579018137039,0));
#16200=DIRECTION('',(0,0,1));
#16201=FACE_SURFACE('',(#16206),#16202,.T.);
#16202=PLANE('',#16203);
#16203=AXIS2_PLACEMENT_3D('',#342,#16204,#16205);
#16204=DIRECTION('',(0.3826887756846641,-0.9238773192177482,0));
#16205=DIRECTION('',(0,0,-1));
#16206=FACE_BOUND('',#16207,.T.);
#16207=EDGE_LOOP('',(#16208,#16209,#16210));
#16208=ORIENTED_EDGE('',*,*,#16211,.T.);
#16209=ORIENTED_EDGE('',*,*,#16212,.T.);
#16210=ORIENTED_EDGE('',*,*,#16213,.T.);
#16211=EDGE_CURVE('',#343,#581,#16214,.F.);
#16212=EDGE_CURVE('',#581,#341,#16215,.T.);
#16213=EDGE_CURVE('',#341,#343,#16216,.T.);
#16214=LINE('',#342,#16217);
#16215=LINE('',#580,#16218);
#16216=LINE('',#340,#16219);
#16217=VECTOR('',#16220,1.0);
#16218=VECTOR('',#16221,1.0);
#16219=VECTOR('',#16222,1.0);
#16220=DIRECTION('',(0,0,-1));
#16221=DIRECTION('',(0.17751493017157954,0.07353029442332193,0.9813672836243313));
#16222=DIRECTION('',(-0.9238773192177482,-0.3826887756846641,0));
#16223=FACE_SURFACE('',(#16228),#16224,.T.);
#16224=PLANE('',#16225);
#16225=AXIS2_PLACEMENT_3D('',#340,#16226,#16227);
#16226=DIRECTION('',(0.3826887756846641,-0.9238773192177482,0));
#16227=DIRECTION('',(-0.17751493017157954,-0.07353029442332193,-0.9813672836243313));
#16228=FACE_BOUND('',#16229,.T.);
#16229=EDGE_LOOP('',(#16230,#16231,#16232));
#16230=ORIENTED_EDGE('',*,*,#16233,.T.);
#16231=ORIENTED_EDGE('',*,*,#16234,.T.);
#16232=ORIENTED_EDGE('',*,*,#16235,.T.);
#16233=EDGE_CURVE('',#341,#581,#16236,.F.);
#16234=EDGE_CURVE('',#581,#579,#16237,.T.);
#16235=EDGE_CURVE('',#579,#341,#16238,.T.);
#16236=LINE('',#340,#16239);
#16237=LINE('',#580,#16240);
#16238=LINE('',#578,#16241);
#16239=VECTOR('',#16242,1.0);
#16240=VECTOR('',#16243,1.0);
#16241=VECTOR('',#16244,1.0);
#16242=DIRECTION('',(-0.17751493017157954,-0.07353029442332193,-0.9813672836243313));
#16243=DIRECTION('',(0.9238773192177482,0.3826887756846641,0));
#16244=DIRECTION('',(0,0,1));
#16245=FACE_SURFACE('',(#16250),#16246,.T.);
#16246=PLANE('',#16247);
#16247=AXIS2_PLACEMENT_3D('',#340,#16248,#16249);
#16248=DIRECTION('',(0.13052104055558156,-0.9914455395896884,0));
#16249=DIRECTION('',(0,0,-1));
#16250=FACE_BOUND('',#16251,.T.);
#16251=EDGE_LOOP('',(#16252,#16253,#16254));
#16252=ORIENTED_EDGE('',*,*,#16255,.T.);
#16253=ORIENTED_EDGE('',*,*,#16256,.T.);
#16254=ORIENTED_EDGE('',*,*,#16257,.T.);
#16255=EDGE_CURVE('',#341,#579,#16258,.F.);
#16256=EDGE_CURVE('',#579,#339,#16259,.T.);
#16257=EDGE_CURVE('',#339,#341,#16260,.T.);
#16258=LINE('',#340,#16261);
#16259=LINE('',#578,#16262);
#16260=LINE('',#338,#16263);
#16261=VECTOR('',#16264,1.0);
#16262=VECTOR('',#16265,1.0);
#16263=VECTOR('',#16266,1.0);
#16264=DIRECTION('',(0,0,-1));
#16265=DIRECTION('',(0.19049779271003559,0.02507850319075047,0.9813672399516481));
#16266=DIRECTION('',(-0.9914455395896884,-0.13052104055558156,0));
#16267=FACE_SURFACE('',(#16272),#16268,.T.);
#16268=PLANE('',#16269);
#16269=AXIS2_PLACEMENT_3D('',#338,#16270,#16271);
#16270=DIRECTION('',(0.13052104055558156,-0.9914455395896884,0));
#16271=DIRECTION('',(-0.19049779271003559,-0.02507850319075047,-0.9813672399516481));
#16272=FACE_BOUND('',#16273,.T.);
#16273=EDGE_LOOP('',(#16274,#16275,#16276));
#16274=ORIENTED_EDGE('',*,*,#16277,.T.);
#16275=ORIENTED_EDGE('',*,*,#16278,.T.);
#16276=ORIENTED_EDGE('',*,*,#16279,.T.);
#16277=EDGE_CURVE('',#339,#579,#16280,.F.);
#16278=EDGE_CURVE('',#579,#577,#16281,.T.);
#16279=EDGE_CURVE('',#577,#339,#16282,.T.);
#16280=LINE('',#338,#16283);
#16281=LINE('',#578,#16284);
#16282=LINE('',#576,#16285);
#16283=VECTOR('',#16286,1.0);
#16284=VECTOR('',#16287,1.0);
#16285=VECTOR('',#16288,1.0);
#16286=DIRECTION('',(-0.19049779271003559,-0.02507850319075047,-0.9813672399516481));
#16287=DIRECTION('',(0.9914455395896884,0.13052104055558156,0));
#16288=DIRECTION('',(0,0,1));
#16289=FACE_SURFACE('',(#16294),#16290,.T.);
#16290=PLANE('',#16291);
#16291=AXIS2_PLACEMENT_3D('',#338,#16292,#16293);
#16292=DIRECTION('',(-0.13052104055558156,-0.9914455395896884,-0));
#16293=DIRECTION('',(0,0,-1));
#16294=FACE_BOUND('',#16295,.T.);
#16295=EDGE_LOOP('',(#16296,#16297,#16298));
#16296=ORIENTED_EDGE('',*,*,#16299,.T.);
#16297=ORIENTED_EDGE('',*,*,#16300,.T.);
#16298=ORIENTED_EDGE('',*,*,#16301,.T.);
#16299=EDGE_CURVE('',#339,#577,#16302,.F.);
#16300=EDGE_CURVE('',#577,#337,#16303,.T.);
#16301=EDGE_CURVE('',#337,#339,#16304,.T.);
#16302=LINE('',#338,#16305);
#16303=LINE('',#576,#16306);
#16304=LINE('',#336,#16307);
#16305=VECTOR('',#16308,1.0);
#16306=VECTOR('',#16309,1.0);
#16307=VECTOR('',#16310,1.0);
#16308=DIRECTION('',(0,0,-1));
#16309=DIRECTION('',(0.19049779271003559,-0.02507850319075047,0.9813672399516481));
#16310=DIRECTION('',(-0.9914455395896884,0.13052104055558156,0));
#16311=FACE_SURFACE('',(#16316),#16312,.T.);
#16312=PLANE('',#16313);
#16313=AXIS2_PLACEMENT_3D('',#336,#16314,#16315);
#16314=DIRECTION('',(-0.13052104055558156,-0.9914455395896884,-0));
#16315=DIRECTION('',(-0.19049779271003559,0.02507850319075047,-0.9813672399516481));
#16316=FACE_BOUND('',#16317,.T.);
#16317=EDGE_LOOP('',(#16318,#16319,#16320));
#16318=ORIENTED_EDGE('',*,*,#16321,.T.);
#16319=ORIENTED_EDGE('',*,*,#16322,.T.);
#16320=ORIENTED_EDGE('',*,*,#16323,.T.);
#16321=EDGE_CURVE('',#337,#577,#16324,.F.);
#16322=EDGE_CURVE('',#577,#575,#16325,.T.);
#16323=EDGE_CURVE('',#575,#337,#16326,.T.);
#16324=LINE('',#336,#16327);
#16325=LINE('',#576,#16328);
#16326=LINE('',#574,#16329);
#16327=VECTOR('',#16330,1.0);
#16328=VECTOR('',#16331,1.0);
#16329=VECTOR('',#16332,1.0);
#16330=DIRECTION('',(-0.19049779271003559,0.02507850319075047,-0.9813672399516481));
#16331=DIRECTION('',(0.9914455395896884,-0.13052104055558156,0));
#16332=DIRECTION('',(0,0,1));
#16333=FACE_SURFACE('',(#16338),#16334,.T.);
#16334=PLANE('',#16335);
#16335=AXIS2_PLACEMENT_3D('',#336,#16336,#16337);
#16336=DIRECTION('',(-0.3826887756846641,-0.9238773192177482,-0));
#16337=DIRECTION('',(0,0,-1));
#16338=FACE_BOUND('',#16339,.T.);
#16339=EDGE_LOOP('',(#16340,#16341,#16342));
#16340=ORIENTED_EDGE('',*,*,#16343,.T.);
#16341=ORIENTED_EDGE('',*,*,#16344,.T.);
#16342=ORIENTED_EDGE('',*,*,#16345,.T.);
#16343=EDGE_CURVE('',#337,#575,#16346,.F.);
#16344=EDGE_CURVE('',#575,#335,#16347,.T.);
#16345=EDGE_CURVE('',#335,#337,#16348,.T.);
#16346=LINE('',#336,#16349);
#16347=LINE('',#574,#16350);
#16348=LINE('',#334,#16351);
#16349=VECTOR('',#16352,1.0);
#16350=VECTOR('',#16353,1.0);
#16351=VECTOR('',#16354,1.0);
#16352=DIRECTION('',(0,0,-1));
#16353=DIRECTION('',(0.17751493017157954,-0.07353029442332193,0.9813672836243313));
#16354=DIRECTION('',(-0.9238773192177482,0.3826887756846641,0));
#16355=FACE_SURFACE('',(#16360),#16356,.T.);
#16356=PLANE('',#16357);
#16357=AXIS2_PLACEMENT_3D('',#334,#16358,#16359);
#16358=DIRECTION('',(-0.3826887756846641,-0.9238773192177482,-0));
#16359=DIRECTION('',(-0.17751493017157954,0.07353029442332193,-0.9813672836243313));
#16360=FACE_BOUND('',#16361,.T.);
#16361=EDGE_LOOP('',(#16362,#16363,#16364));
#16362=ORIENTED_EDGE('',*,*,#16365,.T.);
#16363=ORIENTED_EDGE('',*,*,#16366,.T.);
#16364=ORIENTED_EDGE('',*,*,#16367,.T.);
#16365=EDGE_CURVE('',#335,#575,#16368,.F.);
#16366=EDGE_CURVE('',#575,#573,#16369,.T.);
#16367=EDGE_CURVE('',#573,#335,#16370,.T.);
#16368=LINE('',#334,#16371);
#16369=LINE('',#574,#16372);
#16370=LINE('',#572,#16373);
#16371=VECTOR('',#16374,1.0);
#16372=VECTOR('',#16375,1.0);
#16373=VECTOR('',#16376,1.0);
#16374=DIRECTION('',(-0.17751493017157954,0.07353029442332193,-0.9813672836243313));
#16375=DIRECTION('',(0.9238773192177482,-0.3826887756846641,0));
#16376=DIRECTION('',(0,0,1));
#16377=FACE_SURFACE('',(#16382),#16378,.T.);
#16378=PLANE('',#16379);
#16379=AXIS2_PLACEMENT_3D('',#334,#16380,#16381);
#16380=DIRECTION('',(-0.6087579018137039,-0.7933560467907059,-0));
#16381=DIRECTION('',(0,0,-1));
#16382=FACE_BOUND('',#16383,.T.);
#16383=EDGE_LOOP('',(#16384,#16385,#16386));
#16384=ORIENTED_EDGE('',*,*,#16387,.T.);
#16385=ORIENTED_EDGE('',*,*,#16388,.T.);
#16386=ORIENTED_EDGE('',*,*,#16389,.T.);
#16387=EDGE_CURVE('',#335,#573,#16390,.F.);
#16388=EDGE_CURVE('',#573,#331,#16391,.T.);
#16389=EDGE_CURVE('',#331,#335,#16392,.T.);
#16390=LINE('',#334,#16393);
#16391=LINE('',#572,#16394);
#16392=LINE('',#330,#16395);
#16393=VECTOR('',#16396,1.0);
#16394=VECTOR('',#16397,1.0);
#16395=VECTOR('',#16398,1.0);
#16396=DIRECTION('',(0,0,-1));
#16397=DIRECTION('',(0.15243642533604243,-0.11696750635850531,0.9813672802203273));
#16398=DIRECTION('',(-0.7933560467907059,0.6087579018137039,0));
#16399=FACE_SURFACE('',(#16404),#16400,.T.);
#16400=PLANE('',#16401);
#16401=AXIS2_PLACEMENT_3D('',#330,#16402,#16403);
#16402=DIRECTION('',(-0.6087579018137039,-0.7933560467907059,-0));
#16403=DIRECTION('',(-0.15243642533604243,0.11696750635850531,-0.9813672802203273));
#16404=FACE_BOUND('',#16405,.T.);
#16405=EDGE_LOOP('',(#16406,#16407,#16408));
#16406=ORIENTED_EDGE('',*,*,#16409,.T.);
#16407=ORIENTED_EDGE('',*,*,#16410,.T.);
#16408=ORIENTED_EDGE('',*,*,#16411,.T.);
#16409=EDGE_CURVE('',#331,#573,#16412,.F.);
#16410=EDGE_CURVE('',#573,#569,#16413,.T.);
#16411=EDGE_CURVE('',#569,#331,#16414,.T.);
#16412=LINE('',#330,#16415);
#16413=LINE('',#572,#16416);
#16414=LINE('',#568,#16417);
#16415=VECTOR('',#16418,1.0);
#16416=VECTOR('',#16419,1.0);
#16417=VECTOR('',#16420,1.0);
#16418=DIRECTION('',(-0.15243642533604243,0.11696750635850531,-0.9813672802203273));
#16419=DIRECTION('',(0.7933560467907059,-0.6087579018137039,0));
#16420=DIRECTION('',(0,0,1));
#16421=FACE_SURFACE('',(#16426),#16422,.T.);
#16422=PLANE('',#16423);
#16423=AXIS2_PLACEMENT_3D('',#330,#16424,#16425);
#16424=DIRECTION('',(-0.7933560467907059,-0.6087579018137039,-0));
#16425=DIRECTION('',(0,0,-1));
#16426=FACE_BOUND('',#16427,.T.);
#16427=EDGE_LOOP('',(#16428,#16429,#16430));
#16428=ORIENTED_EDGE('',*,*,#16431,.T.);
#16429=ORIENTED_EDGE('',*,*,#16432,.T.);
#16430=ORIENTED_EDGE('',*,*,#16433,.T.);
#16431=EDGE_CURVE('',#331,#569,#16434,.F.);
#16432=EDGE_CURVE('',#569,#329,#16435,.T.);
#16433=EDGE_CURVE('',#329,#331,#16436,.T.);
#16434=LINE('',#330,#16437);
#16435=LINE('',#568,#16438);
#16436=LINE('',#328,#16439);
#16437=VECTOR('',#16440,1.0);
#16438=VECTOR('',#16441,1.0);
#16439=VECTOR('',#16442,1.0);
#16440=DIRECTION('',(0,0,-1));
#16441=DIRECTION('',(0.11696750635850531,-0.15243642533604243,0.9813672802203273));
#16442=DIRECTION('',(-0.6087579018137039,0.7933560467907059,0));
#16443=FACE_SURFACE('',(#16448),#16444,.T.);
#16444=PLANE('',#16445);
#16445=AXIS2_PLACEMENT_3D('',#328,#16446,#16447);
#16446=DIRECTION('',(-0.7933560467907059,-0.6087579018137039,-0));
#16447=DIRECTION('',(-0.11696750635850531,0.15243642533604243,-0.9813672802203273));
#16448=FACE_BOUND('',#16449,.T.);
#16449=EDGE_LOOP('',(#16450,#16451,#16452));
#16450=ORIENTED_EDGE('',*,*,#16453,.T.);
#16451=ORIENTED_EDGE('',*,*,#16454,.T.);
#16452=ORIENTED_EDGE('',*,*,#16455,.T.);
#16453=EDGE_CURVE('',#329,#569,#16456,.F.);
#16454=EDGE_CURVE('',#569,#567,#16457,.T.);
#16455=EDGE_CURVE('',#567,#329,#16458,.T.);
#16456=LINE('',#328,#16459);
#16457=LINE('',#568,#16460);
#16458=LINE('',#566,#16461);
#16459=VECTOR('',#16462,1.0);
#16460=VECTOR('',#16463,1.0);
#16461=VECTOR('',#16464,1.0);
#16462=DIRECTION('',(-0.11696750635850531,0.15243642533604243,-0.9813672802203273));
#16463=DIRECTION('',(0.6087579018137039,-0.7933560467907059,0));
#16464=DIRECTION('',(0,0,1));
#16465=FACE_SURFACE('',(#16470),#16466,.T.);
#16466=PLANE('',#16467);
#16467=AXIS2_PLACEMENT_3D('',#328,#16468,#16469);
#16468=DIRECTION('',(-0.9238773192177482,-0.3826887756846641,-0));
#16469=DIRECTION('',(0,0,-1));
#16470=FACE_BOUND('',#16471,.T.);
#16471=EDGE_LOOP('',(#16472,#16473,#16474));
#16472=ORIENTED_EDGE('',*,*,#16475,.T.);
#16473=ORIENTED_EDGE('',*,*,#16476,.T.);
#16474=ORIENTED_EDGE('',*,*,#16477,.T.);
#16475=EDGE_CURVE('',#329,#567,#16478,.F.);
#16476=EDGE_CURVE('',#567,#327,#16479,.T.);
#16477=EDGE_CURVE('',#327,#329,#16480,.T.);
#16478=LINE('',#328,#16481);
#16479=LINE('',#566,#16482);
#16480=LINE('',#326,#16483);
#16481=VECTOR('',#16484,1.0);
#16482=VECTOR('',#16485,1.0);
#16483=VECTOR('',#16486,1.0);
#16484=DIRECTION('',(0,0,-1));
#16485=DIRECTION('',(0.07353029442332193,-0.17751493017157954,0.9813672836243313));
#16486=DIRECTION('',(-0.3826887756846641,0.9238773192177482,0));
#16487=FACE_SURFACE('',(#16492),#16488,.T.);
#16488=PLANE('',#16489);
#16489=AXIS2_PLACEMENT_3D('',#326,#16490,#16491);
#16490=DIRECTION('',(-0.9238773192177482,-0.3826887756846641,-0));
#16491=DIRECTION('',(-0.07353029442332193,0.17751493017157954,-0.9813672836243313));
#16492=FACE_BOUND('',#16493,.T.);
#16493=EDGE_LOOP('',(#16494,#16495,#16496));
#16494=ORIENTED_EDGE('',*,*,#16497,.T.);
#16495=ORIENTED_EDGE('',*,*,#16498,.T.);
#16496=ORIENTED_EDGE('',*,*,#16499,.T.);
#16497=EDGE_CURVE('',#327,#567,#16500,.F.);
#16498=EDGE_CURVE('',#567,#565,#16501,.T.);
#16499=EDGE_CURVE('',#565,#327,#16502,.T.);
#16500=LINE('',#326,#16503);
#16501=LINE('',#566,#16504);
#16502=LINE('',#564,#16505);
#16503=VECTOR('',#16506,1.0);
#16504=VECTOR('',#16507,1.0);
#16505=VECTOR('',#16508,1.0);
#16506=DIRECTION('',(-0.07353029442332193,0.17751493017157954,-0.9813672836243313));
#16507=DIRECTION('',(0.3826887756846641,-0.9238773192177482,0));
#16508=DIRECTION('',(0,0,1));
#16509=FACE_SURFACE('',(#16514),#16510,.T.);
#16510=PLANE('',#16511);
#16511=AXIS2_PLACEMENT_3D('',#326,#16512,#16513);
#16512=DIRECTION('',(-0.9914455395896884,-0.13052104055558156,-0));
#16513=DIRECTION('',(0,0,-1));
#16514=FACE_BOUND('',#16515,.T.);
#16515=EDGE_LOOP('',(#16516,#16517,#16518));
#16516=ORIENTED_EDGE('',*,*,#16519,.T.);
#16517=ORIENTED_EDGE('',*,*,#16520,.T.);
#16518=ORIENTED_EDGE('',*,*,#16521,.T.);
#16519=EDGE_CURVE('',#327,#565,#16522,.F.);
#16520=EDGE_CURVE('',#565,#325,#16523,.T.);
#16521=EDGE_CURVE('',#325,#327,#16524,.T.);
#16522=LINE('',#326,#16525);
#16523=LINE('',#564,#16526);
#16524=LINE('',#324,#16527);
#16525=VECTOR('',#16528,1.0);
#16526=VECTOR('',#16529,1.0);
#16527=VECTOR('',#16530,1.0);
#16528=DIRECTION('',(0,0,-1));
#16529=DIRECTION('',(0.02507850319075047,-0.19049779271003559,0.9813672399516481));
#16530=DIRECTION('',(-0.13052104055558156,0.9914455395896884,0));
#16531=FACE_SURFACE('',(#16536),#16532,.T.);
#16532=PLANE('',#16533);
#16533=AXIS2_PLACEMENT_3D('',#324,#16534,#16535);
#16534=DIRECTION('',(-0.9914455395896884,-0.13052104055558156,-0));
#16535=DIRECTION('',(-0.02507850319075047,0.19049779271003559,-0.9813672399516481));
#16536=FACE_BOUND('',#16537,.T.);
#16537=EDGE_LOOP('',(#16538,#16539,#16540));
#16538=ORIENTED_EDGE('',*,*,#16541,.T.);
#16539=ORIENTED_EDGE('',*,*,#16542,.T.);
#16540=ORIENTED_EDGE('',*,*,#16543,.T.);
#16541=EDGE_CURVE('',#325,#565,#16544,.F.);
#16542=EDGE_CURVE('',#565,#563,#16545,.T.);
#16543=EDGE_CURVE('',#563,#325,#16546,.T.);
#16544=LINE('',#324,#16547);
#16545=LINE('',#564,#16548);
#16546=LINE('',#562,#16549);
#16547=VECTOR('',#16550,1.0);
#16548=VECTOR('',#16551,1.0);
#16549=VECTOR('',#16552,1.0);
#16550=DIRECTION('',(-0.02507850319075047,0.19049779271003559,-0.9813672399516481));
#16551=DIRECTION('',(0.13052104055558156,-0.9914455395896884,0));
#16552=DIRECTION('',(0,0,1));
#16553=FACE_SURFACE('',(#16558),#16554,.T.);
#16554=PLANE('',#16555);
#16555=AXIS2_PLACEMENT_3D('',#324,#16556,#16557);
#16556=DIRECTION('',(-0.9914455395896884,0.13052104055558156,0));
#16557=DIRECTION('',(0,0,-1));
#16558=FACE_BOUND('',#16559,.T.);
#16559=EDGE_LOOP('',(#16560,#16561,#16562));
#16560=ORIENTED_EDGE('',*,*,#16563,.T.);
#16561=ORIENTED_EDGE('',*,*,#16564,.T.);
#16562=ORIENTED_EDGE('',*,*,#16565,.T.);
#16563=EDGE_CURVE('',#325,#563,#16566,.F.);
#16564=EDGE_CURVE('',#563,#323,#16567,.T.);
#16565=EDGE_CURVE('',#323,#325,#16568,.T.);
#16566=LINE('',#324,#16569);
#16567=LINE('',#562,#16570);
#16568=LINE('',#322,#16571);
#16569=VECTOR('',#16572,1.0);
#16570=VECTOR('',#16573,1.0);
#16571=VECTOR('',#16574,1.0);
#16572=DIRECTION('',(0,0,-1));
#16573=DIRECTION('',(-0.02507850319075047,-0.19049779271003559,0.9813672399516481));
#16574=DIRECTION('',(0.13052104055558156,0.9914455395896884,0));
#16575=FACE_SURFACE('',(#16580),#16576,.T.);
#16576=PLANE('',#16577);
#16577=AXIS2_PLACEMENT_3D('',#322,#16578,#16579);
#16578=DIRECTION('',(-0.9914455395896884,0.13052104055558156,0));
#16579=DIRECTION('',(0.02507850319075047,0.19049779271003559,-0.9813672399516481));
#16580=FACE_BOUND('',#16581,.T.);
#16581=EDGE_LOOP('',(#16582,#16583,#16584));
#16582=ORIENTED_EDGE('',*,*,#16585,.T.);
#16583=ORIENTED_EDGE('',*,*,#16586,.T.);
#16584=ORIENTED_EDGE('',*,*,#16587,.T.);
#16585=EDGE_CURVE('',#323,#563,#16588,.F.);
#16586=EDGE_CURVE('',#563,#561,#16589,.T.);
#16587=EDGE_CURVE('',#561,#323,#16590,.T.);
#16588=LINE('',#322,#16591);
#16589=LINE('',#562,#16592);
#16590=LINE('',#560,#16593);
#16591=VECTOR('',#16594,1.0);
#16592=VECTOR('',#16595,1.0);
#16593=VECTOR('',#16596,1.0);
#16594=DIRECTION('',(0.02507850319075047,0.19049779271003559,-0.9813672399516481));
#16595=DIRECTION('',(-0.13052104055558156,-0.9914455395896884,0));
#16596=DIRECTION('',(0,0,1));
#16597=FACE_SURFACE('',(#16602),#16598,.T.);
#16598=PLANE('',#16599);
#16599=AXIS2_PLACEMENT_3D('',#322,#16600,#16601);
#16600=DIRECTION('',(-0.9238773192177482,0.3826887756846641,0));
#16601=DIRECTION('',(0,0,-1));
#16602=FACE_BOUND('',#16603,.T.);
#16603=EDGE_LOOP('',(#16604,#16605,#16606));
#16604=ORIENTED_EDGE('',*,*,#16607,.T.);
#16605=ORIENTED_EDGE('',*,*,#16608,.T.);
#16606=ORIENTED_EDGE('',*,*,#16609,.T.);
#16607=EDGE_CURVE('',#323,#561,#16610,.F.);
#16608=EDGE_CURVE('',#561,#319,#16611,.T.);
#16609=EDGE_CURVE('',#319,#323,#16612,.T.);
#16610=LINE('',#322,#16613);
#16611=LINE('',#560,#16614);
#16612=LINE('',#318,#16615);
#16613=VECTOR('',#16616,1.0);
#16614=VECTOR('',#16617,1.0);
#16615=VECTOR('',#16618,1.0);
#16616=DIRECTION('',(0,0,-1));
#16617=DIRECTION('',(-0.07353029442332193,-0.17751493017157954,0.9813672836243313));
#16618=DIRECTION('',(0.3826887756846641,0.9238773192177482,0));
#16619=FACE_SURFACE('',(#16624),#16620,.T.);
#16620=PLANE('',#16621);
#16621=AXIS2_PLACEMENT_3D('',#318,#16622,#16623);
#16622=DIRECTION('',(-0.9238773192177482,0.3826887756846641,0));
#16623=DIRECTION('',(0.07353029442332193,0.17751493017157954,-0.9813672836243313));
#16624=FACE_BOUND('',#16625,.T.);
#16625=EDGE_LOOP('',(#16626,#16627,#16628));
#16626=ORIENTED_EDGE('',*,*,#16629,.T.);
#16627=ORIENTED_EDGE('',*,*,#16630,.T.);
#16628=ORIENTED_EDGE('',*,*,#16631,.T.);
#16629=EDGE_CURVE('',#319,#561,#16632,.F.);
#16630=EDGE_CURVE('',#561,#557,#16633,.T.);
#16631=EDGE_CURVE('',#557,#319,#16634,.T.);
#16632=LINE('',#318,#16635);
#16633=LINE('',#560,#16636);
#16634=LINE('',#556,#16637);
#16635=VECTOR('',#16638,1.0);
#16636=VECTOR('',#16639,1.0);
#16637=VECTOR('',#16640,1.0);
#16638=DIRECTION('',(0.07353029442332193,0.17751493017157954,-0.9813672836243313));
#16639=DIRECTION('',(-0.3826887756846641,-0.9238773192177482,0));
#16640=DIRECTION('',(0,0,1));
#16641=FACE_SURFACE('',(#16646),#16642,.T.);
#16642=PLANE('',#16643);
#16643=AXIS2_PLACEMENT_3D('',#318,#16644,#16645);
#16644=DIRECTION('',(-0.7933560467907059,0.6087579018137039,0));
#16645=DIRECTION('',(0,0,-1));
#16646=FACE_BOUND('',#16647,.T.);
#16647=EDGE_LOOP('',(#16648,#16649,#16650));
#16648=ORIENTED_EDGE('',*,*,#16651,.T.);
#16649=ORIENTED_EDGE('',*,*,#16652,.T.);
#16650=ORIENTED_EDGE('',*,*,#16653,.T.);
#16651=EDGE_CURVE('',#319,#557,#16654,.F.);
#16652=EDGE_CURVE('',#557,#317,#16655,.T.);
#16653=EDGE_CURVE('',#317,#319,#16656,.T.);
#16654=LINE('',#318,#16657);
#16655=LINE('',#556,#16658);
#16656=LINE('',#316,#16659);
#16657=VECTOR('',#16660,1.0);
#16658=VECTOR('',#16661,1.0);
#16659=VECTOR('',#16662,1.0);
#16660=DIRECTION('',(0,0,-1));
#16661=DIRECTION('',(-0.11696750635850531,-0.15243642533604243,0.9813672802203273));
#16662=DIRECTION('',(0.6087579018137039,0.7933560467907059,0));
#16663=FACE_SURFACE('',(#16668),#16664,.T.);
#16664=PLANE('',#16665);
#16665=AXIS2_PLACEMENT_3D('',#316,#16666,#16667);
#16666=DIRECTION('',(-0.7933560467907059,0.6087579018137039,0));
#16667=DIRECTION('',(0.11696750635850531,0.15243642533604243,-0.9813672802203273));
#16668=FACE_BOUND('',#16669,.T.);
#16669=EDGE_LOOP('',(#16670,#16671,#16672));
#16670=ORIENTED_EDGE('',*,*,#16673,.T.);
#16671=ORIENTED_EDGE('',*,*,#16674,.T.);
#16672=ORIENTED_EDGE('',*,*,#16675,.T.);
#16673=EDGE_CURVE('',#317,#557,#16676,.F.);
#16674=EDGE_CURVE('',#557,#555,#16677,.T.);
#16675=EDGE_CURVE('',#555,#317,#16678,.T.);
#16676=LINE('',#316,#16679);
#16677=LINE('',#556,#16680);
#16678=LINE('',#554,#16681);
#16679=VECTOR('',#16682,1.0);
#16680=VECTOR('',#16683,1.0);
#16681=VECTOR('',#16684,1.0);
#16682=DIRECTION('',(0.11696750635850531,0.15243642533604243,-0.9813672802203273));
#16683=DIRECTION('',(-0.6087579018137039,-0.7933560467907059,0));
#16684=DIRECTION('',(0,0,1));
#16685=FACE_SURFACE('',(#16690),#16686,.T.);
#16686=PLANE('',#16687);
#16687=AXIS2_PLACEMENT_3D('',#316,#16688,#16689);
#16688=DIRECTION('',(-0.6087579018137039,0.7933560467907059,0));
#16689=DIRECTION('',(0,0,-1));
#16690=FACE_BOUND('',#16691,.T.);
#16691=EDGE_LOOP('',(#16692,#16693,#16694));
#16692=ORIENTED_EDGE('',*,*,#16695,.T.);
#16693=ORIENTED_EDGE('',*,*,#16696,.T.);
#16694=ORIENTED_EDGE('',*,*,#16697,.T.);
#16695=EDGE_CURVE('',#317,#555,#16698,.F.);
#16696=EDGE_CURVE('',#555,#313,#16699,.T.);
#16697=EDGE_CURVE('',#313,#317,#16700,.T.);
#16698=LINE('',#316,#16701);
#16699=LINE('',#554,#16702);
#16700=LINE('',#312,#16703);
#16701=VECTOR('',#16704,1.0);
#16702=VECTOR('',#16705,1.0);
#16703=VECTOR('',#16706,1.0);
#16704=DIRECTION('',(0,0,-1));
#16705=DIRECTION('',(-0.15243642533604243,-0.11696750635850531,0.9813672802203273));
#16706=DIRECTION('',(0.7933560467907059,0.6087579018137039,0));
#16707=FACE_SURFACE('',(#16712),#16708,.T.);
#16708=PLANE('',#16709);
#16709=AXIS2_PLACEMENT_3D('',#312,#16710,#16711);
#16710=DIRECTION('',(-0.6087579018137039,0.7933560467907059,0));
#16711=DIRECTION('',(0.15243642533604243,0.11696750635850531,-0.9813672802203273));
#16712=FACE_BOUND('',#16713,.T.);
#16713=EDGE_LOOP('',(#16714,#16715,#16716));
#16714=ORIENTED_EDGE('',*,*,#16717,.T.);
#16715=ORIENTED_EDGE('',*,*,#16718,.T.);
#16716=ORIENTED_EDGE('',*,*,#16719,.T.);
#16717=EDGE_CURVE('',#313,#555,#16720,.F.);
#16718=EDGE_CURVE('',#555,#547,#16721,.T.);
#16719=EDGE_CURVE('',#547,#313,#16722,.T.);
#16720=LINE('',#312,#16723);
#16721=LINE('',#554,#16724);
#16722=LINE('',#546,#16725);
#16723=VECTOR('',#16726,1.0);
#16724=VECTOR('',#16727,1.0);
#16725=VECTOR('',#16728,1.0);
#16726=DIRECTION('',(0.15243642533604243,0.11696750635850531,-0.9813672802203273));
#16727=DIRECTION('',(-0.7933560467907059,-0.6087579018137039,0));
#16728=DIRECTION('',(0,0,1));
#16729=FACE_SURFACE('',(#16734),#16730,.T.);
#16730=PLANE('',#16731);
#16731=AXIS2_PLACEMENT_3D('',#312,#16732,#16733);
#16732=DIRECTION('',(-0.3826804604958137,0.9238807634942465,0));
#16733=DIRECTION('',(0,0,-1));
#16734=FACE_BOUND('',#16735,.T.);
#16735=EDGE_LOOP('',(#16736,#16737,#16738));
#16736=ORIENTED_EDGE('',*,*,#16739,.T.);
#16737=ORIENTED_EDGE('',*,*,#16740,.T.);
#16738=ORIENTED_EDGE('',*,*,#16741,.T.);
#16739=EDGE_CURVE('',#313,#547,#16742,.F.);
#16740=EDGE_CURVE('',#547,#155,#16743,.T.);
#16741=EDGE_CURVE('',#155,#313,#16744,.T.);
#16742=LINE('',#312,#16745);
#16743=LINE('',#546,#16746);
#16744=LINE('',#154,#16747);
#16745=VECTOR('',#16748,1.0);
#16746=VECTOR('',#16749,1.0);
#16747=VECTOR('',#16750,1.0);
#16748=DIRECTION('',(0,0,-1));
#16749=DIRECTION('',(-0.17751495460348904,-0.07352843273371142,0.9813674186928387));
#16750=DIRECTION('',(0.9238807634942465,0.3826804604958137,0));
#16751=FACE_SURFACE('',(#16756),#16752,.T.);
#16752=PLANE('',#16753);
#16753=AXIS2_PLACEMENT_3D('',#154,#16754,#16755);
#16754=DIRECTION('',(-0.3826804604958137,0.9238807634942465,0));
#16755=DIRECTION('',(0.17751495460348904,0.07352843273371142,-0.9813674186928387));
#16756=FACE_BOUND('',#16757,.T.);
#16757=EDGE_LOOP('',(#16758,#16759,#16760));
#16758=ORIENTED_EDGE('',*,*,#16761,.T.);
#16759=ORIENTED_EDGE('',*,*,#16762,.T.);
#16760=ORIENTED_EDGE('',*,*,#16763,.T.);
#16761=EDGE_CURVE('',#155,#547,#16764,.F.);
#16762=EDGE_CURVE('',#547,#545,#16765,.T.);
#16763=EDGE_CURVE('',#545,#155,#16766,.T.);
#16764=LINE('',#154,#16767);
#16765=LINE('',#546,#16768);
#16766=LINE('',#544,#16769);
#16767=VECTOR('',#16770,1.0);
#16768=VECTOR('',#16771,1.0);
#16769=VECTOR('',#16772,1.0);
#16770=DIRECTION('',(0.17751495460348904,0.07352843273371142,-0.9813674186928387));
#16771=DIRECTION('',(-0.9238807634942465,-0.3826804604958137,0));
#16772=DIRECTION('',(0,0,1));
#16773=FACE_SURFACE('',(#16778),#16774,.T.);
#16774=PLANE('',#16775);
#16775=AXIS2_PLACEMENT_3D('',#154,#16776,#16777);
#16776=DIRECTION('',(-0.13053061640817715,0.9914442789083516,0));
#16777=DIRECTION('',(0,0,-1));
#16778=FACE_BOUND('',#16779,.T.);
#16779=EDGE_LOOP('',(#16780,#16781,#16782));
#16780=ORIENTED_EDGE('',*,*,#16783,.T.);
#16781=ORIENTED_EDGE('',*,*,#16784,.T.);
#16782=ORIENTED_EDGE('',*,*,#16785,.T.);
#16783=EDGE_CURVE('',#155,#545,#16786,.F.);
#16784=EDGE_CURVE('',#545,#153,#16787,.T.);
#16785=EDGE_CURVE('',#153,#155,#16788,.T.);
#16786=LINE('',#154,#16789);
#16787=LINE('',#544,#16790);
#16788=LINE('',#152,#16791);
#16789=VECTOR('',#16792,1.0);
#16790=VECTOR('',#16793,1.0);
#16791=VECTOR('',#16794,1.0);
#16792=DIRECTION('',(0,0,-1));
#16793=DIRECTION('',(-0.1904977837673209,-0.025080373822842558,0.981367193882415));
#16794=DIRECTION('',(0.9914442789083516,0.13053061640817715,0));
#16795=FACE_SURFACE('',(#16800),#16796,.T.);
#16796=PLANE('',#16797);
#16797=AXIS2_PLACEMENT_3D('',#152,#16798,#16799);
#16798=DIRECTION('',(-0.13053061640817715,0.9914442789083516,0));
#16799=DIRECTION('',(0.1904977837673209,0.025080373822842558,-0.981367193882415));
#16800=FACE_BOUND('',#16801,.T.);
#16801=EDGE_LOOP('',(#16802,#16803,#16804));
#16802=ORIENTED_EDGE('',*,*,#16805,.T.);
#16803=ORIENTED_EDGE('',*,*,#16806,.T.);
#16804=ORIENTED_EDGE('',*,*,#16807,.T.);
#16805=EDGE_CURVE('',#153,#545,#16808,.F.);
#16806=EDGE_CURVE('',#545,#543,#16809,.T.);
#16807=EDGE_CURVE('',#543,#153,#16810,.T.);
#16808=LINE('',#152,#16811);
#16809=LINE('',#544,#16812);
#16810=LINE('',#542,#16813);
#16811=VECTOR('',#16814,1.0);
#16812=VECTOR('',#16815,1.0);
#16813=VECTOR('',#16816,1.0);
#16814=DIRECTION('',(0.1904977837673209,0.025080373822842558,-0.981367193882415));
#16815=DIRECTION('',(-0.9914442789083516,-0.13053061640817715,0));
#16816=DIRECTION('',(0,0,1));
#16817=FACE_SURFACE('',(#16822),#16818,.T.);
#16818=PLANE('',#16819);
#16819=AXIS2_PLACEMENT_3D('',#152,#16820,#16821);
#16820=DIRECTION('',(0.13053061640817715,0.9914442789083516,0));
#16821=DIRECTION('',(0,0,-1));
#16822=FACE_BOUND('',#16823,.T.);
#16823=EDGE_LOOP('',(#16824,#16825,#16826));
#16824=ORIENTED_EDGE('',*,*,#16827,.T.);
#16825=ORIENTED_EDGE('',*,*,#16828,.T.);
#16826=ORIENTED_EDGE('',*,*,#16829,.T.);
#16827=EDGE_CURVE('',#153,#543,#16830,.F.);
#16828=EDGE_CURVE('',#543,#149,#16831,.T.);
#16829=EDGE_CURVE('',#149,#153,#16832,.T.);
#16830=LINE('',#152,#16833);
#16831=LINE('',#542,#16834);
#16832=LINE('',#148,#16835);
#16833=VECTOR('',#16836,1.0);
#16834=VECTOR('',#16837,1.0);
#16835=VECTOR('',#16838,1.0);
#16836=DIRECTION('',(0,0,-1));
#16837=DIRECTION('',(-0.1904977837673209,0.025080373822842558,0.981367193882415));
#16838=DIRECTION('',(0.9914442789083516,-0.13053061640817715,0));
#16839=FACE_SURFACE('',(#16844),#16840,.T.);
#16840=PLANE('',#16841);
#16841=AXIS2_PLACEMENT_3D('',#148,#16842,#16843);
#16842=DIRECTION('',(0.13053061640817715,0.9914442789083516,0));
#16843=DIRECTION('',(0.1904977837673209,-0.025080373822842558,-0.981367193882415));
#16844=FACE_BOUND('',#16845,.T.);
#16845=EDGE_LOOP('',(#16846,#16847,#16848));
#16846=ORIENTED_EDGE('',*,*,#16849,.T.);
#16847=ORIENTED_EDGE('',*,*,#16850,.T.);
#16848=ORIENTED_EDGE('',*,*,#16851,.T.);
#16849=EDGE_CURVE('',#149,#543,#16852,.F.);
#16850=EDGE_CURVE('',#543,#539,#16853,.T.);
#16851=EDGE_CURVE('',#539,#149,#16854,.T.);
#16852=LINE('',#148,#16855);
#16853=LINE('',#542,#16856);
#16854=LINE('',#538,#16857);
#16855=VECTOR('',#16858,1.0);
#16856=VECTOR('',#16859,1.0);
#16857=VECTOR('',#16860,1.0);
#16858=DIRECTION('',(0.1904977837673209,-0.025080373822842558,-0.981367193882415));
#16859=DIRECTION('',(-0.9914442789083516,0.13053061640817715,0));
#16860=DIRECTION('',(0,0,1));
#16861=FACE_SURFACE('',(#16866),#16862,.T.);
#16862=PLANE('',#16863);
#16863=AXIS2_PLACEMENT_3D('',#148,#16864,#16865);
#16864=DIRECTION('',(0.3826804604958137,0.9238807634942465,0));
#16865=DIRECTION('',(0,0,-1));
#16866=FACE_BOUND('',#16867,.T.);
#16867=EDGE_LOOP('',(#16868,#16869,#16870));
#16868=ORIENTED_EDGE('',*,*,#16871,.T.);
#16869=ORIENTED_EDGE('',*,*,#16872,.T.);
#16870=ORIENTED_EDGE('',*,*,#16873,.T.);
#16871=EDGE_CURVE('',#149,#539,#16874,.F.);
#16872=EDGE_CURVE('',#539,#145,#16875,.T.);
#16873=EDGE_CURVE('',#145,#149,#16876,.T.);
#16874=LINE('',#148,#16877);
#16875=LINE('',#538,#16878);
#16876=LINE('',#144,#16879);
#16877=VECTOR('',#16880,1.0);
#16878=VECTOR('',#16881,1.0);
#16879=VECTOR('',#16882,1.0);
#16880=DIRECTION('',(0,0,-1));
#16881=DIRECTION('',(-0.17751495460348904,0.07352843273371142,0.9813674186928387));
#16882=DIRECTION('',(0.9238807634942465,-0.3826804604958137,0));
#16883=FACE_SURFACE('',(#16888),#16884,.T.);
#16884=PLANE('',#16885);
#16885=AXIS2_PLACEMENT_3D('',#144,#16886,#16887);
#16886=DIRECTION('',(0.3826804604958137,0.9238807634942465,0));
#16887=DIRECTION('',(0.17751495460348904,-0.07352843273371142,-0.9813674186928387));
#16888=FACE_BOUND('',#16889,.T.);
#16889=EDGE_LOOP('',(#16890,#16891,#16892));
#16890=ORIENTED_EDGE('',*,*,#16893,.T.);
#16891=ORIENTED_EDGE('',*,*,#16894,.T.);
#16892=ORIENTED_EDGE('',*,*,#16895,.T.);
#16893=EDGE_CURVE('',#145,#539,#16896,.F.);
#16894=EDGE_CURVE('',#539,#535,#16897,.T.);
#16895=EDGE_CURVE('',#535,#145,#16898,.T.);
#16896=LINE('',#144,#16899);
#16897=LINE('',#538,#16900);
#16898=LINE('',#534,#16901);
#16899=VECTOR('',#16902,1.0);
#16900=VECTOR('',#16903,1.0);
#16901=VECTOR('',#16904,1.0);
#16902=DIRECTION('',(0.17751495460348904,-0.07352843273371142,-0.9813674186928387));
#16903=DIRECTION('',(-0.9238807634942465,0.3826804604958137,0));
#16904=DIRECTION('',(0,0,1));
#16905=FACE_SURFACE('',(#16910),#16906,.T.);
#16906=PLANE('',#16907);
#16907=AXIS2_PLACEMENT_3D('',#144,#16908,#16909);
#16908=DIRECTION('',(0.6087579018137039,0.7933560467907059,0));
#16909=DIRECTION('',(0,0,-1));
#16910=FACE_BOUND('',#16911,.T.);
#16911=EDGE_LOOP('',(#16912,#16913,#16914));
#16912=ORIENTED_EDGE('',*,*,#16915,.T.);
#16913=ORIENTED_EDGE('',*,*,#16916,.T.);
#16914=ORIENTED_EDGE('',*,*,#16917,.T.);
#16915=EDGE_CURVE('',#145,#535,#16918,.F.);
#16916=EDGE_CURVE('',#535,#141,#16919,.T.);
#16917=EDGE_CURVE('',#141,#145,#16920,.T.);
#16918=LINE('',#144,#16921);
#16919=LINE('',#534,#16922);
#16920=LINE('',#140,#16923);
#16921=VECTOR('',#16924,1.0);
#16922=VECTOR('',#16925,1.0);
#16923=VECTOR('',#16926,1.0);
#16924=DIRECTION('',(0,0,-1));
#16925=DIRECTION('',(-0.15243642533604243,0.11696750635850531,0.9813672802203273));
#16926=DIRECTION('',(0.7933560467907059,-0.6087579018137039,0));
#16927=FACE_SURFACE('',(#16932),#16928,.T.);
#16928=PLANE('',#16929);
#16929=AXIS2_PLACEMENT_3D('',#140,#16930,#16931);
#16930=DIRECTION('',(0.6087579018137039,0.7933560467907059,0));
#16931=DIRECTION('',(0.15243642533604243,-0.11696750635850531,-0.9813672802203273));
#16932=FACE_BOUND('',#16933,.T.);
#16933=EDGE_LOOP('',(#16934,#16935,#16936));
#16934=ORIENTED_EDGE('',*,*,#16937,.T.);
#16935=ORIENTED_EDGE('',*,*,#16938,.T.);
#16936=ORIENTED_EDGE('',*,*,#16939,.T.);
#16937=EDGE_CURVE('',#141,#535,#16940,.F.);
#16938=EDGE_CURVE('',#535,#531,#16941,.T.);
#16939=EDGE_CURVE('',#531,#141,#16942,.T.);
#16940=LINE('',#140,#16943);
#16941=LINE('',#534,#16944);
#16942=LINE('',#530,#16945);
#16943=VECTOR('',#16946,1.0);
#16944=VECTOR('',#16947,1.0);
#16945=VECTOR('',#16948,1.0);
#16946=DIRECTION('',(0.15243642533604243,-0.11696750635850531,-0.9813672802203273));
#16947=DIRECTION('',(-0.7933560467907059,0.6087579018137039,0));
#16948=DIRECTION('',(0,0,1));
#16949=FACE_SURFACE('',(#16954),#16950,.T.);
#16950=PLANE('',#16951);
#16951=AXIS2_PLACEMENT_3D('',#140,#16952,#16953);
#16952=DIRECTION('',(0.7933560467907059,0.6087579018137039,0));
#16953=DIRECTION('',(0,0,-1));
#16954=FACE_BOUND('',#16955,.T.);
#16955=EDGE_LOOP('',(#16956,#16957,#16958));
#16956=ORIENTED_EDGE('',*,*,#16959,.T.);
#16957=ORIENTED_EDGE('',*,*,#16960,.T.);
#16958=ORIENTED_EDGE('',*,*,#16961,.T.);
#16959=EDGE_CURVE('',#141,#531,#16962,.F.);
#16960=EDGE_CURVE('',#531,#137,#16963,.T.);
#16961=EDGE_CURVE('',#137,#141,#16964,.T.);
#16962=LINE('',#140,#16965);
#16963=LINE('',#530,#16966);
#16964=LINE('',#136,#16967);
#16965=VECTOR('',#16968,1.0);
#16966=VECTOR('',#16969,1.0);
#16967=VECTOR('',#16970,1.0);
#16968=DIRECTION('',(0,0,-1));
#16969=DIRECTION('',(-0.11696750635850531,0.15243642533604243,0.9813672802203273));
#16970=DIRECTION('',(0.6087579018137039,-0.7933560467907059,0));
#16971=FACE_SURFACE('',(#16976),#16972,.T.);
#16972=PLANE('',#16973);
#16973=AXIS2_PLACEMENT_3D('',#136,#16974,#16975);
#16974=DIRECTION('',(0.7933560467907059,0.6087579018137039,0));
#16975=DIRECTION('',(0.11696750635850531,-0.15243642533604243,-0.9813672802203273));
#16976=FACE_BOUND('',#16977,.T.);
#16977=EDGE_LOOP('',(#16978,#16979,#16980));
#16978=ORIENTED_EDGE('',*,*,#16981,.T.);
#16979=ORIENTED_EDGE('',*,*,#16982,.T.);
#16980=ORIENTED_EDGE('',*,*,#16983,.T.);
#16981=EDGE_CURVE('',#137,#531,#16984,.F.);
#16982=EDGE_CURVE('',#531,#527,#16985,.T.);
#16983=EDGE_CURVE('',#527,#137,#16986,.T.);
#16984=LINE('',#136,#16987);
#16985=LINE('',#530,#16988);
#16986=LINE('',#526,#16989);
#16987=VECTOR('',#16990,1.0);
#16988=VECTOR('',#16991,1.0);
#16989=VECTOR('',#16992,1.0);
#16990=DIRECTION('',(0.11696750635850531,-0.15243642533604243,-0.9813672802203273));
#16991=DIRECTION('',(-0.6087579018137039,0.7933560467907059,0));
#16992=DIRECTION('',(0,0,1));
#16993=FACE_SURFACE('',(#16998),#16994,.T.);
#16994=PLANE('',#16995);
#16995=AXIS2_PLACEMENT_3D('',#136,#16996,#16997);
#16996=DIRECTION('',(0.9238807634942465,0.3826804604958137,0));
#16997=DIRECTION('',(0,0,-1));
#16998=FACE_BOUND('',#16999,.T.);
#16999=EDGE_LOOP('',(#17000,#17001,#17002));
#17000=ORIENTED_EDGE('',*,*,#17003,.T.);
#17001=ORIENTED_EDGE('',*,*,#17004,.T.);
#17002=ORIENTED_EDGE('',*,*,#17005,.T.);
#17003=EDGE_CURVE('',#137,#527,#17006,.F.);
#17004=EDGE_CURVE('',#527,#133,#17007,.T.);
#17005=EDGE_CURVE('',#133,#137,#17008,.T.);
#17006=LINE('',#136,#17009);
#17007=LINE('',#526,#17010);
#17008=LINE('',#132,#17011);
#17009=VECTOR('',#17012,1.0);
#17010=VECTOR('',#17013,1.0);
#17011=VECTOR('',#17014,1.0);
#17012=DIRECTION('',(0,0,-1));
#17013=DIRECTION('',(-0.07352843273371142,0.17751495460348904,0.9813674186928387));
#17014=DIRECTION('',(0.3826804604958137,-0.9238807634942465,0));
#17015=FACE_SURFACE('',(#17020),#17016,.T.);
#17016=PLANE('',#17017);
#17017=AXIS2_PLACEMENT_3D('',#132,#17018,#17019);
#17018=DIRECTION('',(0.9238807634942465,0.3826804604958137,0));
#17019=DIRECTION('',(0.07352843273371142,-0.17751495460348904,-0.9813674186928387));
#17020=FACE_BOUND('',#17021,.T.);
#17021=EDGE_LOOP('',(#17022,#17023,#17024));
#17022=ORIENTED_EDGE('',*,*,#17025,.T.);
#17023=ORIENTED_EDGE('',*,*,#17026,.T.);
#17024=ORIENTED_EDGE('',*,*,#17027,.T.);
#17025=EDGE_CURVE('',#133,#527,#17028,.F.);
#17026=EDGE_CURVE('',#527,#515,#17029,.T.);
#17027=EDGE_CURVE('',#515,#133,#17030,.T.);
#17028=LINE('',#132,#17031);
#17029=LINE('',#526,#17032);
#17030=LINE('',#514,#17033);
#17031=VECTOR('',#17034,1.0);
#17032=VECTOR('',#17035,1.0);
#17033=VECTOR('',#17036,1.0);
#17034=DIRECTION('',(0.07352843273371142,-0.17751495460348904,-0.9813674186928387));
#17035=DIRECTION('',(-0.3826804604958137,0.9238807634942465,0));
#17036=DIRECTION('',(0,0,1));
ENDSEC;
END-ISO-10303-21;
