ISO-10303-21;
HEADER;
FILE_DESCRIPTION((''),'2;1');
FILE_NAME('9', '2026-07-30T22:34:51', (''), (''), 'ImageToStl.com STEP Converter','', '');
FILE_SCHEMA(('AUTOMOTIVE_DESIGN_CC2'));
ENDSEC;
DATA;
#1=PRODUCT_DEFINITION_CONTEXT('',#4,'design');
#2=APPLICATION_PROTOCOL_DEFINITION('INTERNATIONAL STANDARD','automotive_design',1994,#4);
#3=(GEOMETRIC_REPRESENTATION_CONTEXT(3)GLOBAL_UNCERTAINTY_ASSIGNED_CONTEXT((#5))GLOBAL_UNIT_ASSIGNED_CONTEXT((#6,#7,#8))REPRESENTATION_CONTEXT('NONE','WORKSPACE'));
#4=APPLICATION_CONTEXT(' ');
#5=UNCERTAINTY_MEASURE_WITH_UNIT(LENGTH_MEASURE(1.0E-006),#6,'','');
#6=(CONVERSION_BASED_UNIT('METRE',#10)LENGTH_UNIT()NAMED_UNIT(#11));
#7=(NAMED_UNIT(#12)PLANE_ANGLE_UNIT()SI_UNIT($,.RADIAN.));
#8=(NAMED_UNIT(#12)SOLID_ANGLE_UNIT()SI_UNIT($,.STERADIAN.));
#9=AXIS2_PLACEMENT_3D('',#14,#15,#16);
#10=LENGTH_MEASURE_WITH_UNIT(LENGTH_MEASURE(1.0),#17);
#11=DIMENSIONAL_EXPONENTS(1.0,0.0,0.0,0.0,0.0,0.0,0.0);
#12=DIMENSIONAL_EXPONENTS(0.0,0.0,0.0,0.0,0.0,0.0,0.0);
#13=PRODUCT_CONTEXT('',#4,'mechanical');
#14=CARTESIAN_POINT('',(0.0,0.0,0.0));
#15=DIRECTION('',(0.0,0.0,1.0));
#16=DIRECTION('',(1.0,0.0,0.0));
#17=(NAMED_UNIT(#11)LENGTH_UNIT()SI_UNIT(.MILLI.,.METRE.));
#18=PRESENTATION_STYLE_ASSIGNMENT((#19));
#19=SURFACE_STYLE_USAGE(.BOTH.,#20);
#20=SURFACE_SIDE_STYLE('',(#21));
#21=SURFACE_STYLE_FILL_AREA(#22);
#22=FILL_AREA_STYLE('',(#23));
#23=FILL_AREA_STYLE_COLOUR('',#24);
#24=COLOUR_RGB('',0.62745,0.62745,0.62745);
#25=PRESENTATION_STYLE_ASSIGNMENT((#26));
#26=SURFACE_STYLE_USAGE(.BOTH.,#27);
#27=SURFACE_SIDE_STYLE('',(#28));
#28=SURFACE_STYLE_FILL_AREA(#29);
#29=FILL_AREA_STYLE('',(#30));
#30=FILL_AREA_STYLE_COLOUR('',#31);
#31=COLOUR_RGB('',0.59608,0.59608,0.59608);
#32=SHAPE_DEFINITION_REPRESENTATION(#33,#34);
#33=PRODUCT_DEFINITION_SHAPE('productshape0','',#37);
#34=MANIFOLD_SURFACE_SHAPE_REPRESENTATION('',(#35,#9),#3);
#35=SHELL_BASED_SURFACE_MODEL('shell0',(#39));
#36=PRODUCT('product0','','',(#13));
#37=PRODUCT_DEFINITION('mesh0','',#38,#2);
#38=PRODUCT_DEFINITION_FORMATION_WITH_SPECIFIED_SOURCE('prodsource0','',#36,.NOT_KNOWN.);
#39=CLOSED_SHELL('',(#669,#691,#713,#735,#757,#779,#801,#823,#845,#867,#889,#911,#933,#955,#977,#999,#1021,#1043,#1065,#1087,#1109,#1131,#1153,#1175,#1197,#1219,#1241,#1263,#1285,#1307,#1329,#1351,#1373,#1395,#1417,#1439,#1461,#1483,#1505,#1527,#1549,#1571,#1593,#1615,#1637,#1659,#1681,#1703,#1725,#1747,#1769,#1791,#1813,#1835,#1857,#1879,#1901,#1923,#1945,#1967,#1989,#2011,#2033,#2055,#2077,#2099,#2121,#2143,#2165,#2187,#2209,#2231,#2253,#2275,#2297,#2319,#2341,#2363,#2385,#2407,#2429,#2451,#2473,#2495,#2517,#2539,#2561,#2583,#2605,#2627,#2649,#2671,#2693,#2715,#2737,#2759,#2781,#2803,#2825,#2847,#2869,#2891,#2913,#2935,#2957,#2979,#3001,#3023,#3045,#3067,#3089,#3111,#3133,#3155,#3177,#3199,#3221,#3243,#3265,#3287,#3309,#3331,#3353,#3375,#3397,#3419,#3441,#3463,#3485,#3507,#3529,#3551,#3573,#3595,#3617,#3639,#3661,#3683,#3705,#3727,#3749,#3771,#3793,#3815,#3837,#3859,#3881,#3903,#3925,#3947,#3969,#3991,#4013,#4035,#4057,#4079,#4101,#4123,#4145,#4167,#4189,#4211,#4233,#4255,#4277,#4299,#4321,#4343,#4365,#4387,#4409,#4431,#4453,#4475,#4497,#4519,#4541,#4563,#4585,#4607,#4629,#4651,#4673,#4695,#4717,#4739,#4761,#4783,#4805,#4827,#4849,#4871,#4893,#4915,#4937,#4959,#4981,#5003,#5025,#5047,#5069,#5091,#5113,#5135,#5157,#5179,#5201,#5223,#5245,#5267,#5289,#5311,#5333,#5355,#5377,#5399,#5421,#5443,#5465,#5487,#5509,#5531,#5553,#5575,#5597,#5619,#5641,#5663,#5685,#5707,#5729,#5751,#5773,#5795,#5817,#5839,#5861,#5883,#5905,#5927,#5949,#5971,#5993,#6015,#6037,#6059,#6081,#6103,#6125,#6147,#6169,#6191,#6213,#6235,#6257,#6279,#6301,#6323,#6345,#6367,#6389,#6411,#6433,#6455,#6477,#6499,#6521,#6543,#6565,#6587,#6609,#6631,#6653,#6675,#6697,#6719,#6741,#6763,#6785,#6807,#6829,#6851,#6873,#6895,#6917,#6939,#6961,#6983,#7005,#7027,#7049,#7071,#7093,#7115,#7137,#7159,#7181,#7203,#7225,#7247,#7269,#7291,#7313,#7335,#7357,#7379,#7401,#7423,#7445,#7467,#7489,#7511,#7533,#7555,#7577,#7599,#7621,#7643,#7665,#7687,#7709,#7731,#7753,#7775,#7797,#7819,#7841,#7863,#7885,#7907,#7929,#7951,#7973,#7995,#8017,#8039,#8061,#8083,#8105,#8127,#8149,#8171,#8193,#8215,#8237,#8259,#8281,#8303,#8325,#8347,#8369,#8391,#8413,#8435,#8457,#8479,#8501,#8523,#8545,#8567,#8589,#8611,#8633,#8655,#8677,#8699,#8721,#8743,#8765,#8787,#8809,#8831,#8853,#8875,#8897,#8919,#8941,#8963,#8985,#9007,#9029,#9051,#9073,#9095,#9117,#9139,#9161,#9183,#9205,#9227,#9249,#9271,#9293,#9315,#9337,#9359,#9381,#9403,#9425,#9447,#9469,#9491,#9513,#9535,#9557,#9579,#9601,#9623,#9645,#9667,#9689,#9711,#9733,#9755,#9777,#9799,#9821,#9843,#9865,#9887,#9909,#9931,#9953,#9975,#9997,#10019,#10041,#10063,#10085,#10107,#10129,#10151,#10173,#10195,#10217,#10239,#10261,#10283,#10305,#10327,#10349,#10371,#10393,#10415,#10437,#10459,#10481,#10503,#10525,#10547,#10569,#10591,#10613,#10635,#10657,#10679,#10701,#10723,#10745,#10767,#10789,#10811,#10833,#10855,#10877,#10899,#10921,#10943,#10965,#10987,#11009,#11031,#11053,#11075,#11097,#11119,#11141,#11163,#11185,#11207,#11229,#11251,#11273,#11295,#11317,#11339,#11361,#11383,#11405,#11427,#11449,#11471,#11493,#11515,#11537,#11559,#11581,#11603,#11625,#11647,#11669,#11691,#11713,#11735,#11757,#11779,#11801,#11823,#11845,#11867,#11889,#11911,#11933,#11955,#11977,#11999,#12021,#12043,#12065,#12087,#12109,#12131,#12153,#12175,#12197,#12219,#12241,#12263,#12285,#12307,#12329,#12351,#12373,#12395,#12417,#12439,#12461,#12483,#12505,#12527,#12549,#12571,#12593,#12615,#12637,#12659,#12681,#12703,#12725,#12747,#12769,#12791,#12813,#12835,#12857,#12879,#12901,#12923,#12945,#12967,#12989,#13011,#13033,#13055,#13077,#13099,#13121,#13143,#13165,#13187,#13209,#13231,#13253,#13275,#13297,#13319,#13341,#13363,#13385,#13407,#13429,#13451,#13473,#13495,#13517,#13539,#13561,#13583,#13605,#13627,#13649,#13671,#13693,#13715,#13737,#13759,#13781,#13803,#13825,#13847,#13869,#13891,#13913,#13935,#13957,#13979,#14001,#14023,#14045,#14067,#14089,#14111,#14133,#14155,#14177,#14199,#14221,#14243,#14265,#14287,#14309,#14331,#14353,#14375,#14397,#14419,#14441,#14463,#14485,#14507,#14529,#14551,#14573,#14595,#14617,#14639,#14661,#14683,#14705,#14727,#14749,#14771,#14793,#14815));
#40=CARTESIAN_POINT('',(-9.500000953674316,-4.199999809265137,286.24835205078125));
#41=VERTEX_POINT('',#40);
#42=CARTESIAN_POINT('',(-11.000000953674316,-4.199999809265137,285.02362060546875));
#43=VERTEX_POINT('',#42);
#44=CARTESIAN_POINT('',(-9.500000953674316,-3.648355722427368,286.8000183105469));
#45=VERTEX_POINT('',#44);
#46=CARTESIAN_POINT('',(-11.000000953674316,-2.4236109256744385,286.8000183105469));
#47=VERTEX_POINT('',#46);
#48=CARTESIAN_POINT('',(-9.500000953674316,-4.199999809265137,283.7988586425781));
#49=VERTEX_POINT('',#48);
#50=CARTESIAN_POINT('',(-9.500000953674316,-1.1988660097122192,286.8000183105469));
#51=VERTEX_POINT('',#50);
#52=CARTESIAN_POINT('',(-9.500000953674316,-4.199999809265137,282.3592834472656));
#53=VERTEX_POINT('',#52);
#54=CARTESIAN_POINT('',(-11.000000953674316,-4.199999809265137,281.134521484375));
#55=VERTEX_POINT('',#54);
#56=CARTESIAN_POINT('',(-9.500000953674316,0.24073150753974915,286.8000183105469));
#57=VERTEX_POINT('',#56);
#58=CARTESIAN_POINT('',(-11.000000953674316,1.465476393699646,286.8000183105469));
#59=VERTEX_POINT('',#58);
#60=CARTESIAN_POINT('',(-9.500000953674316,-4.199999809265137,279.9097900390625));
#61=VERTEX_POINT('',#60);
#62=CARTESIAN_POINT('',(-9.500000953674316,2.6902213096618652,286.8000183105469));
#63=VERTEX_POINT('',#62);
#64=CARTESIAN_POINT('',(-9.500000953674316,-4.199999809265137,278.4701843261719));
#65=VERTEX_POINT('',#64);
#66=CARTESIAN_POINT('',(-11.000000953674316,-4.199999809265137,277.2454528808594));
#67=VERTEX_POINT('',#66);
#68=CARTESIAN_POINT('',(-9.500000953674316,4.129818916320801,286.8000183105469));
#69=VERTEX_POINT('',#68);
#70=CARTESIAN_POINT('',(-11.000000953674316,5.3545637130737305,286.8000183105469));
#71=VERTEX_POINT('',#70);
#72=CARTESIAN_POINT('',(-9.500000953674316,-4.199999809265137,276.02069091796875));
#73=VERTEX_POINT('',#72);
#74=CARTESIAN_POINT('',(-9.500000953674316,6.57930850982666,286.8000183105469));
#75=VERTEX_POINT('',#74);
#76=CARTESIAN_POINT('',(-9.500000953674316,-4.199999809265137,274.5810852050781));
#77=VERTEX_POINT('',#76);
#78=CARTESIAN_POINT('',(-11.000000953674316,-4.199999809265137,273.3563537597656));
#79=VERTEX_POINT('',#78);
#80=CARTESIAN_POINT('',(-9.500000953674316,8.018905639648438,286.8000183105469));
#81=VERTEX_POINT('',#80);
#82=CARTESIAN_POINT('',(-11.000000953674316,9.243651390075684,286.8000183105469));
#83=VERTEX_POINT('',#82);
#84=CARTESIAN_POINT('',(-9.500000953674316,-4.199999809265137,272.1316223144531));
#85=VERTEX_POINT('',#84);
#86=CARTESIAN_POINT('',(-9.500000953674316,10.468396186828613,286.8000183105469));
#87=VERTEX_POINT('',#86);
#88=CARTESIAN_POINT('',(-9.500000953674316,-4.199999809265137,270.6920166015625));
#89=VERTEX_POINT('',#88);
#90=CARTESIAN_POINT('',(-11.000000953674316,-4.199999809265137,269.4672546386719));
#91=VERTEX_POINT('',#90);
#92=CARTESIAN_POINT('',(-9.500000953674316,11.90799331665039,286.8000183105469));
#93=VERTEX_POINT('',#92);
#94=CARTESIAN_POINT('',(-11.000000953674316,13.13273811340332,286.8000183105469));
#95=VERTEX_POINT('',#94);
#96=CARTESIAN_POINT('',(-9.500000953674316,-4.199999809265137,268.2425231933594));
#97=VERTEX_POINT('',#96);
#98=CARTESIAN_POINT('',(-9.500000953674316,14.35748291015625,286.8000183105469));
#99=VERTEX_POINT('',#98);
#100=CARTESIAN_POINT('',(-9.500000953674316,-4.199999809265137,266.80291748046875));
#101=VERTEX_POINT('',#100);
#102=CARTESIAN_POINT('',(-11.000000953674316,-4.199999809265137,265.57818603515625));
#103=VERTEX_POINT('',#102);
#104=CARTESIAN_POINT('',(-9.500000953674316,15.797080993652344,286.8000183105469));
#105=VERTEX_POINT('',#104);
#106=CARTESIAN_POINT('',(-11.000000953674316,17.021825790405273,286.8000183105469));
#107=VERTEX_POINT('',#106);
#108=CARTESIAN_POINT('',(-9.500000953674316,-4.199999809265137,264.3534240722656));
#109=VERTEX_POINT('',#108);
#110=CARTESIAN_POINT('',(-9.500000953674316,18.246570587158203,286.8000183105469));
#111=VERTEX_POINT('',#110);
#112=CARTESIAN_POINT('',(-11.000000953674316,20.200000762939453,286.0890808105469));
#113=VERTEX_POINT('',#112);
#114=CARTESIAN_POINT('',(-11.000000953674316,-4.199999809265137,261.6890869140625));
#115=VERTEX_POINT('',#114);
#116=CARTESIAN_POINT('',(-9.500000953674316,20.200000762939453,284.8643493652344));
#117=VERTEX_POINT('',#116);
#118=CARTESIAN_POINT('',(-9.500000953674316,-4.199999809265137,260.46435546875));
#119=VERTEX_POINT('',#118);
#120=CARTESIAN_POINT('',(-10.129314422607422,20.200000762939453,286.8000183105469));
#121=VERTEX_POINT('',#120);
#122=CARTESIAN_POINT('',(-9.500000953674316,-4.199999809265137,262.9138488769531));
#123=VERTEX_POINT('',#122);
#124=CARTESIAN_POINT('',(-9.500000953674316,19.686168670654297,286.8000183105469));
#125=VERTEX_POINT('',#124);
#126=CARTESIAN_POINT('',(-11.000000953674316,-4.199999809265137,253.91091918945312));
#127=VERTEX_POINT('',#126);
#128=CARTESIAN_POINT('',(-11.000000953674316,20.200000762939453,278.3109130859375));
#129=VERTEX_POINT('',#128);
#130=CARTESIAN_POINT('',(-9.500000953674316,-4.199999809265137,255.1356658935547));
#131=VERTEX_POINT('',#130);
#132=CARTESIAN_POINT('',(-9.500000953674316,20.200000762939453,279.5356750488281));
#133=VERTEX_POINT('',#132);
#134=CARTESIAN_POINT('',(-10.129314422607422,-4.199999809265137,253.1999969482422));
#135=VERTEX_POINT('',#134);
#136=CARTESIAN_POINT('',(-9.500000953674316,20.200000762939453,277.086181640625));
#137=VERTEX_POINT('',#136);
#138=CARTESIAN_POINT('',(-9.500000953674316,-3.6861677169799805,253.1999969482422));
#139=VERTEX_POINT('',#138);
#140=CARTESIAN_POINT('',(-11.000000953674316,-1.0218251943588257,253.1999969482422));
#141=VERTEX_POINT('',#140);
#142=CARTESIAN_POINT('',(-11.000000953674316,20.200000762939453,274.4218444824219));
#143=VERTEX_POINT('',#142);
#144=CARTESIAN_POINT('',(-9.500000953674316,-2.246570110321045,253.1999969482422));
#145=VERTEX_POINT('',#144);
#146=CARTESIAN_POINT('',(-9.500000953674316,20.200000762939453,275.6465759277344));
#147=VERTEX_POINT('',#146);
#148=CARTESIAN_POINT('',(-9.500000953674316,0.2029196321964264,253.1999969482422));
#149=VERTEX_POINT('',#148);
#150=CARTESIAN_POINT('',(-9.500000953674316,20.200000762939453,273.19708251953125));
#151=VERTEX_POINT('',#150);
#152=CARTESIAN_POINT('',(-11.000000953674316,2.867262125015259,253.1999969482422));
#153=VERTEX_POINT('',#152);
#154=CARTESIAN_POINT('',(-11.000000953674316,20.200000762939453,270.5327453613281));
#155=VERTEX_POINT('',#154);
#156=CARTESIAN_POINT('',(-9.500000953674316,1.6425172090530396,253.1999969482422));
#157=VERTEX_POINT('',#156);
#158=CARTESIAN_POINT('',(-9.500000953674316,20.200000762939453,271.7574768066406));
#159=VERTEX_POINT('',#158);
#160=CARTESIAN_POINT('',(-9.500000953674316,4.092007160186768,253.1999969482422));
#161=VERTEX_POINT('',#160);
#162=CARTESIAN_POINT('',(-9.500000953674316,20.200000762939453,269.3079833984375));
#163=VERTEX_POINT('',#162);
#164=CARTESIAN_POINT('',(-11.000000953674316,6.756349563598633,253.1999969482422));
#165=VERTEX_POINT('',#164);
#166=CARTESIAN_POINT('',(-11.000000953674316,20.200000762939453,266.6436462402344));
#167=VERTEX_POINT('',#166);
#168=CARTESIAN_POINT('',(-9.500000953674316,5.531604290008545,253.1999969482422));
#169=VERTEX_POINT('',#168);
#170=CARTESIAN_POINT('',(-9.500000953674316,20.200000762939453,267.868408203125));
#171=VERTEX_POINT('',#170);
#172=CARTESIAN_POINT('',(-9.500000953674316,7.9810943603515625,253.1999969482422));
#173=VERTEX_POINT('',#172);
#174=CARTESIAN_POINT('',(-9.500000953674316,20.200000762939453,265.4189147949219));
#175=VERTEX_POINT('',#174);
#176=CARTESIAN_POINT('',(-11.000000953674316,10.64543628692627,253.1999969482422));
#177=VERTEX_POINT('',#176);
#178=CARTESIAN_POINT('',(-11.000000953674316,20.200000762939453,262.75457763671875));
#179=VERTEX_POINT('',#178);
#180=CARTESIAN_POINT('',(-9.500000953674316,9.42069149017334,253.1999969482422));
#181=VERTEX_POINT('',#180);
#182=CARTESIAN_POINT('',(-9.500000953674316,20.200000762939453,263.97930908203125));
#183=VERTEX_POINT('',#182);
#184=CARTESIAN_POINT('',(-9.500000953674316,11.8701810836792,253.1999969482422));
#185=VERTEX_POINT('',#184);
#186=CARTESIAN_POINT('',(-9.500000953674316,20.200000762939453,261.5298156738281));
#187=VERTEX_POINT('',#186);
#188=CARTESIAN_POINT('',(-11.000000953674316,14.534523963928223,253.1999969482422));
#189=VERTEX_POINT('',#188);
#190=CARTESIAN_POINT('',(-11.000000953674316,20.200000762939453,258.865478515625));
#191=VERTEX_POINT('',#190);
#192=CARTESIAN_POINT('',(-9.500000953674316,13.309779167175293,253.1999969482422));
#193=VERTEX_POINT('',#192);
#194=CARTESIAN_POINT('',(-9.500000953674316,20.200000762939453,260.0902099609375));
#195=VERTEX_POINT('',#194);
#196=CARTESIAN_POINT('',(-9.500000953674316,15.759268760681152,253.1999969482422));
#197=VERTEX_POINT('',#196);
#198=CARTESIAN_POINT('',(-9.500000953674316,20.200000762939453,257.6407470703125));
#199=VERTEX_POINT('',#198);
#200=CARTESIAN_POINT('',(-11.000000953674316,18.42361068725586,253.1999969482422));
#201=VERTEX_POINT('',#200);
#202=CARTESIAN_POINT('',(-11.000000953674316,20.200000762939453,254.9763946533203));
#203=VERTEX_POINT('',#202);
#204=CARTESIAN_POINT('',(-9.500000953674316,17.19886589050293,253.1999969482422));
#205=VERTEX_POINT('',#204);
#206=CARTESIAN_POINT('',(-9.500000953674316,20.200000762939453,256.2011413574219));
#207=VERTEX_POINT('',#206);
#208=CARTESIAN_POINT('',(-9.500000953674316,19.64835548400879,253.1999969482422));
#209=VERTEX_POINT('',#208);
#210=CARTESIAN_POINT('',(-9.500000953674316,20.200000762939453,253.75164794921875));
#211=VERTEX_POINT('',#210);
#212=CARTESIAN_POINT('',(-9.500000953674316,20.200000762939453,283.42474365234375));
#213=VERTEX_POINT('',#212);
#214=CARTESIAN_POINT('',(-9.500000953674316,-4.199999809265137,259.0247497558594));
#215=VERTEX_POINT('',#214);
#216=CARTESIAN_POINT('',(-9.500000953674316,-4.199999809265137,286.8000183105469));
#217=VERTEX_POINT('',#216);
#218=CARTESIAN_POINT('',(-9.500000953674316,-4.199999809265137,256.57525634765625));
#219=VERTEX_POINT('',#218);
#220=CARTESIAN_POINT('',(-9.500000953674316,20.200000762939453,280.9752502441406));
#221=VERTEX_POINT('',#220);
#222=CARTESIAN_POINT('',(-9.500000953674316,20.200000762939453,253.1999969482422));
#223=VERTEX_POINT('',#222);
#224=CARTESIAN_POINT('',(-11.000000953674316,-4.199999809265137,257.8000183105469));
#225=VERTEX_POINT('',#224);
#226=CARTESIAN_POINT('',(-11.000000953674316,20.200000762939453,282.20001220703125));
#227=VERTEX_POINT('',#226);
#228=CARTESIAN_POINT('',(-19.5,-4.199999809265137,286.8000183105469));
#229=VERTEX_POINT('',#228);
#230=CARTESIAN_POINT('',(-19.5,20.200000762939453,286.8000183105469));
#231=VERTEX_POINT('',#230);
#232=CARTESIAN_POINT('',(-15.750000953674316,-2.200000047683716,253.1999969482422));
#233=VERTEX_POINT('',#232);
#234=CARTESIAN_POINT('',(-15.750000953674316,-4.199999809265137,253.1999969482422));
#235=VERTEX_POINT('',#234);
#236=CARTESIAN_POINT('',(-15.750000953674316,-2.200000047683716,249.8000030517578));
#237=VERTEX_POINT('',#236);
#238=CARTESIAN_POINT('',(-15.750000953674316,-2.200000047683716,247.6999969482422));
#239=VERTEX_POINT('',#238);
#240=CARTESIAN_POINT('',(-15.750000953674316,18.19999885559082,247.6999969482422));
#241=VERTEX_POINT('',#240);
#242=CARTESIAN_POINT('',(-15.750000953674316,-2.200000047683716,244.29998779296875));
#243=VERTEX_POINT('',#242);
#244=CARTESIAN_POINT('',(-15.750000953674316,-4.199999809265137,194.3000030517578));
#245=VERTEX_POINT('',#244);
#246=CARTESIAN_POINT('',(-15.750000953674316,6.800000190734863,202));
#247=VERTEX_POINT('',#246);
#248=CARTESIAN_POINT('',(-15.750000953674316,6.800000190734863,196.59999084472656));
#249=VERTEX_POINT('',#248);
#250=CARTESIAN_POINT('',(-15.750000953674316,20.200000762939453,194.3000030517578));
#251=VERTEX_POINT('',#250);
#252=CARTESIAN_POINT('',(-15.750000953674316,18.200000762939453,196.59999084472656));
#253=VERTEX_POINT('',#252);
#254=CARTESIAN_POINT('',(-15.750000953674316,18.200000762939453,202));
#255=VERTEX_POINT('',#254);
#256=CARTESIAN_POINT('',(-15.750000953674316,18.19999885559082,244.29998779296875));
#257=VERTEX_POINT('',#256);
#258=CARTESIAN_POINT('',(-15.750000953674316,20.200000762939453,253.1999969482422));
#259=VERTEX_POINT('',#258);
#260=CARTESIAN_POINT('',(-15.750000953674316,18.200000762939453,249.8000030517578));
#261=VERTEX_POINT('',#260);
#262=CARTESIAN_POINT('',(-15.750000953674316,18.200000762939453,253.1999969482422));
#263=VERTEX_POINT('',#262);
#264=CARTESIAN_POINT('',(-25.5,0.5,249.8000030517578));
#265=VERTEX_POINT('',#264);
#266=CARTESIAN_POINT('',(-25.5,0.5,247.6999969482422));
#267=VERTEX_POINT('',#266);
#268=CARTESIAN_POINT('',(-25.5,15.5,249.8000030517578));
#269=VERTEX_POINT('',#268);
#270=CARTESIAN_POINT('',(-25.5,15.5,247.6999969482422));
#271=VERTEX_POINT('',#270);
#272=CARTESIAN_POINT('',(-23.5,0.5,247.6999969482422));
#273=VERTEX_POINT('',#272);
#274=CARTESIAN_POINT('',(-23.5,0.5,249.8000030517578));
#275=VERTEX_POINT('',#274);
#276=CARTESIAN_POINT('',(-23.5,15.5,247.6999969482422));
#277=VERTEX_POINT('',#276);
#278=CARTESIAN_POINT('',(-23.5,15.5,249.8000030517578));
#279=VERTEX_POINT('',#278);
#280=CARTESIAN_POINT('',(-23.517038345336914,15.629409790039062,247.6999969482422));
#281=VERTEX_POINT('',#280);
#282=CARTESIAN_POINT('',(-23.517038345336914,15.629409790039062,249.8000030517578));
#283=VERTEX_POINT('',#282);
#284=CARTESIAN_POINT('',(-23.566987991333008,15.75,247.6999969482422));
#285=VERTEX_POINT('',#284);
#286=CARTESIAN_POINT('',(-23.566987991333008,15.75,249.8000030517578));
#287=VERTEX_POINT('',#286);
#288=CARTESIAN_POINT('',(-23.646448135375977,15.853553771972656,247.6999969482422));
#289=VERTEX_POINT('',#288);
#290=CARTESIAN_POINT('',(-23.646448135375977,15.853553771972656,249.8000030517578));
#291=VERTEX_POINT('',#290);
#292=CARTESIAN_POINT('',(-23.75,15.933012962341309,247.6999969482422));
#293=VERTEX_POINT('',#292);
#294=CARTESIAN_POINT('',(-23.75,15.933012962341309,249.8000030517578));
#295=VERTEX_POINT('',#294);
#296=CARTESIAN_POINT('',(-23.87059211730957,15.982963562011719,247.6999969482422));
#297=VERTEX_POINT('',#296);
#298=CARTESIAN_POINT('',(-23.87059211730957,15.982963562011719,249.8000030517578));
#299=VERTEX_POINT('',#298);
#300=CARTESIAN_POINT('',(-24,16,247.6999969482422));
#301=VERTEX_POINT('',#300);
#302=CARTESIAN_POINT('',(-24,16,249.8000030517578));
#303=VERTEX_POINT('',#302);
#304=CARTESIAN_POINT('',(-24,1.4901160305669237E-08,247.6999969482422));
#305=VERTEX_POINT('',#304);
#306=CARTESIAN_POINT('',(-24,1.4901161193847656E-08,249.8000030517578));
#307=VERTEX_POINT('',#306);
#308=CARTESIAN_POINT('',(-23.87059211730957,0.017037101089954376,247.6999969482422));
#309=VERTEX_POINT('',#308);
#310=CARTESIAN_POINT('',(-23.87059211730957,0.017037101089954376,249.8000030517578));
#311=VERTEX_POINT('',#310);
#312=CARTESIAN_POINT('',(-23.75,0.06698731333017349,247.6999969482422));
#313=VERTEX_POINT('',#312);
#314=CARTESIAN_POINT('',(-23.75,0.06698731333017349,249.8000030517578));
#315=VERTEX_POINT('',#314);
#316=CARTESIAN_POINT('',(-23.646448135375977,0.14644663035869598,247.6999969482422));
#317=VERTEX_POINT('',#316);
#318=CARTESIAN_POINT('',(-23.646448135375977,0.14644663035869598,249.8000030517578));
#319=VERTEX_POINT('',#318);
#320=CARTESIAN_POINT('',(-23.566987991333008,0.25,247.6999969482422));
#321=VERTEX_POINT('',#320);
#322=CARTESIAN_POINT('',(-23.566987991333008,0.25,249.8000030517578));
#323=VERTEX_POINT('',#322);
#324=CARTESIAN_POINT('',(-23.517038345336914,0.370590478181839,247.6999969482422));
#325=VERTEX_POINT('',#324);
#326=CARTESIAN_POINT('',(-23.517038345336914,0.370590478181839,249.8000030517578));
#327=VERTEX_POINT('',#326);
#328=CARTESIAN_POINT('',(-25,16,249.8000030517578));
#329=VERTEX_POINT('',#328);
#330=CARTESIAN_POINT('',(-25,16,247.6999969482422));
#331=VERTEX_POINT('',#330);
#332=CARTESIAN_POINT('',(-25.129409790039062,15.982963562011719,247.6999969482422));
#333=VERTEX_POINT('',#332);
#334=CARTESIAN_POINT('',(-25.129409790039062,15.982963562011719,249.8000030517578));
#335=VERTEX_POINT('',#334);
#336=CARTESIAN_POINT('',(-25.25,15.933012962341309,247.6999969482422));
#337=VERTEX_POINT('',#336);
#338=CARTESIAN_POINT('',(-25.25,15.933012962341309,249.8000030517578));
#339=VERTEX_POINT('',#338);
#340=CARTESIAN_POINT('',(-25.353553771972656,15.853553771972656,247.6999969482422));
#341=VERTEX_POINT('',#340);
#342=CARTESIAN_POINT('',(-25.353553771972656,15.853553771972656,249.8000030517578));
#343=VERTEX_POINT('',#342);
#344=CARTESIAN_POINT('',(-25.433013916015625,15.75,247.6999969482422));
#345=VERTEX_POINT('',#344);
#346=CARTESIAN_POINT('',(-25.433013916015625,15.75,249.8000030517578));
#347=VERTEX_POINT('',#346);
#348=CARTESIAN_POINT('',(-25.48296356201172,15.629409790039062,247.6999969482422));
#349=VERTEX_POINT('',#348);
#350=CARTESIAN_POINT('',(-25.48296356201172,15.629409790039062,249.8000030517578));
#351=VERTEX_POINT('',#350);
#352=CARTESIAN_POINT('',(-25,1.4901162970204496E-08,247.6999969482422));
#353=VERTEX_POINT('',#352);
#354=CARTESIAN_POINT('',(-25,1.4901161193847656E-08,249.8000030517578));
#355=VERTEX_POINT('',#354);
#356=CARTESIAN_POINT('',(-25.48296356201172,0.370590478181839,247.6999969482422));
#357=VERTEX_POINT('',#356);
#358=CARTESIAN_POINT('',(-25.48296356201172,0.370590478181839,249.8000030517578));
#359=VERTEX_POINT('',#358);
#360=CARTESIAN_POINT('',(-25.433013916015625,0.2500000298023224,247.6999969482422));
#361=VERTEX_POINT('',#360);
#362=CARTESIAN_POINT('',(-25.433013916015625,0.25,249.8000030517578));
#363=VERTEX_POINT('',#362);
#364=CARTESIAN_POINT('',(-25.353553771972656,0.14644663035869598,247.6999969482422));
#365=VERTEX_POINT('',#364);
#366=CARTESIAN_POINT('',(-25.353553771972656,0.14644663035869598,249.8000030517578));
#367=VERTEX_POINT('',#366);
#368=CARTESIAN_POINT('',(-25.25,0.06698731333017349,247.6999969482422));
#369=VERTEX_POINT('',#368);
#370=CARTESIAN_POINT('',(-25.25,0.06698731333017349,249.8000030517578));
#371=VERTEX_POINT('',#370);
#372=CARTESIAN_POINT('',(-25.129409790039062,0.017037101089954376,247.6999969482422));
#373=VERTEX_POINT('',#372);
#374=CARTESIAN_POINT('',(-25.129409790039062,0.017037101089954376,249.8000030517578));
#375=VERTEX_POINT('',#374);
#376=CARTESIAN_POINT('',(-29.5,-2.200000047683716,249.8000030517578));
#377=VERTEX_POINT('',#376);
#378=CARTESIAN_POINT('',(-29.5,18.200000762939453,249.8000030517578));
#379=VERTEX_POINT('',#378);
#380=CARTESIAN_POINT('',(-29.5,-2.200000047683716,259.8000183105469));
#381=VERTEX_POINT('',#380);
#382=CARTESIAN_POINT('',(-29.5,-4.199999809265137,259.8000183105469));
#383=VERTEX_POINT('',#382);
#384=CARTESIAN_POINT('',(-21.428363800048828,-2.200000047683716,281.5934143066406));
#385=VERTEX_POINT('',#384);
#386=CARTESIAN_POINT('',(-21.428363800048828,18.200000762939453,281.5934143066406));
#387=VERTEX_POINT('',#386);
#388=CARTESIAN_POINT('',(-29.5,20.200000762939453,259.8000183105469));
#389=VERTEX_POINT('',#388);
#390=CARTESIAN_POINT('',(-29.5,18.200000762939453,259.8000183105469));
#391=VERTEX_POINT('',#390);
#392=CARTESIAN_POINT('',(-29.5,18.200000762939453,253.1999969482422));
#393=VERTEX_POINT('',#392);
#394=CARTESIAN_POINT('',(-29.5,-2.200000047683716,253.1999969482422));
#395=VERTEX_POINT('',#394);
#396=CARTESIAN_POINT('',(-21.428363800048828,18.200000762939453,255.1999969482422));
#397=VERTEX_POINT('',#396);
#398=CARTESIAN_POINT('',(-29.5,18.200000762939453,255.1999969482422));
#399=VERTEX_POINT('',#398);
#400=CARTESIAN_POINT('',(-24,16,255.1999969482422));
#401=VERTEX_POINT('',#400);
#402=CARTESIAN_POINT('',(-25,16,255.1999969482422));
#403=VERTEX_POINT('',#402);
#404=CARTESIAN_POINT('',(-25.129409790039062,15.982963562011719,255.1999969482422));
#405=VERTEX_POINT('',#404);
#406=CARTESIAN_POINT('',(-25.25,15.933012962341309,255.1999969482422));
#407=VERTEX_POINT('',#406);
#408=CARTESIAN_POINT('',(-25.353553771972656,15.853553771972656,255.1999969482422));
#409=VERTEX_POINT('',#408);
#410=CARTESIAN_POINT('',(-25.433013916015625,15.75,255.1999969482422));
#411=VERTEX_POINT('',#410);
#412=CARTESIAN_POINT('',(-25.48296356201172,15.629409790039062,255.1999969482422));
#413=VERTEX_POINT('',#412);
#414=CARTESIAN_POINT('',(-25.5,15.5,255.1999969482422));
#415=VERTEX_POINT('',#414);
#416=CARTESIAN_POINT('',(-29.5,-2.200000047683716,255.1999969482422));
#417=VERTEX_POINT('',#416);
#418=CARTESIAN_POINT('',(-25.5,0.5,255.1999969482422));
#419=VERTEX_POINT('',#418);
#420=CARTESIAN_POINT('',(-25.48296356201172,0.370590478181839,255.1999969482422));
#421=VERTEX_POINT('',#420);
#422=CARTESIAN_POINT('',(-25.433013916015625,0.2500000298023224,255.1999969482422));
#423=VERTEX_POINT('',#422);
#424=CARTESIAN_POINT('',(-25.353553771972656,0.14644663035869598,255.1999969482422));
#425=VERTEX_POINT('',#424);
#426=CARTESIAN_POINT('',(-25.25,0.06698731333017349,255.1999969482422));
#427=VERTEX_POINT('',#426);
#428=CARTESIAN_POINT('',(-25.129409790039062,0.017037101089954376,255.1999969482422));
#429=VERTEX_POINT('',#428);
#430=CARTESIAN_POINT('',(-25,1.4901162970204496E-08,255.1999969482422));
#431=VERTEX_POINT('',#430);
#432=CARTESIAN_POINT('',(-21.428363800048828,-2.200000047683716,255.1999969482422));
#433=VERTEX_POINT('',#432);
#434=CARTESIAN_POINT('',(-24,1.4901161193847656E-08,255.1999969482422));
#435=VERTEX_POINT('',#434);
#436=CARTESIAN_POINT('',(-23.87059211730957,0.017037101089954376,255.1999969482422));
#437=VERTEX_POINT('',#436);
#438=CARTESIAN_POINT('',(-23.75,0.06698731333017349,255.1999969482422));
#439=VERTEX_POINT('',#438);
#440=CARTESIAN_POINT('',(-23.646448135375977,0.14644663035869598,255.1999969482422));
#441=VERTEX_POINT('',#440);
#442=CARTESIAN_POINT('',(-23.566987991333008,0.2500000298023224,255.1999969482422));
#443=VERTEX_POINT('',#442);
#444=CARTESIAN_POINT('',(-23.517038345336914,0.370590478181839,255.1999969482422));
#445=VERTEX_POINT('',#444);
#446=CARTESIAN_POINT('',(-23.5,0.5,255.1999969482422));
#447=VERTEX_POINT('',#446);
#448=CARTESIAN_POINT('',(-23.5,15.5,255.1999969482422));
#449=VERTEX_POINT('',#448);
#450=CARTESIAN_POINT('',(-23.517038345336914,15.629409790039062,255.1999969482422));
#451=VERTEX_POINT('',#450);
#452=CARTESIAN_POINT('',(-23.566987991333008,15.75,255.1999969482422));
#453=VERTEX_POINT('',#452);
#454=CARTESIAN_POINT('',(-23.646448135375977,15.853553771972656,255.1999969482422));
#455=VERTEX_POINT('',#454);
#456=CARTESIAN_POINT('',(-23.75,15.933012962341309,255.1999969482422));
#457=VERTEX_POINT('',#456);
#458=CARTESIAN_POINT('',(-23.87059211730957,15.982963562011719,255.1999969482422));
#459=VERTEX_POINT('',#458);
#460=CARTESIAN_POINT('',(-29.5,18.19999885559082,247.6999969482422));
#461=VERTEX_POINT('',#460);
#462=CARTESIAN_POINT('',(-29.5,-2.200000047683716,247.6999969482422));
#463=VERTEX_POINT('',#462);
#464=CARTESIAN_POINT('',(-19.5,18.19999885559082,244.29998779296875));
#465=VERTEX_POINT('',#464);
#466=CARTESIAN_POINT('',(-29.5,18.19999885559082,244.29998779296875));
#467=VERTEX_POINT('',#466);
#468=CARTESIAN_POINT('',(-25.5,15.5,244.3000030517578));
#469=VERTEX_POINT('',#468);
#470=CARTESIAN_POINT('',(-25.5,0.5,244.3000030517578));
#471=VERTEX_POINT('',#470);
#472=CARTESIAN_POINT('',(-29.5,-2.200000047683716,244.29998779296875));
#473=VERTEX_POINT('',#472);
#474=CARTESIAN_POINT('',(-25.48296356201172,0.370590478181839,244.3000030517578));
#475=VERTEX_POINT('',#474);
#476=CARTESIAN_POINT('',(-25.433013916015625,0.2500000298023224,244.3000030517578));
#477=VERTEX_POINT('',#476);
#478=CARTESIAN_POINT('',(-25.353553771972656,0.14644663035869598,244.3000030517578));
#479=VERTEX_POINT('',#478);
#480=CARTESIAN_POINT('',(-25.25,0.06698731333017349,244.3000030517578));
#481=VERTEX_POINT('',#480);
#482=CARTESIAN_POINT('',(-25.129409790039062,0.017037101089954376,244.3000030517578));
#483=VERTEX_POINT('',#482);
#484=CARTESIAN_POINT('',(-25,1.4901162970204496E-08,244.3000030517578));
#485=VERTEX_POINT('',#484);
#486=CARTESIAN_POINT('',(-19.5,-2.200000047683716,244.29998779296875));
#487=VERTEX_POINT('',#486);
#488=CARTESIAN_POINT('',(-24,1.4901160305669237E-08,244.3000030517578));
#489=VERTEX_POINT('',#488);
#490=CARTESIAN_POINT('',(-23.87059211730957,0.017037101089954376,244.3000030517578));
#491=VERTEX_POINT('',#490);
#492=CARTESIAN_POINT('',(-23.75,0.06698731333017349,244.3000030517578));
#493=VERTEX_POINT('',#492);
#494=CARTESIAN_POINT('',(-23.646448135375977,0.14644663035869598,244.3000030517578));
#495=VERTEX_POINT('',#494);
#496=CARTESIAN_POINT('',(-23.566987991333008,0.2500000298023224,244.3000030517578));
#497=VERTEX_POINT('',#496);
#498=CARTESIAN_POINT('',(-23.517038345336914,0.370590478181839,244.3000030517578));
#499=VERTEX_POINT('',#498);
#500=CARTESIAN_POINT('',(-23.5,0.5,244.3000030517578));
#501=VERTEX_POINT('',#500);
#502=CARTESIAN_POINT('',(-23.5,15.5,244.3000030517578));
#503=VERTEX_POINT('',#502);
#504=CARTESIAN_POINT('',(-23.517038345336914,15.629409790039062,244.3000030517578));
#505=VERTEX_POINT('',#504);
#506=CARTESIAN_POINT('',(-23.566987991333008,15.75,244.3000030517578));
#507=VERTEX_POINT('',#506);
#508=CARTESIAN_POINT('',(-23.646448135375977,15.853553771972656,244.3000030517578));
#509=VERTEX_POINT('',#508);
#510=CARTESIAN_POINT('',(-23.75,15.933012962341309,244.3000030517578));
#511=VERTEX_POINT('',#510);
#512=CARTESIAN_POINT('',(-23.87059211730957,15.982963562011719,244.3000030517578));
#513=VERTEX_POINT('',#512);
#514=CARTESIAN_POINT('',(-24,16,244.3000030517578));
#515=VERTEX_POINT('',#514);
#516=CARTESIAN_POINT('',(-25,16,244.3000030517578));
#517=VERTEX_POINT('',#516);
#518=CARTESIAN_POINT('',(-25.129409790039062,15.982963562011719,244.3000030517578));
#519=VERTEX_POINT('',#518);
#520=CARTESIAN_POINT('',(-25.25,15.933012962341309,244.3000030517578));
#521=VERTEX_POINT('',#520);
#522=CARTESIAN_POINT('',(-25.353553771972656,15.853553771972656,244.3000030517578));
#523=VERTEX_POINT('',#522);
#524=CARTESIAN_POINT('',(-25.433013916015625,15.75,244.3000030517578));
#525=VERTEX_POINT('',#524);
#526=CARTESIAN_POINT('',(-25.48296356201172,15.629409790039062,244.3000030517578));
#527=VERTEX_POINT('',#526);
#528=CARTESIAN_POINT('',(-25,16,242.3000030517578));
#529=VERTEX_POINT('',#528);
#530=CARTESIAN_POINT('',(-25.129409790039062,15.982963562011719,242.3000030517578));
#531=VERTEX_POINT('',#530);
#532=CARTESIAN_POINT('',(-25.25,15.933012962341309,242.3000030517578));
#533=VERTEX_POINT('',#532);
#534=CARTESIAN_POINT('',(-25.353553771972656,15.853553771972656,242.3000030517578));
#535=VERTEX_POINT('',#534);
#536=CARTESIAN_POINT('',(-25.433013916015625,15.75,242.3000030517578));
#537=VERTEX_POINT('',#536);
#538=CARTESIAN_POINT('',(-25.48296356201172,15.629409790039062,242.3000030517578));
#539=VERTEX_POINT('',#538);
#540=CARTESIAN_POINT('',(-25.5,15.5,242.3000030517578));
#541=VERTEX_POINT('',#540);
#542=CARTESIAN_POINT('',(-24,16,242.3000030517578));
#543=VERTEX_POINT('',#542);
#544=CARTESIAN_POINT('',(-23.5,15.5,242.3000030517578));
#545=VERTEX_POINT('',#544);
#546=CARTESIAN_POINT('',(-23.517038345336914,15.629409790039062,242.3000030517578));
#547=VERTEX_POINT('',#546);
#548=CARTESIAN_POINT('',(-23.566987991333008,15.75,242.3000030517578));
#549=VERTEX_POINT('',#548);
#550=CARTESIAN_POINT('',(-23.646448135375977,15.853553771972656,242.3000030517578));
#551=VERTEX_POINT('',#550);
#552=CARTESIAN_POINT('',(-23.75,15.933012962341309,242.3000030517578));
#553=VERTEX_POINT('',#552);
#554=CARTESIAN_POINT('',(-23.87059211730957,15.982963562011719,242.3000030517578));
#555=VERTEX_POINT('',#554);
#556=CARTESIAN_POINT('',(-25.5,0.5,242.3000030517578));
#557=VERTEX_POINT('',#556);
#558=CARTESIAN_POINT('',(-24,16,253.1999969482422));
#559=VERTEX_POINT('',#558);
#560=CARTESIAN_POINT('',(-25,16,253.1999969482422));
#561=VERTEX_POINT('',#560);
#562=CARTESIAN_POINT('',(-25.129409790039062,15.982963562011719,253.1999969482422));
#563=VERTEX_POINT('',#562);
#564=CARTESIAN_POINT('',(-25.25,15.933012962341309,253.1999969482422));
#565=VERTEX_POINT('',#564);
#566=CARTESIAN_POINT('',(-25.353553771972656,15.853553771972656,253.1999969482422));
#567=VERTEX_POINT('',#566);
#568=CARTESIAN_POINT('',(-25.433013916015625,15.75,253.1999969482422));
#569=VERTEX_POINT('',#568);
#570=CARTESIAN_POINT('',(-25.48296356201172,15.629409790039062,253.1999969482422));
#571=VERTEX_POINT('',#570);
#572=CARTESIAN_POINT('',(-25.5,15.5,253.1999969482422));
#573=VERTEX_POINT('',#572);
#574=CARTESIAN_POINT('',(-23.5,15.5,253.1999969482422));
#575=VERTEX_POINT('',#574);
#576=CARTESIAN_POINT('',(-23.517038345336914,15.629409790039062,253.1999969482422));
#577=VERTEX_POINT('',#576);
#578=CARTESIAN_POINT('',(-23.566987991333008,15.75,253.1999969482422));
#579=VERTEX_POINT('',#578);
#580=CARTESIAN_POINT('',(-23.646448135375977,15.853553771972656,253.1999969482422));
#581=VERTEX_POINT('',#580);
#582=CARTESIAN_POINT('',(-23.75,15.933012962341309,253.1999969482422));
#583=VERTEX_POINT('',#582);
#584=CARTESIAN_POINT('',(-23.87059211730957,15.982963562011719,253.1999969482422));
#585=VERTEX_POINT('',#584);
#586=CARTESIAN_POINT('',(-25.5,0.5,253.1999969482422));
#587=VERTEX_POINT('',#586);
#588=CARTESIAN_POINT('',(-23.5,0.5,242.3000030517578));
#589=VERTEX_POINT('',#588);
#590=CARTESIAN_POINT('',(-23.5,0.5,253.1999969482422));
#591=VERTEX_POINT('',#590);
#592=CARTESIAN_POINT('',(-25.48296356201172,0.370590478181839,242.3000030517578));
#593=VERTEX_POINT('',#592);
#594=CARTESIAN_POINT('',(-25.433013916015625,0.2500000298023224,242.3000030517578));
#595=VERTEX_POINT('',#594);
#596=CARTESIAN_POINT('',(-25.353553771972656,0.14644663035869598,242.3000030517578));
#597=VERTEX_POINT('',#596);
#598=CARTESIAN_POINT('',(-25.25,0.06698731333017349,242.3000030517578));
#599=VERTEX_POINT('',#598);
#600=CARTESIAN_POINT('',(-25.129409790039062,0.017037101089954376,242.3000030517578));
#601=VERTEX_POINT('',#600);
#602=CARTESIAN_POINT('',(-25,1.4901162970204496E-08,242.3000030517578));
#603=VERTEX_POINT('',#602);
#604=CARTESIAN_POINT('',(-25.48296356201172,0.370590478181839,253.1999969482422));
#605=VERTEX_POINT('',#604);
#606=CARTESIAN_POINT('',(-25.433013916015625,0.2500000298023224,253.1999969482422));
#607=VERTEX_POINT('',#606);
#608=CARTESIAN_POINT('',(-25.353553771972656,0.14644663035869598,253.1999969482422));
#609=VERTEX_POINT('',#608);
#610=CARTESIAN_POINT('',(-25.25,0.06698731333017349,253.1999969482422));
#611=VERTEX_POINT('',#610);
#612=CARTESIAN_POINT('',(-25.129409790039062,0.017037101089954376,253.1999969482422));
#613=VERTEX_POINT('',#612);
#614=CARTESIAN_POINT('',(-25,1.4901162970204496E-08,253.1999969482422));
#615=VERTEX_POINT('',#614);
#616=CARTESIAN_POINT('',(-24,1.4901160305669237E-08,242.3000030517578));
#617=VERTEX_POINT('',#616);
#618=CARTESIAN_POINT('',(-23.87059211730957,0.017037101089954376,242.3000030517578));
#619=VERTEX_POINT('',#618);
#620=CARTESIAN_POINT('',(-23.75,0.06698731333017349,242.3000030517578));
#621=VERTEX_POINT('',#620);
#622=CARTESIAN_POINT('',(-23.646448135375977,0.14644663035869598,242.3000030517578));
#623=VERTEX_POINT('',#622);
#624=CARTESIAN_POINT('',(-23.566987991333008,0.25,242.3000030517578));
#625=VERTEX_POINT('',#624);
#626=CARTESIAN_POINT('',(-23.517038345336914,0.370590478181839,242.3000030517578));
#627=VERTEX_POINT('',#626);
#628=CARTESIAN_POINT('',(-24,1.4901161193847656E-08,253.1999969482422));
#629=VERTEX_POINT('',#628);
#630=CARTESIAN_POINT('',(-23.87059211730957,0.017037101089954376,253.1999969482422));
#631=VERTEX_POINT('',#630);
#632=CARTESIAN_POINT('',(-23.75,0.06698731333017349,253.1999969482422));
#633=VERTEX_POINT('',#632);
#634=CARTESIAN_POINT('',(-23.646448135375977,0.14644663035869598,253.1999969482422));
#635=VERTEX_POINT('',#634);
#636=CARTESIAN_POINT('',(-23.566987991333008,0.25,253.1999969482422));
#637=VERTEX_POINT('',#636);
#638=CARTESIAN_POINT('',(-23.517038345336914,0.370590478181839,253.1999969482422));
#639=VERTEX_POINT('',#638);
#640=CARTESIAN_POINT('',(-29.5,-4.199999809265137,213.3000030517578));
#641=VERTEX_POINT('',#640);
#642=CARTESIAN_POINT('',(-29.5,20.200000762939453,213.3000030517578));
#643=VERTEX_POINT('',#642);
#644=CARTESIAN_POINT('',(-29.5,20.200000762939453,194.3000030517578));
#645=VERTEX_POINT('',#644);
#646=CARTESIAN_POINT('',(-27.5,20.200000762939453,211.3000030517578));
#647=VERTEX_POINT('',#646);
#648=CARTESIAN_POINT('',(-27.5,20.200000762939453,213.3000030517578));
#649=VERTEX_POINT('',#648);
#650=CARTESIAN_POINT('',(-29.5,20.200000762939453,211.3000030517578));
#651=VERTEX_POINT('',#650);
#652=CARTESIAN_POINT('',(-29.5,6.800000190734863,202));
#653=VERTEX_POINT('',#652);
#654=CARTESIAN_POINT('',(-29.5,6.800000190734863,196.59999084472656));
#655=VERTEX_POINT('',#654);
#656=CARTESIAN_POINT('',(-29.5,18.200000762939453,202));
#657=VERTEX_POINT('',#656);
#658=CARTESIAN_POINT('',(-29.5,18.200000762939453,196.59999084472656));
#659=VERTEX_POINT('',#658);
#660=CARTESIAN_POINT('',(-27.5,-4.199999809265137,213.3000030517578));
#661=VERTEX_POINT('',#660);
#662=CARTESIAN_POINT('',(-27.5,-4.199999809265137,211.3000030517578));
#663=VERTEX_POINT('',#662);
#664=CARTESIAN_POINT('',(-29.5,-4.199999809265137,211.3000030517578));
#665=VERTEX_POINT('',#664);
#666=CARTESIAN_POINT('',(-29.5,-4.199999809265137,194.3000030517578));
#667=VERTEX_POINT('',#666);
#668=STYLED_ITEM('',(#25),#669);
#669=FACE_SURFACE('',(#674),#670,.T.);
#670=PLANE('',#671);
#671=AXIS2_PLACEMENT_3D('',#40,#672,#673);
#672=DIRECTION('',(0.499988352717884,0.6123894972590878,-0.6123648837035143));
#673=DIRECTION('',(-0.774600065804404,0,-0.632451372087857));
#674=FACE_BOUND('',#675,.T.);
#675=EDGE_LOOP('',(#676,#677,#678));
#676=ORIENTED_EDGE('',*,*,#679,.T.);
#677=ORIENTED_EDGE('',*,*,#680,.T.);
#678=ORIENTED_EDGE('',*,*,#681,.T.);
#679=EDGE_CURVE('',#41,#43,#682,.F.);
#680=EDGE_CURVE('',#43,#45,#683,.T.);
#681=EDGE_CURVE('',#45,#41,#684,.T.);
#682=LINE('',#40,#685);
#683=LINE('',#42,#686);
#684=LINE('',#44,#687);
#685=VECTOR('',#688,1.0);
#686=VECTOR('',#689,1.0);
#687=VECTOR('',#690,1.0);
#688=DIRECTION('',(-0.774600065804404,0,-0.632451372087857));
#689=DIRECTION('',(0.6277359595312697,0.2308578867805718,0.7434058119375748));
#690=DIRECTION('',(0,-0.7070925705111598,-0.70712099157635));
#691=FACE_SURFACE('',(#696),#692,.T.);
#692=PLANE('',#693);
#693=AXIS2_PLACEMENT_3D('',#44,#694,#695);
#694=DIRECTION('',(0.5000009082610128,0.6123735854032116,-0.6123705443916924));
#695=DIRECTION('',(-0.6277359595312697,-0.2308578867805718,-0.7434058119375748));
#696=FACE_BOUND('',#697,.T.);
#697=EDGE_LOOP('',(#698,#699,#700));
#698=ORIENTED_EDGE('',*,*,#701,.T.);
#699=ORIENTED_EDGE('',*,*,#702,.T.);
#700=ORIENTED_EDGE('',*,*,#703,.T.);
#701=EDGE_CURVE('',#45,#43,#704,.F.);
#702=EDGE_CURVE('',#43,#47,#705,.T.);
#703=EDGE_CURVE('',#47,#45,#706,.T.);
#704=LINE('',#44,#707);
#705=LINE('',#42,#708);
#706=LINE('',#46,#709);
#707=VECTOR('',#710,1.0);
#708=VECTOR('',#711,1.0);
#709=VECTOR('',#712,1.0);
#710=DIRECTION('',(-0.6277359595312697,-0.2308578867805718,-0.7434058119375748));
#711=DIRECTION('',(0,0.7071050254544854,0.7071085369142502));
#712=DIRECTION('',(0.7745966881237367,-0.6324555089077323,0));
#713=FACE_SURFACE('',(#718),#714,.T.);
#714=PLANE('',#715);
#715=AXIS2_PLACEMENT_3D('',#42,#716,#717);
#716=DIRECTION('',(0.5000043020324104,-0.6123721998887751,0.6123691588841361));
#717=DIRECTION('',(0.7745923454022712,0,-0.6324608275966257));
#718=FACE_BOUND('',#719,.T.);
#719=EDGE_LOOP('',(#720,#721,#722));
#720=ORIENTED_EDGE('',*,*,#723,.T.);
#721=ORIENTED_EDGE('',*,*,#724,.T.);
#722=ORIENTED_EDGE('',*,*,#725,.T.);
#723=EDGE_CURVE('',#43,#49,#726,.F.);
#724=EDGE_CURVE('',#49,#47,#727,.T.);
#725=EDGE_CURVE('',#47,#43,#728,.T.);
#726=LINE('',#42,#729);
#727=LINE('',#48,#730);
#728=LINE('',#46,#731);
#729=VECTOR('',#732,1.0);
#730=VECTOR('',#733,1.0);
#731=VECTOR('',#734,1.0);
#732=DIRECTION('',(0.7745923454022712,0,-0.6324608275966257));
#733=DIRECTION('',(-0.39511302405811477,0.46791625579915946,0.7905315147282537));
#734=DIRECTION('',(0,-0.7071050254544854,-0.7071085369142502));
#735=FACE_SURFACE('',(#740),#736,.T.);
#736=PLANE('',#737);
#737=AXIS2_PLACEMENT_3D('',#46,#738,#739);
#738=DIRECTION('',(0.5000016297990544,-0.6123744094984409,0.6123691311535266));
#739=DIRECTION('',(0.39511302405811477,-0.46791625579915946,-0.7905315147282537));
#740=FACE_BOUND('',#741,.T.);
#741=EDGE_LOOP('',(#742,#743,#744));
#742=ORIENTED_EDGE('',*,*,#745,.T.);
#743=ORIENTED_EDGE('',*,*,#746,.T.);
#744=ORIENTED_EDGE('',*,*,#747,.T.);
#745=EDGE_CURVE('',#47,#49,#748,.F.);
#746=EDGE_CURVE('',#49,#51,#749,.T.);
#747=EDGE_CURVE('',#51,#47,#750,.T.);
#748=LINE('',#46,#751);
#749=LINE('',#48,#752);
#750=LINE('',#50,#753);
#751=VECTOR('',#754,1.0);
#752=VECTOR('',#755,1.0);
#753=VECTOR('',#756,1.0);
#754=DIRECTION('',(0.39511302405811477,-0.46791625579915946,-0.7905315147282537));
#755=DIRECTION('',(0,0.7071037337228124,0.7071098286371489));
#756=DIRECTION('',(-0.7745966579659068,-0.6324555458433803,0));
#757=FACE_SURFACE('',(#762),#758,.T.);
#758=PLANE('',#759);
#759=AXIS2_PLACEMENT_3D('',#52,#760,#761);
#760=DIRECTION('',(0.500005083411472,0.6123706049144934,-0.6123701158607796));
#761=DIRECTION('',(-0.7745923454022712,0,-0.6324608275966257));
#762=FACE_BOUND('',#763,.T.);
#763=EDGE_LOOP('',(#764,#765,#766));
#764=ORIENTED_EDGE('',*,*,#767,.T.);
#765=ORIENTED_EDGE('',*,*,#768,.T.);
#766=ORIENTED_EDGE('',*,*,#769,.T.);
#767=EDGE_CURVE('',#53,#55,#770,.F.);
#768=EDGE_CURVE('',#55,#57,#771,.T.);
#769=EDGE_CURVE('',#57,#53,#772,.T.);
#770=LINE('',#52,#773);
#771=LINE('',#54,#774);
#772=LINE('',#56,#775);
#773=VECTOR('',#776,1.0);
#774=VECTOR('',#777,1.0);
#775=VECTOR('',#778,1.0);
#776=DIRECTION('',(-0.7745923454022712,0,-0.6324608275966257));
#777=DIRECTION('',(0.20399584024700435,0.6039271441885324,0.7704918569811119));
#778=DIRECTION('',(0,-0.707106498830241,-0.7071070635427412));
#779=FACE_SURFACE('',(#784),#780,.T.);
#780=PLANE('',#781);
#781=AXIS2_PLACEMENT_3D('',#56,#782,#783);
#782=DIRECTION('',(0.5000006870484408,0.6123732697706848,-0.6123710406456588));
#783=DIRECTION('',(-0.20399584024700435,-0.6039271441885324,-0.7704918569811119));
#784=FACE_BOUND('',#785,.T.);
#785=EDGE_LOOP('',(#786,#787,#788));
#786=ORIENTED_EDGE('',*,*,#789,.T.);
#787=ORIENTED_EDGE('',*,*,#790,.T.);
#788=ORIENTED_EDGE('',*,*,#791,.T.);
#789=EDGE_CURVE('',#57,#55,#792,.F.);
#790=EDGE_CURVE('',#55,#59,#793,.T.);
#791=EDGE_CURVE('',#59,#57,#794,.T.);
#792=LINE('',#56,#795);
#793=LINE('',#54,#796);
#794=LINE('',#58,#797);
#795=VECTOR('',#798,1.0);
#796=VECTOR('',#799,1.0);
#797=VECTOR('',#800,1.0);
#798=DIRECTION('',(-0.20399584024700435,-0.6039271441885324,-0.7704918569811119));
#799=DIRECTION('',(0,0.7071054941988529,0.7071080681718996));
#800=DIRECTION('',(0.7745966655053642,-0.6324555366094686,0));
#801=FACE_SURFACE('',(#806),#802,.T.);
#802=PLANE('',#803);
#803=AXIS2_PLACEMENT_3D('',#54,#804,#805);
#804=DIRECTION('',(0.499995206575834,-0.6123755071560797,0.6123732780229092));
#805=DIRECTION('',(0.774600065804404,0,-0.632451372087857));
#806=FACE_BOUND('',#807,.T.);
#807=EDGE_LOOP('',(#808,#809,#810));
#808=ORIENTED_EDGE('',*,*,#811,.T.);
#809=ORIENTED_EDGE('',*,*,#812,.T.);
#810=ORIENTED_EDGE('',*,*,#813,.T.);
#811=EDGE_CURVE('',#55,#61,#814,.F.);
#812=EDGE_CURVE('',#61,#59,#815,.T.);
#813=EDGE_CURVE('',#59,#55,#816,.T.);
#814=LINE('',#54,#817);
#815=LINE('',#60,#818);
#816=LINE('',#58,#819);
#817=VECTOR('',#820,1.0);
#818=VECTOR('',#821,1.0);
#819=VECTOR('',#822,1.0);
#820=DIRECTION('',(0.774600065804404,0,-0.632451372087857));
#821=DIRECTION('',(-0.16582649246751466,0.626324031263882,0.7617215910405067));
#822=DIRECTION('',(0,-0.7071054941988529,-0.7071080681718996));
#823=FACE_SURFACE('',(#828),#824,.T.);
#824=PLANE('',#825);
#825=AXIS2_PLACEMENT_3D('',#58,#826,#827);
#826=DIRECTION('',(0.5000002082855447,-0.6123726685071237,0.612372032819818));
#827=DIRECTION('',(0.16582649246751466,-0.626324031263882,-0.7617215910405067));
#828=FACE_BOUND('',#829,.T.);
#829=EDGE_LOOP('',(#830,#831,#832));
#830=ORIENTED_EDGE('',*,*,#833,.T.);
#831=ORIENTED_EDGE('',*,*,#834,.T.);
#832=ORIENTED_EDGE('',*,*,#835,.T.);
#833=EDGE_CURVE('',#59,#61,#836,.F.);
#834=EDGE_CURVE('',#61,#63,#837,.T.);
#835=EDGE_CURVE('',#63,#59,#838,.T.);
#836=LINE('',#58,#839);
#837=LINE('',#60,#840);
#838=LINE('',#62,#841);
#839=VECTOR('',#842,1.0);
#840=VECTOR('',#843,1.0);
#841=VECTOR('',#844,1.0);
#842=DIRECTION('',(0.16582649246751466,-0.626324031263882,-0.7617215910405067));
#843=DIRECTION('',(0,0.7071064141721644,0.7071071482007403));
#844=DIRECTION('',(-0.7745966579659068,-0.6324555458433803,0));
#845=FACE_SURFACE('',(#850),#846,.T.);
#846=PLANE('',#847);
#847=AXIS2_PLACEMENT_3D('',#64,#848,#849);
#848=DIRECTION('',(0.4999955456360921,0.6123748150526022,-0.6123736932897738));
#849=DIRECTION('',(-0.774600065804404,0,-0.632451372087857));
#850=FACE_BOUND('',#851,.T.);
#851=EDGE_LOOP('',(#852,#853,#854));
#852=ORIENTED_EDGE('',*,*,#855,.T.);
#853=ORIENTED_EDGE('',*,*,#856,.T.);
#854=ORIENTED_EDGE('',*,*,#857,.T.);
#855=EDGE_CURVE('',#65,#67,#858,.F.);
#856=EDGE_CURVE('',#67,#69,#859,.T.);
#857=EDGE_CURVE('',#69,#65,#860,.T.);
#858=LINE('',#64,#861);
#859=LINE('',#66,#862);
#860=LINE('',#68,#863);
#861=VECTOR('',#864,1.0);
#862=VECTOR('',#865,1.0);
#863=VECTOR('',#866,1.0);
#864=DIRECTION('',(-0.774600065804404,0,-0.632451372087857));
#865=DIRECTION('',(0.11751588993784366,0.6525907070387641,0.7485421729593881));
#866=DIRECTION('',(0,-0.7071061335381033,-0.7071074288343987));
#867=FACE_SURFACE('',(#872),#868,.T.);
#868=PLANE('',#869);
#869=AXIS2_PLACEMENT_3D('',#68,#870,#871);
#870=DIRECTION('',(0.5000000145767213,0.6123724908678921,-0.6123723686218474));
#871=DIRECTION('',(-0.11751588993784366,-0.6525907070387641,-0.7485421729593881));
#872=FACE_BOUND('',#873,.T.);
#873=EDGE_LOOP('',(#874,#875,#876));
#874=ORIENTED_EDGE('',*,*,#877,.T.);
#875=ORIENTED_EDGE('',*,*,#878,.T.);
#876=ORIENTED_EDGE('',*,*,#879,.T.);
#877=EDGE_CURVE('',#69,#67,#880,.F.);
#878=EDGE_CURVE('',#67,#71,#881,.T.);
#879=EDGE_CURVE('',#71,#69,#882,.T.);
#880=LINE('',#68,#883);
#881=LINE('',#66,#884);
#882=LINE('',#70,#885);
#883=VECTOR('',#886,1.0);
#884=VECTOR('',#887,1.0);
#885=VECTOR('',#888,1.0);
#886=DIRECTION('',(-0.11751588993784366,-0.6525907070387641,-0.7485421729593881));
#887=DIRECTION('',(0,0.7071067106077565,0.7071068517653316));
#888=DIRECTION('',(0.7745966881237367,-0.6324555089077323,0));
#889=FACE_SURFACE('',(#894),#890,.T.);
#890=PLANE('',#891);
#891=AXIS2_PLACEMENT_3D('',#66,#892,#893);
#892=DIRECTION('',(0.5000051957238727,-0.6123703756585195,0.612370253412897));
#893=DIRECTION('',(0.7745923454022712,0,-0.6324608275966257));
#894=FACE_BOUND('',#895,.T.);
#895=EDGE_LOOP('',(#896,#897,#898));
#896=ORIENTED_EDGE('',*,*,#899,.T.);
#897=ORIENTED_EDGE('',*,*,#900,.T.);
#898=ORIENTED_EDGE('',*,*,#901,.T.);
#899=EDGE_CURVE('',#67,#73,#902,.F.);
#900=EDGE_CURVE('',#73,#71,#903,.T.);
#901=EDGE_CURVE('',#71,#67,#904,.T.);
#902=LINE('',#66,#905);
#903=LINE('',#72,#906);
#904=LINE('',#70,#907);
#905=VECTOR('',#908,1.0);
#906=VECTOR('',#909,1.0);
#907=VECTOR('',#910,1.0);
#908=DIRECTION('',(0.7745923454022712,0,-0.6324608275966257));
#909=DIRECTION('',(-0.10357555540565251,0.6597461489898905,0.7443165477237623));
#910=DIRECTION('',(0,-0.7071067106077565,-0.7071068517653316));
#911=FACE_SURFACE('',(#916),#912,.T.);
#912=PLANE('',#913);
#913=AXIS2_PLACEMENT_3D('',#70,#914,#915);
#914=DIRECTION('',(0.5000003089186725,-0.6123728513617094,0.6123717677982566));
#915=DIRECTION('',(0.10357555540565251,-0.6597461489898905,-0.7443165477237623));
#916=FACE_BOUND('',#917,.T.);
#917=EDGE_LOOP('',(#918,#919,#920));
#918=ORIENTED_EDGE('',*,*,#921,.T.);
#919=ORIENTED_EDGE('',*,*,#922,.T.);
#920=ORIENTED_EDGE('',*,*,#923,.T.);
#921=EDGE_CURVE('',#71,#73,#924,.F.);
#922=EDGE_CURVE('',#73,#75,#925,.T.);
#923=EDGE_CURVE('',#75,#71,#926,.T.);
#924=LINE('',#70,#927);
#925=LINE('',#72,#928);
#926=LINE('',#74,#929);
#927=VECTOR('',#930,1.0);
#928=VECTOR('',#931,1.0);
#929=VECTOR('',#932,1.0);
#930=DIRECTION('',(0.10357555540565251,-0.6597461489898905,-0.7443165477237623));
#931=DIRECTION('',(0,0.7071061555904908,0.7071074067820509));
#932=DIRECTION('',(-0.7745966881237367,-0.6324555089077323,0));
#933=FACE_SURFACE('',(#938),#934,.T.);
#934=PLANE('',#935);
#935=AXIS2_PLACEMENT_3D('',#76,#936,#937);
#936=DIRECTION('',(0.49999546471208006,0.6123749802380739,-0.6123735941774185));
#937=DIRECTION('',(-0.774600065804404,0,-0.632451372087857));
#938=FACE_BOUND('',#939,.T.);
#939=EDGE_LOOP('',(#940,#941,#942));
#940=ORIENTED_EDGE('',*,*,#943,.T.);
#941=ORIENTED_EDGE('',*,*,#944,.T.);
#942=ORIENTED_EDGE('',*,*,#945,.T.);
#943=EDGE_CURVE('',#77,#79,#946,.F.);
#944=EDGE_CURVE('',#79,#81,#947,.T.);
#945=EDGE_CURVE('',#81,#77,#948,.T.);
#946=LINE('',#76,#949);
#947=LINE('',#78,#950);
#948=LINE('',#80,#951);
#949=VECTOR('',#952,1.0);
#950=VECTOR('',#953,1.0);
#951=VECTOR('',#954,1.0);
#952=DIRECTION('',(-0.774600065804404,0,-0.632451372087857));
#953=DIRECTION('',(0.082288035902878,0.6703131535160479,0.7375018341472905));
#954=DIRECTION('',(0,-0.7071059809460216,-0.7071075814261677));
#955=FACE_SURFACE('',(#960),#956,.T.);
#956=PLANE('',#957);
#957=AXIS2_PLACEMENT_3D('',#80,#958,#959);
#958=DIRECTION('',(0.5000004553623175,0.6123725538805442,-0.6123719457088925));
#959=DIRECTION('',(-0.082288035902878,-0.6703131535160479,-0.7375018341472905));
#960=FACE_BOUND('',#961,.T.);
#961=EDGE_LOOP('',(#962,#963,#964));
#962=ORIENTED_EDGE('',*,*,#965,.T.);
#963=ORIENTED_EDGE('',*,*,#966,.T.);
#964=ORIENTED_EDGE('',*,*,#967,.T.);
#965=EDGE_CURVE('',#81,#79,#968,.F.);
#966=EDGE_CURVE('',#79,#83,#969,.T.);
#967=EDGE_CURVE('',#83,#81,#970,.T.);
#968=LINE('',#80,#971);
#969=LINE('',#78,#972);
#970=LINE('',#82,#973);
#971=VECTOR('',#974,1.0);
#972=VECTOR('',#975,1.0);
#973=VECTOR('',#976,1.0);
#974=DIRECTION('',(-0.082288035902878,-0.6703131535160479,-0.7375018341472905));
#975=DIRECTION('',(0,0.7071064300582869,0.7071071323146337));
#976=DIRECTION('',(0.7745964468611136,-0.6324558043927954,0));
#977=FACE_SURFACE('',(#982),#978,.T.);
#978=PLANE('',#979);
#979=AXIS2_PLACEMENT_3D('',#78,#980,#981);
#980=DIRECTION('',(0.4999957028893189,-0.6123744940605466,0.6123738858869681));
#981=DIRECTION('',(0.774600065804404,0,-0.632451372087857));
#982=FACE_BOUND('',#983,.T.);
#983=EDGE_LOOP('',(#984,#985,#986));
#984=ORIENTED_EDGE('',*,*,#987,.T.);
#985=ORIENTED_EDGE('',*,*,#988,.T.);
#986=ORIENTED_EDGE('',*,*,#989,.T.);
#987=EDGE_CURVE('',#79,#85,#990,.F.);
#988=EDGE_CURVE('',#85,#83,#991,.T.);
#989=EDGE_CURVE('',#83,#79,#992,.T.);
#990=LINE('',#78,#993);
#991=LINE('',#84,#994);
#992=LINE('',#82,#995);
#993=VECTOR('',#996,1.0);
#994=VECTOR('',#997,1.0);
#995=VECTOR('',#998,1.0);
#996=DIRECTION('',(0.774600065804404,0,-0.632451372087857));
#997=DIRECTION('',(-0.07517464575921254,0.6737478110805727,0.7351276485747995));
#998=DIRECTION('',(0,-0.7071064300582869,-0.7071071323146337));
#999=FACE_SURFACE('',(#1004),#1000,.T.);
#1000=PLANE('',#1001);
#1001=AXIS2_PLACEMENT_3D('',#82,#1002,#1003);
#1002=DIRECTION('',(0.49999997714667066,-0.6123724450256269,0.6123724450256269));
#1003=DIRECTION('',(0.07517464575921254,-0.6737478110805727,-0.7351276485747995));
#1004=FACE_BOUND('',#1005,.T.);
#1005=EDGE_LOOP('',(#1006,#1007,#1008));
#1006=ORIENTED_EDGE('',*,*,#1009,.T.);
#1007=ORIENTED_EDGE('',*,*,#1010,.T.);
#1008=ORIENTED_EDGE('',*,*,#1011,.T.);
#1009=EDGE_CURVE('',#83,#85,#1012,.F.);
#1010=EDGE_CURVE('',#85,#87,#1013,.T.);
#1011=EDGE_CURVE('',#87,#83,#1014,.T.);
#1012=LINE('',#82,#1015);
#1013=LINE('',#84,#1016);
#1014=LINE('',#86,#1017);
#1015=VECTOR('',#1018,1.0);
#1016=VECTOR('',#1019,1.0);
#1017=VECTOR('',#1020,1.0);
#1018=DIRECTION('',(0.07517464575921254,-0.6737478110805727,-0.7351276485747995));
#1019=DIRECTION('',(0,0.7071067811865475,0.7071067811865475));
#1020=DIRECTION('',(-0.7745966881237367,-0.6324555089077323,0));
#1021=FACE_SURFACE('',(#1026),#1022,.T.);
#1022=PLANE('',#1023);
#1023=AXIS2_PLACEMENT_3D('',#88,#1024,#1025);
#1024=DIRECTION('',(0.5000051332452172,0.6123705031921384,-0.6123701768935518));
#1025=DIRECTION('',(-0.7745923454022712,0,-0.6324608275966257));
#1026=FACE_BOUND('',#1027,.T.);
#1027=EDGE_LOOP('',(#1028,#1029,#1030));
#1028=ORIENTED_EDGE('',*,*,#1031,.T.);
#1029=ORIENTED_EDGE('',*,*,#1032,.T.);
#1030=ORIENTED_EDGE('',*,*,#1033,.T.);
#1031=EDGE_CURVE('',#89,#91,#1034,.F.);
#1032=EDGE_CURVE('',#91,#93,#1035,.T.);
#1033=EDGE_CURVE('',#93,#89,#1036,.T.);
#1034=LINE('',#88,#1037);
#1035=LINE('',#90,#1038);
#1036=LINE('',#92,#1039);
#1037=VECTOR('',#1040,1.0);
#1038=VECTOR('',#1041,1.0);
#1039=VECTOR('',#1042,1.0);
#1040=DIRECTION('',(-0.7745923454022712,0,-0.6324608275966257));
#1041=DIRECTION('',(0.06326568113123363,0.6793887711788499,0.7310460663919158));
#1042=DIRECTION('',(0,-0.7071065927973009,-0.7071069695757439));
#1043=FACE_SURFACE('',(#1048),#1044,.T.);
#1044=PLANE('',#1045);
#1045=AXIS2_PLACEMENT_3D('',#92,#1046,#1047);
#1046=DIRECTION('',(0.5000002556929367,0.6123727861737585,-0.6123718764450129));
#1047=DIRECTION('',(-0.06326568113123363,-0.6793887711788499,-0.7310460663919158));
#1048=FACE_BOUND('',#1049,.T.);
#1049=EDGE_LOOP('',(#1050,#1051,#1052));
#1050=ORIENTED_EDGE('',*,*,#1053,.T.);
#1051=ORIENTED_EDGE('',*,*,#1054,.T.);
#1052=ORIENTED_EDGE('',*,*,#1055,.T.);
#1053=EDGE_CURVE('',#93,#91,#1056,.F.);
#1054=EDGE_CURVE('',#91,#95,#1057,.T.);
#1055=EDGE_CURVE('',#95,#93,#1058,.T.);
#1056=LINE('',#92,#1059);
#1057=LINE('',#90,#1060);
#1058=LINE('',#94,#1061);
#1059=VECTOR('',#1062,1.0);
#1060=VECTOR('',#1063,1.0);
#1061=VECTOR('',#1064,1.0);
#1062=DIRECTION('',(-0.06326568113123363,-0.6793887711788499,-0.7310460663919158));
#1063=DIRECTION('',(0,0.7071062559541268,0.7071073064185782));
#1064=DIRECTION('',(0.7745966881237367,-0.6324555089077323,0));
#1065=FACE_SURFACE('',(#1070),#1066,.T.);
#1066=PLANE('',#1067);
#1067=AXIS2_PLACEMENT_3D('',#90,#1068,#1069);
#1068=DIRECTION('',(0.4999956105568549,-0.6123746825335794,0.6123737728020167));
#1069=DIRECTION('',(0.774600065804404,0,-0.632451372087857));
#1070=FACE_BOUND('',#1071,.T.);
#1071=EDGE_LOOP('',(#1072,#1073,#1074));
#1072=ORIENTED_EDGE('',*,*,#1075,.T.);
#1073=ORIENTED_EDGE('',*,*,#1076,.T.);
#1074=ORIENTED_EDGE('',*,*,#1077,.T.);
#1075=EDGE_CURVE('',#91,#97,#1078,.F.);
#1076=EDGE_CURVE('',#97,#95,#1079,.T.);
#1077=EDGE_CURVE('',#95,#91,#1080,.T.);
#1078=LINE('',#90,#1081);
#1079=LINE('',#96,#1082);
#1080=LINE('',#94,#1083);
#1081=VECTOR('',#1084,1.0);
#1082=VECTOR('',#1085,1.0);
#1083=VECTOR('',#1086,1.0);
#1084=DIRECTION('',(0.774600065804404,0,-0.632451372087857));
#1085=DIRECTION('',(-0.05896860473096647,0.6813915809781794,0.7295397295748466));
#1086=DIRECTION('',(0,-0.7071062559541268,-0.7071073064185782));
#1087=FACE_SURFACE('',(#1092),#1088,.T.);
#1088=PLANE('',#1089);
#1089=AXIS2_PLACEMENT_3D('',#94,#1090,#1091);
#1090=DIRECTION('',(0.5000001024104087,-0.612372598441757,0.6123721893320037));
#1091=DIRECTION('',(0.05896860473096647,-0.6813915809781794,-0.7295397295748466));
#1092=FACE_BOUND('',#1093,.T.);
#1093=EDGE_LOOP('',(#1094,#1095,#1096));
#1094=ORIENTED_EDGE('',*,*,#1097,.T.);
#1095=ORIENTED_EDGE('',*,*,#1098,.T.);
#1096=ORIENTED_EDGE('',*,*,#1099,.T.);
#1097=EDGE_CURVE('',#95,#97,#1100,.F.);
#1098=EDGE_CURVE('',#97,#99,#1101,.T.);
#1099=EDGE_CURVE('',#99,#95,#1102,.T.);
#1100=LINE('',#94,#1103);
#1101=LINE('',#96,#1104);
#1102=LINE('',#98,#1105);
#1103=VECTOR('',#1106,1.0);
#1104=VECTOR('',#1107,1.0);
#1105=VECTOR('',#1108,1.0);
#1106=DIRECTION('',(0.05896860473096647,-0.6813915809781794,-0.7295397295748466));
#1107=DIRECTION('',(0,0.7071065449868658,0.7071070173861504));
#1108=DIRECTION('',(-0.7745966881237367,-0.6324555089077323,0));
#1109=FACE_SURFACE('',(#1114),#1110,.T.);
#1110=PLANE('',#1111);
#1111=AXIS2_PLACEMENT_3D('',#100,#1112,#1113);
#1112=DIRECTION('',(0.4999957013212106,0.6123744972614383,-0.6123738839664145));
#1113=DIRECTION('',(-0.774600065804404,0,-0.632451372087857));
#1114=FACE_BOUND('',#1115,.T.);
#1115=EDGE_LOOP('',(#1116,#1117,#1118));
#1116=ORIENTED_EDGE('',*,*,#1119,.T.);
#1117=ORIENTED_EDGE('',*,*,#1120,.T.);
#1118=ORIENTED_EDGE('',*,*,#1121,.T.);
#1119=EDGE_CURVE('',#101,#103,#1122,.F.);
#1120=EDGE_CURVE('',#103,#105,#1123,.T.);
#1121=EDGE_CURVE('',#105,#101,#1124,.T.);
#1122=LINE('',#100,#1125);
#1123=LINE('',#102,#1126);
#1124=LINE('',#104,#1127);
#1125=VECTOR('',#1128,1.0);
#1126=VECTOR('',#1129,1.0);
#1127=VECTOR('',#1130,1.0);
#1128=DIRECTION('',(-0.774600065804404,0,-0.632451372087857));
#1129=DIRECTION('',(0.05137409879901634,0.6848880032406637,0.7268350053413811));
#1130=DIRECTION('',(0,-0.7071064271014265,-0.7071071352714913));
#1131=FACE_SURFACE('',(#1136),#1132,.T.);
#1132=PLANE('',#1133);
#1133=AXIS2_PLACEMENT_3D('',#104,#1134,#1135);
#1134=DIRECTION('',(0.500000036128267,0.612372517263039,-0.612372324629927));
#1135=DIRECTION('',(-0.05137409879901634,-0.6848880032406637,-0.7268350053413811));
#1136=FACE_BOUND('',#1137,.T.);
#1137=EDGE_LOOP('',(#1138,#1139,#1140));
#1138=ORIENTED_EDGE('',*,*,#1141,.T.);
#1139=ORIENTED_EDGE('',*,*,#1142,.T.);
#1140=ORIENTED_EDGE('',*,*,#1143,.T.);
#1141=EDGE_CURVE('',#105,#103,#1144,.F.);
#1142=EDGE_CURVE('',#103,#107,#1145,.T.);
#1143=EDGE_CURVE('',#107,#105,#1146,.T.);
#1144=LINE('',#104,#1147);
#1145=LINE('',#102,#1148);
#1146=LINE('',#106,#1149);
#1147=VECTOR('',#1150,1.0);
#1148=VECTOR('',#1151,1.0);
#1149=VECTOR('',#1152,1.0);
#1150=DIRECTION('',(-0.05137409879901634,-0.6848880032406637,-0.7268350053413811));
#1151=DIRECTION('',(0,0.707106669969757,0.7071068924033205));
#1152=DIRECTION('',(0.7745966881237367,-0.6324555089077323,0));
#1153=FACE_SURFACE('',(#1158),#1154,.T.);
#1154=PLANE('',#1155);
#1155=AXIS2_PLACEMENT_3D('',#102,#1156,#1157);
#1156=DIRECTION('',(0.5000051741722418,-0.6123704196504679,0.6123702270180157));
#1157=DIRECTION('',(0.7745923454022712,0,-0.6324608275966257));
#1158=FACE_BOUND('',#1159,.T.);
#1159=EDGE_LOOP('',(#1160,#1161,#1162));
#1160=ORIENTED_EDGE('',*,*,#1163,.T.);
#1161=ORIENTED_EDGE('',*,*,#1164,.T.);
#1162=ORIENTED_EDGE('',*,*,#1165,.T.);
#1163=EDGE_CURVE('',#103,#109,#1166,.F.);
#1164=EDGE_CURVE('',#109,#107,#1167,.T.);
#1165=EDGE_CURVE('',#107,#103,#1168,.T.);
#1166=LINE('',#102,#1169);
#1167=LINE('',#108,#1170);
#1168=LINE('',#106,#1171);
#1169=VECTOR('',#1172,1.0);
#1170=VECTOR('',#1173,1.0);
#1171=VECTOR('',#1174,1.0);
#1172=DIRECTION('',(0.7745923454022712,0,-0.6324608275966257));
#1173=DIRECTION('',(-0.048501660802708534,0.6861958578996339,0.7257980666140992));
#1174=DIRECTION('',(0,-0.707106669969757,-0.7071068924033205));
#1175=FACE_SURFACE('',(#1180),#1176,.T.);
#1176=PLANE('',#1177);
#1177=AXIS2_PLACEMENT_3D('',#106,#1178,#1179);
#1178=DIRECTION('',(0.500000176301542,-0.612372688939549,0.6123720385022273));
#1179=DIRECTION('',(0.048501660802708534,-0.6861958578996339,-0.7257980666140992));
#1180=FACE_BOUND('',#1181,.T.);
#1181=EDGE_LOOP('',(#1182,#1183,#1184));
#1182=ORIENTED_EDGE('',*,*,#1185,.T.);
#1183=ORIENTED_EDGE('',*,*,#1186,.T.);
#1184=ORIENTED_EDGE('',*,*,#1187,.T.);
#1185=EDGE_CURVE('',#107,#109,#1188,.F.);
#1186=EDGE_CURVE('',#109,#111,#1189,.T.);
#1187=EDGE_CURVE('',#111,#107,#1190,.T.);
#1188=LINE('',#106,#1191);
#1189=LINE('',#108,#1192);
#1190=LINE('',#110,#1193);
#1191=VECTOR('',#1194,1.0);
#1192=VECTOR('',#1195,1.0);
#1193=VECTOR('',#1196,1.0);
#1194=DIRECTION('',(0.048501660802708534,-0.6861958578996339,-0.7257980666140992));
#1195=DIRECTION('',(0,0.7071064056562409,0.7071071567166547));
#1196=DIRECTION('',(-0.7745966881237367,-0.6324555089077323,0));
#1197=FACE_SURFACE('',(#1202),#1198,.T.);
#1198=PLANE('',#1199);
#1199=AXIS2_PLACEMENT_3D('',#112,#1200,#1201);
#1200=DIRECTION('',(0.49999594040166245,-0.612374009239617,0.6123741767821816));
#1201=DIRECTION('',(0,-0.7071068779170239,-0.7071066844560581));
#1202=FACE_BOUND('',#1203,.T.);
#1203=EDGE_LOOP('',(#1204,#1205,#1206));
#1204=ORIENTED_EDGE('',*,*,#1207,.T.);
#1205=ORIENTED_EDGE('',*,*,#1208,.T.);
#1206=ORIENTED_EDGE('',*,*,#1209,.T.);
#1207=EDGE_CURVE('',#113,#115,#1210,.F.);
#1208=EDGE_CURVE('',#115,#117,#1211,.T.);
#1209=EDGE_CURVE('',#117,#113,#1212,.T.);
#1210=LINE('',#112,#1213);
#1211=LINE('',#114,#1214);
#1212=LINE('',#116,#1215);
#1213=VECTOR('',#1216,1.0);
#1214=VECTOR('',#1217,1.0);
#1215=VECTOR('',#1218,1.0);
#1216=DIRECTION('',(0,-0.7071068779170239,-0.7071066844560581));
#1217=DIRECTION('',(0.044529743387540385,0.7243505094240726,0.6879923265930559));
#1218=DIRECTION('',(-0.774600065804404,0,0.632451372087857));
#1219=FACE_SURFACE('',(#1224),#1220,.T.);
#1220=PLANE('',#1221);
#1221=AXIS2_PLACEMENT_3D('',#116,#1222,#1223);
#1222=DIRECTION('',(0.49999594040166245,-0.612374009239617,0.6123741767821816));
#1223=DIRECTION('',(-0.044529743387540385,-0.7243505094240726,-0.6879923265930559));
#1224=FACE_BOUND('',#1225,.T.);
#1225=EDGE_LOOP('',(#1226,#1227,#1228));
#1226=ORIENTED_EDGE('',*,*,#1229,.T.);
#1227=ORIENTED_EDGE('',*,*,#1230,.T.);
#1228=ORIENTED_EDGE('',*,*,#1231,.T.);
#1229=EDGE_CURVE('',#117,#115,#1232,.F.);
#1230=EDGE_CURVE('',#115,#119,#1233,.T.);
#1231=EDGE_CURVE('',#119,#117,#1234,.T.);
#1232=LINE('',#116,#1235);
#1233=LINE('',#114,#1236);
#1234=LINE('',#118,#1237);
#1235=VECTOR('',#1238,1.0);
#1236=VECTOR('',#1239,1.0);
#1237=VECTOR('',#1240,1.0);
#1238=DIRECTION('',(-0.044529743387540385,-0.7243505094240726,-0.6879923265930559));
#1239=DIRECTION('',(0.774600065804404,0,-0.632451372087857));
#1240=DIRECTION('',(0,0.7071068779170239,0.7071066844560581));
#1241=FACE_SURFACE('',(#1246),#1242,.T.);
#1242=PLANE('',#1243);
#1243=AXIS2_PLACEMENT_3D('',#112,#1244,#1245);
#1244=DIRECTION('',(0.5000131984838081,0.6123669635721958,-0.6123671311128327));
#1245=DIRECTION('',(0.7745858064539242,0,0.6324688359438145));
#1246=FACE_BOUND('',#1247,.T.);
#1247=EDGE_LOOP('',(#1248,#1249,#1250));
#1248=ORIENTED_EDGE('',*,*,#1251,.T.);
#1249=ORIENTED_EDGE('',*,*,#1252,.T.);
#1250=ORIENTED_EDGE('',*,*,#1253,.T.);
#1251=EDGE_CURVE('',#113,#121,#1254,.F.);
#1252=EDGE_CURVE('',#121,#115,#1255,.T.);
#1253=EDGE_CURVE('',#115,#113,#1256,.T.);
#1254=LINE('',#112,#1257);
#1255=LINE('',#120,#1258);
#1256=LINE('',#114,#1259);
#1257=VECTOR('',#1260,1.0);
#1258=VECTOR('',#1261,1.0);
#1259=VECTOR('',#1262,1.0);
#1260=DIRECTION('',(0.7745858064539242,0,0.6324688359438145));
#1261=DIRECTION('',(-0.024859747621269152,-0.6966661761042285,-0.7169645960718833));
#1262=DIRECTION('',(0,0.7071068779170239,0.7071066844560581));
#1263=FACE_SURFACE('',(#1268),#1264,.T.);
#1264=PLANE('',#1265);
#1265=AXIS2_PLACEMENT_3D('',#114,#1266,#1267);
#1266=DIRECTION('',(0.5000051691601534,0.6123704298813185,-0.6123702208795718));
#1267=DIRECTION('',(0.024859747621269152,0.6966661761042285,0.7169645960718833));
#1268=FACE_BOUND('',#1269,.T.);
#1269=EDGE_LOOP('',(#1270,#1271,#1272));
#1270=ORIENTED_EDGE('',*,*,#1273,.T.);
#1271=ORIENTED_EDGE('',*,*,#1274,.T.);
#1272=ORIENTED_EDGE('',*,*,#1275,.T.);
#1273=EDGE_CURVE('',#115,#121,#1276,.F.);
#1274=EDGE_CURVE('',#121,#123,#1277,.T.);
#1275=EDGE_CURVE('',#123,#115,#1278,.T.);
#1276=LINE('',#114,#1279);
#1277=LINE('',#120,#1280);
#1278=LINE('',#122,#1281);
#1279=VECTOR('',#1282,1.0);
#1280=VECTOR('',#1283,1.0);
#1281=VECTOR('',#1284,1.0);
#1282=DIRECTION('',(0.024859747621269152,0.6966661761042285,0.7169645960718833));
#1283=DIRECTION('',(0.01842726704192271,-0.7144695744862167,-0.6994238078324545));
#1284=DIRECTION('',(-0.7745923454022712,0,-0.6324608275966257));
#1285=FACE_SURFACE('',(#1290),#1286,.T.);
#1286=PLANE('',#1287);
#1287=AXIS2_PLACEMENT_3D('',#122,#1288,#1289);
#1288=DIRECTION('',(0.49999985902043653,0.6123725054751792,-0.6123724810257197));
#1289=DIRECTION('',(-0.01842726704192271,0.7144695744862167,0.6994238078324545));
#1290=FACE_BOUND('',#1291,.T.);
#1291=EDGE_LOOP('',(#1292,#1293,#1294));
#1292=ORIENTED_EDGE('',*,*,#1295,.T.);
#1293=ORIENTED_EDGE('',*,*,#1296,.T.);
#1294=ORIENTED_EDGE('',*,*,#1297,.T.);
#1295=EDGE_CURVE('',#123,#121,#1298,.F.);
#1296=EDGE_CURVE('',#121,#125,#1299,.T.);
#1297=EDGE_CURVE('',#125,#123,#1300,.T.);
#1298=LINE('',#122,#1301);
#1299=LINE('',#120,#1302);
#1300=LINE('',#124,#1303);
#1301=VECTOR('',#1304,1.0);
#1302=VECTOR('',#1305,1.0);
#1303=VECTOR('',#1306,1.0);
#1304=DIRECTION('',(-0.01842726704192271,0.7144695744862167,0.6994238078324545));
#1305=DIRECTION('',(0.7745967919092007,-0.6324553817969883,0));
#1306=DIRECTION('',(0,-0.7071067670706468,-0.7071067953024481));
#1307=FACE_SURFACE('',(#1312),#1308,.T.);
#1308=PLANE('',#1309);
#1309=AXIS2_PLACEMENT_3D('',#126,#1310,#1311);
#1310=DIRECTION('',(0.5000006124493187,0.6123721018931759,-0.6123722694352187));
#1311=DIRECTION('',(0,0.7071068779170239,0.7071066844560581));
#1312=FACE_BOUND('',#1313,.T.);
#1313=EDGE_LOOP('',(#1314,#1315,#1316));
#1314=ORIENTED_EDGE('',*,*,#1317,.T.);
#1315=ORIENTED_EDGE('',*,*,#1318,.T.);
#1316=ORIENTED_EDGE('',*,*,#1319,.T.);
#1317=EDGE_CURVE('',#127,#129,#1320,.F.);
#1318=EDGE_CURVE('',#129,#131,#1321,.T.);
#1319=EDGE_CURVE('',#131,#127,#1322,.T.);
#1320=LINE('',#126,#1323);
#1321=LINE('',#128,#1324);
#1322=LINE('',#130,#1325);
#1323=VECTOR('',#1326,1.0);
#1324=VECTOR('',#1327,1.0);
#1325=VECTOR('',#1328,1.0);
#1326=DIRECTION('',(0,0.7071068779170239,0.7071066844560581));
#1327=DIRECTION('',(0.04452975726509195,-0.7243507351655833,-0.6879920880235402));
#1328=DIRECTION('',(-0.7745962055985283,0,-0.6324560998775826));
#1329=FACE_SURFACE('',(#1334),#1330,.T.);
#1330=PLANE('',#1331);
#1331=AXIS2_PLACEMENT_3D('',#130,#1332,#1333);
#1332=DIRECTION('',(0.5000051671978746,0.6123704338867908,-0.6123702184763145));
#1333=DIRECTION('',(-0.04452975726509195,0.7243507351655833,0.6879920880235402));
#1334=FACE_BOUND('',#1335,.T.);
#1335=EDGE_LOOP('',(#1336,#1337,#1338));
#1336=ORIENTED_EDGE('',*,*,#1339,.T.);
#1337=ORIENTED_EDGE('',*,*,#1340,.T.);
#1338=ORIENTED_EDGE('',*,*,#1341,.T.);
#1339=EDGE_CURVE('',#131,#129,#1342,.F.);
#1340=EDGE_CURVE('',#129,#133,#1343,.T.);
#1341=EDGE_CURVE('',#133,#131,#1344,.T.);
#1342=LINE('',#130,#1345);
#1343=LINE('',#128,#1346);
#1344=LINE('',#132,#1347);
#1345=VECTOR('',#1348,1.0);
#1346=VECTOR('',#1349,1.0);
#1347=VECTOR('',#1350,1.0);
#1348=DIRECTION('',(-0.04452975726509195,0.7243507351655833,0.6879920880235402));
#1349=DIRECTION('',(0.7745923454022712,0,0.6324608275966257));
#1350=DIRECTION('',(0,-0.7071066568188117,-0.7071069055542615));
#1351=FACE_SURFACE('',(#1356),#1352,.T.);
#1352=PLANE('',#1353);
#1353=AXIS2_PLACEMENT_3D('',#126,#1354,#1355);
#1354=DIRECTION('',(0.5000051497561773,-0.6123702495314295,0.6123704170729654));
#1355=DIRECTION('',(0.7745924566947985,0,-0.6324606912935512));
#1356=FACE_BOUND('',#1357,.T.);
#1357=EDGE_LOOP('',(#1358,#1359,#1360));
#1358=ORIENTED_EDGE('',*,*,#1361,.T.);
#1359=ORIENTED_EDGE('',*,*,#1362,.T.);
#1360=ORIENTED_EDGE('',*,*,#1363,.T.);
#1361=EDGE_CURVE('',#127,#135,#1364,.F.);
#1362=EDGE_CURVE('',#135,#129,#1365,.T.);
#1363=EDGE_CURVE('',#129,#127,#1366,.T.);
#1364=LINE('',#126,#1367);
#1365=LINE('',#134,#1368);
#1366=LINE('',#128,#1369);
#1367=VECTOR('',#1370,1.0);
#1368=VECTOR('',#1371,1.0);
#1369=VECTOR('',#1372,1.0);
#1370=DIRECTION('',(0.7745924566947985,0,-0.6324606912935512));
#1371=DIRECTION('',(-0.024859755386412115,0.6966663937135357,0.7169643843541356));
#1372=DIRECTION('',(0,-0.7071068779170239,-0.7071066844560581));
#1373=FACE_SURFACE('',(#1378),#1374,.T.);
#1374=PLANE('',#1375);
#1375=AXIS2_PLACEMENT_3D('',#128,#1376,#1377);
#1376=DIRECTION('',(0.4999958062411294,-0.6123742830942359,0.6123740124679555));
#1377=DIRECTION('',(0.024859755386412115,-0.6966663937135357,-0.7169643843541356));
#1378=FACE_BOUND('',#1379,.T.);
#1379=EDGE_LOOP('',(#1380,#1381,#1382));
#1380=ORIENTED_EDGE('',*,*,#1383,.T.);
#1381=ORIENTED_EDGE('',*,*,#1384,.T.);
#1382=ORIENTED_EDGE('',*,*,#1385,.T.);
#1383=EDGE_CURVE('',#129,#135,#1386,.F.);
#1384=EDGE_CURVE('',#135,#137,#1387,.T.);
#1385=EDGE_CURVE('',#137,#129,#1388,.T.);
#1386=LINE('',#128,#1389);
#1387=LINE('',#134,#1390);
#1388=LINE('',#136,#1391);
#1389=VECTOR('',#1392,1.0);
#1390=VECTOR('',#1393,1.0);
#1391=VECTOR('',#1394,1.0);
#1392=DIRECTION('',(0.024859755386412115,-0.6966663937135357,-0.7169643843541356));
#1393=DIRECTION('',(0.018427261283344782,0.7144693512122656,0.6994240360610432));
#1394=DIRECTION('',(-0.774600065804404,0,0.632451372087857));
#1395=FACE_SURFACE('',(#1400),#1396,.T.);
#1396=PLANE('',#1397);
#1397=AXIS2_PLACEMENT_3D('',#136,#1398,#1399);
#1398=DIRECTION('',(0.4999999787977353,-0.6123726521718695,0.6123722365312252));
#1399=DIRECTION('',(-0.018427261283344782,-0.7144693512122656,-0.6994240360610432));
#1400=FACE_BOUND('',#1401,.T.);
#1401=EDGE_LOOP('',(#1402,#1403,#1404));
#1402=ORIENTED_EDGE('',*,*,#1405,.T.);
#1403=ORIENTED_EDGE('',*,*,#1406,.T.);
#1404=ORIENTED_EDGE('',*,*,#1407,.T.);
#1405=EDGE_CURVE('',#137,#135,#1408,.F.);
#1406=EDGE_CURVE('',#135,#139,#1409,.T.);
#1407=EDGE_CURVE('',#139,#137,#1410,.T.);
#1408=LINE('',#136,#1411);
#1409=LINE('',#134,#1412);
#1410=LINE('',#138,#1413);
#1411=VECTOR('',#1414,1.0);
#1412=VECTOR('',#1415,1.0);
#1413=VECTOR('',#1416,1.0);
#1414=DIRECTION('',(-0.018427261283344782,-0.7144693512122656,-0.6994240360610432));
#1415=DIRECTION('',(0.7745967919092007,0.6324553817969883,0));
#1416=DIRECTION('',(0,0.7071065412162723,0.7071070211567414));
#1417=FACE_SURFACE('',(#1422),#1418,.T.);
#1418=PLANE('',#1419);
#1419=AXIS2_PLACEMENT_3D('',#140,#1420,#1421);
#1420=DIRECTION('',(0.5000002042837338,0.6123726636059265,-0.6123720409884885));
#1421=DIRECTION('',(0,0.7071064217180618,0.7071071406548506));
#1422=FACE_BOUND('',#1423,.T.);
#1423=EDGE_LOOP('',(#1424,#1425,#1426));
#1424=ORIENTED_EDGE('',*,*,#1427,.T.);
#1425=ORIENTED_EDGE('',*,*,#1428,.T.);
#1426=ORIENTED_EDGE('',*,*,#1429,.T.);
#1427=EDGE_CURVE('',#141,#143,#1430,.F.);
#1428=EDGE_CURVE('',#143,#145,#1431,.T.);
#1429=EDGE_CURVE('',#145,#141,#1432,.T.);
#1430=LINE('',#140,#1433);
#1431=LINE('',#142,#1434);
#1432=LINE('',#144,#1435);
#1433=VECTOR('',#1436,1.0);
#1434=VECTOR('',#1437,1.0);
#1435=VECTOR('',#1438,1.0);
#1436=DIRECTION('',(0,0.7071064217180618,0.7071071406548506));
#1437=DIRECTION('',(0.048501663793252,-0.7257973558708557,-0.6861966094496248));
#1438=DIRECTION('',(-0.7745966579659068,0.6324555458433803,0));
#1439=FACE_SURFACE('',(#1444),#1440,.T.);
#1440=PLANE('',#1441);
#1441=AXIS2_PLACEMENT_3D('',#144,#1442,#1443);
#1442=DIRECTION('',(0.49999582139018767,0.6123742521712946,-0.6123740310218904));
#1443=DIRECTION('',(-0.048501663793252,0.7257973558708557,0.6861966094496248));
#1444=FACE_BOUND('',#1445,.T.);
#1445=EDGE_LOOP('',(#1446,#1447,#1448));
#1446=ORIENTED_EDGE('',*,*,#1449,.T.);
#1447=ORIENTED_EDGE('',*,*,#1450,.T.);
#1448=ORIENTED_EDGE('',*,*,#1451,.T.);
#1449=EDGE_CURVE('',#145,#143,#1452,.F.);
#1450=EDGE_CURVE('',#143,#147,#1453,.T.);
#1451=EDGE_CURVE('',#147,#145,#1454,.T.);
#1452=LINE('',#144,#1455);
#1453=LINE('',#142,#1456);
#1454=LINE('',#146,#1457);
#1455=VECTOR('',#1458,1.0);
#1456=VECTOR('',#1459,1.0);
#1457=VECTOR('',#1460,1.0);
#1458=DIRECTION('',(-0.048501663793252,0.7257973558708557,0.6861966094496248));
#1459=DIRECTION('',(0.774600065804404,0,0.632451372087857));
#1460=DIRECTION('',(0,-0.7071066535062236,-0.7071069088668485));
#1461=FACE_SURFACE('',(#1466),#1462,.T.);
#1462=PLANE('',#1463);
#1463=AXIS2_PLACEMENT_3D('',#148,#1464,#1465);
#1464=DIRECTION('',(0.500000027907918,-0.6123724922940444,0.6123723563108167));
#1465=DIRECTION('',(0,0.7071067026765885,0.7071068596964978));
#1466=FACE_BOUND('',#1467,.T.);
#1467=EDGE_LOOP('',(#1468,#1469,#1470));
#1468=ORIENTED_EDGE('',*,*,#1471,.T.);
#1469=ORIENTED_EDGE('',*,*,#1472,.T.);
#1470=ORIENTED_EDGE('',*,*,#1473,.T.);
#1471=EDGE_CURVE('',#149,#151,#1474,.F.);
#1472=EDGE_CURVE('',#151,#141,#1475,.T.);
#1473=EDGE_CURVE('',#141,#149,#1476,.T.);
#1474=LINE('',#148,#1477);
#1475=LINE('',#150,#1478);
#1476=LINE('',#140,#1479);
#1477=VECTOR('',#1480,1.0);
#1478=VECTOR('',#1481,1.0);
#1479=VECTOR('',#1482,1.0);
#1480=DIRECTION('',(0,0.7071067026765885,0.7071068596964978));
#1481=DIRECTION('',(-0.05137410113287581,-0.7268348219696873,-0.6848881976681174));
#1482=DIRECTION('',(0.7745966805842792,0.6324555181416447,0));
#1483=FACE_SURFACE('',(#1488),#1484,.T.);
#1484=PLANE('',#1485);
#1485=AXIS2_PLACEMENT_3D('',#140,#1486,#1487);
#1486=DIRECTION('',(0.5000050425164067,-0.6123706883908868,0.6123700657754572));
#1487=DIRECTION('',(0.05137410113287581,0.7268348219696873,0.6848881976681174));
#1488=FACE_BOUND('',#1489,.T.);
#1489=EDGE_LOOP('',(#1490,#1491,#1492));
#1490=ORIENTED_EDGE('',*,*,#1493,.T.);
#1491=ORIENTED_EDGE('',*,*,#1494,.T.);
#1492=ORIENTED_EDGE('',*,*,#1495,.T.);
#1493=EDGE_CURVE('',#141,#151,#1496,.F.);
#1494=EDGE_CURVE('',#151,#143,#1497,.T.);
#1495=EDGE_CURVE('',#143,#141,#1498,.T.);
#1496=LINE('',#140,#1499);
#1497=LINE('',#150,#1500);
#1498=LINE('',#142,#1501);
#1499=VECTOR('',#1502,1.0);
#1500=VECTOR('',#1503,1.0);
#1501=VECTOR('',#1504,1.0);
#1502=DIRECTION('',(0.05137410113287581,0.7268348219696873,0.6848881976681174));
#1503=DIRECTION('',(-0.7745923454022712,0,0.6324608275966257));
#1504=DIRECTION('',(0,-0.7071064217180618,-0.7071071406548506));
#1505=FACE_SURFACE('',(#1510),#1506,.T.);
#1506=PLANE('',#1507);
#1507=AXIS2_PLACEMENT_3D('',#152,#1508,#1509);
#1508=DIRECTION('',(0.500000119391418,0.6123725596345017,-0.6123722142743387));
#1509=DIRECTION('',(0,0.7071065817927206,0.7071069805803184));
#1510=FACE_BOUND('',#1511,.T.);
#1511=EDGE_LOOP('',(#1512,#1513,#1514));
#1512=ORIENTED_EDGE('',*,*,#1515,.T.);
#1513=ORIENTED_EDGE('',*,*,#1516,.T.);
#1514=ORIENTED_EDGE('',*,*,#1517,.T.);
#1515=EDGE_CURVE('',#153,#155,#1518,.F.);
#1516=EDGE_CURVE('',#155,#157,#1519,.T.);
#1517=EDGE_CURVE('',#157,#153,#1520,.T.);
#1518=LINE('',#152,#1521);
#1519=LINE('',#154,#1522);
#1520=LINE('',#156,#1523);
#1521=VECTOR('',#1524,1.0);
#1522=VECTOR('',#1525,1.0);
#1523=VECTOR('',#1526,1.0);
#1524=DIRECTION('',(0,0.7071065817927206,0.7071069805803184));
#1525=DIRECTION('',(0.058968607716342915,-0.729539311927742,-0.6813920278782198));
#1526=DIRECTION('',(-0.7745966579659068,0.6324555458433803,0));
#1527=FACE_SURFACE('',(#1532),#1528,.T.);
#1528=PLANE('',#1529);
#1529=AXIS2_PLACEMENT_3D('',#156,#1530,#1531);
#1530=DIRECTION('',(0.4999959264408739,0.6123740377370266,-0.61237415968359));
#1531=DIRECTION('',(-0.058968607716342915,0.729539311927742,0.6813920278782198));
#1532=FACE_BOUND('',#1533,.T.);
#1533=EDGE_LOOP('',(#1534,#1535,#1536));
#1534=ORIENTED_EDGE('',*,*,#1537,.T.);
#1535=ORIENTED_EDGE('',*,*,#1538,.T.);
#1536=ORIENTED_EDGE('',*,*,#1539,.T.);
#1537=EDGE_CURVE('',#157,#155,#1540,.F.);
#1538=EDGE_CURVE('',#155,#159,#1541,.T.);
#1539=EDGE_CURVE('',#159,#157,#1542,.T.);
#1540=LINE('',#156,#1543);
#1541=LINE('',#154,#1544);
#1542=LINE('',#158,#1545);
#1543=VECTOR('',#1546,1.0);
#1544=VECTOR('',#1547,1.0);
#1545=VECTOR('',#1548,1.0);
#1546=DIRECTION('',(-0.058968607716342915,0.729539311927742,0.6813920278782198));
#1547=DIRECTION('',(0.774600065804404,0,0.632451372087857));
#1548=DIRECTION('',(0,-0.7071068515922341,-0.7071067107808541));
#1549=FACE_SURFACE('',(#1554),#1550,.T.);
#1550=PLANE('',#1551);
#1551=AXIS2_PLACEMENT_3D('',#160,#1552,#1553);
#1552=DIRECTION('',(0.49999996689003456,-0.6123723132545906,0.6123725851711408));
#1553=DIRECTION('',(0,0.70710693817762,0.7071066241954401));
#1554=FACE_BOUND('',#1555,.T.);
#1555=EDGE_LOOP('',(#1556,#1557,#1558));
#1556=ORIENTED_EDGE('',*,*,#1559,.T.);
#1557=ORIENTED_EDGE('',*,*,#1560,.T.);
#1558=ORIENTED_EDGE('',*,*,#1561,.T.);
#1559=EDGE_CURVE('',#161,#163,#1562,.F.);
#1560=EDGE_CURVE('',#163,#153,#1563,.T.);
#1561=EDGE_CURVE('',#153,#161,#1564,.T.);
#1562=LINE('',#160,#1565);
#1563=LINE('',#162,#1566);
#1564=LINE('',#152,#1567);
#1565=VECTOR('',#1568,1.0);
#1566=VECTOR('',#1569,1.0);
#1567=VECTOR('',#1570,1.0);
#1568=DIRECTION('',(0,0.70710693817762,0.7071066241954401));
#1569=DIRECTION('',(-0.06326574206706605,-0.7310457146551879,-0.6793891439852343));
#1570=DIRECTION('',(0.7745966278080774,0.6324555827790239,0));
#1571=FACE_SURFACE('',(#1576),#1572,.T.);
#1572=PLANE('',#1573);
#1573=AXIS2_PLACEMENT_3D('',#152,#1574,#1575);
#1574=DIRECTION('',(0.5000051274091355,-0.6123705151049504,0.6123701697459404));
#1575=DIRECTION('',(0.06326574206706605,0.7310457146551879,0.6793891439852343));
#1576=FACE_BOUND('',#1577,.T.);
#1577=EDGE_LOOP('',(#1578,#1579,#1580));
#1578=ORIENTED_EDGE('',*,*,#1581,.T.);
#1579=ORIENTED_EDGE('',*,*,#1582,.T.);
#1580=ORIENTED_EDGE('',*,*,#1583,.T.);
#1581=EDGE_CURVE('',#153,#163,#1584,.F.);
#1582=EDGE_CURVE('',#163,#155,#1585,.T.);
#1583=EDGE_CURVE('',#155,#153,#1586,.T.);
#1584=LINE('',#152,#1587);
#1585=LINE('',#162,#1588);
#1586=LINE('',#154,#1589);
#1587=VECTOR('',#1590,1.0);
#1588=VECTOR('',#1591,1.0);
#1589=VECTOR('',#1592,1.0);
#1590=DIRECTION('',(0.06326574206706605,0.7310457146551879,0.6793891439852343));
#1591=DIRECTION('',(-0.7745923454022712,0,0.6324608275966257));
#1592=DIRECTION('',(0,-0.7071065817927206,-0.7071069805803184));
#1593=FACE_SURFACE('',(#1598),#1594,.T.);
#1594=PLANE('',#1595);
#1595=AXIS2_PLACEMENT_3D('',#164,#1596,#1597);
#1596=DIRECTION('',(0.5000000965456268,0.6123723528403336,-0.6123724397220682));
#1597=DIRECTION('',(0,0.7071068313477419,0.7071067310253497));
#1598=FACE_BOUND('',#1599,.T.);
#1599=EDGE_LOOP('',(#1600,#1601,#1602));
#1600=ORIENTED_EDGE('',*,*,#1603,.T.);
#1601=ORIENTED_EDGE('',*,*,#1604,.T.);
#1602=ORIENTED_EDGE('',*,*,#1605,.T.);
#1603=EDGE_CURVE('',#165,#167,#1606,.F.);
#1604=EDGE_CURVE('',#167,#169,#1607,.T.);
#1605=EDGE_CURVE('',#169,#165,#1608,.T.);
#1606=LINE('',#164,#1609);
#1607=LINE('',#166,#1610);
#1608=LINE('',#168,#1611);
#1609=VECTOR('',#1612,1.0);
#1610=VECTOR('',#1613,1.0);
#1611=VECTOR('',#1614,1.0);
#1612=DIRECTION('',(0,0.7071068313477419,0.7071067310253497));
#1613=DIRECTION('',(0.0751746492800619,-0.7351277069023188,-0.6737477470464435));
#1614=DIRECTION('',(-0.7745965674924206,0.6324556566502983,0));
#1615=FACE_SURFACE('',(#1620),#1616,.T.);
#1616=PLANE('',#1617);
#1617=AXIS2_PLACEMENT_3D('',#168,#1618,#1619);
#1618=DIRECTION('',(0.500005044201882,0.6123706849504379,-0.6123700678397055));
#1619=DIRECTION('',(-0.0751746492800619,0.7351277069023188,0.6737477470464435));
#1620=FACE_BOUND('',#1621,.T.);
#1621=EDGE_LOOP('',(#1622,#1623,#1624));
#1622=ORIENTED_EDGE('',*,*,#1625,.T.);
#1623=ORIENTED_EDGE('',*,*,#1626,.T.);
#1624=ORIENTED_EDGE('',*,*,#1627,.T.);
#1625=EDGE_CURVE('',#169,#167,#1628,.F.);
#1626=EDGE_CURVE('',#167,#171,#1629,.T.);
#1627=EDGE_CURVE('',#171,#169,#1630,.T.);
#1628=LINE('',#168,#1631);
#1629=LINE('',#166,#1632);
#1630=LINE('',#170,#1633);
#1631=VECTOR('',#1634,1.0);
#1632=VECTOR('',#1635,1.0);
#1633=VECTOR('',#1636,1.0);
#1634=DIRECTION('',(-0.0751746492800619,0.7351277069023188,0.6737477470464435));
#1635=DIRECTION('',(0.7745923454022712,0,0.6324608275966257));
#1636=DIRECTION('',(0,-0.7071064248962121,-0.7071071374767033));
#1637=FACE_SURFACE('',(#1642),#1638,.T.);
#1638=PLANE('',#1639);
#1639=AXIS2_PLACEMENT_3D('',#172,#1640,#1641);
#1640=DIRECTION('',(0.5000001527569278,-0.6123726601034017,0.6123720865625183));
#1641=DIRECTION('',(0,0.7071064500524528,0.7071071123204871));
#1642=FACE_BOUND('',#1643,.T.);
#1643=EDGE_LOOP('',(#1644,#1645,#1646));
#1644=ORIENTED_EDGE('',*,*,#1647,.T.);
#1645=ORIENTED_EDGE('',*,*,#1648,.T.);
#1646=ORIENTED_EDGE('',*,*,#1649,.T.);
#1647=EDGE_CURVE('',#173,#175,#1650,.F.);
#1648=EDGE_CURVE('',#175,#165,#1651,.T.);
#1649=EDGE_CURVE('',#165,#173,#1652,.T.);
#1650=LINE('',#172,#1653);
#1651=LINE('',#174,#1654);
#1652=LINE('',#164,#1655);
#1653=VECTOR('',#1656,1.0);
#1654=VECTOR('',#1657,1.0);
#1655=VECTOR('',#1658,1.0);
#1656=DIRECTION('',(0,0.7071064500524528,0.7071071123204871));
#1657=DIRECTION('',(-0.08228804283814245,-0.7375011638616017,-0.6703138901355475));
#1658=DIRECTION('',(0.7745966881237367,0.6324555089077323,0));
#1659=FACE_SURFACE('',(#1664),#1660,.T.);
#1660=PLANE('',#1661);
#1661=AXIS2_PLACEMENT_3D('',#164,#1662,#1663);
#1662=DIRECTION('',(0.4999959157046407,-0.6123740596523225,0.6123741465342992));
#1663=DIRECTION('',(0.08228804283814245,0.7375011638616017,0.6703138901355475));
#1664=FACE_BOUND('',#1665,.T.);
#1665=EDGE_LOOP('',(#1666,#1667,#1668));
#1666=ORIENTED_EDGE('',*,*,#1669,.T.);
#1667=ORIENTED_EDGE('',*,*,#1670,.T.);
#1668=ORIENTED_EDGE('',*,*,#1671,.T.);
#1669=EDGE_CURVE('',#165,#175,#1672,.F.);
#1670=EDGE_CURVE('',#175,#167,#1673,.T.);
#1671=EDGE_CURVE('',#167,#165,#1674,.T.);
#1672=LINE('',#164,#1675);
#1673=LINE('',#174,#1676);
#1674=LINE('',#166,#1677);
#1675=VECTOR('',#1678,1.0);
#1676=VECTOR('',#1679,1.0);
#1677=VECTOR('',#1680,1.0);
#1678=DIRECTION('',(0.08228804283814245,0.7375011638616017,0.6703138901355475));
#1679=DIRECTION('',(-0.774600065804404,0,0.632451372087857));
#1680=DIRECTION('',(0,-0.7071068313477419,-0.7071067310253497));
#1681=FACE_SURFACE('',(#1686),#1682,.T.);
#1682=PLANE('',#1683);
#1683=AXIS2_PLACEMENT_3D('',#176,#1684,#1685);
#1684=DIRECTION('',(0.5000002953016226,0.6123728346842963,-0.6123717955939918));
#1685=DIRECTION('',(0,0.707106181267108,0.7071073811054782));
#1686=FACE_BOUND('',#1687,.T.);
#1687=EDGE_LOOP('',(#1688,#1689,#1690));
#1688=ORIENTED_EDGE('',*,*,#1691,.T.);
#1689=ORIENTED_EDGE('',*,*,#1692,.T.);
#1690=ORIENTED_EDGE('',*,*,#1693,.T.);
#1691=EDGE_CURVE('',#177,#179,#1694,.F.);
#1692=EDGE_CURVE('',#179,#181,#1695,.T.);
#1693=EDGE_CURVE('',#181,#177,#1696,.T.);
#1694=LINE('',#176,#1697);
#1695=LINE('',#178,#1698);
#1696=LINE('',#180,#1699);
#1697=VECTOR('',#1700,1.0);
#1698=VECTOR('',#1701,1.0);
#1699=VECTOR('',#1702,1.0);
#1700=DIRECTION('',(0,0.707106181267108,0.7071073811054782));
#1701=DIRECTION('',(0.10357557086499117,-0.7443154076380286,-0.6597474327897203));
#1702=DIRECTION('',(-0.7745966881237367,0.6324555089077323,0));
#1703=FACE_SURFACE('',(#1708),#1704,.T.);
#1704=PLANE('',#1705);
#1705=AXIS2_PLACEMENT_3D('',#180,#1706,#1707);
#1706=DIRECTION('',(0.4999958393369819,0.6123742155374856,-0.6123740530023756));
#1707=DIRECTION('',(-0.10357557086499117,0.7443154076380286,0.6597474327897203));
#1708=FACE_BOUND('',#1709,.T.);
#1709=EDGE_LOOP('',(#1710,#1711,#1712));
#1710=ORIENTED_EDGE('',*,*,#1713,.T.);
#1711=ORIENTED_EDGE('',*,*,#1714,.T.);
#1712=ORIENTED_EDGE('',*,*,#1715,.T.);
#1713=EDGE_CURVE('',#181,#179,#1716,.F.);
#1714=EDGE_CURVE('',#179,#183,#1717,.T.);
#1715=EDGE_CURVE('',#183,#181,#1718,.T.);
#1716=LINE('',#180,#1719);
#1717=LINE('',#178,#1720);
#1718=LINE('',#182,#1721);
#1719=VECTOR('',#1722,1.0);
#1720=VECTOR('',#1723,1.0);
#1721=VECTOR('',#1724,1.0);
#1722=DIRECTION('',(-0.10357557086499117,0.7443154076380286,0.6597474327897203));
#1723=DIRECTION('',(0.774600065804404,0,0.632451372087857));
#1724=DIRECTION('',(0,-0.707106687347112,-0.7071068750259706));
#1725=FACE_SURFACE('',(#1730),#1726,.T.);
#1726=PLANE('',#1727);
#1727=AXIS2_PLACEMENT_3D('',#184,#1728,#1729);
#1728=DIRECTION('',(0.4999999556799454,-0.6123724187343635,0.6123724888443944));
#1729=DIRECTION('',(0,0.7071068216645904,0.7071067407085024));
#1730=FACE_BOUND('',#1731,.T.);
#1731=EDGE_LOOP('',(#1732,#1733,#1734));
#1732=ORIENTED_EDGE('',*,*,#1735,.T.);
#1733=ORIENTED_EDGE('',*,*,#1736,.T.);
#1734=ORIENTED_EDGE('',*,*,#1737,.T.);
#1735=EDGE_CURVE('',#185,#187,#1738,.F.);
#1736=EDGE_CURVE('',#187,#177,#1739,.T.);
#1737=EDGE_CURVE('',#177,#185,#1740,.T.);
#1738=LINE('',#184,#1741);
#1739=LINE('',#186,#1742);
#1740=LINE('',#176,#1743);
#1741=VECTOR('',#1744,1.0);
#1742=VECTOR('',#1745,1.0);
#1743=VECTOR('',#1746,1.0);
#1744=DIRECTION('',(0,0.7071068216645904,0.7071067407085024));
#1745=DIRECTION('',(-0.11751589651015766,-0.7485421401085294,-0.6525907435362203));
#1746=DIRECTION('',(0.7745966881237367,0.6324555089077323,0));
#1747=FACE_SURFACE('',(#1752),#1748,.T.);
#1748=PLANE('',#1749);
#1749=AXIS2_PLACEMENT_3D('',#176,#1750,#1751);
#1750=DIRECTION('',(0.500004914997522,-0.6123709486866408,0.6123699095995365));
#1751=DIRECTION('',(0.11751589651015766,0.7485421401085294,0.6525907435362203));
#1752=FACE_BOUND('',#1753,.T.);
#1753=EDGE_LOOP('',(#1754,#1755,#1756));
#1754=ORIENTED_EDGE('',*,*,#1757,.T.);
#1755=ORIENTED_EDGE('',*,*,#1758,.T.);
#1756=ORIENTED_EDGE('',*,*,#1759,.T.);
#1757=EDGE_CURVE('',#177,#187,#1760,.F.);
#1758=EDGE_CURVE('',#187,#179,#1761,.T.);
#1759=EDGE_CURVE('',#179,#177,#1762,.T.);
#1760=LINE('',#176,#1763);
#1761=LINE('',#186,#1764);
#1762=LINE('',#178,#1765);
#1763=VECTOR('',#1766,1.0);
#1764=VECTOR('',#1767,1.0);
#1765=VECTOR('',#1768,1.0);
#1766=DIRECTION('',(0.11751589651015766,0.7485421401085294,0.6525907435362203));
#1767=DIRECTION('',(-0.7745923454022712,0,0.6324608275966257));
#1768=DIRECTION('',(0,-0.707106181267108,-0.7071073811054782));
#1769=FACE_SURFACE('',(#1774),#1770,.T.);
#1770=PLANE('',#1771);
#1771=AXIS2_PLACEMENT_3D('',#188,#1772,#1773);
#1772=DIRECTION('',(0.500000134956681,0.6123726383026395,-0.6123721228971526));
#1773=DIRECTION('',(0,0.7071064836169615,0.7071070787560083));
#1774=FACE_BOUND('',#1775,.T.);
#1775=EDGE_LOOP('',(#1776,#1777,#1778));
#1776=ORIENTED_EDGE('',*,*,#1779,.T.);
#1777=ORIENTED_EDGE('',*,*,#1780,.T.);
#1778=ORIENTED_EDGE('',*,*,#1781,.T.);
#1779=EDGE_CURVE('',#189,#191,#1782,.F.);
#1780=EDGE_CURVE('',#191,#193,#1783,.T.);
#1781=EDGE_CURVE('',#193,#189,#1784,.T.);
#1782=LINE('',#188,#1785);
#1783=LINE('',#190,#1786);
#1784=LINE('',#192,#1787);
#1785=VECTOR('',#1788,1.0);
#1786=VECTOR('',#1789,1.0);
#1787=VECTOR('',#1790,1.0);
#1788=DIRECTION('',(0,0.7071064836169615,0.7071070787560083));
#1789=DIRECTION('',(0.16582652409387078,-0.7617209983080628,-0.6263247437579911));
#1790=DIRECTION('',(-0.7745966881237367,0.6324555089077323,0));
#1791=FACE_SURFACE('',(#1796),#1792,.T.);
#1792=PLANE('',#1793);
#1793=AXIS2_PLACEMENT_3D('',#192,#1794,#1795);
#1794=DIRECTION('',(0.4999961226686696,0.6123736371875482,-0.612374400015211));
#1795=DIRECTION('',(-0.16582652409387078,0.7617209983080628,0.6263247437579911));
#1796=FACE_BOUND('',#1797,.T.);
#1797=EDGE_LOOP('',(#1798,#1799,#1800));
#1798=ORIENTED_EDGE('',*,*,#1801,.T.);
#1799=ORIENTED_EDGE('',*,*,#1802,.T.);
#1800=ORIENTED_EDGE('',*,*,#1803,.T.);
#1801=EDGE_CURVE('',#193,#191,#1804,.F.);
#1802=EDGE_CURVE('',#191,#195,#1805,.T.);
#1803=EDGE_CURVE('',#195,#193,#1806,.T.);
#1804=LINE('',#192,#1807);
#1805=LINE('',#190,#1808);
#1806=LINE('',#194,#1809);
#1807=VECTOR('',#1810,1.0);
#1808=VECTOR('',#1811,1.0);
#1809=VECTOR('',#1812,1.0);
#1810=DIRECTION('',(-0.16582652409387078,0.7617209983080628,0.6263247437579911));
#1811=DIRECTION('',(0.774600065804404,0,0.632451372087857));
#1812=DIRECTION('',(0,-0.7071072216040284,-0.7071063407687923));
#1813=FACE_SURFACE('',(#1818),#1814,.T.);
#1814=PLANE('',#1815);
#1815=AXIS2_PLACEMENT_3D('',#196,#1816,#1817);
#1816=DIRECTION('',(0.500000742212363,-0.612373382035967,0.6123708833386167));
#1817=DIRECTION('',(0,0.7071053385607743,0.7071082238093775));
#1818=FACE_BOUND('',#1819,.T.);
#1819=EDGE_LOOP('',(#1820,#1821,#1822));
#1820=ORIENTED_EDGE('',*,*,#1823,.T.);
#1821=ORIENTED_EDGE('',*,*,#1824,.T.);
#1822=ORIENTED_EDGE('',*,*,#1825,.T.);
#1823=EDGE_CURVE('',#197,#199,#1826,.F.);
#1824=EDGE_CURVE('',#199,#189,#1827,.T.);
#1825=EDGE_CURVE('',#189,#197,#1828,.T.);
#1826=LINE('',#196,#1829);
#1827=LINE('',#198,#1830);
#1828=LINE('',#188,#1831);
#1829=VECTOR('',#1832,1.0);
#1830=VECTOR('',#1833,1.0);
#1831=VECTOR('',#1834,1.0);
#1832=DIRECTION('',(0,0.7071053385607743,0.7071082238093775));
#1833=DIRECTION('',(-0.20399595326329487,-0.7704895602035843,-0.6039300362372176));
#1834=DIRECTION('',(0.7745966881237367,0.6324555089077323,0));
#1835=FACE_SURFACE('',(#1840),#1836,.T.);
#1836=PLANE('',#1837);
#1837=AXIS2_PLACEMENT_3D('',#188,#1838,#1839);
#1838=DIRECTION('',(0.4999957312930273,-0.6123744360816458,0.6123739206746457));
#1839=DIRECTION('',(0.20399595326329487,0.7704895602035843,0.6039300362372176));
#1840=FACE_BOUND('',#1841,.T.);
#1841=EDGE_LOOP('',(#1842,#1843,#1844));
#1842=ORIENTED_EDGE('',*,*,#1845,.T.);
#1843=ORIENTED_EDGE('',*,*,#1846,.T.);
#1844=ORIENTED_EDGE('',*,*,#1847,.T.);
#1845=EDGE_CURVE('',#189,#199,#1848,.F.);
#1846=EDGE_CURVE('',#199,#191,#1849,.T.);
#1847=EDGE_CURVE('',#191,#189,#1850,.T.);
#1848=LINE('',#188,#1851);
#1849=LINE('',#198,#1852);
#1850=LINE('',#190,#1853);
#1851=VECTOR('',#1854,1.0);
#1852=VECTOR('',#1855,1.0);
#1853=VECTOR('',#1856,1.0);
#1854=DIRECTION('',(0.20399595326329487,0.7704895602035843,0.6039300362372176));
#1855=DIRECTION('',(-0.774600065804404,0,0.632451372087857));
#1856=DIRECTION('',(0,-0.7071064836169615,-0.7071070787560083));
#1857=FACE_SURFACE('',(#1862),#1858,.T.);
#1858=PLANE('',#1859);
#1859=AXIS2_PLACEMENT_3D('',#200,#1860,#1861);
#1860=DIRECTION('',(0.5000007824347167,0.6123734312980913,-0.6123708012347364));
#1861=DIRECTION('',(0,0.7071052627163391,0.7071082996534951));
#1862=FACE_BOUND('',#1863,.T.);
#1863=EDGE_LOOP('',(#1864,#1865,#1866));
#1864=ORIENTED_EDGE('',*,*,#1867,.T.);
#1865=ORIENTED_EDGE('',*,*,#1868,.T.);
#1866=ORIENTED_EDGE('',*,*,#1869,.T.);
#1867=EDGE_CURVE('',#201,#203,#1870,.F.);
#1868=EDGE_CURVE('',#203,#205,#1871,.T.);
#1869=EDGE_CURVE('',#205,#201,#1872,.T.);
#1870=LINE('',#200,#1873);
#1871=LINE('',#202,#1874);
#1872=LINE('',#204,#1875);
#1873=VECTOR('',#1876,1.0);
#1874=VECTOR('',#1877,1.0);
#1875=VECTOR('',#1878,1.0);
#1876=DIRECTION('',(0,0.7071052627163391,0.7071082996534951));
#1877=DIRECTION('',(0.3951146345265562,-0.7905282055251066,-0.46792048667717107));
#1878=DIRECTION('',(-0.7745966881237367,0.6324555089077323,0));
#1879=FACE_SURFACE('',(#1884),#1880,.T.);
#1880=PLANE('',#1881);
#1881=AXIS2_PLACEMENT_3D('',#204,#1882,#1883);
#1882=DIRECTION('',(0.4999999653290616,0.6123734228195559,-0.6123714768791886));
#1883=DIRECTION('',(-0.3951146345265562,0.7905282055251066,0.46792048667717107));
#1884=FACE_BOUND('',#1885,.T.);
#1885=EDGE_LOOP('',(#1886,#1887,#1888));
#1886=ORIENTED_EDGE('',*,*,#1889,.T.);
#1887=ORIENTED_EDGE('',*,*,#1890,.T.);
#1888=ORIENTED_EDGE('',*,*,#1891,.T.);
#1889=EDGE_CURVE('',#205,#203,#1892,.F.);
#1890=EDGE_CURVE('',#203,#207,#1893,.T.);
#1891=EDGE_CURVE('',#207,#205,#1894,.T.);
#1892=LINE('',#204,#1895);
#1893=LINE('',#202,#1896);
#1894=LINE('',#206,#1897);
#1895=VECTOR('',#1898,1.0);
#1896=VECTOR('',#1899,1.0);
#1897=VECTOR('',#1900,1.0);
#1898=DIRECTION('',(-0.3951146345265562,0.7905282055251066,0.46792048667717107));
#1899=DIRECTION('',(0.7745962055985283,0,0.6324560998775826));
#1900=DIRECTION('',(0,-0.707105657696486,-0.7071079046748239));
#1901=FACE_SURFACE('',(#1906),#1902,.T.);
#1902=PLANE('',#1903);
#1903=AXIS2_PLACEMENT_3D('',#208,#1904,#1905);
#1904=DIRECTION('',(0.5000019220072496,-0.6123748269837916,0.6123684750749564));
#1905=DIRECTION('',(0,0.7071031138960628,0.7071104484580126));
#1906=FACE_BOUND('',#1907,.T.);
#1907=EDGE_LOOP('',(#1908,#1909,#1910));
#1908=ORIENTED_EDGE('',*,*,#1911,.T.);
#1909=ORIENTED_EDGE('',*,*,#1912,.T.);
#1910=ORIENTED_EDGE('',*,*,#1913,.T.);
#1911=EDGE_CURVE('',#209,#211,#1914,.F.);
#1912=EDGE_CURVE('',#211,#201,#1915,.T.);
#1913=EDGE_CURVE('',#201,#209,#1916,.T.);
#1914=LINE('',#208,#1917);
#1915=LINE('',#210,#1918);
#1916=LINE('',#200,#1919);
#1917=VECTOR('',#1920,1.0);
#1918=VECTOR('',#1921,1.0);
#1919=VECTOR('',#1922,1.0);
#1920=DIRECTION('',(0,0.7071031138960628,0.7071104484580126));
#1921=DIRECTION('',(-0.6277370301825085,-0.743403887036867,-0.23086117403349027));
#1922=DIRECTION('',(0.7745966881237367,0.6324555089077323,0));
#1923=FACE_SURFACE('',(#1928),#1924,.T.);
#1924=PLANE('',#1925);
#1925=AXIS2_PLACEMENT_3D('',#200,#1926,#1927);
#1926=DIRECTION('',(0.4999997558588345,-0.612373850397141,0.6123712203319861));
#1927=DIRECTION('',(0.6277370301825085,0.743403887036867,0.23086117403349027));
#1928=FACE_BOUND('',#1929,.T.);
#1929=EDGE_LOOP('',(#1930,#1931,#1932));
#1930=ORIENTED_EDGE('',*,*,#1933,.T.);
#1931=ORIENTED_EDGE('',*,*,#1934,.T.);
#1932=ORIENTED_EDGE('',*,*,#1935,.T.);
#1933=EDGE_CURVE('',#201,#211,#1936,.F.);
#1934=EDGE_CURVE('',#211,#203,#1937,.T.);
#1935=EDGE_CURVE('',#203,#201,#1938,.T.);
#1936=LINE('',#200,#1939);
#1937=LINE('',#210,#1940);
#1938=LINE('',#202,#1941);
#1939=VECTOR('',#1942,1.0);
#1940=VECTOR('',#1943,1.0);
#1941=VECTOR('',#1944,1.0);
#1942=DIRECTION('',(0.6277370301825085,0.743403887036867,0.23086117403349027));
#1943=DIRECTION('',(-0.7745962055985283,0,0.6324560998775826));
#1944=DIRECTION('',(0,-0.7071052627163391,-0.7071082996534951));
#1945=FACE_SURFACE('',(#1950),#1946,.T.);
#1946=PLANE('',#1947);
#1947=AXIS2_PLACEMENT_3D('',#116,#1948,#1949);
#1948=DIRECTION('',(1,0,0));
#1949=DIRECTION('',(0,-0.7071068779170239,-0.7071066844560581));
#1950=FACE_BOUND('',#1951,.T.);
#1951=EDGE_LOOP('',(#1952,#1953,#1954));
#1952=ORIENTED_EDGE('',*,*,#1955,.T.);
#1953=ORIENTED_EDGE('',*,*,#1956,.T.);
#1954=ORIENTED_EDGE('',*,*,#1957,.T.);
#1955=EDGE_CURVE('',#117,#119,#1958,.F.);
#1956=EDGE_CURVE('',#119,#213,#1959,.T.);
#1957=EDGE_CURVE('',#213,#117,#1960,.T.);
#1958=LINE('',#116,#1961);
#1959=LINE('',#118,#1962);
#1960=LINE('',#212,#1963);
#1961=VECTOR('',#1964,1.0);
#1962=VECTOR('',#1965,1.0);
#1963=VECTOR('',#1966,1.0);
#1964=DIRECTION('',(0,-0.7071068779170239,-0.7071066844560581));
#1965=DIRECTION('',(0,0.7282643142344684,0.6852963509406711));
#1966=DIRECTION('',(0,0,1));
#1967=FACE_SURFACE('',(#1972),#1968,.T.);
#1968=PLANE('',#1969);
#1969=AXIS2_PLACEMENT_3D('',#212,#1970,#1971);
#1970=DIRECTION('',(1,0,0));
#1971=DIRECTION('',(0,-0.7282643142344684,-0.6852963509406711));
#1972=FACE_BOUND('',#1973,.T.);
#1973=EDGE_LOOP('',(#1974,#1975,#1976));
#1974=ORIENTED_EDGE('',*,*,#1977,.T.);
#1975=ORIENTED_EDGE('',*,*,#1978,.T.);
#1976=ORIENTED_EDGE('',*,*,#1979,.T.);
#1977=EDGE_CURVE('',#213,#119,#1980,.F.);
#1978=EDGE_CURVE('',#119,#215,#1981,.T.);
#1979=EDGE_CURVE('',#215,#213,#1982,.T.);
#1980=LINE('',#212,#1983);
#1981=LINE('',#118,#1984);
#1982=LINE('',#214,#1985);
#1983=VECTOR('',#1986,1.0);
#1984=VECTOR('',#1987,1.0);
#1985=VECTOR('',#1988,1.0);
#1986=DIRECTION('',(0,-0.7282643142344684,-0.6852963509406711));
#1987=DIRECTION('',(0,0,-1));
#1988=DIRECTION('',(0,0.7071068779170239,0.7071066844560581));
#1989=FACE_SURFACE('',(#1994),#1990,.T.);
#1990=PLANE('',#1991);
#1991=AXIS2_PLACEMENT_3D('',#40,#1992,#1993);
#1992=DIRECTION('',(1,0,0));
#1993=DIRECTION('',(0,0.7070925705111598,0.70712099157635));
#1994=FACE_BOUND('',#1995,.T.);
#1995=EDGE_LOOP('',(#1996,#1997,#1998));
#1996=ORIENTED_EDGE('',*,*,#1999,.T.);
#1997=ORIENTED_EDGE('',*,*,#2000,.T.);
#1998=ORIENTED_EDGE('',*,*,#2001,.T.);
#1999=EDGE_CURVE('',#41,#45,#2002,.F.);
#2000=EDGE_CURVE('',#45,#217,#2003,.T.);
#2001=EDGE_CURVE('',#217,#41,#2004,.T.);
#2002=LINE('',#40,#2005);
#2003=LINE('',#44,#2006);
#2004=LINE('',#216,#2007);
#2005=VECTOR('',#2008,1.0);
#2006=VECTOR('',#2009,1.0);
#2007=VECTOR('',#2010,1.0);
#2008=DIRECTION('',(0,0.7070925705111598,0.70712099157635));
#2009=DIRECTION('',(0,-1,0));
#2010=DIRECTION('',(0,0,-1));
#2011=FACE_SURFACE('',(#2016),#2012,.T.);
#2012=PLANE('',#2013);
#2013=AXIS2_PLACEMENT_3D('',#108,#2014,#2015);
#2014=DIRECTION('',(1,-0,0));
#2015=DIRECTION('',(0,0,-1));
#2016=FACE_BOUND('',#2017,.T.);
#2017=EDGE_LOOP('',(#2018,#2019,#2020));
#2018=ORIENTED_EDGE('',*,*,#2021,.T.);
#2019=ORIENTED_EDGE('',*,*,#2022,.T.);
#2020=ORIENTED_EDGE('',*,*,#2023,.T.);
#2021=EDGE_CURVE('',#109,#123,#2024,.F.);
#2022=EDGE_CURVE('',#123,#111,#2025,.T.);
#2023=EDGE_CURVE('',#111,#109,#2026,.T.);
#2024=LINE('',#108,#2027);
#2025=LINE('',#122,#2028);
#2026=LINE('',#110,#2029);
#2027=VECTOR('',#2030,1.0);
#2028=VECTOR('',#2031,1.0);
#2029=VECTOR('',#2032,1.0);
#2030=DIRECTION('',(0,0,-1));
#2031=DIRECTION('',(0,0.6848058747340391,0.7287255408792445));
#2032=DIRECTION('',(0,-0.7071064056562409,-0.7071071567166547));
#2033=FACE_SURFACE('',(#2038),#2034,.T.);
#2034=PLANE('',#2035);
#2035=AXIS2_PLACEMENT_3D('',#110,#2036,#2037);
#2036=DIRECTION('',(1,-0,0));
#2037=DIRECTION('',(0,-0.6848058747340391,-0.7287255408792445));
#2038=FACE_BOUND('',#2039,.T.);
#2039=EDGE_LOOP('',(#2040,#2041,#2042));
#2040=ORIENTED_EDGE('',*,*,#2043,.T.);
#2041=ORIENTED_EDGE('',*,*,#2044,.T.);
#2042=ORIENTED_EDGE('',*,*,#2045,.T.);
#2043=EDGE_CURVE('',#111,#123,#2046,.F.);
#2044=EDGE_CURVE('',#123,#125,#2047,.T.);
#2045=EDGE_CURVE('',#125,#111,#2048,.T.);
#2046=LINE('',#110,#2049);
#2047=LINE('',#122,#2050);
#2048=LINE('',#124,#2051);
#2049=VECTOR('',#2052,1.0);
#2050=VECTOR('',#2053,1.0);
#2051=VECTOR('',#2054,1.0);
#2052=DIRECTION('',(0,-0.6848058747340391,-0.7287255408792445));
#2053=DIRECTION('',(0,0.7071067670706468,0.7071067953024481));
#2054=DIRECTION('',(0,-1,0));
#2055=FACE_SURFACE('',(#2060),#2056,.T.);
#2056=PLANE('',#2057);
#2057=AXIS2_PLACEMENT_3D('',#96,#2058,#2059);
#2058=DIRECTION('',(1,-0,0));
#2059=DIRECTION('',(0,0,-1));
#2060=FACE_BOUND('',#2061,.T.);
#2061=EDGE_LOOP('',(#2062,#2063,#2064));
#2062=ORIENTED_EDGE('',*,*,#2065,.T.);
#2063=ORIENTED_EDGE('',*,*,#2066,.T.);
#2064=ORIENTED_EDGE('',*,*,#2067,.T.);
#2065=EDGE_CURVE('',#97,#101,#2068,.F.);
#2066=EDGE_CURVE('',#101,#99,#2069,.T.);
#2067=EDGE_CURVE('',#99,#97,#2070,.T.);
#2068=LINE('',#96,#2071);
#2069=LINE('',#100,#2072);
#2070=LINE('',#98,#2073);
#2071=VECTOR('',#2074,1.0);
#2072=VECTOR('',#2075,1.0);
#2073=VECTOR('',#2076,1.0);
#2074=DIRECTION('',(0,0,-1));
#2075=DIRECTION('',(0,0.680229556151768,0.7329991479787468));
#2076=DIRECTION('',(0,-0.7071065449868658,-0.7071070173861504));
#2077=FACE_SURFACE('',(#2082),#2078,.T.);
#2078=PLANE('',#2079);
#2079=AXIS2_PLACEMENT_3D('',#98,#2080,#2081);
#2080=DIRECTION('',(1,-0,0));
#2081=DIRECTION('',(0,-0.680229556151768,-0.7329991479787468));
#2082=FACE_BOUND('',#2083,.T.);
#2083=EDGE_LOOP('',(#2084,#2085,#2086));
#2084=ORIENTED_EDGE('',*,*,#2087,.T.);
#2085=ORIENTED_EDGE('',*,*,#2088,.T.);
#2086=ORIENTED_EDGE('',*,*,#2089,.T.);
#2087=EDGE_CURVE('',#99,#101,#2090,.F.);
#2088=EDGE_CURVE('',#101,#105,#2091,.T.);
#2089=EDGE_CURVE('',#105,#99,#2092,.T.);
#2090=LINE('',#98,#2093);
#2091=LINE('',#100,#2094);
#2092=LINE('',#104,#2095);
#2093=VECTOR('',#2096,1.0);
#2094=VECTOR('',#2097,1.0);
#2095=VECTOR('',#2098,1.0);
#2096=DIRECTION('',(0,-0.680229556151768,-0.7329991479787468));
#2097=DIRECTION('',(0,0.7071064271014265,0.7071071352714913));
#2098=DIRECTION('',(0,-1,0));
#2099=FACE_SURFACE('',(#2104),#2100,.T.);
#2100=PLANE('',#2101);
#2101=AXIS2_PLACEMENT_3D('',#84,#2102,#2103);
#2102=DIRECTION('',(1,-0,0));
#2103=DIRECTION('',(0,0,-1));
#2104=FACE_BOUND('',#2105,.T.);
#2105=EDGE_LOOP('',(#2106,#2107,#2108));
#2106=ORIENTED_EDGE('',*,*,#2109,.T.);
#2107=ORIENTED_EDGE('',*,*,#2110,.T.);
#2108=ORIENTED_EDGE('',*,*,#2111,.T.);
#2109=EDGE_CURVE('',#85,#89,#2112,.F.);
#2110=EDGE_CURVE('',#89,#87,#2113,.T.);
#2111=EDGE_CURVE('',#87,#85,#2114,.T.);
#2112=LINE('',#84,#2115);
#2113=LINE('',#88,#2116);
#2114=LINE('',#86,#2117);
#2115=VECTOR('',#2118,1.0);
#2116=VECTOR('',#2119,1.0);
#2117=VECTOR('',#2120,1.0);
#2118=DIRECTION('',(0,0,-1));
#2119=DIRECTION('',(0,0.6732947599597305,0.7393741719932939));
#2120=DIRECTION('',(0,-0.7071067811865475,-0.7071067811865475));
#2121=FACE_SURFACE('',(#2126),#2122,.T.);
#2122=PLANE('',#2123);
#2123=AXIS2_PLACEMENT_3D('',#86,#2124,#2125);
#2124=DIRECTION('',(1,-0,0));
#2125=DIRECTION('',(0,-0.6732947599597305,-0.7393741719932939));
#2126=FACE_BOUND('',#2127,.T.);
#2127=EDGE_LOOP('',(#2128,#2129,#2130));
#2128=ORIENTED_EDGE('',*,*,#2131,.T.);
#2129=ORIENTED_EDGE('',*,*,#2132,.T.);
#2130=ORIENTED_EDGE('',*,*,#2133,.T.);
#2131=EDGE_CURVE('',#87,#89,#2134,.F.);
#2132=EDGE_CURVE('',#89,#93,#2135,.T.);
#2133=EDGE_CURVE('',#93,#87,#2136,.T.);
#2134=LINE('',#86,#2137);
#2135=LINE('',#88,#2138);
#2136=LINE('',#92,#2139);
#2137=VECTOR('',#2140,1.0);
#2138=VECTOR('',#2141,1.0);
#2139=VECTOR('',#2142,1.0);
#2140=DIRECTION('',(0,-0.6732947599597305,-0.7393741719932939));
#2141=DIRECTION('',(0,0.7071065927973009,0.7071069695757439));
#2142=DIRECTION('',(0,-1,0));
#2143=FACE_SURFACE('',(#2148),#2144,.T.);
#2144=PLANE('',#2145);
#2145=AXIS2_PLACEMENT_3D('',#72,#2146,#2147);
#2146=DIRECTION('',(1,-0,0));
#2147=DIRECTION('',(0,0,-1));
#2148=FACE_BOUND('',#2149,.T.);
#2149=EDGE_LOOP('',(#2150,#2151,#2152));
#2150=ORIENTED_EDGE('',*,*,#2153,.T.);
#2151=ORIENTED_EDGE('',*,*,#2154,.T.);
#2152=ORIENTED_EDGE('',*,*,#2155,.T.);
#2153=EDGE_CURVE('',#73,#77,#2156,.F.);
#2154=EDGE_CURVE('',#77,#75,#2157,.T.);
#2155=EDGE_CURVE('',#75,#73,#2158,.T.);
#2156=LINE('',#72,#2159);
#2157=LINE('',#76,#2160);
#2158=LINE('',#74,#2161);
#2159=VECTOR('',#2162,1.0);
#2160=VECTOR('',#2163,1.0);
#2161=VECTOR('',#2164,1.0);
#2162=DIRECTION('',(0,0,-1));
#2163=DIRECTION('',(0,0.6615490575482641,0.7499018898876063));
#2164=DIRECTION('',(0,-0.7071061555904908,-0.7071074067820509));
#2165=FACE_SURFACE('',(#2170),#2166,.T.);
#2166=PLANE('',#2167);
#2167=AXIS2_PLACEMENT_3D('',#74,#2168,#2169);
#2168=DIRECTION('',(1,-0,0));
#2169=DIRECTION('',(0,-0.6615490575482641,-0.7499018898876063));
#2170=FACE_BOUND('',#2171,.T.);
#2171=EDGE_LOOP('',(#2172,#2173,#2174));
#2172=ORIENTED_EDGE('',*,*,#2175,.T.);
#2173=ORIENTED_EDGE('',*,*,#2176,.T.);
#2174=ORIENTED_EDGE('',*,*,#2177,.T.);
#2175=EDGE_CURVE('',#75,#77,#2178,.F.);
#2176=EDGE_CURVE('',#77,#81,#2179,.T.);
#2177=EDGE_CURVE('',#81,#75,#2180,.T.);
#2178=LINE('',#74,#2181);
#2179=LINE('',#76,#2182);
#2180=LINE('',#80,#2183);
#2181=VECTOR('',#2184,1.0);
#2182=VECTOR('',#2185,1.0);
#2183=VECTOR('',#2186,1.0);
#2184=DIRECTION('',(0,-0.6615490575482641,-0.7499018898876063));
#2185=DIRECTION('',(0,0.7071059809460216,0.7071075814261677));
#2186=DIRECTION('',(0,-1,0));
#2187=FACE_SURFACE('',(#2192),#2188,.T.);
#2188=PLANE('',#2189);
#2189=AXIS2_PLACEMENT_3D('',#60,#2190,#2191);
#2190=DIRECTION('',(1,-0,0));
#2191=DIRECTION('',(0,0,-1));
#2192=FACE_BOUND('',#2193,.T.);
#2193=EDGE_LOOP('',(#2194,#2195,#2196));
#2194=ORIENTED_EDGE('',*,*,#2197,.T.);
#2195=ORIENTED_EDGE('',*,*,#2198,.T.);
#2196=ORIENTED_EDGE('',*,*,#2199,.T.);
#2197=EDGE_CURVE('',#61,#65,#2200,.F.);
#2198=EDGE_CURVE('',#65,#63,#2201,.T.);
#2199=EDGE_CURVE('',#63,#61,#2202,.T.);
#2200=LINE('',#60,#2203);
#2201=LINE('',#64,#2204);
#2202=LINE('',#62,#2205);
#2203=VECTOR('',#2206,1.0);
#2204=VECTOR('',#2207,1.0);
#2205=VECTOR('',#2208,1.0);
#2206=DIRECTION('',(0,0,-1));
#2207=DIRECTION('',(0,0.6373791277960459,0.7705503536109446));
#2208=DIRECTION('',(0,-0.7071064141721644,-0.7071071482007403));
#2209=FACE_SURFACE('',(#2214),#2210,.T.);
#2210=PLANE('',#2211);
#2211=AXIS2_PLACEMENT_3D('',#62,#2212,#2213);
#2212=DIRECTION('',(1,-0,0));
#2213=DIRECTION('',(0,-0.6373791277960459,-0.7705503536109446));
#2214=FACE_BOUND('',#2215,.T.);
#2215=EDGE_LOOP('',(#2216,#2217,#2218));
#2216=ORIENTED_EDGE('',*,*,#2219,.T.);
#2217=ORIENTED_EDGE('',*,*,#2220,.T.);
#2218=ORIENTED_EDGE('',*,*,#2221,.T.);
#2219=EDGE_CURVE('',#63,#65,#2222,.F.);
#2220=EDGE_CURVE('',#65,#69,#2223,.T.);
#2221=EDGE_CURVE('',#69,#63,#2224,.T.);
#2222=LINE('',#62,#2225);
#2223=LINE('',#64,#2226);
#2224=LINE('',#68,#2227);
#2225=VECTOR('',#2228,1.0);
#2226=VECTOR('',#2229,1.0);
#2227=VECTOR('',#2230,1.0);
#2228=DIRECTION('',(0,-0.6373791277960459,-0.7705503536109446));
#2229=DIRECTION('',(0,0.7071061335381033,0.7071074288343987));
#2230=DIRECTION('',(0,-1,0));
#2231=FACE_SURFACE('',(#2236),#2232,.T.);
#2232=PLANE('',#2233);
#2233=AXIS2_PLACEMENT_3D('',#48,#2234,#2235);
#2234=DIRECTION('',(1,-0,0));
#2235=DIRECTION('',(0,0,-1));
#2236=FACE_BOUND('',#2237,.T.);
#2237=EDGE_LOOP('',(#2238,#2239,#2240));
#2238=ORIENTED_EDGE('',*,*,#2241,.T.);
#2239=ORIENTED_EDGE('',*,*,#2242,.T.);
#2240=ORIENTED_EDGE('',*,*,#2243,.T.);
#2241=EDGE_CURVE('',#49,#53,#2244,.F.);
#2242=EDGE_CURVE('',#53,#51,#2245,.T.);
#2243=EDGE_CURVE('',#51,#49,#2246,.T.);
#2244=LINE('',#48,#2247);
#2245=LINE('',#52,#2248);
#2246=LINE('',#50,#2249);
#2247=VECTOR('',#2250,1.0);
#2248=VECTOR('',#2251,1.0);
#2249=VECTOR('',#2252,1.0);
#2250=DIRECTION('',(0,0,-1));
#2251=DIRECTION('',(0,0.5599390399843956,0.8285338083031695));
#2252=DIRECTION('',(0,-0.7071037337228124,-0.7071098286371489));
#2253=FACE_SURFACE('',(#2258),#2254,.T.);
#2254=PLANE('',#2255);
#2255=AXIS2_PLACEMENT_3D('',#50,#2256,#2257);
#2256=DIRECTION('',(1,-0,0));
#2257=DIRECTION('',(0,-0.5599390399843956,-0.8285338083031695));
#2258=FACE_BOUND('',#2259,.T.);
#2259=EDGE_LOOP('',(#2260,#2261,#2262));
#2260=ORIENTED_EDGE('',*,*,#2263,.T.);
#2261=ORIENTED_EDGE('',*,*,#2264,.T.);
#2262=ORIENTED_EDGE('',*,*,#2265,.T.);
#2263=EDGE_CURVE('',#51,#53,#2266,.F.);
#2264=EDGE_CURVE('',#53,#57,#2267,.T.);
#2265=EDGE_CURVE('',#57,#51,#2268,.T.);
#2266=LINE('',#50,#2269);
#2267=LINE('',#52,#2270);
#2268=LINE('',#56,#2271);
#2269=VECTOR('',#2272,1.0);
#2270=VECTOR('',#2273,1.0);
#2271=VECTOR('',#2274,1.0);
#2272=DIRECTION('',(0,-0.5599390399843956,-0.8285338083031695));
#2273=DIRECTION('',(0,0.707106498830241,0.7071070635427412));
#2274=DIRECTION('',(0,-1,0));
#2275=FACE_SURFACE('',(#2280),#2276,.T.);
#2276=PLANE('',#2277);
#2277=AXIS2_PLACEMENT_3D('',#130,#2278,#2279);
#2278=DIRECTION('',(1,0,0));
#2279=DIRECTION('',(0,0.7071066568188117,0.7071069055542615));
#2280=FACE_BOUND('',#2281,.T.);
#2281=EDGE_LOOP('',(#2282,#2283,#2284));
#2282=ORIENTED_EDGE('',*,*,#2285,.T.);
#2283=ORIENTED_EDGE('',*,*,#2286,.T.);
#2284=ORIENTED_EDGE('',*,*,#2287,.T.);
#2285=EDGE_CURVE('',#131,#133,#2288,.F.);
#2286=EDGE_CURVE('',#133,#219,#2289,.T.);
#2287=EDGE_CURVE('',#219,#131,#2290,.T.);
#2288=LINE('',#130,#2291);
#2289=LINE('',#132,#2292);
#2290=LINE('',#218,#2293);
#2291=VECTOR('',#2294,1.0);
#2292=VECTOR('',#2295,1.0);
#2293=VECTOR('',#2296,1.0);
#2294=DIRECTION('',(0,0.7071066568188117,0.7071069055542615));
#2295=DIRECTION('',(0,-0.7282638596479111,-0.6852968340294062));
#2296=DIRECTION('',(0,0,-1));
#2297=FACE_SURFACE('',(#2302),#2298,.T.);
#2298=PLANE('',#2299);
#2299=AXIS2_PLACEMENT_3D('',#218,#2300,#2301);
#2300=DIRECTION('',(1,0,0));
#2301=DIRECTION('',(0,0.7282638596479111,0.6852968340294062));
#2302=FACE_BOUND('',#2303,.T.);
#2303=EDGE_LOOP('',(#2304,#2305,#2306));
#2304=ORIENTED_EDGE('',*,*,#2307,.T.);
#2305=ORIENTED_EDGE('',*,*,#2308,.T.);
#2306=ORIENTED_EDGE('',*,*,#2309,.T.);
#2307=EDGE_CURVE('',#219,#133,#2310,.F.);
#2308=EDGE_CURVE('',#133,#221,#2311,.T.);
#2309=EDGE_CURVE('',#221,#219,#2312,.T.);
#2310=LINE('',#218,#2313);
#2311=LINE('',#132,#2314);
#2312=LINE('',#220,#2315);
#2313=VECTOR('',#2316,1.0);
#2314=VECTOR('',#2317,1.0);
#2315=VECTOR('',#2318,1.0);
#2316=DIRECTION('',(0,0.7282638596479111,0.6852968340294062));
#2317=DIRECTION('',(0,0,1));
#2318=DIRECTION('',(0,-0.7071068779170239,-0.7071066844560581));
#2319=FACE_SURFACE('',(#2324),#2320,.T.);
#2320=PLANE('',#2321);
#2321=AXIS2_PLACEMENT_3D('',#210,#2322,#2323);
#2322=DIRECTION('',(1,0,0));
#2323=DIRECTION('',(0,-0.7071031138960628,-0.7071104484580126));
#2324=FACE_BOUND('',#2325,.T.);
#2325=EDGE_LOOP('',(#2326,#2327,#2328));
#2326=ORIENTED_EDGE('',*,*,#2329,.T.);
#2327=ORIENTED_EDGE('',*,*,#2330,.T.);
#2328=ORIENTED_EDGE('',*,*,#2331,.T.);
#2329=EDGE_CURVE('',#211,#209,#2332,.F.);
#2330=EDGE_CURVE('',#209,#223,#2333,.T.);
#2331=EDGE_CURVE('',#223,#211,#2334,.T.);
#2332=LINE('',#210,#2335);
#2333=LINE('',#208,#2336);
#2334=LINE('',#222,#2337);
#2335=VECTOR('',#2338,1.0);
#2336=VECTOR('',#2339,1.0);
#2337=VECTOR('',#2340,1.0);
#2338=DIRECTION('',(0,-0.7071031138960628,-0.7071104484580126));
#2339=DIRECTION('',(0,1,0));
#2340=DIRECTION('',(0,0,1));
#2341=FACE_SURFACE('',(#2346),#2342,.T.);
#2342=PLANE('',#2343);
#2343=AXIS2_PLACEMENT_3D('',#196,#2344,#2345);
#2344=DIRECTION('',(1,0,0));
#2345=DIRECTION('',(0,1,0));
#2346=FACE_BOUND('',#2347,.T.);
#2347=EDGE_LOOP('',(#2348,#2349,#2350));
#2348=ORIENTED_EDGE('',*,*,#2351,.T.);
#2349=ORIENTED_EDGE('',*,*,#2352,.T.);
#2350=ORIENTED_EDGE('',*,*,#2353,.T.);
#2351=EDGE_CURVE('',#197,#205,#2354,.F.);
#2352=EDGE_CURVE('',#205,#199,#2355,.T.);
#2353=EDGE_CURVE('',#199,#197,#2356,.T.);
#2354=LINE('',#196,#2357);
#2355=LINE('',#204,#2358);
#2356=LINE('',#198,#2359);
#2357=VECTOR('',#2360,1.0);
#2358=VECTOR('',#2361,1.0);
#2359=VECTOR('',#2362,1.0);
#2360=DIRECTION('',(0,1,0));
#2361=DIRECTION('',(0,0.5599378566322438,0.8285346080340209));
#2362=DIRECTION('',(0,-0.7071053385607743,-0.7071082238093775));
#2363=FACE_SURFACE('',(#2368),#2364,.T.);
#2364=PLANE('',#2365);
#2365=AXIS2_PLACEMENT_3D('',#198,#2366,#2367);
#2366=DIRECTION('',(1,0,0));
#2367=DIRECTION('',(0,-0.5599378566322438,-0.8285346080340209));
#2368=FACE_BOUND('',#2369,.T.);
#2369=EDGE_LOOP('',(#2370,#2371,#2372));
#2370=ORIENTED_EDGE('',*,*,#2373,.T.);
#2371=ORIENTED_EDGE('',*,*,#2374,.T.);
#2372=ORIENTED_EDGE('',*,*,#2375,.T.);
#2373=EDGE_CURVE('',#199,#205,#2376,.F.);
#2374=EDGE_CURVE('',#205,#207,#2377,.T.);
#2375=EDGE_CURVE('',#207,#199,#2378,.T.);
#2376=LINE('',#198,#2379);
#2377=LINE('',#204,#2380);
#2378=LINE('',#206,#2381);
#2379=VECTOR('',#2382,1.0);
#2380=VECTOR('',#2383,1.0);
#2381=VECTOR('',#2384,1.0);
#2382=DIRECTION('',(0,-0.5599378566322438,-0.8285346080340209));
#2383=DIRECTION('',(0,0.707105657696486,0.7071079046748239));
#2384=DIRECTION('',(0,0,1));
#2385=FACE_SURFACE('',(#2390),#2386,.T.);
#2386=PLANE('',#2387);
#2387=AXIS2_PLACEMENT_3D('',#184,#2388,#2389);
#2388=DIRECTION('',(1,0,0));
#2389=DIRECTION('',(0,1,0));
#2390=FACE_BOUND('',#2391,.T.);
#2391=EDGE_LOOP('',(#2392,#2393,#2394));
#2392=ORIENTED_EDGE('',*,*,#2395,.T.);
#2393=ORIENTED_EDGE('',*,*,#2396,.T.);
#2394=ORIENTED_EDGE('',*,*,#2397,.T.);
#2395=EDGE_CURVE('',#185,#193,#2398,.F.);
#2396=EDGE_CURVE('',#193,#187,#2399,.T.);
#2397=EDGE_CURVE('',#187,#185,#2400,.T.);
#2398=LINE('',#184,#2401);
#2399=LINE('',#192,#2402);
#2400=LINE('',#186,#2403);
#2401=VECTOR('',#2404,1.0);
#2402=VECTOR('',#2405,1.0);
#2403=VECTOR('',#2406,1.0);
#2404=DIRECTION('',(0,1,0));
#2405=DIRECTION('',(0,0.6373798472266029,0.7705497585162118));
#2406=DIRECTION('',(0,-0.7071068216645904,-0.7071067407085024));
#2407=FACE_SURFACE('',(#2412),#2408,.T.);
#2408=PLANE('',#2409);
#2409=AXIS2_PLACEMENT_3D('',#186,#2410,#2411);
#2410=DIRECTION('',(1,0,0));
#2411=DIRECTION('',(0,-0.6373798472266029,-0.7705497585162118));
#2412=FACE_BOUND('',#2413,.T.);
#2413=EDGE_LOOP('',(#2414,#2415,#2416));
#2414=ORIENTED_EDGE('',*,*,#2417,.T.);
#2415=ORIENTED_EDGE('',*,*,#2418,.T.);
#2416=ORIENTED_EDGE('',*,*,#2419,.T.);
#2417=EDGE_CURVE('',#187,#193,#2420,.F.);
#2418=EDGE_CURVE('',#193,#195,#2421,.T.);
#2419=EDGE_CURVE('',#195,#187,#2422,.T.);
#2420=LINE('',#186,#2423);
#2421=LINE('',#192,#2424);
#2422=LINE('',#194,#2425);
#2423=VECTOR('',#2426,1.0);
#2424=VECTOR('',#2427,1.0);
#2425=VECTOR('',#2428,1.0);
#2426=DIRECTION('',(0,-0.6373798472266029,-0.7705497585162118));
#2427=DIRECTION('',(0,0.7071072216040284,0.7071063407687923));
#2428=DIRECTION('',(0,0,1));
#2429=FACE_SURFACE('',(#2434),#2430,.T.);
#2430=PLANE('',#2431);
#2431=AXIS2_PLACEMENT_3D('',#172,#2432,#2433);
#2432=DIRECTION('',(1,0,0));
#2433=DIRECTION('',(0,1,0));
#2434=FACE_BOUND('',#2435,.T.);
#2435=EDGE_LOOP('',(#2436,#2437,#2438));
#2436=ORIENTED_EDGE('',*,*,#2439,.T.);
#2437=ORIENTED_EDGE('',*,*,#2440,.T.);
#2438=ORIENTED_EDGE('',*,*,#2441,.T.);
#2439=EDGE_CURVE('',#173,#181,#2442,.F.);
#2440=EDGE_CURVE('',#181,#175,#2443,.T.);
#2441=EDGE_CURVE('',#175,#173,#2444,.T.);
#2442=LINE('',#172,#2445);
#2443=LINE('',#180,#2446);
#2444=LINE('',#174,#2447);
#2445=VECTOR('',#2448,1.0);
#2446=VECTOR('',#2449,1.0);
#2447=VECTOR('',#2450,1.0);
#2448=DIRECTION('',(0,1,0));
#2449=DIRECTION('',(0,0.6615495550394394,0.7499014510101444));
#2450=DIRECTION('',(0,-0.7071064500524528,-0.7071071123204871));
#2451=FACE_SURFACE('',(#2456),#2452,.T.);
#2452=PLANE('',#2453);
#2453=AXIS2_PLACEMENT_3D('',#174,#2454,#2455);
#2454=DIRECTION('',(1,0,0));
#2455=DIRECTION('',(0,-0.6615495550394394,-0.7499014510101444));
#2456=FACE_BOUND('',#2457,.T.);
#2457=EDGE_LOOP('',(#2458,#2459,#2460));
#2458=ORIENTED_EDGE('',*,*,#2461,.T.);
#2459=ORIENTED_EDGE('',*,*,#2462,.T.);
#2460=ORIENTED_EDGE('',*,*,#2463,.T.);
#2461=EDGE_CURVE('',#175,#181,#2464,.F.);
#2462=EDGE_CURVE('',#181,#183,#2465,.T.);
#2463=EDGE_CURVE('',#183,#175,#2466,.T.);
#2464=LINE('',#174,#2467);
#2465=LINE('',#180,#2468);
#2466=LINE('',#182,#2469);
#2467=VECTOR('',#2470,1.0);
#2468=VECTOR('',#2471,1.0);
#2469=VECTOR('',#2472,1.0);
#2470=DIRECTION('',(0,-0.6615495550394394,-0.7499014510101444));
#2471=DIRECTION('',(0,0.707106687347112,0.7071068750259706));
#2472=DIRECTION('',(0,0,1));
#2473=FACE_SURFACE('',(#2478),#2474,.T.);
#2474=PLANE('',#2475);
#2475=AXIS2_PLACEMENT_3D('',#160,#2476,#2477);
#2476=DIRECTION('',(1,0,0));
#2477=DIRECTION('',(0,1,0));
#2478=FACE_BOUND('',#2479,.T.);
#2479=EDGE_LOOP('',(#2480,#2481,#2482));
#2480=ORIENTED_EDGE('',*,*,#2483,.T.);
#2481=ORIENTED_EDGE('',*,*,#2484,.T.);
#2482=ORIENTED_EDGE('',*,*,#2485,.T.);
#2483=EDGE_CURVE('',#161,#169,#2486,.F.);
#2484=EDGE_CURVE('',#169,#163,#2487,.T.);
#2485=EDGE_CURVE('',#163,#161,#2488,.T.);
#2486=LINE('',#160,#2489);
#2487=LINE('',#168,#2490);
#2488=LINE('',#162,#2491);
#2489=VECTOR('',#2492,1.0);
#2490=VECTOR('',#2493,1.0);
#2491=VECTOR('',#2494,1.0);
#2492=DIRECTION('',(0,1,0));
#2493=DIRECTION('',(0,0.6732951205931457,0.7393738435902785));
#2494=DIRECTION('',(0,-0.70710693817762,-0.7071066241954401));
#2495=FACE_SURFACE('',(#2500),#2496,.T.);
#2496=PLANE('',#2497);
#2497=AXIS2_PLACEMENT_3D('',#162,#2498,#2499);
#2498=DIRECTION('',(1,0,0));
#2499=DIRECTION('',(0,-0.6732951205931457,-0.7393738435902785));
#2500=FACE_BOUND('',#2501,.T.);
#2501=EDGE_LOOP('',(#2502,#2503,#2504));
#2502=ORIENTED_EDGE('',*,*,#2505,.T.);
#2503=ORIENTED_EDGE('',*,*,#2506,.T.);
#2504=ORIENTED_EDGE('',*,*,#2507,.T.);
#2505=EDGE_CURVE('',#163,#169,#2508,.F.);
#2506=EDGE_CURVE('',#169,#171,#2509,.T.);
#2507=EDGE_CURVE('',#171,#163,#2510,.T.);
#2508=LINE('',#162,#2511);
#2509=LINE('',#168,#2512);
#2510=LINE('',#170,#2513);
#2511=VECTOR('',#2514,1.0);
#2512=VECTOR('',#2515,1.0);
#2513=VECTOR('',#2516,1.0);
#2514=DIRECTION('',(0,-0.6732951205931457,-0.7393738435902785));
#2515=DIRECTION('',(0,0.7071064248962121,0.7071071374767033));
#2516=DIRECTION('',(0,0,1));
#2517=FACE_SURFACE('',(#2522),#2518,.T.);
#2518=PLANE('',#2519);
#2519=AXIS2_PLACEMENT_3D('',#148,#2520,#2521);
#2520=DIRECTION('',(1,0,0));
#2521=DIRECTION('',(0,1,0));
#2522=FACE_BOUND('',#2523,.T.);
#2523=EDGE_LOOP('',(#2524,#2525,#2526));
#2524=ORIENTED_EDGE('',*,*,#2527,.T.);
#2525=ORIENTED_EDGE('',*,*,#2528,.T.);
#2526=ORIENTED_EDGE('',*,*,#2529,.T.);
#2527=EDGE_CURVE('',#149,#157,#2530,.F.);
#2528=EDGE_CURVE('',#157,#151,#2531,.T.);
#2529=EDGE_CURVE('',#151,#149,#2532,.T.);
#2530=LINE('',#148,#2533);
#2531=LINE('',#156,#2534);
#2532=LINE('',#150,#2535);
#2533=VECTOR('',#2536,1.0);
#2534=VECTOR('',#2537,1.0);
#2535=VECTOR('',#2538,1.0);
#2536=DIRECTION('',(0,1,0));
#2537=DIRECTION('',(0,0.6802298514649198,0.7329988739254742));
#2538=DIRECTION('',(0,-0.7071067026765885,-0.7071068596964978));
#2539=FACE_SURFACE('',(#2544),#2540,.T.);
#2540=PLANE('',#2541);
#2541=AXIS2_PLACEMENT_3D('',#150,#2542,#2543);
#2542=DIRECTION('',(1,0,0));
#2543=DIRECTION('',(0,-0.6802298514649198,-0.7329988739254742));
#2544=FACE_BOUND('',#2545,.T.);
#2545=EDGE_LOOP('',(#2546,#2547,#2548));
#2546=ORIENTED_EDGE('',*,*,#2549,.T.);
#2547=ORIENTED_EDGE('',*,*,#2550,.T.);
#2548=ORIENTED_EDGE('',*,*,#2551,.T.);
#2549=EDGE_CURVE('',#151,#157,#2552,.F.);
#2550=EDGE_CURVE('',#157,#159,#2553,.T.);
#2551=EDGE_CURVE('',#159,#151,#2554,.T.);
#2552=LINE('',#150,#2555);
#2553=LINE('',#156,#2556);
#2554=LINE('',#158,#2557);
#2555=VECTOR('',#2558,1.0);
#2556=VECTOR('',#2559,1.0);
#2557=VECTOR('',#2560,1.0);
#2558=DIRECTION('',(0,-0.6802298514649198,-0.7329988739254742));
#2559=DIRECTION('',(0,0.7071068515922341,0.7071067107808541));
#2560=DIRECTION('',(0,0,1));
#2561=FACE_SURFACE('',(#2566),#2562,.T.);
#2562=PLANE('',#2563);
#2563=AXIS2_PLACEMENT_3D('',#224,#2564,#2565);
#2564=DIRECTION('',(0.49999594040166245,0.612374009239617,-0.6123741767821816));
#2565=DIRECTION('',(0,0.7071068779170239,0.7071066844560581));
#2566=FACE_BOUND('',#2567,.T.);
#2567=EDGE_LOOP('',(#2568,#2569,#2570));
#2568=ORIENTED_EDGE('',*,*,#2571,.T.);
#2569=ORIENTED_EDGE('',*,*,#2572,.T.);
#2570=ORIENTED_EDGE('',*,*,#2573,.T.);
#2571=EDGE_CURVE('',#225,#227,#2574,.F.);
#2572=EDGE_CURVE('',#227,#215,#2575,.T.);
#2573=EDGE_CURVE('',#215,#225,#2576,.T.);
#2574=LINE('',#224,#2577);
#2575=LINE('',#226,#2578);
#2576=LINE('',#214,#2579);
#2577=VECTOR('',#2580,1.0);
#2578=VECTOR('',#2581,1.0);
#2579=VECTOR('',#2582,1.0);
#2580=DIRECTION('',(0,0.7071068779170239,0.7071066844560581));
#2581=DIRECTION('',(0.044529743387540385,-0.7243505094240726,-0.6879923265930559));
#2582=DIRECTION('',(-0.774600065804404,0,-0.632451372087857));
#2583=FACE_SURFACE('',(#2588),#2584,.T.);
#2584=PLANE('',#2585);
#2585=AXIS2_PLACEMENT_3D('',#214,#2586,#2587);
#2586=DIRECTION('',(0.49999594040166245,0.612374009239617,-0.6123741767821816));
#2587=DIRECTION('',(-0.044529743387540385,0.7243505094240726,0.6879923265930559));
#2588=FACE_BOUND('',#2589,.T.);
#2589=EDGE_LOOP('',(#2590,#2591,#2592));
#2590=ORIENTED_EDGE('',*,*,#2593,.T.);
#2591=ORIENTED_EDGE('',*,*,#2594,.T.);
#2592=ORIENTED_EDGE('',*,*,#2595,.T.);
#2593=EDGE_CURVE('',#215,#227,#2596,.F.);
#2594=EDGE_CURVE('',#227,#213,#2597,.T.);
#2595=EDGE_CURVE('',#213,#215,#2598,.T.);
#2596=LINE('',#214,#2599);
#2597=LINE('',#226,#2600);
#2598=LINE('',#212,#2601);
#2599=VECTOR('',#2602,1.0);
#2600=VECTOR('',#2603,1.0);
#2601=VECTOR('',#2604,1.0);
#2602=DIRECTION('',(-0.044529743387540385,0.7243505094240726,0.6879923265930559));
#2603=DIRECTION('',(0.774600065804404,0,0.632451372087857));
#2604=DIRECTION('',(0,-0.7071068779170239,-0.7071066844560581));
#2605=FACE_SURFACE('',(#2610),#2606,.T.);
#2606=PLANE('',#2607);
#2607=AXIS2_PLACEMENT_3D('',#218,#2608,#2609);
#2608=DIRECTION('',(0.5000052844533192,-0.612370194540794,0.6123703620823149));
#2609=DIRECTION('',(0,0.7071068779170239,0.7071066844560581));
#2610=FACE_BOUND('',#2611,.T.);
#2611=EDGE_LOOP('',(#2612,#2613,#2614));
#2612=ORIENTED_EDGE('',*,*,#2615,.T.);
#2613=ORIENTED_EDGE('',*,*,#2616,.T.);
#2614=ORIENTED_EDGE('',*,*,#2617,.T.);
#2615=EDGE_CURVE('',#219,#221,#2618,.F.);
#2616=EDGE_CURVE('',#221,#225,#2619,.T.);
#2617=EDGE_CURVE('',#225,#219,#2620,.T.);
#2618=LINE('',#218,#2621);
#2619=LINE('',#220,#2622);
#2620=LINE('',#224,#2623);
#2621=VECTOR('',#2624,1.0);
#2622=VECTOR('',#2625,1.0);
#2623=VECTOR('',#2626,1.0);
#2624=DIRECTION('',(0,0.7071068779170239,0.7071066844560581));
#2625=DIRECTION('',(-0.04452977114264735,-0.7243509609071566,-0.6879918494538015));
#2626=DIRECTION('',(0.7745923454022712,0,-0.6324608275966257));
#2627=FACE_SURFACE('',(#2632),#2628,.T.);
#2628=PLANE('',#2629);
#2629=AXIS2_PLACEMENT_3D('',#224,#2630,#2631);
#2630=DIRECTION('',(0.5000052844533192,-0.612370194540794,0.6123703620823149));
#2631=DIRECTION('',(0.04452977114264735,0.7243509609071566,0.6879918494538015));
#2632=FACE_BOUND('',#2633,.T.);
#2633=EDGE_LOOP('',(#2634,#2635,#2636));
#2634=ORIENTED_EDGE('',*,*,#2637,.T.);
#2635=ORIENTED_EDGE('',*,*,#2638,.T.);
#2636=ORIENTED_EDGE('',*,*,#2639,.T.);
#2637=EDGE_CURVE('',#225,#221,#2640,.F.);
#2638=EDGE_CURVE('',#221,#227,#2641,.T.);
#2639=EDGE_CURVE('',#227,#225,#2642,.T.);
#2640=LINE('',#224,#2643);
#2641=LINE('',#220,#2644);
#2642=LINE('',#226,#2645);
#2643=VECTOR('',#2646,1.0);
#2644=VECTOR('',#2647,1.0);
#2645=VECTOR('',#2648,1.0);
#2646=DIRECTION('',(0.04452977114264735,0.7243509609071566,0.6879918494538015));
#2647=DIRECTION('',(-0.7745923454022712,0,0.6324608275966257));
#2648=DIRECTION('',(0,-0.7071068779170239,-0.7071066844560581));
#2649=FACE_SURFACE('',(#2654),#2650,.T.);
#2650=PLANE('',#2651);
#2651=AXIS2_PLACEMENT_3D('',#138,#2652,#2653);
#2652=DIRECTION('',(1,0,0));
#2653=DIRECTION('',(0,1,0));
#2654=FACE_BOUND('',#2655,.T.);
#2655=EDGE_LOOP('',(#2656,#2657,#2658));
#2656=ORIENTED_EDGE('',*,*,#2659,.T.);
#2657=ORIENTED_EDGE('',*,*,#2660,.T.);
#2658=ORIENTED_EDGE('',*,*,#2661,.T.);
#2659=EDGE_CURVE('',#139,#145,#2662,.F.);
#2660=EDGE_CURVE('',#145,#137,#2663,.T.);
#2661=EDGE_CURVE('',#137,#139,#2664,.T.);
#2662=LINE('',#138,#2665);
#2663=LINE('',#144,#2666);
#2664=LINE('',#136,#2667);
#2665=VECTOR('',#2668,1.0);
#2666=VECTOR('',#2669,1.0);
#2667=VECTOR('',#2670,1.0);
#2668=DIRECTION('',(0,1,0));
#2669=DIRECTION('',(0,0.6848056501487918,0.7287257519288656));
#2670=DIRECTION('',(0,-0.7071065412162723,-0.7071070211567414));
#2671=FACE_SURFACE('',(#2676),#2672,.T.);
#2672=PLANE('',#2673);
#2673=AXIS2_PLACEMENT_3D('',#136,#2674,#2675);
#2674=DIRECTION('',(1,0,0));
#2675=DIRECTION('',(0,-0.6848056501487918,-0.7287257519288656));
#2676=FACE_BOUND('',#2677,.T.);
#2677=EDGE_LOOP('',(#2678,#2679,#2680));
#2678=ORIENTED_EDGE('',*,*,#2681,.T.);
#2679=ORIENTED_EDGE('',*,*,#2682,.T.);
#2680=ORIENTED_EDGE('',*,*,#2683,.T.);
#2681=EDGE_CURVE('',#137,#145,#2684,.F.);
#2682=EDGE_CURVE('',#145,#147,#2685,.T.);
#2683=EDGE_CURVE('',#147,#137,#2686,.T.);
#2684=LINE('',#136,#2687);
#2685=LINE('',#144,#2688);
#2686=LINE('',#146,#2689);
#2687=VECTOR('',#2690,1.0);
#2688=VECTOR('',#2691,1.0);
#2689=VECTOR('',#2692,1.0);
#2690=DIRECTION('',(0,-0.6848056501487918,-0.7287257519288656));
#2691=DIRECTION('',(0,0.7071066535062236,0.7071069088668485));
#2692=DIRECTION('',(0,0,1));
#2693=FACE_SURFACE('',(#2698),#2694,.T.);
#2694=PLANE('',#2695);
#2695=AXIS2_PLACEMENT_3D('',#228,#2696,#2697);
#2696=DIRECTION('',(0,0,1));
#2697=DIRECTION('',(0.5344096456179614,0.8452256093319018,0));
#2698=FACE_BOUND('',#2699,.T.);
#2699=EDGE_LOOP('',(#2700,#2701,#2702));
#2700=ORIENTED_EDGE('',*,*,#2703,.T.);
#2701=ORIENTED_EDGE('',*,*,#2704,.T.);
#2702=ORIENTED_EDGE('',*,*,#2705,.T.);
#2703=EDGE_CURVE('',#229,#83,#2706,.F.);
#2704=EDGE_CURVE('',#83,#231,#2707,.T.);
#2705=EDGE_CURVE('',#231,#229,#2708,.T.);
#2706=LINE('',#228,#2709);
#2707=LINE('',#82,#2710);
#2708=LINE('',#230,#2711);
#2709=VECTOR('',#2712,1.0);
#2710=VECTOR('',#2713,1.0);
#2711=VECTOR('',#2714,1.0);
#2712=DIRECTION('',(0.5344096456179614,0.8452256093319018,0));
#2713=DIRECTION('',(-0.6129693344904469,0.7901066984745406,0));
#2714=DIRECTION('',(0,-1,0));
#2715=FACE_SURFACE('',(#2720),#2716,.T.);
#2716=PLANE('',#2717);
#2717=AXIS2_PLACEMENT_3D('',#230,#2718,#2719);
#2718=DIRECTION('',(0,0,1));
#2719=DIRECTION('',(0.6129693344904469,-0.7901066984745406,0));
#2720=FACE_BOUND('',#2721,.T.);
#2721=EDGE_LOOP('',(#2722,#2723,#2724));
#2722=ORIENTED_EDGE('',*,*,#2725,.T.);
#2723=ORIENTED_EDGE('',*,*,#2726,.T.);
#2724=ORIENTED_EDGE('',*,*,#2727,.T.);
#2725=EDGE_CURVE('',#231,#83,#2728,.F.);
#2726=EDGE_CURVE('',#83,#95,#2729,.T.);
#2727=EDGE_CURVE('',#95,#231,#2730,.T.);
#2728=LINE('',#230,#2731);
#2729=LINE('',#82,#2732);
#2730=LINE('',#94,#2733);
#2731=VECTOR('',#2734,1.0);
#2732=VECTOR('',#2735,1.0);
#2733=VECTOR('',#2736,1.0);
#2734=DIRECTION('',(0.6129693344904469,-0.7901066984745406,0));
#2735=DIRECTION('',(0,1,0));
#2736=DIRECTION('',(-0.7689357502067987,0.6393260608280469,0));
#2737=FACE_SURFACE('',(#2742),#2738,.T.);
#2738=PLANE('',#2739);
#2739=AXIS2_PLACEMENT_3D('',#230,#2740,#2741);
#2740=DIRECTION('',(0,0,1));
#2741=DIRECTION('',(0.7689357502067987,-0.6393260608280469,0));
#2742=FACE_BOUND('',#2743,.T.);
#2743=EDGE_LOOP('',(#2744,#2745,#2746));
#2744=ORIENTED_EDGE('',*,*,#2747,.T.);
#2745=ORIENTED_EDGE('',*,*,#2748,.T.);
#2746=ORIENTED_EDGE('',*,*,#2749,.T.);
#2747=EDGE_CURVE('',#231,#95,#2750,.F.);
#2748=EDGE_CURVE('',#95,#107,#2751,.T.);
#2749=EDGE_CURVE('',#107,#231,#2752,.T.);
#2750=LINE('',#230,#2753);
#2751=LINE('',#94,#2754);
#2752=LINE('',#106,#2755);
#2753=VECTOR('',#2756,1.0);
#2754=VECTOR('',#2757,1.0);
#2755=VECTOR('',#2758,1.0);
#2756=DIRECTION('',(0.7689357502067987,-0.6393260608280469,0));
#2757=DIRECTION('',(0,1,0));
#2758=DIRECTION('',(-0.9366665662480238,0.35022242028907347,0));
#2759=FACE_SURFACE('',(#2764),#2760,.T.);
#2760=PLANE('',#2761);
#2761=AXIS2_PLACEMENT_3D('',#106,#2762,#2763);
#2762=DIRECTION('',(0,0,1));
#2763=DIRECTION('',(0,-1,0));
#2764=FACE_BOUND('',#2765,.T.);
#2765=EDGE_LOOP('',(#2766,#2767,#2768));
#2766=ORIENTED_EDGE('',*,*,#2769,.T.);
#2767=ORIENTED_EDGE('',*,*,#2770,.T.);
#2768=ORIENTED_EDGE('',*,*,#2771,.T.);
#2769=EDGE_CURVE('',#107,#95,#2772,.F.);
#2770=EDGE_CURVE('',#95,#105,#2773,.T.);
#2771=EDGE_CURVE('',#105,#107,#2774,.T.);
#2772=LINE('',#106,#2775);
#2773=LINE('',#94,#2776);
#2774=LINE('',#104,#2777);
#2775=VECTOR('',#2778,1.0);
#2776=VECTOR('',#2779,1.0);
#2777=VECTOR('',#2780,1.0);
#2778=DIRECTION('',(0,-1,0));
#2779=DIRECTION('',(0.49058595821347134,0.8713928032774715,0));
#2780=DIRECTION('',(-0.7745966881237367,0.6324555089077323,0));
#2781=FACE_SURFACE('',(#2786),#2782,.T.);
#2782=PLANE('',#2783);
#2783=AXIS2_PLACEMENT_3D('',#104,#2784,#2785);
#2784=DIRECTION('',(0,0,1));
#2785=DIRECTION('',(-0.49058595821347134,-0.8713928032774715,0));
#2786=FACE_BOUND('',#2787,.T.);
#2787=EDGE_LOOP('',(#2788,#2789,#2790));
#2788=ORIENTED_EDGE('',*,*,#2791,.T.);
#2789=ORIENTED_EDGE('',*,*,#2792,.T.);
#2790=ORIENTED_EDGE('',*,*,#2793,.T.);
#2791=EDGE_CURVE('',#105,#95,#2794,.F.);
#2792=EDGE_CURVE('',#95,#99,#2795,.T.);
#2793=EDGE_CURVE('',#99,#105,#2796,.T.);
#2794=LINE('',#104,#2797);
#2795=LINE('',#94,#2798);
#2796=LINE('',#98,#2799);
#2797=VECTOR('',#2800,1.0);
#2798=VECTOR('',#2801,1.0);
#2799=VECTOR('',#2802,1.0);
#2800=DIRECTION('',(-0.49058595821347134,-0.8713928032774715,0));
#2801=DIRECTION('',(0.7745966881237367,0.6324555089077323,0));
#2802=DIRECTION('',(0,1,0));
#2803=FACE_SURFACE('',(#2808),#2804,.T.);
#2804=PLANE('',#2805);
#2805=AXIS2_PLACEMENT_3D('',#216,#2806,#2807);
#2806=DIRECTION('',(0,0,1));
#2807=DIRECTION('',(-0.6451653204666999,0.7640430022368508,0));
#2808=FACE_BOUND('',#2809,.T.);
#2809=EDGE_LOOP('',(#2810,#2811,#2812));
#2810=ORIENTED_EDGE('',*,*,#2813,.T.);
#2811=ORIENTED_EDGE('',*,*,#2814,.T.);
#2812=ORIENTED_EDGE('',*,*,#2815,.T.);
#2813=EDGE_CURVE('',#217,#47,#2816,.F.);
#2814=EDGE_CURVE('',#47,#229,#2817,.T.);
#2815=EDGE_CURVE('',#229,#217,#2818,.T.);
#2816=LINE('',#216,#2819);
#2817=LINE('',#46,#2820);
#2818=LINE('',#228,#2821);
#2819=VECTOR('',#2822,1.0);
#2820=VECTOR('',#2823,1.0);
#2821=VECTOR('',#2824,1.0);
#2822=DIRECTION('',(-0.6451653204666999,0.7640430022368508,0));
#2823=DIRECTION('',(-0.9788524815745403,-0.20456739553351214,0));
#2824=DIRECTION('',(1,0,0));
#2825=FACE_SURFACE('',(#2830),#2826,.T.);
#2826=PLANE('',#2827);
#2827=AXIS2_PLACEMENT_3D('',#228,#2828,#2829);
#2828=DIRECTION('',(0,0,1));
#2829=DIRECTION('',(0.9788524815745403,0.20456739553351214,0));
#2830=FACE_BOUND('',#2831,.T.);
#2831=EDGE_LOOP('',(#2832,#2833,#2834));
#2832=ORIENTED_EDGE('',*,*,#2835,.T.);
#2833=ORIENTED_EDGE('',*,*,#2836,.T.);
#2834=ORIENTED_EDGE('',*,*,#2837,.T.);
#2835=EDGE_CURVE('',#229,#47,#2838,.F.);
#2836=EDGE_CURVE('',#47,#59,#2839,.T.);
#2837=EDGE_CURVE('',#59,#229,#2840,.T.);
#2838=LINE('',#228,#2841);
#2839=LINE('',#46,#2842);
#2840=LINE('',#58,#2843);
#2841=VECTOR('',#2844,1.0);
#2842=VECTOR('',#2845,1.0);
#2843=VECTOR('',#2846,1.0);
#2844=DIRECTION('',(0.9788524815745403,0.20456739553351214,0));
#2845=DIRECTION('',(0,1,0));
#2846=DIRECTION('',(-0.8321040493845319,-0.554619555188838,0));
#2847=FACE_SURFACE('',(#2852),#2848,.T.);
#2848=PLANE('',#2849);
#2849=AXIS2_PLACEMENT_3D('',#228,#2850,#2851);
#2850=DIRECTION('',(0,0,1));
#2851=DIRECTION('',(0.8321040493845319,0.554619555188838,0));
#2852=FACE_BOUND('',#2853,.T.);
#2853=EDGE_LOOP('',(#2854,#2855,#2856));
#2854=ORIENTED_EDGE('',*,*,#2857,.T.);
#2855=ORIENTED_EDGE('',*,*,#2858,.T.);
#2856=ORIENTED_EDGE('',*,*,#2859,.T.);
#2857=EDGE_CURVE('',#229,#59,#2860,.F.);
#2858=EDGE_CURVE('',#59,#71,#2861,.T.);
#2859=EDGE_CURVE('',#71,#229,#2862,.T.);
#2860=LINE('',#228,#2863);
#2861=LINE('',#58,#2864);
#2862=LINE('',#70,#2865);
#2863=VECTOR('',#2866,1.0);
#2864=VECTOR('',#2867,1.0);
#2865=VECTOR('',#2868,1.0);
#2866=DIRECTION('',(0.8321040493845319,0.554619555188838,0));
#2867=DIRECTION('',(0,1,0));
#2868=DIRECTION('',(-0.6646719038887723,-0.7471353693815296,0));
#2869=FACE_SURFACE('',(#2874),#2870,.T.);
#2870=PLANE('',#2871);
#2871=AXIS2_PLACEMENT_3D('',#70,#2872,#2873);
#2872=DIRECTION('',(0,0,1));
#2873=DIRECTION('',(0,-1,0));
#2874=FACE_BOUND('',#2875,.T.);
#2875=EDGE_LOOP('',(#2876,#2877,#2878));
#2876=ORIENTED_EDGE('',*,*,#2879,.T.);
#2877=ORIENTED_EDGE('',*,*,#2880,.T.);
#2878=ORIENTED_EDGE('',*,*,#2881,.T.);
#2879=EDGE_CURVE('',#71,#59,#2882,.F.);
#2880=EDGE_CURVE('',#59,#69,#2883,.T.);
#2881=EDGE_CURVE('',#69,#71,#2884,.T.);
#2882=LINE('',#70,#2885);
#2883=LINE('',#58,#2886);
#2884=LINE('',#68,#2887);
#2885=VECTOR('',#2888,1.0);
#2886=VECTOR('',#2889,1.0);
#2887=VECTOR('',#2890,1.0);
#2888=DIRECTION('',(0,-1,0));
#2889=DIRECTION('',(0.49058600821512044,0.8713927751270111,0));
#2890=DIRECTION('',(-0.7745966881237367,0.6324555089077323,0));
#2891=FACE_SURFACE('',(#2896),#2892,.T.);
#2892=PLANE('',#2893);
#2893=AXIS2_PLACEMENT_3D('',#68,#2894,#2895);
#2894=DIRECTION('',(0,0,1));
#2895=DIRECTION('',(-0.49058600821512044,-0.8713927751270111,0));
#2896=FACE_BOUND('',#2897,.T.);
#2897=EDGE_LOOP('',(#2898,#2899,#2900));
#2898=ORIENTED_EDGE('',*,*,#2901,.T.);
#2899=ORIENTED_EDGE('',*,*,#2902,.T.);
#2900=ORIENTED_EDGE('',*,*,#2903,.T.);
#2901=EDGE_CURVE('',#69,#59,#2904,.F.);
#2902=EDGE_CURVE('',#59,#63,#2905,.T.);
#2903=EDGE_CURVE('',#63,#69,#2906,.T.);
#2904=LINE('',#68,#2907);
#2905=LINE('',#58,#2908);
#2906=LINE('',#62,#2909);
#2907=VECTOR('',#2910,1.0);
#2908=VECTOR('',#2911,1.0);
#2909=VECTOR('',#2912,1.0);
#2910=DIRECTION('',(-0.49058600821512044,-0.8713927751270111,0));
#2911=DIRECTION('',(0.7745966579659068,0.6324555458433803,0));
#2912=DIRECTION('',(0,1,0));
#2913=FACE_SURFACE('',(#2918),#2914,.T.);
#2914=PLANE('',#2915);
#2915=AXIS2_PLACEMENT_3D('',#216,#2916,#2917);
#2916=DIRECTION('',(0,-0,1));
#2917=DIRECTION('',(0,1,0));
#2918=FACE_BOUND('',#2919,.T.);
#2919=EDGE_LOOP('',(#2920,#2921,#2922));
#2920=ORIENTED_EDGE('',*,*,#2923,.T.);
#2921=ORIENTED_EDGE('',*,*,#2924,.T.);
#2922=ORIENTED_EDGE('',*,*,#2925,.T.);
#2923=EDGE_CURVE('',#217,#45,#2926,.F.);
#2924=EDGE_CURVE('',#45,#47,#2927,.T.);
#2925=EDGE_CURVE('',#47,#217,#2928,.T.);
#2926=LINE('',#216,#2929);
#2927=LINE('',#44,#2930);
#2928=LINE('',#46,#2931);
#2929=VECTOR('',#2932,1.0);
#2930=VECTOR('',#2933,1.0);
#2931=VECTOR('',#2934,1.0);
#2932=DIRECTION('',(0,1,0));
#2933=DIRECTION('',(-0.7745966881237367,0.6324555089077323,0));
#2934=DIRECTION('',(0.6451653204666999,-0.7640430022368508,0));
#2935=FACE_SURFACE('',(#2940),#2936,.T.);
#2936=PLANE('',#2937);
#2937=AXIS2_PLACEMENT_3D('',#50,#2938,#2939);
#2938=DIRECTION('',(0,-0,1));
#2939=DIRECTION('',(0,1,0));
#2940=FACE_BOUND('',#2941,.T.);
#2941=EDGE_LOOP('',(#2942,#2943,#2944));
#2942=ORIENTED_EDGE('',*,*,#2945,.T.);
#2943=ORIENTED_EDGE('',*,*,#2946,.T.);
#2944=ORIENTED_EDGE('',*,*,#2947,.T.);
#2945=EDGE_CURVE('',#51,#57,#2948,.F.);
#2946=EDGE_CURVE('',#57,#47,#2949,.T.);
#2947=EDGE_CURVE('',#47,#51,#2950,.T.);
#2948=LINE('',#50,#2951);
#2949=LINE('',#56,#2952);
#2950=LINE('',#46,#2953);
#2951=VECTOR('',#2954,1.0);
#2952=VECTOR('',#2955,1.0);
#2953=VECTOR('',#2956,1.0);
#2954=DIRECTION('',(0,1,0));
#2955=DIRECTION('',(-0.49058602071553414,-0.8713927680893947,0));
#2956=DIRECTION('',(0.7745966579659068,0.6324555458433803,0));
#2957=FACE_SURFACE('',(#2962),#2958,.T.);
#2958=PLANE('',#2959);
#2959=AXIS2_PLACEMENT_3D('',#46,#2960,#2961);
#2960=DIRECTION('',(0,0,1));
#2961=DIRECTION('',(0.49058602071553414,0.8713927680893947,0));
#2962=FACE_BOUND('',#2963,.T.);
#2963=EDGE_LOOP('',(#2964,#2965,#2966));
#2964=ORIENTED_EDGE('',*,*,#2967,.T.);
#2965=ORIENTED_EDGE('',*,*,#2968,.T.);
#2966=ORIENTED_EDGE('',*,*,#2969,.T.);
#2967=EDGE_CURVE('',#47,#57,#2970,.F.);
#2968=EDGE_CURVE('',#57,#59,#2971,.T.);
#2969=EDGE_CURVE('',#59,#47,#2972,.T.);
#2970=LINE('',#46,#2973);
#2971=LINE('',#56,#2974);
#2972=LINE('',#58,#2975);
#2973=VECTOR('',#2976,1.0);
#2974=VECTOR('',#2977,1.0);
#2975=VECTOR('',#2978,1.0);
#2976=DIRECTION('',(0.49058602071553414,0.8713927680893947,0));
#2977=DIRECTION('',(-0.7745966655053642,0.6324555366094686,0));
#2978=DIRECTION('',(0,-1,0));
#2979=FACE_SURFACE('',(#2984),#2980,.T.);
#2980=PLANE('',#2981);
#2981=AXIS2_PLACEMENT_3D('',#74,#2982,#2983);
#2982=DIRECTION('',(0,-0,1));
#2983=DIRECTION('',(0,1,0));
#2984=FACE_BOUND('',#2985,.T.);
#2985=EDGE_LOOP('',(#2986,#2987,#2988));
#2986=ORIENTED_EDGE('',*,*,#2989,.T.);
#2987=ORIENTED_EDGE('',*,*,#2990,.T.);
#2988=ORIENTED_EDGE('',*,*,#2991,.T.);
#2989=EDGE_CURVE('',#75,#81,#2992,.F.);
#2990=EDGE_CURVE('',#81,#71,#2993,.T.);
#2991=EDGE_CURVE('',#71,#75,#2994,.T.);
#2992=LINE('',#74,#2995);
#2993=LINE('',#80,#2996);
#2994=LINE('',#70,#2997);
#2995=VECTOR('',#2998,1.0);
#2996=VECTOR('',#2999,1.0);
#2997=VECTOR('',#3000,1.0);
#2998=DIRECTION('',(0,1,0));
#2999=DIRECTION('',(-0.49058609155122146,-0.871392728209558,0));
#3000=DIRECTION('',(0.7745966881237367,0.6324555089077323,0));
#3001=FACE_SURFACE('',(#3006),#3002,.T.);
#3002=PLANE('',#3003);
#3003=AXIS2_PLACEMENT_3D('',#70,#3004,#3005);
#3004=DIRECTION('',(0,0,1));
#3005=DIRECTION('',(0.49058609155122146,0.871392728209558,0));
#3006=FACE_BOUND('',#3007,.T.);
#3007=EDGE_LOOP('',(#3008,#3009,#3010));
#3008=ORIENTED_EDGE('',*,*,#3011,.T.);
#3009=ORIENTED_EDGE('',*,*,#3012,.T.);
#3010=ORIENTED_EDGE('',*,*,#3013,.T.);
#3011=EDGE_CURVE('',#71,#81,#3014,.F.);
#3012=EDGE_CURVE('',#81,#83,#3015,.T.);
#3013=EDGE_CURVE('',#83,#71,#3016,.T.);
#3014=LINE('',#70,#3017);
#3015=LINE('',#80,#3018);
#3016=LINE('',#82,#3019);
#3017=VECTOR('',#3020,1.0);
#3018=VECTOR('',#3021,1.0);
#3019=VECTOR('',#3022,1.0);
#3020=DIRECTION('',(0.49058609155122146,0.871392728209558,0));
#3021=DIRECTION('',(-0.7745964468611136,0.6324558043927954,0));
#3022=DIRECTION('',(0,-1,0));
#3023=FACE_SURFACE('',(#3028),#3024,.T.);
#3024=PLANE('',#3025);
#3025=AXIS2_PLACEMENT_3D('',#70,#3026,#3027);
#3026=DIRECTION('',(0,-0,1));
#3027=DIRECTION('',(0,1,0));
#3028=FACE_BOUND('',#3029,.T.);
#3029=EDGE_LOOP('',(#3030,#3031,#3032));
#3030=ORIENTED_EDGE('',*,*,#3033,.T.);
#3031=ORIENTED_EDGE('',*,*,#3034,.T.);
#3032=ORIENTED_EDGE('',*,*,#3035,.T.);
#3033=EDGE_CURVE('',#71,#83,#3036,.F.);
#3034=EDGE_CURVE('',#83,#229,#3037,.T.);
#3035=EDGE_CURVE('',#229,#71,#3038,.T.);
#3036=LINE('',#70,#3039);
#3037=LINE('',#82,#3040);
#3038=LINE('',#228,#3041);
#3039=VECTOR('',#3042,1.0);
#3040=VECTOR('',#3043,1.0);
#3041=VECTOR('',#3044,1.0);
#3042=DIRECTION('',(0,1,0));
#3043=DIRECTION('',(-0.5344096456179614,-0.8452256093319018,0));
#3044=DIRECTION('',(0.6646719038887723,0.7471353693815296,0));
#3045=FACE_SURFACE('',(#3050),#3046,.T.);
#3046=PLANE('',#3047);
#3047=AXIS2_PLACEMENT_3D('',#86,#3048,#3049);
#3048=DIRECTION('',(0,-0,1));
#3049=DIRECTION('',(0,1,0));
#3050=FACE_BOUND('',#3051,.T.);
#3051=EDGE_LOOP('',(#3052,#3053,#3054));
#3052=ORIENTED_EDGE('',*,*,#3055,.T.);
#3053=ORIENTED_EDGE('',*,*,#3056,.T.);
#3054=ORIENTED_EDGE('',*,*,#3057,.T.);
#3055=EDGE_CURVE('',#87,#93,#3058,.F.);
#3056=EDGE_CURVE('',#93,#83,#3059,.T.);
#3057=EDGE_CURVE('',#83,#87,#3060,.T.);
#3058=LINE('',#86,#3061);
#3059=LINE('',#92,#3062);
#3060=LINE('',#82,#3063);
#3061=VECTOR('',#3064,1.0);
#3062=VECTOR('',#3065,1.0);
#3063=VECTOR('',#3066,1.0);
#3064=DIRECTION('',(0,1,0));
#3065=DIRECTION('',(-0.49058609155122146,-0.871392728209558,0));
#3066=DIRECTION('',(0.7745966881237367,0.6324555089077323,0));
#3067=FACE_SURFACE('',(#3072),#3068,.T.);
#3068=PLANE('',#3069);
#3069=AXIS2_PLACEMENT_3D('',#82,#3070,#3071);
#3070=DIRECTION('',(0,0,1));
#3071=DIRECTION('',(0.49058609155122146,0.871392728209558,0));
#3072=FACE_BOUND('',#3073,.T.);
#3073=EDGE_LOOP('',(#3074,#3075,#3076));
#3074=ORIENTED_EDGE('',*,*,#3077,.T.);
#3075=ORIENTED_EDGE('',*,*,#3078,.T.);
#3076=ORIENTED_EDGE('',*,*,#3079,.T.);
#3077=EDGE_CURVE('',#83,#93,#3080,.F.);
#3078=EDGE_CURVE('',#93,#95,#3081,.T.);
#3079=EDGE_CURVE('',#95,#83,#3082,.T.);
#3080=LINE('',#82,#3083);
#3081=LINE('',#92,#3084);
#3082=LINE('',#94,#3085);
#3083=VECTOR('',#3086,1.0);
#3084=VECTOR('',#3087,1.0);
#3085=VECTOR('',#3088,1.0);
#3086=DIRECTION('',(0.49058609155122146,0.871392728209558,0));
#3087=DIRECTION('',(-0.7745966881237367,0.6324555089077323,0));
#3088=DIRECTION('',(0,-1,0));
#3089=FACE_SURFACE('',(#3094),#3090,.T.);
#3090=PLANE('',#3091);
#3091=AXIS2_PLACEMENT_3D('',#230,#3092,#3093);
#3092=DIRECTION('',(-0,0,1));
#3093=DIRECTION('',(0.9366665662480238,-0.35022242028907347,0));
#3094=FACE_BOUND('',#3095,.T.);
#3095=EDGE_LOOP('',(#3096,#3097,#3098));
#3096=ORIENTED_EDGE('',*,*,#3099,.T.);
#3097=ORIENTED_EDGE('',*,*,#3100,.T.);
#3098=ORIENTED_EDGE('',*,*,#3101,.T.);
#3099=EDGE_CURVE('',#231,#107,#3102,.F.);
#3100=EDGE_CURVE('',#107,#121,#3103,.T.);
#3101=EDGE_CURVE('',#121,#231,#3104,.T.);
#3102=LINE('',#230,#3105);
#3103=LINE('',#106,#3106);
#3104=LINE('',#120,#3107);
#3105=VECTOR('',#3108,1.0);
#3106=VECTOR('',#3109,1.0);
#3107=VECTOR('',#3110,1.0);
#3108=DIRECTION('',(0.9366665662480238,-0.35022242028907347,0));
#3109=DIRECTION('',(0.26422206690887895,0.9644618703496785,0));
#3110=DIRECTION('',(-1,0,0));
#3111=FACE_SURFACE('',(#3116),#3112,.T.);
#3112=PLANE('',#3113);
#3113=AXIS2_PLACEMENT_3D('',#120,#3114,#3115);
#3114=DIRECTION('',(0,0,1));
#3115=DIRECTION('',(-0.26422206690887895,-0.9644618703496785,0));
#3116=FACE_BOUND('',#3117,.T.);
#3117=EDGE_LOOP('',(#3118,#3119,#3120));
#3118=ORIENTED_EDGE('',*,*,#3121,.T.);
#3119=ORIENTED_EDGE('',*,*,#3122,.T.);
#3120=ORIENTED_EDGE('',*,*,#3123,.T.);
#3121=EDGE_CURVE('',#121,#107,#3124,.F.);
#3122=EDGE_CURVE('',#107,#111,#3125,.T.);
#3123=EDGE_CURVE('',#111,#121,#3126,.T.);
#3124=LINE('',#120,#3127);
#3125=LINE('',#106,#3128);
#3126=LINE('',#110,#3129);
#3127=VECTOR('',#3130,1.0);
#3128=VECTOR('',#3131,1.0);
#3129=VECTOR('',#3132,1.0);
#3130=DIRECTION('',(-0.26422206690887895,-0.9644618703496785,0));
#3131=DIRECTION('',(0.7745966881237367,0.6324555089077323,0));
#3132=DIRECTION('',(-0.30663852535706837,0.9518260422823294,0));
#3133=FACE_SURFACE('',(#3138),#3134,.T.);
#3134=PLANE('',#3135);
#3135=AXIS2_PLACEMENT_3D('',#120,#3136,#3137);
#3136=DIRECTION('',(0,0,1));
#3137=DIRECTION('',(0.30663852535706837,-0.9518260422823294,0));
#3138=FACE_BOUND('',#3139,.T.);
#3139=EDGE_LOOP('',(#3140,#3141,#3142));
#3140=ORIENTED_EDGE('',*,*,#3143,.T.);
#3141=ORIENTED_EDGE('',*,*,#3144,.T.);
#3142=ORIENTED_EDGE('',*,*,#3145,.T.);
#3143=EDGE_CURVE('',#121,#111,#3146,.F.);
#3144=EDGE_CURVE('',#111,#125,#3147,.T.);
#3145=EDGE_CURVE('',#125,#121,#3148,.T.);
#3146=LINE('',#120,#3149);
#3147=LINE('',#110,#3150);
#3148=LINE('',#124,#3151);
#3149=VECTOR('',#3152,1.0);
#3150=VECTOR('',#3153,1.0);
#3151=VECTOR('',#3154,1.0);
#3152=DIRECTION('',(0.30663852535706837,-0.9518260422823294,0));
#3153=DIRECTION('',(0,1,0));
#3154=DIRECTION('',(-0.7745967919092007,0.6324553817969883,0));
#3155=FACE_SURFACE('',(#3160),#3156,.T.);
#3156=PLANE('',#3157);
#3157=AXIS2_PLACEMENT_3D('',#232,#3158,#3159);
#3158=DIRECTION('',(1,0,0));
#3159=DIRECTION('',(0,-1,0));
#3160=FACE_BOUND('',#3161,.T.);
#3161=EDGE_LOOP('',(#3162,#3163,#3164));
#3162=ORIENTED_EDGE('',*,*,#3165,.T.);
#3163=ORIENTED_EDGE('',*,*,#3166,.T.);
#3164=ORIENTED_EDGE('',*,*,#3167,.T.);
#3165=EDGE_CURVE('',#233,#235,#3168,.F.);
#3166=EDGE_CURVE('',#235,#237,#3169,.T.);
#3167=EDGE_CURVE('',#237,#233,#3170,.T.);
#3168=LINE('',#232,#3171);
#3169=LINE('',#234,#3172);
#3170=LINE('',#236,#3173);
#3171=VECTOR('',#3174,1.0);
#3172=VECTOR('',#3175,1.0);
#3173=VECTOR('',#3176,1.0);
#3174=DIRECTION('',(0,-1,0));
#3175=DIRECTION('',(0,0.5070207578593668,-0.861933843806886));
#3176=DIRECTION('',(0,0,1));
#3177=FACE_SURFACE('',(#3182),#3178,.T.);
#3178=PLANE('',#3179);
#3179=AXIS2_PLACEMENT_3D('',#236,#3180,#3181);
#3180=DIRECTION('',(1,0,0));
#3181=DIRECTION('',(0,-0.5070207578593668,0.861933843806886));
#3182=FACE_BOUND('',#3183,.T.);
#3183=EDGE_LOOP('',(#3184,#3185,#3186));
#3184=ORIENTED_EDGE('',*,*,#3187,.T.);
#3185=ORIENTED_EDGE('',*,*,#3188,.T.);
#3186=ORIENTED_EDGE('',*,*,#3189,.T.);
#3187=EDGE_CURVE('',#237,#235,#3190,.F.);
#3188=EDGE_CURVE('',#235,#239,#3191,.T.);
#3189=EDGE_CURVE('',#239,#237,#3192,.T.);
#3190=LINE('',#236,#3193);
#3191=LINE('',#234,#3194);
#3192=LINE('',#238,#3195);
#3193=VECTOR('',#3196,1.0);
#3194=VECTOR('',#3197,1.0);
#3195=VECTOR('',#3198,1.0);
#3196=DIRECTION('',(0,-0.5070207578593668,0.861933843806886));
#3197=DIRECTION('',(0,0.3417430271055892,-0.939793436572478));
#3198=DIRECTION('',(0,0,1));
#3199=FACE_SURFACE('',(#3204),#3200,.T.);
#3200=PLANE('',#3201);
#3201=AXIS2_PLACEMENT_3D('',#236,#3202,#3203);
#3202=DIRECTION('',(1,0,0));
#3203=DIRECTION('',(0,0,-1));
#3204=FACE_BOUND('',#3205,.T.);
#3205=EDGE_LOOP('',(#3206,#3207,#3208));
#3206=ORIENTED_EDGE('',*,*,#3209,.T.);
#3207=ORIENTED_EDGE('',*,*,#3210,.T.);
#3208=ORIENTED_EDGE('',*,*,#3211,.T.);
#3209=EDGE_CURVE('',#237,#239,#3212,.F.);
#3210=EDGE_CURVE('',#239,#241,#3213,.T.);
#3211=EDGE_CURVE('',#241,#237,#3214,.T.);
#3212=LINE('',#236,#3215);
#3213=LINE('',#238,#3216);
#3214=LINE('',#240,#3217);
#3215=VECTOR('',#3218,1.0);
#3216=VECTOR('',#3219,1.0);
#3217=VECTOR('',#3220,1.0);
#3218=DIRECTION('',(0,0,-1));
#3219=DIRECTION('',(0,1,0));
#3220=DIRECTION('',(0,-0.9947432680133618,0.10240034541981398));
#3221=FACE_SURFACE('',(#3226),#3222,.T.);
#3222=PLANE('',#3223);
#3223=AXIS2_PLACEMENT_3D('',#238,#3224,#3225);
#3224=DIRECTION('',(1,0,0));
#3225=DIRECTION('',(0,-0.3417430271055892,0.939793436572478));
#3226=FACE_BOUND('',#3227,.T.);
#3227=EDGE_LOOP('',(#3228,#3229,#3230));
#3228=ORIENTED_EDGE('',*,*,#3231,.T.);
#3229=ORIENTED_EDGE('',*,*,#3232,.T.);
#3230=ORIENTED_EDGE('',*,*,#3233,.T.);
#3231=EDGE_CURVE('',#239,#235,#3234,.F.);
#3232=EDGE_CURVE('',#235,#243,#3235,.T.);
#3233=EDGE_CURVE('',#243,#239,#3236,.T.);
#3234=LINE('',#238,#3237);
#3235=LINE('',#234,#3238);
#3236=LINE('',#242,#3239);
#3237=VECTOR('',#3240,1.0);
#3238=VECTOR('',#3241,1.0);
#3239=VECTOR('',#3242,1.0);
#3240=DIRECTION('',(0,-0.3417430271055892,0.939793436572478));
#3241=DIRECTION('',(0,0.21925108948288685,-0.9756684681594293));
#3242=DIRECTION('',(0,0,1));
#3243=FACE_SURFACE('',(#3248),#3244,.T.);
#3244=PLANE('',#3245);
#3245=AXIS2_PLACEMENT_3D('',#242,#3246,#3247);
#3246=DIRECTION('',(1,0,0));
#3247=DIRECTION('',(0,-0.21925108948288685,0.9756684681594293));
#3248=FACE_BOUND('',#3249,.T.);
#3249=EDGE_LOOP('',(#3250,#3251,#3252));
#3250=ORIENTED_EDGE('',*,*,#3253,.T.);
#3251=ORIENTED_EDGE('',*,*,#3254,.T.);
#3252=ORIENTED_EDGE('',*,*,#3255,.T.);
#3253=EDGE_CURVE('',#243,#235,#3256,.F.);
#3254=EDGE_CURVE('',#235,#245,#3257,.T.);
#3255=EDGE_CURVE('',#245,#243,#3258,.T.);
#3256=LINE('',#242,#3259);
#3257=LINE('',#234,#3260);
#3258=LINE('',#244,#3261);
#3259=VECTOR('',#3262,1.0);
#3260=VECTOR('',#3263,1.0);
#3261=VECTOR('',#3264,1.0);
#3262=DIRECTION('',(0,-0.21925108948288685,0.9756684681594293));
#3263=DIRECTION('',(0,0,-1));
#3264=DIRECTION('',(0,0.03996804576971636,0.9992009584249556));
#3265=FACE_SURFACE('',(#3270),#3266,.T.);
#3266=PLANE('',#3267);
#3267=AXIS2_PLACEMENT_3D('',#242,#3268,#3269);
#3268=DIRECTION('',(1,0,0));
#3269=DIRECTION('',(0,-0.03996804576971636,-0.9992009584249556));
#3270=FACE_BOUND('',#3271,.T.);
#3271=EDGE_LOOP('',(#3272,#3273,#3274));
#3272=ORIENTED_EDGE('',*,*,#3275,.T.);
#3273=ORIENTED_EDGE('',*,*,#3276,.T.);
#3274=ORIENTED_EDGE('',*,*,#3277,.T.);
#3275=EDGE_CURVE('',#243,#245,#3278,.F.);
#3276=EDGE_CURVE('',#245,#247,#3279,.T.);
#3277=EDGE_CURVE('',#247,#243,#3280,.T.);
#3278=LINE('',#242,#3281);
#3279=LINE('',#244,#3282);
#3280=LINE('',#246,#3283);
#3281=VECTOR('',#3284,1.0);
#3282=VECTOR('',#3285,1.0);
#3283=VECTOR('',#3286,1.0);
#3284=DIRECTION('',(0,-0.03996804576971636,-0.9992009584249556));
#3285=DIRECTION('',(0,0.8192320272956228,0.5734621918253233));
#3286=DIRECTION('',(0,-0.20810770719430705,0.9781059156381422));
#3287=FACE_SURFACE('',(#3292),#3288,.T.);
#3288=PLANE('',#3289);
#3289=AXIS2_PLACEMENT_3D('',#246,#3290,#3291);
#3290=DIRECTION('',(1,0,0));
#3291=DIRECTION('',(0,-0.8192320272956228,-0.5734621918253233));
#3292=FACE_BOUND('',#3293,.T.);
#3293=EDGE_LOOP('',(#3294,#3295,#3296));
#3294=ORIENTED_EDGE('',*,*,#3297,.T.);
#3295=ORIENTED_EDGE('',*,*,#3298,.T.);
#3296=ORIENTED_EDGE('',*,*,#3299,.T.);
#3297=EDGE_CURVE('',#247,#245,#3300,.F.);
#3298=EDGE_CURVE('',#245,#249,#3301,.T.);
#3299=EDGE_CURVE('',#249,#247,#3302,.T.);
#3300=LINE('',#246,#3303);
#3301=LINE('',#244,#3304);
#3302=LINE('',#248,#3305);
#3303=VECTOR('',#3306,1.0);
#3304=VECTOR('',#3307,1.0);
#3305=VECTOR('',#3308,1.0);
#3306=DIRECTION('',(0,-0.8192320272956228,-0.5734621918253233));
#3307=DIRECTION('',(0,0.9788323182558418,0.20466385303197626));
#3308=DIRECTION('',(0,0,1));
#3309=FACE_SURFACE('',(#3314),#3310,.T.);
#3310=PLANE('',#3311);
#3311=AXIS2_PLACEMENT_3D('',#248,#3312,#3313);
#3312=DIRECTION('',(1,0,0));
#3313=DIRECTION('',(0,-0.9788323182558418,-0.20466385303197626));
#3314=FACE_BOUND('',#3315,.T.);
#3315=EDGE_LOOP('',(#3316,#3317,#3318));
#3316=ORIENTED_EDGE('',*,*,#3319,.T.);
#3317=ORIENTED_EDGE('',*,*,#3320,.T.);
#3318=ORIENTED_EDGE('',*,*,#3321,.T.);
#3319=EDGE_CURVE('',#249,#245,#3322,.F.);
#3320=EDGE_CURVE('',#245,#251,#3323,.T.);
#3321=EDGE_CURVE('',#251,#249,#3324,.T.);
#3322=LINE('',#248,#3325);
#3323=LINE('',#244,#3326);
#3324=LINE('',#250,#3327);
#3325=VECTOR('',#3328,1.0);
#3326=VECTOR('',#3329,1.0);
#3327=VECTOR('',#3330,1.0);
#3328=DIRECTION('',(0,-0.9788323182558418,-0.20466385303197626));
#3329=DIRECTION('',(0,1,0));
#3330=DIRECTION('',(0,-0.985587387925505,0.16916707942794315));
#3331=FACE_SURFACE('',(#3336),#3332,.T.);
#3332=PLANE('',#3333);
#3333=AXIS2_PLACEMENT_3D('',#248,#3334,#3335);
#3334=DIRECTION('',(1,-0,0));
#3335=DIRECTION('',(0,0.985587387925505,-0.16916707942794315));
#3336=FACE_BOUND('',#3337,.T.);
#3337=EDGE_LOOP('',(#3338,#3339,#3340));
#3338=ORIENTED_EDGE('',*,*,#3341,.T.);
#3339=ORIENTED_EDGE('',*,*,#3342,.T.);
#3340=ORIENTED_EDGE('',*,*,#3343,.T.);
#3341=EDGE_CURVE('',#249,#251,#3344,.F.);
#3342=EDGE_CURVE('',#251,#253,#3345,.T.);
#3343=EDGE_CURVE('',#253,#249,#3346,.T.);
#3344=LINE('',#248,#3347);
#3345=LINE('',#250,#3348);
#3346=LINE('',#252,#3349);
#3347=VECTOR('',#3350,1.0);
#3348=VECTOR('',#3351,1.0);
#3349=VECTOR('',#3352,1.0);
#3350=DIRECTION('',(0,0.985587387925505,-0.16916707942794315));
#3351=DIRECTION('',(0,-0.6561806980271557,0.7546037977220859));
#3352=DIRECTION('',(0,-1,0));
#3353=FACE_SURFACE('',(#3358),#3354,.T.);
#3354=PLANE('',#3355);
#3355=AXIS2_PLACEMENT_3D('',#252,#3356,#3357);
#3356=DIRECTION('',(1,-0,0));
#3357=DIRECTION('',(0,0.6561806980271557,-0.7546037977220859));
#3358=FACE_BOUND('',#3359,.T.);
#3359=EDGE_LOOP('',(#3360,#3361,#3362));
#3360=ORIENTED_EDGE('',*,*,#3363,.T.);
#3361=ORIENTED_EDGE('',*,*,#3364,.T.);
#3362=ORIENTED_EDGE('',*,*,#3365,.T.);
#3363=EDGE_CURVE('',#253,#251,#3366,.F.);
#3364=EDGE_CURVE('',#251,#255,#3367,.T.);
#3365=EDGE_CURVE('',#255,#253,#3368,.T.);
#3366=LINE('',#252,#3369);
#3367=LINE('',#250,#3370);
#3368=LINE('',#254,#3371);
#3369=VECTOR('',#3372,1.0);
#3370=VECTOR('',#3373,1.0);
#3371=VECTOR('',#3374,1.0);
#3372=DIRECTION('',(0,0.6561806980271557,-0.7546037977220859));
#3373=DIRECTION('',(0,-0.2513984577350998,0.9678836786765305));
#3374=DIRECTION('',(0,0,-1));
#3375=FACE_SURFACE('',(#3380),#3376,.T.);
#3376=PLANE('',#3377);
#3377=AXIS2_PLACEMENT_3D('',#254,#3378,#3379);
#3378=DIRECTION('',(1,-0,-0));
#3379=DIRECTION('',(0,0.2513984577350998,-0.9678836786765305));
#3380=FACE_BOUND('',#3381,.T.);
#3381=EDGE_LOOP('',(#3382,#3383,#3384));
#3382=ORIENTED_EDGE('',*,*,#3385,.T.);
#3383=ORIENTED_EDGE('',*,*,#3386,.T.);
#3384=ORIENTED_EDGE('',*,*,#3387,.T.);
#3385=EDGE_CURVE('',#255,#251,#3388,.F.);
#3386=EDGE_CURVE('',#251,#257,#3389,.T.);
#3387=EDGE_CURVE('',#257,#255,#3390,.T.);
#3388=LINE('',#254,#3391);
#3389=LINE('',#250,#3392);
#3390=LINE('',#256,#3393);
#3391=VECTOR('',#3394,1.0);
#3392=VECTOR('',#3395,1.0);
#3393=VECTOR('',#3396,1.0);
#3394=DIRECTION('',(0,0.2513984577350998,-0.9678836786765305));
#3395=DIRECTION('',(0,-0.039968088582282305,0.9992009567124518));
#3396=DIRECTION('',(0,4.509099723970947E-08,-0.999999999999999));
#3397=FACE_SURFACE('',(#3402),#3398,.T.);
#3398=PLANE('',#3399);
#3399=AXIS2_PLACEMENT_3D('',#254,#3400,#3401);
#3400=DIRECTION('',(1,0,0));
#3401=DIRECTION('',(0,-4.509099723970947E-08,0.999999999999999));
#3402=FACE_BOUND('',#3403,.T.);
#3403=EDGE_LOOP('',(#3404,#3405,#3406));
#3404=ORIENTED_EDGE('',*,*,#3407,.T.);
#3405=ORIENTED_EDGE('',*,*,#3408,.T.);
#3406=ORIENTED_EDGE('',*,*,#3409,.T.);
#3407=EDGE_CURVE('',#255,#257,#3410,.F.);
#3408=EDGE_CURVE('',#257,#247,#3411,.T.);
#3409=EDGE_CURVE('',#247,#255,#3412,.T.);
#3410=LINE('',#254,#3413);
#3411=LINE('',#256,#3414);
#3412=LINE('',#246,#3415);
#3413=VECTOR('',#3416,1.0);
#3414=VECTOR('',#3417,1.0);
#3415=VECTOR('',#3418,1.0);
#3416=DIRECTION('',(0,-4.509099723970947E-08,0.999999999999999));
#3417=DIRECTION('',(0,-0.2602190854082344,-0.9655495987204914));
#3418=DIRECTION('',(0,1,0));
#3419=FACE_SURFACE('',(#3424),#3420,.T.);
#3420=PLANE('',#3421);
#3421=AXIS2_PLACEMENT_3D('',#246,#3422,#3423);
#3422=DIRECTION('',(1,0,-0));
#3423=DIRECTION('',(0,0.2602190854082344,0.9655495987204914));
#3424=FACE_BOUND('',#3425,.T.);
#3425=EDGE_LOOP('',(#3426,#3427,#3428));
#3426=ORIENTED_EDGE('',*,*,#3429,.T.);
#3427=ORIENTED_EDGE('',*,*,#3430,.T.);
#3428=ORIENTED_EDGE('',*,*,#3431,.T.);
#3429=EDGE_CURVE('',#247,#257,#3432,.F.);
#3430=EDGE_CURVE('',#257,#243,#3433,.T.);
#3431=EDGE_CURVE('',#243,#247,#3434,.T.);
#3432=LINE('',#246,#3435);
#3433=LINE('',#256,#3436);
#3434=LINE('',#242,#3437);
#3435=VECTOR('',#3438,1.0);
#3436=VECTOR('',#3439,1.0);
#3437=VECTOR('',#3440,1.0);
#3438=DIRECTION('',(0,0.2602190854082344,0.9655495987204914));
#3439=DIRECTION('',(0,-1,0));
#3440=DIRECTION('',(0,0.20810770719430705,-0.9781059156381422));
#3441=FACE_SURFACE('',(#3446),#3442,.T.);
#3442=PLANE('',#3443);
#3443=AXIS2_PLACEMENT_3D('',#250,#3444,#3445);
#3444=DIRECTION('',(1,0,-0));
#3445=DIRECTION('',(0,0,1));
#3446=FACE_BOUND('',#3447,.T.);
#3447=EDGE_LOOP('',(#3448,#3449,#3450));
#3448=ORIENTED_EDGE('',*,*,#3451,.T.);
#3449=ORIENTED_EDGE('',*,*,#3452,.T.);
#3450=ORIENTED_EDGE('',*,*,#3453,.T.);
#3451=EDGE_CURVE('',#251,#259,#3454,.F.);
#3452=EDGE_CURVE('',#259,#257,#3455,.T.);
#3453=EDGE_CURVE('',#257,#251,#3456,.T.);
#3454=LINE('',#250,#3457);
#3455=LINE('',#258,#3458);
#3456=LINE('',#256,#3459);
#3457=VECTOR('',#3460,1.0);
#3458=VECTOR('',#3461,1.0);
#3459=VECTOR('',#3462,1.0);
#3460=DIRECTION('',(0,0,1));
#3461=DIRECTION('',(0,-0.21925131340600168,-0.975668417839659));
#3462=DIRECTION('',(0,0.039968088582282305,-0.9992009567124518));
#3463=FACE_SURFACE('',(#3468),#3464,.T.);
#3464=PLANE('',#3465);
#3465=AXIS2_PLACEMENT_3D('',#256,#3466,#3467);
#3466=DIRECTION('',(1,0,0));
#3467=DIRECTION('',(0,0.21925131340600168,0.975668417839659));
#3468=FACE_BOUND('',#3469,.T.);
#3469=EDGE_LOOP('',(#3470,#3471,#3472));
#3470=ORIENTED_EDGE('',*,*,#3473,.T.);
#3471=ORIENTED_EDGE('',*,*,#3474,.T.);
#3472=ORIENTED_EDGE('',*,*,#3475,.T.);
#3473=EDGE_CURVE('',#257,#259,#3476,.F.);
#3474=EDGE_CURVE('',#259,#241,#3477,.T.);
#3475=EDGE_CURVE('',#241,#257,#3478,.T.);
#3476=LINE('',#256,#3479);
#3477=LINE('',#258,#3480);
#3478=LINE('',#240,#3481);
#3479=VECTOR('',#3482,1.0);
#3480=VECTOR('',#3483,1.0);
#3481=VECTOR('',#3484,1.0);
#3482=DIRECTION('',(0,0.21925131340600168,0.975668417839659));
#3483=DIRECTION('',(0,-0.34174335093557184,-0.9397933188160716));
#3484=DIRECTION('',(0,0,-1));
#3485=FACE_SURFACE('',(#3490),#3486,.T.);
#3486=PLANE('',#3487);
#3487=AXIS2_PLACEMENT_3D('',#240,#3488,#3489);
#3488=DIRECTION('',(1,0,0));
#3489=DIRECTION('',(0,0.34174335093557184,0.9397933188160716));
#3490=FACE_BOUND('',#3491,.T.);
#3491=EDGE_LOOP('',(#3492,#3493,#3494));
#3492=ORIENTED_EDGE('',*,*,#3495,.T.);
#3493=ORIENTED_EDGE('',*,*,#3496,.T.);
#3494=ORIENTED_EDGE('',*,*,#3497,.T.);
#3495=EDGE_CURVE('',#241,#259,#3498,.F.);
#3496=EDGE_CURVE('',#259,#261,#3499,.T.);
#3497=EDGE_CURVE('',#261,#241,#3500,.T.);
#3498=LINE('',#240,#3501);
#3499=LINE('',#258,#3502);
#3500=LINE('',#260,#3503);
#3501=VECTOR('',#3504,1.0);
#3502=VECTOR('',#3505,1.0);
#3503=VECTOR('',#3506,1.0);
#3504=DIRECTION('',(0,0.34174335093557184,0.9397933188160716));
#3505=DIRECTION('',(0,-0.5070208027632335,-0.861933817392801));
#3506=DIRECTION('',(0,-9.082586139243199E-07,-0.9999999999995877));
#3507=FACE_SURFACE('',(#3512),#3508,.T.);
#3508=PLANE('',#3509);
#3509=AXIS2_PLACEMENT_3D('',#240,#3510,#3511);
#3510=DIRECTION('',(1,0,-0));
#3511=DIRECTION('',(0,9.082586139243199E-07,0.9999999999995877));
#3512=FACE_BOUND('',#3513,.T.);
#3513=EDGE_LOOP('',(#3514,#3515,#3516));
#3514=ORIENTED_EDGE('',*,*,#3517,.T.);
#3515=ORIENTED_EDGE('',*,*,#3518,.T.);
#3516=ORIENTED_EDGE('',*,*,#3519,.T.);
#3517=EDGE_CURVE('',#241,#261,#3520,.F.);
#3518=EDGE_CURVE('',#261,#237,#3521,.T.);
#3519=EDGE_CURVE('',#237,#241,#3522,.T.);
#3520=LINE('',#240,#3523);
#3521=LINE('',#260,#3524);
#3522=LINE('',#236,#3525);
#3523=VECTOR('',#3526,1.0);
#3524=VECTOR('',#3527,1.0);
#3525=VECTOR('',#3528,1.0);
#3526=DIRECTION('',(0,9.082586139243199E-07,0.9999999999995877));
#3527=DIRECTION('',(0,-1,0));
#3528=DIRECTION('',(0,0.9947432680133618,-0.10240034541981398));
#3529=FACE_SURFACE('',(#3534),#3530,.T.);
#3530=PLANE('',#3531);
#3531=AXIS2_PLACEMENT_3D('',#258,#3532,#3533);
#3532=DIRECTION('',(1,0,0));
#3533=DIRECTION('',(0,-1,0));
#3534=FACE_BOUND('',#3535,.T.);
#3535=EDGE_LOOP('',(#3536,#3537,#3538));
#3536=ORIENTED_EDGE('',*,*,#3539,.T.);
#3537=ORIENTED_EDGE('',*,*,#3540,.T.);
#3538=ORIENTED_EDGE('',*,*,#3541,.T.);
#3539=EDGE_CURVE('',#259,#263,#3542,.F.);
#3540=EDGE_CURVE('',#263,#261,#3543,.T.);
#3541=EDGE_CURVE('',#261,#259,#3544,.T.);
#3542=LINE('',#258,#3545);
#3543=LINE('',#262,#3546);
#3544=LINE('',#260,#3547);
#3545=VECTOR('',#3548,1.0);
#3546=VECTOR('',#3549,1.0);
#3547=VECTOR('',#3550,1.0);
#3548=DIRECTION('',(0,-1,0));
#3549=DIRECTION('',(0,0,-1));
#3550=DIRECTION('',(0,0.5070208027632335,0.861933817392801));
#3551=FACE_SURFACE('',(#3556),#3552,.T.);
#3552=PLANE('',#3553);
#3553=AXIS2_PLACEMENT_3D('',#264,#3554,#3555);
#3554=DIRECTION('',(1,-0,0));
#3555=DIRECTION('',(0,0,-1));
#3556=FACE_BOUND('',#3557,.T.);
#3557=EDGE_LOOP('',(#3558,#3559,#3560));
#3558=ORIENTED_EDGE('',*,*,#3561,.T.);
#3559=ORIENTED_EDGE('',*,*,#3562,.T.);
#3560=ORIENTED_EDGE('',*,*,#3563,.T.);
#3561=EDGE_CURVE('',#265,#267,#3564,.F.);
#3562=EDGE_CURVE('',#267,#269,#3565,.T.);
#3563=EDGE_CURVE('',#269,#265,#3566,.T.);
#3564=LINE('',#264,#3567);
#3565=LINE('',#266,#3568);
#3566=LINE('',#268,#3569);
#3567=VECTOR('',#3570,1.0);
#3568=VECTOR('',#3571,1.0);
#3569=VECTOR('',#3572,1.0);
#3570=DIRECTION('',(0,0,-1));
#3571=DIRECTION('',(0,0.9903416913427985,0.1386482397590576));
#3572=DIRECTION('',(0,-1,0));
#3573=FACE_SURFACE('',(#3578),#3574,.T.);
#3574=PLANE('',#3575);
#3575=AXIS2_PLACEMENT_3D('',#268,#3576,#3577);
#3576=DIRECTION('',(1,0,0));
#3577=DIRECTION('',(0,-0.9903416913427985,-0.1386482397590576));
#3578=FACE_BOUND('',#3579,.T.);
#3579=EDGE_LOOP('',(#3580,#3581,#3582));
#3580=ORIENTED_EDGE('',*,*,#3583,.T.);
#3581=ORIENTED_EDGE('',*,*,#3584,.T.);
#3582=ORIENTED_EDGE('',*,*,#3585,.T.);
#3583=EDGE_CURVE('',#269,#267,#3586,.F.);
#3584=EDGE_CURVE('',#267,#271,#3587,.T.);
#3585=EDGE_CURVE('',#271,#269,#3588,.T.);
#3586=LINE('',#268,#3589);
#3587=LINE('',#266,#3590);
#3588=LINE('',#270,#3591);
#3589=VECTOR('',#3592,1.0);
#3590=VECTOR('',#3593,1.0);
#3591=VECTOR('',#3594,1.0);
#3592=DIRECTION('',(0,-0.9903416913427985,-0.1386482397590576));
#3593=DIRECTION('',(0,1,0));
#3594=DIRECTION('',(0,0,1));
#3595=FACE_SURFACE('',(#3600),#3596,.T.);
#3596=PLANE('',#3597);
#3597=AXIS2_PLACEMENT_3D('',#272,#3598,#3599);
#3598=DIRECTION('',(-1,0,0));
#3599=DIRECTION('',(0,0,1));
#3600=FACE_BOUND('',#3601,.T.);
#3601=EDGE_LOOP('',(#3602,#3603,#3604));
#3602=ORIENTED_EDGE('',*,*,#3605,.T.);
#3603=ORIENTED_EDGE('',*,*,#3606,.T.);
#3604=ORIENTED_EDGE('',*,*,#3607,.T.);
#3605=EDGE_CURVE('',#273,#275,#3608,.F.);
#3606=EDGE_CURVE('',#275,#277,#3609,.T.);
#3607=EDGE_CURVE('',#277,#273,#3610,.T.);
#3608=LINE('',#272,#3611);
#3609=LINE('',#274,#3612);
#3610=LINE('',#276,#3613);
#3611=VECTOR('',#3614,1.0);
#3612=VECTOR('',#3615,1.0);
#3613=VECTOR('',#3616,1.0);
#3614=DIRECTION('',(0,0,1));
#3615=DIRECTION('',(0,0.9903416913427985,-0.1386482397590576));
#3616=DIRECTION('',(0,-1,0));
#3617=FACE_SURFACE('',(#3622),#3618,.T.);
#3618=PLANE('',#3619);
#3619=AXIS2_PLACEMENT_3D('',#276,#3620,#3621);
#3620=DIRECTION('',(-1,0,0));
#3621=DIRECTION('',(0,-0.9903416913427985,0.1386482397590576));
#3622=FACE_BOUND('',#3623,.T.);
#3623=EDGE_LOOP('',(#3624,#3625,#3626));
#3624=ORIENTED_EDGE('',*,*,#3627,.T.);
#3625=ORIENTED_EDGE('',*,*,#3628,.T.);
#3626=ORIENTED_EDGE('',*,*,#3629,.T.);
#3627=EDGE_CURVE('',#277,#275,#3630,.F.);
#3628=EDGE_CURVE('',#275,#279,#3631,.T.);
#3629=EDGE_CURVE('',#279,#277,#3632,.T.);
#3630=LINE('',#276,#3633);
#3631=LINE('',#274,#3634);
#3632=LINE('',#278,#3635);
#3633=VECTOR('',#3636,1.0);
#3634=VECTOR('',#3637,1.0);
#3635=VECTOR('',#3638,1.0);
#3636=DIRECTION('',(0,-0.9903416913427985,0.1386482397590576));
#3637=DIRECTION('',(0,1,0));
#3638=DIRECTION('',(0,0,-1));
#3639=FACE_SURFACE('',(#3644),#3640,.T.);
#3640=PLANE('',#3641);
#3641=AXIS2_PLACEMENT_3D('',#276,#3642,#3643);
#3642=DIRECTION('',(-0.9914436485342026,-0.13053540432077632,0));
#3643=DIRECTION('',(0,0,1));
#3644=FACE_BOUND('',#3645,.T.);
#3645=EDGE_LOOP('',(#3646,#3647,#3648));
#3646=ORIENTED_EDGE('',*,*,#3649,.T.);
#3647=ORIENTED_EDGE('',*,*,#3650,.T.);
#3648=ORIENTED_EDGE('',*,*,#3651,.T.);
#3649=EDGE_CURVE('',#277,#279,#3652,.F.);
#3650=EDGE_CURVE('',#279,#281,#3653,.T.);
#3651=EDGE_CURVE('',#281,#277,#3654,.T.);
#3652=LINE('',#276,#3655);
#3653=LINE('',#278,#3656);
#3654=LINE('',#280,#3657);
#3655=VECTOR('',#3658,1.0);
#3656=VECTOR('',#3659,1.0);
#3657=VECTOR('',#3660,1.0);
#3658=DIRECTION('',(0,0,1));
#3659=DIRECTION('',(-0.008097847118949808,0.06150483950817268,-0.9980739349312314));
#3660=DIRECTION('',(0.13053540432077632,-0.9914436485342026,0));
#3661=FACE_SURFACE('',(#3666),#3662,.T.);
#3662=PLANE('',#3663);
#3663=AXIS2_PLACEMENT_3D('',#280,#3664,#3665);
#3664=DIRECTION('',(-0.9914436485342026,-0.13053540432077632,0));
#3665=DIRECTION('',(0.008097847118949808,-0.06150483950817268,0.9980739349312314));
#3666=FACE_BOUND('',#3667,.T.);
#3667=EDGE_LOOP('',(#3668,#3669,#3670));
#3668=ORIENTED_EDGE('',*,*,#3671,.T.);
#3669=ORIENTED_EDGE('',*,*,#3672,.T.);
#3670=ORIENTED_EDGE('',*,*,#3673,.T.);
#3671=EDGE_CURVE('',#281,#279,#3674,.F.);
#3672=EDGE_CURVE('',#279,#283,#3675,.T.);
#3673=EDGE_CURVE('',#283,#281,#3676,.T.);
#3674=LINE('',#280,#3677);
#3675=LINE('',#278,#3678);
#3676=LINE('',#282,#3679);
#3677=VECTOR('',#3680,1.0);
#3678=VECTOR('',#3681,1.0);
#3679=VECTOR('',#3682,1.0);
#3680=DIRECTION('',(0.008097847118949808,-0.06150483950817268,0.9980739349312314));
#3681=DIRECTION('',(-0.13053540432077632,0.9914436485342026,0));
#3682=DIRECTION('',(0,0,-1));
#3683=FACE_SURFACE('',(#3688),#3684,.T.);
#3684=PLANE('',#3685);
#3685=AXIS2_PLACEMENT_3D('',#280,#3686,#3687);
#3686=DIRECTION('',(-0.9238807634942465,-0.3826804604958137,0));
#3687=DIRECTION('',(0,0,1));
#3688=FACE_BOUND('',#3689,.T.);
#3689=EDGE_LOOP('',(#3690,#3691,#3692));
#3690=ORIENTED_EDGE('',*,*,#3693,.T.);
#3691=ORIENTED_EDGE('',*,*,#3694,.T.);
#3692=ORIENTED_EDGE('',*,*,#3695,.T.);
#3693=EDGE_CURVE('',#281,#283,#3696,.F.);
#3694=EDGE_CURVE('',#283,#285,#3697,.T.);
#3695=EDGE_CURVE('',#285,#281,#3698,.T.);
#3696=LINE('',#280,#3699);
#3697=LINE('',#282,#3700);
#3698=LINE('',#284,#3701);
#3699=VECTOR('',#3702,1.0);
#3700=VECTOR('',#3703,1.0);
#3701=VECTOR('',#3704,1.0);
#3702=DIRECTION('',(0,0,1));
#3703=DIRECTION('',(-0.023739664830849477,0.057313142250864035,-0.9980739612068092));
#3704=DIRECTION('',(0.3826804604958138,-0.9238807634942466,0));
#3705=FACE_SURFACE('',(#3710),#3706,.T.);
#3706=PLANE('',#3707);
#3707=AXIS2_PLACEMENT_3D('',#284,#3708,#3709);
#3708=DIRECTION('',(-0.9238807634942465,-0.3826804604958137,0));
#3709=DIRECTION('',(0.023739664830849477,-0.057313142250864035,0.9980739612068092));
#3710=FACE_BOUND('',#3711,.T.);
#3711=EDGE_LOOP('',(#3712,#3713,#3714));
#3712=ORIENTED_EDGE('',*,*,#3715,.T.);
#3713=ORIENTED_EDGE('',*,*,#3716,.T.);
#3714=ORIENTED_EDGE('',*,*,#3717,.T.);
#3715=EDGE_CURVE('',#285,#283,#3718,.F.);
#3716=EDGE_CURVE('',#283,#287,#3719,.T.);
#3717=EDGE_CURVE('',#287,#285,#3720,.T.);
#3718=LINE('',#284,#3721);
#3719=LINE('',#282,#3722);
#3720=LINE('',#286,#3723);
#3721=VECTOR('',#3724,1.0);
#3722=VECTOR('',#3725,1.0);
#3723=VECTOR('',#3726,1.0);
#3724=DIRECTION('',(0.023739664830849477,-0.057313142250864035,0.9980739612068092));
#3725=DIRECTION('',(-0.3826804604958138,0.9238807634942466,0));
#3726=DIRECTION('',(0,0,-1));
#3727=FACE_SURFACE('',(#3732),#3728,.T.);
#3728=PLANE('',#3729);
#3729=AXIS2_PLACEMENT_3D('',#284,#3730,#3731);
#3730=DIRECTION('',(-0.793351341858218,-0.6087640334084831,0));
#3731=DIRECTION('',(0,0,1));
#3732=FACE_BOUND('',#3733,.T.);
#3733=EDGE_LOOP('',(#3734,#3735,#3736));
#3734=ORIENTED_EDGE('',*,*,#3737,.T.);
#3735=ORIENTED_EDGE('',*,*,#3738,.T.);
#3736=ORIENTED_EDGE('',*,*,#3739,.T.);
#3737=EDGE_CURVE('',#285,#287,#3740,.F.);
#3738=EDGE_CURVE('',#287,#289,#3741,.T.);
#3739=EDGE_CURVE('',#289,#285,#3742,.T.);
#3740=LINE('',#284,#3743);
#3741=LINE('',#286,#3744);
#3742=LINE('',#288,#3745);
#3743=VECTOR('',#3746,1.0);
#3744=VECTOR('',#3747,1.0);
#3745=VECTOR('',#3748,1.0);
#3746=DIRECTION('',(0,0,1));
#3747=DIRECTION('',(-0.037765174879137976,0.04921619958084875,-0.9980739237477183));
#3748=DIRECTION('',(0.6087640334084832,-0.7933513418582181,0));
#3749=FACE_SURFACE('',(#3754),#3750,.T.);
#3750=PLANE('',#3751);
#3751=AXIS2_PLACEMENT_3D('',#288,#3752,#3753);
#3752=DIRECTION('',(-0.793351341858218,-0.6087640334084831,0));
#3753=DIRECTION('',(0.037765174879137976,-0.04921619958084875,0.9980739237477183));
#3754=FACE_BOUND('',#3755,.T.);
#3755=EDGE_LOOP('',(#3756,#3757,#3758));
#3756=ORIENTED_EDGE('',*,*,#3759,.T.);
#3757=ORIENTED_EDGE('',*,*,#3760,.T.);
#3758=ORIENTED_EDGE('',*,*,#3761,.T.);
#3759=EDGE_CURVE('',#289,#287,#3762,.F.);
#3760=EDGE_CURVE('',#287,#291,#3763,.T.);
#3761=EDGE_CURVE('',#291,#289,#3764,.T.);
#3762=LINE('',#288,#3765);
#3763=LINE('',#286,#3766);
#3764=LINE('',#290,#3767);
#3765=VECTOR('',#3768,1.0);
#3766=VECTOR('',#3769,1.0);
#3767=VECTOR('',#3770,1.0);
#3768=DIRECTION('',(0.037765174879137976,-0.04921619958084875,0.9980739237477183));
#3769=DIRECTION('',(-0.6087640334084832,0.7933513418582181,0));
#3770=DIRECTION('',(0,0,-1));
#3771=FACE_SURFACE('',(#3776),#3772,.T.);
#3772=PLANE('',#3773);
#3773=AXIS2_PLACEMENT_3D('',#288,#3774,#3775);
#3774=DIRECTION('',(-0.6087664921822442,-0.7933494551558761,0));
#3775=DIRECTION('',(0,0,1));
#3776=FACE_BOUND('',#3777,.T.);
#3777=EDGE_LOOP('',(#3778,#3779,#3780));
#3778=ORIENTED_EDGE('',*,*,#3781,.T.);
#3779=ORIENTED_EDGE('',*,*,#3782,.T.);
#3780=ORIENTED_EDGE('',*,*,#3783,.T.);
#3781=EDGE_CURVE('',#289,#291,#3784,.F.);
#3782=EDGE_CURVE('',#291,#293,#3785,.T.);
#3783=EDGE_CURVE('',#293,#289,#3786,.T.);
#3784=LINE('',#288,#3787);
#3785=LINE('',#290,#3788);
#3786=LINE('',#292,#3789);
#3787=VECTOR('',#3790,1.0);
#3788=VECTOR('',#3791,1.0);
#3789=VECTOR('',#3792,1.0);
#3790=DIRECTION('',(0,0,1));
#3791=DIRECTION('',(-0.04921529610975249,0.03776472395579809,-0.9980739853604902));
#3792=DIRECTION('',(0.7933494551558762,-0.6087664921822442,0));
#3793=FACE_SURFACE('',(#3798),#3794,.T.);
#3794=PLANE('',#3795);
#3795=AXIS2_PLACEMENT_3D('',#292,#3796,#3797);
#3796=DIRECTION('',(-0.6087664921822442,-0.7933494551558761,0));
#3797=DIRECTION('',(0.04921529610975249,-0.03776472395579809,0.9980739853604902));
#3798=FACE_BOUND('',#3799,.T.);
#3799=EDGE_LOOP('',(#3800,#3801,#3802));
#3800=ORIENTED_EDGE('',*,*,#3803,.T.);
#3801=ORIENTED_EDGE('',*,*,#3804,.T.);
#3802=ORIENTED_EDGE('',*,*,#3805,.T.);
#3803=EDGE_CURVE('',#293,#291,#3806,.F.);
#3804=EDGE_CURVE('',#291,#295,#3807,.T.);
#3805=EDGE_CURVE('',#295,#293,#3808,.T.);
#3806=LINE('',#292,#3809);
#3807=LINE('',#290,#3810);
#3808=LINE('',#294,#3811);
#3809=VECTOR('',#3812,1.0);
#3810=VECTOR('',#3813,1.0);
#3811=VECTOR('',#3814,1.0);
#3812=DIRECTION('',(0.04921529610975249,-0.03776472395579809,0.9980739853604902));
#3813=DIRECTION('',(-0.7933494551558762,0.6087664921822442,0));
#3814=DIRECTION('',(0,0,-1));
#3815=FACE_SURFACE('',(#3820),#3816,.T.);
#3816=PLANE('',#3817);
#3817=AXIS2_PLACEMENT_3D('',#292,#3818,#3819);
#3818=DIRECTION('',(-0.3826815305267528,-0.9238803202762261,0));
#3819=DIRECTION('',(0,0,1));
#3820=FACE_BOUND('',#3821,.T.);
#3821=EDGE_LOOP('',(#3822,#3823,#3824));
#3822=ORIENTED_EDGE('',*,*,#3825,.T.);
#3823=ORIENTED_EDGE('',*,*,#3826,.T.);
#3824=ORIENTED_EDGE('',*,*,#3827,.T.);
#3825=EDGE_CURVE('',#293,#295,#3828,.F.);
#3826=EDGE_CURVE('',#295,#297,#3829,.T.);
#3827=EDGE_CURVE('',#297,#293,#3830,.T.);
#3828=LINE('',#292,#3831);
#3829=LINE('',#294,#3832);
#3830=LINE('',#296,#3833);
#3831=VECTOR('',#3834,1.0);
#3832=VECTOR('',#3835,1.0);
#3833=VECTOR('',#3836,1.0);
#3834=DIRECTION('',(0,0,1));
#3835=DIRECTION('',(-0.0573140451656565,0.023740116596612026,-0.998073898612086));
#3836=DIRECTION('',(0.9238803202762261,-0.3826815305267528,0));
#3837=FACE_SURFACE('',(#3842),#3838,.T.);
#3838=PLANE('',#3839);
#3839=AXIS2_PLACEMENT_3D('',#296,#3840,#3841);
#3840=DIRECTION('',(-0.3826815305267528,-0.9238803202762261,0));
#3841=DIRECTION('',(0.0573140451656565,-0.023740116596612026,0.998073898612086));
#3842=FACE_BOUND('',#3843,.T.);
#3843=EDGE_LOOP('',(#3844,#3845,#3846));
#3844=ORIENTED_EDGE('',*,*,#3847,.T.);
#3845=ORIENTED_EDGE('',*,*,#3848,.T.);
#3846=ORIENTED_EDGE('',*,*,#3849,.T.);
#3847=EDGE_CURVE('',#297,#295,#3850,.F.);
#3848=EDGE_CURVE('',#295,#299,#3851,.T.);
#3849=EDGE_CURVE('',#299,#297,#3852,.T.);
#3850=LINE('',#296,#3853);
#3851=LINE('',#294,#3854);
#3852=LINE('',#298,#3855);
#3853=VECTOR('',#3856,1.0);
#3854=VECTOR('',#3857,1.0);
#3855=VECTOR('',#3858,1.0);
#3856=DIRECTION('',(0.0573140451656565,-0.023740116596612026,0.998073898612086));
#3857=DIRECTION('',(-0.9238803202762261,0.3826815305267528,0));
#3858=DIRECTION('',(0,0,-1));
#3859=FACE_SURFACE('',(#3864),#3860,.T.);
#3860=PLANE('',#3861);
#3861=AXIS2_PLACEMENT_3D('',#296,#3862,#3863);
#3862=DIRECTION('',(-0.13052293153778352,-0.99144529064532,0));
#3863=DIRECTION('',(0,0,1));
#3864=FACE_BOUND('',#3865,.T.);
#3865=EDGE_LOOP('',(#3866,#3867,#3868));
#3866=ORIENTED_EDGE('',*,*,#3869,.T.);
#3867=ORIENTED_EDGE('',*,*,#3870,.T.);
#3868=ORIENTED_EDGE('',*,*,#3871,.T.);
#3869=EDGE_CURVE('',#297,#299,#3872,.F.);
#3870=EDGE_CURVE('',#299,#301,#3873,.T.);
#3871=EDGE_CURVE('',#301,#297,#3874,.T.);
#3872=LINE('',#296,#3875);
#3873=LINE('',#298,#3876);
#3874=LINE('',#300,#3877);
#3875=VECTOR('',#3878,1.0);
#3876=VECTOR('',#3879,1.0);
#3877=VECTOR('',#3880,1.0);
#3878=DIRECTION('',(0,0,1));
#3879=DIRECTION('',(-0.061503936879493896,0.008096941120574816,-0.9980739979043703));
#3880=DIRECTION('',(0.99144529064532,-0.13052293153778352,0));
#3881=FACE_SURFACE('',(#3886),#3882,.T.);
#3882=PLANE('',#3883);
#3883=AXIS2_PLACEMENT_3D('',#300,#3884,#3885);
#3884=DIRECTION('',(-0.13052293153778352,-0.99144529064532,0));
#3885=DIRECTION('',(0.061503936879493896,-0.008096941120574816,0.9980739979043703));
#3886=FACE_BOUND('',#3887,.T.);
#3887=EDGE_LOOP('',(#3888,#3889,#3890));
#3888=ORIENTED_EDGE('',*,*,#3891,.T.);
#3889=ORIENTED_EDGE('',*,*,#3892,.T.);
#3890=ORIENTED_EDGE('',*,*,#3893,.T.);
#3891=EDGE_CURVE('',#301,#299,#3894,.F.);
#3892=EDGE_CURVE('',#299,#303,#3895,.T.);
#3893=EDGE_CURVE('',#303,#301,#3896,.T.);
#3894=LINE('',#300,#3897);
#3895=LINE('',#298,#3898);
#3896=LINE('',#302,#3899);
#3897=VECTOR('',#3900,1.0);
#3898=VECTOR('',#3901,1.0);
#3899=VECTOR('',#3902,1.0);
#3900=DIRECTION('',(0.061503936879493896,-0.008096941120574816,0.9980739979043703));
#3901=DIRECTION('',(-0.99144529064532,0.13052293153778352,0));
#3902=DIRECTION('',(0,0,-1));
#3903=FACE_SURFACE('',(#3908),#3904,.T.);
#3904=PLANE('',#3905);
#3905=AXIS2_PLACEMENT_3D('',#304,#3906,#3907);
#3906=DIRECTION('',(-0.13052781305110844,0.9914446479860057,-4.1932246729863165E-16));
#3907=DIRECTION('',(0,4.229408753685162E-16,1));
#3908=FACE_BOUND('',#3909,.T.);
#3909=EDGE_LOOP('',(#3910,#3911,#3912));
#3910=ORIENTED_EDGE('',*,*,#3913,.T.);
#3911=ORIENTED_EDGE('',*,*,#3914,.T.);
#3912=ORIENTED_EDGE('',*,*,#3915,.T.);
#3913=EDGE_CURVE('',#305,#307,#3916,.F.);
#3914=EDGE_CURVE('',#307,#309,#3917,.T.);
#3915=EDGE_CURVE('',#309,#305,#3918,.T.);
#3916=LINE('',#304,#3919);
#3917=LINE('',#306,#3920);
#3918=LINE('',#308,#3921);
#3919=VECTOR('',#3922,1.0);
#3920=VECTOR('',#3923,1.0);
#3921=VECTOR('',#3924,1.0);
#3922=DIRECTION('',(0,4.229408753685162E-16,1));
#3923=DIRECTION('',(0.06150393672607329,0.008097249171898292,-0.9980739954146903));
#3924=DIRECTION('',(-0.9914446479860056,-0.13052781305110842,0));
#3925=FACE_SURFACE('',(#3930),#3926,.T.);
#3926=PLANE('',#3927);
#3927=AXIS2_PLACEMENT_3D('',#308,#3928,#3929);
#3928=DIRECTION('',(-0.13052781305110175,0.9914446479860067,0));
#3929=DIRECTION('',(-0.06150393672607329,-0.008097249171898292,0.9980739954146903));
#3930=FACE_BOUND('',#3931,.T.);
#3931=EDGE_LOOP('',(#3932,#3933,#3934));
#3932=ORIENTED_EDGE('',*,*,#3935,.T.);
#3933=ORIENTED_EDGE('',*,*,#3936,.T.);
#3934=ORIENTED_EDGE('',*,*,#3937,.T.);
#3935=EDGE_CURVE('',#309,#307,#3938,.F.);
#3936=EDGE_CURVE('',#307,#311,#3939,.T.);
#3937=EDGE_CURVE('',#311,#309,#3940,.T.);
#3938=LINE('',#308,#3941);
#3939=LINE('',#306,#3942);
#3940=LINE('',#310,#3943);
#3941=VECTOR('',#3944,1.0);
#3942=VECTOR('',#3945,1.0);
#3943=VECTOR('',#3946,1.0);
#3944=DIRECTION('',(-0.06150393672607329,-0.008097249171898292,0.9980739954146903));
#3945=DIRECTION('',(0.9914446479860067,0.13052781305110175,0));
#3946=DIRECTION('',(0,0,-1));
#3947=FACE_SURFACE('',(#3952),#3948,.T.);
#3948=PLANE('',#3949);
#3949=AXIS2_PLACEMENT_3D('',#308,#3950,#3951);
#3950=DIRECTION('',(-0.3826789970178838,0.9238813696797802,0));
#3951=DIRECTION('',(0,0,1));
#3952=FACE_BOUND('',#3953,.T.);
#3953=EDGE_LOOP('',(#3954,#3955,#3956));
#3954=ORIENTED_EDGE('',*,*,#3957,.T.);
#3955=ORIENTED_EDGE('',*,*,#3958,.T.);
#3956=ORIENTED_EDGE('',*,*,#3959,.T.);
#3957=EDGE_CURVE('',#309,#311,#3960,.F.);
#3958=EDGE_CURVE('',#311,#313,#3961,.T.);
#3959=EDGE_CURVE('',#313,#309,#3962,.T.);
#3960=LINE('',#308,#3963);
#3961=LINE('',#310,#3964);
#3962=LINE('',#312,#3965);
#3963=VECTOR('',#3966,1.0);
#3964=VECTOR('',#3967,1.0);
#3965=VECTOR('',#3968,1.0);
#3966=DIRECTION('',(0,0,1));
#3967=DIRECTION('',(0.05731404541619694,0.023739932565703413,-0.9980739029750282));
#3968=DIRECTION('',(-0.92388136967978,-0.38267899701788377,0));
#3969=FACE_SURFACE('',(#3974),#3970,.T.);
#3970=PLANE('',#3971);
#3971=AXIS2_PLACEMENT_3D('',#312,#3972,#3973);
#3972=DIRECTION('',(-0.3826789970178838,0.9238813696797802,0));
#3973=DIRECTION('',(-0.05731404541619694,-0.023739932565703413,0.9980739029750282));
#3974=FACE_BOUND('',#3975,.T.);
#3975=EDGE_LOOP('',(#3976,#3977,#3978));
#3976=ORIENTED_EDGE('',*,*,#3979,.T.);
#3977=ORIENTED_EDGE('',*,*,#3980,.T.);
#3978=ORIENTED_EDGE('',*,*,#3981,.T.);
#3979=EDGE_CURVE('',#313,#311,#3982,.F.);
#3980=EDGE_CURVE('',#311,#315,#3983,.T.);
#3981=EDGE_CURVE('',#315,#313,#3984,.T.);
#3982=LINE('',#312,#3985);
#3983=LINE('',#310,#3986);
#3984=LINE('',#314,#3987);
#3985=VECTOR('',#3988,1.0);
#3986=VECTOR('',#3989,1.0);
#3987=VECTOR('',#3990,1.0);
#3988=DIRECTION('',(-0.05731404541619694,-0.023739932565703413,0.9980739029750282));
#3989=DIRECTION('',(0.92388136967978,0.38267899701788377,0));
#3990=DIRECTION('',(0,0,-1));
#3991=FACE_SURFACE('',(#3996),#3992,.T.);
#3992=PLANE('',#3993);
#3993=AXIS2_PLACEMENT_3D('',#312,#3994,#3995);
#3994=DIRECTION('',(-0.6087671029474858,0.7933489864926564,0));
#3995=DIRECTION('',(0,0,1));
#3996=FACE_BOUND('',#3997,.T.);
#3997=EDGE_LOOP('',(#3998,#3999,#4000));
#3998=ORIENTED_EDGE('',*,*,#4001,.T.);
#3999=ORIENTED_EDGE('',*,*,#4002,.T.);
#4000=ORIENTED_EDGE('',*,*,#4003,.T.);
#4001=EDGE_CURVE('',#313,#315,#4004,.F.);
#4002=EDGE_CURVE('',#315,#317,#4005,.T.);
#4003=EDGE_CURVE('',#317,#313,#4006,.T.);
#4004=LINE('',#312,#4007);
#4005=LINE('',#314,#4008);
#4006=LINE('',#316,#4009);
#4007=VECTOR('',#4010,1.0);
#4008=VECTOR('',#4011,1.0);
#4009=VECTOR('',#4012,1.0);
#4010=DIRECTION('',(0,0,1));
#4011=DIRECTION('',(0.04921529599786849,0.03776478406782804,-0.9980739830915103));
#4012=DIRECTION('',(-0.7933489864926565,-0.6087671029474859,0));
#4013=FACE_SURFACE('',(#4018),#4014,.T.);
#4014=PLANE('',#4015);
#4015=AXIS2_PLACEMENT_3D('',#316,#4016,#4017);
#4016=DIRECTION('',(-0.6087671029474858,0.7933489864926564,0));
#4017=DIRECTION('',(-0.04921529599786849,-0.03776478406782804,0.9980739830915103));
#4018=FACE_BOUND('',#4019,.T.);
#4019=EDGE_LOOP('',(#4020,#4021,#4022));
#4020=ORIENTED_EDGE('',*,*,#4023,.T.);
#4021=ORIENTED_EDGE('',*,*,#4024,.T.);
#4022=ORIENTED_EDGE('',*,*,#4025,.T.);
#4023=EDGE_CURVE('',#317,#315,#4026,.F.);
#4024=EDGE_CURVE('',#315,#319,#4027,.T.);
#4025=EDGE_CURVE('',#319,#317,#4028,.T.);
#4026=LINE('',#316,#4029);
#4027=LINE('',#314,#4030);
#4028=LINE('',#318,#4031);
#4029=VECTOR('',#4032,1.0);
#4030=VECTOR('',#4033,1.0);
#4031=VECTOR('',#4034,1.0);
#4032=DIRECTION('',(-0.04921529599786849,-0.03776478406782804,0.9980739830915103));
#4033=DIRECTION('',(0.7933489864926565,0.6087671029474859,0));
#4034=DIRECTION('',(0,0,-1));
#4035=FACE_SURFACE('',(#4040),#4036,.T.);
#4036=PLANE('',#4037);
#4037=AXIS2_PLACEMENT_3D('',#316,#4038,#4039);
#4038=DIRECTION('',(-0.7933501995505835,0.6087655220797653,0));
#4039=DIRECTION('',(0,0,1));
#4040=FACE_BOUND('',#4041,.T.);
#4041=EDGE_LOOP('',(#4042,#4043,#4044));
#4042=ORIENTED_EDGE('',*,*,#4045,.T.);
#4043=ORIENTED_EDGE('',*,*,#4046,.T.);
#4044=ORIENTED_EDGE('',*,*,#4047,.T.);
#4045=EDGE_CURVE('',#317,#319,#4048,.F.);
#4046=EDGE_CURVE('',#319,#321,#4049,.T.);
#4047=EDGE_CURVE('',#321,#317,#4050,.T.);
#4048=LINE('',#316,#4051);
#4049=LINE('',#318,#4052);
#4050=LINE('',#320,#4053);
#4051=VECTOR('',#4054,1.0);
#4052=VECTOR('',#4055,1.0);
#4053=VECTOR('',#4056,1.0);
#4054=DIRECTION('',(0,0,1));
#4055=DIRECTION('',(0.03776517523454398,0.04921600882722542,-0.9980739331405377));
#4056=DIRECTION('',(-0.6087655220797654,-0.7933501995505835,0));
#4057=FACE_SURFACE('',(#4062),#4058,.T.);
#4058=PLANE('',#4059);
#4059=AXIS2_PLACEMENT_3D('',#320,#4060,#4061);
#4060=DIRECTION('',(-0.7933501995505835,0.6087655220797653,0));
#4061=DIRECTION('',(-0.03776517523454398,-0.04921600882722542,0.9980739331405377));
#4062=FACE_BOUND('',#4063,.T.);
#4063=EDGE_LOOP('',(#4064,#4065,#4066));
#4064=ORIENTED_EDGE('',*,*,#4067,.T.);
#4065=ORIENTED_EDGE('',*,*,#4068,.T.);
#4066=ORIENTED_EDGE('',*,*,#4069,.T.);
#4067=EDGE_CURVE('',#321,#319,#4070,.F.);
#4068=EDGE_CURVE('',#319,#323,#4071,.T.);
#4069=EDGE_CURVE('',#323,#321,#4072,.T.);
#4070=LINE('',#320,#4073);
#4071=LINE('',#318,#4074);
#4072=LINE('',#322,#4075);
#4073=VECTOR('',#4076,1.0);
#4074=VECTOR('',#4077,1.0);
#4075=VECTOR('',#4078,1.0);
#4076=DIRECTION('',(-0.03776517523454398,-0.04921600882722542,0.9980739331405377));
#4077=DIRECTION('',(0.6087655220797654,0.7933501995505835,0));
#4078=DIRECTION('',(0,0,-1));
#4079=FACE_SURFACE('',(#4084),#4080,.T.);
#4080=PLANE('',#4081);
#4081=AXIS2_PLACEMENT_3D('',#320,#4082,#4083);
#4082=DIRECTION('',(-0.9238810644258714,0.3826797339751855,0));
#4083=DIRECTION('',(0,0,1));
#4084=FACE_BOUND('',#4085,.T.);
#4085=EDGE_LOOP('',(#4086,#4087,#4088));
#4086=ORIENTED_EDGE('',*,*,#4089,.T.);
#4087=ORIENTED_EDGE('',*,*,#4090,.T.);
#4088=ORIENTED_EDGE('',*,*,#4091,.T.);
#4089=EDGE_CURVE('',#321,#323,#4092,.F.);
#4090=EDGE_CURVE('',#323,#325,#4093,.T.);
#4091=EDGE_CURVE('',#325,#321,#4094,.T.);
#4092=LINE('',#320,#4095);
#4093=LINE('',#322,#4096);
#4094=LINE('',#324,#4097);
#4095=VECTOR('',#4098,1.0);
#4096=VECTOR('',#4099,1.0);
#4097=VECTOR('',#4100,1.0);
#4098=DIRECTION('',(0,0,1));
#4099=DIRECTION('',(0.02373966465740356,0.05731326930999027,-0.9980739539147159));
#4100=DIRECTION('',(-0.3826797339751855,-0.9238810644258714,0));
#4101=FACE_SURFACE('',(#4106),#4102,.T.);
#4102=PLANE('',#4103);
#4103=AXIS2_PLACEMENT_3D('',#324,#4104,#4105);
#4104=DIRECTION('',(-0.9238810644258714,0.3826797339751855,0));
#4105=DIRECTION('',(-0.02373966465740356,-0.05731326930999027,0.9980739539147159));
#4106=FACE_BOUND('',#4107,.T.);
#4107=EDGE_LOOP('',(#4108,#4109,#4110));
#4108=ORIENTED_EDGE('',*,*,#4111,.T.);
#4109=ORIENTED_EDGE('',*,*,#4112,.T.);
#4110=ORIENTED_EDGE('',*,*,#4113,.T.);
#4111=EDGE_CURVE('',#325,#323,#4114,.F.);
#4112=EDGE_CURVE('',#323,#327,#4115,.T.);
#4113=EDGE_CURVE('',#327,#325,#4116,.T.);
#4114=LINE('',#324,#4117);
#4115=LINE('',#322,#4118);
#4116=LINE('',#326,#4119);
#4117=VECTOR('',#4120,1.0);
#4118=VECTOR('',#4121,1.0);
#4119=VECTOR('',#4122,1.0);
#4120=DIRECTION('',(-0.02373966465740356,-0.05731326930999027,0.9980739539147159));
#4121=DIRECTION('',(0.3826797339751855,0.9238810644258714,0));
#4122=DIRECTION('',(0,0,-1));
#4123=FACE_SURFACE('',(#4128),#4124,.T.);
#4124=PLANE('',#4125);
#4125=AXIS2_PLACEMENT_3D('',#324,#4126,#4127);
#4126=DIRECTION('',(-0.9914436135194159,0.13053567026511576,0));
#4127=DIRECTION('',(0,0,1));
#4128=FACE_BOUND('',#4129,.T.);
#4129=EDGE_LOOP('',(#4130,#4131,#4132));
#4130=ORIENTED_EDGE('',*,*,#4133,.T.);
#4131=ORIENTED_EDGE('',*,*,#4134,.T.);
#4132=ORIENTED_EDGE('',*,*,#4135,.T.);
#4133=EDGE_CURVE('',#325,#327,#4136,.F.);
#4134=EDGE_CURVE('',#327,#273,#4137,.T.);
#4135=EDGE_CURVE('',#273,#325,#4138,.T.);
#4136=LINE('',#324,#4139);
#4137=LINE('',#326,#4140);
#4138=LINE('',#272,#4141);
#4139=VECTOR('',#4142,1.0);
#4140=VECTOR('',#4143,1.0);
#4141=VECTOR('',#4144,1.0);
#4142=DIRECTION('',(0,0,1));
#4143=DIRECTION('',(0.008097847182440958,0.06150471251253712,-0.9980739427566276));
#4144=DIRECTION('',(-0.13053567026511576,-0.9914436135194159,0));
#4145=FACE_SURFACE('',(#4150),#4146,.T.);
#4146=PLANE('',#4147);
#4147=AXIS2_PLACEMENT_3D('',#272,#4148,#4149);
#4148=DIRECTION('',(-0.9914436135194159,0.13053567026511576,0));
#4149=DIRECTION('',(-0.008097847182440958,-0.06150471251253712,0.9980739427566276));
#4150=FACE_BOUND('',#4151,.T.);
#4151=EDGE_LOOP('',(#4152,#4153,#4154));
#4152=ORIENTED_EDGE('',*,*,#4155,.T.);
#4153=ORIENTED_EDGE('',*,*,#4156,.T.);
#4154=ORIENTED_EDGE('',*,*,#4157,.T.);
#4155=EDGE_CURVE('',#273,#327,#4158,.F.);
#4156=EDGE_CURVE('',#327,#275,#4159,.T.);
#4157=EDGE_CURVE('',#275,#273,#4160,.T.);
#4158=LINE('',#272,#4161);
#4159=LINE('',#326,#4162);
#4160=LINE('',#274,#4163);
#4161=VECTOR('',#4164,1.0);
#4162=VECTOR('',#4165,1.0);
#4163=VECTOR('',#4166,1.0);
#4164=DIRECTION('',(-0.008097847182440958,-0.06150471251253712,0.9980739427566276));
#4165=DIRECTION('',(0.13053567026511576,0.9914436135194159,0));
#4166=DIRECTION('',(0,0,-1));
#4167=FACE_SURFACE('',(#4172),#4168,.T.);
#4168=PLANE('',#4169);
#4169=AXIS2_PLACEMENT_3D('',#328,#4170,#4171);
#4170=DIRECTION('',(0,-1,0));
#4171=DIRECTION('',(0,0,-1));
#4172=FACE_BOUND('',#4173,.T.);
#4173=EDGE_LOOP('',(#4174,#4175,#4176));
#4174=ORIENTED_EDGE('',*,*,#4177,.T.);
#4175=ORIENTED_EDGE('',*,*,#4178,.T.);
#4176=ORIENTED_EDGE('',*,*,#4179,.T.);
#4177=EDGE_CURVE('',#329,#331,#4180,.F.);
#4178=EDGE_CURVE('',#331,#303,#4181,.T.);
#4179=EDGE_CURVE('',#303,#329,#4182,.T.);
#4180=LINE('',#328,#4183);
#4181=LINE('',#330,#4184);
#4182=LINE('',#302,#4185);
#4183=VECTOR('',#4186,1.0);
#4184=VECTOR('',#4187,1.0);
#4185=VECTOR('',#4188,1.0);
#4186=DIRECTION('',(0,0,-1));
#4187=DIRECTION('',(0.42993256179498945,0,0.9028610038695866));
#4188=DIRECTION('',(-1,0,0));
#4189=FACE_SURFACE('',(#4194),#4190,.T.);
#4190=PLANE('',#4191);
#4191=AXIS2_PLACEMENT_3D('',#302,#4192,#4193);
#4192=DIRECTION('',(0,-1,-0));
#4193=DIRECTION('',(-0.42993256179498945,0,-0.9028610038695866));
#4194=FACE_BOUND('',#4195,.T.);
#4195=EDGE_LOOP('',(#4196,#4197,#4198));
#4196=ORIENTED_EDGE('',*,*,#4199,.T.);
#4197=ORIENTED_EDGE('',*,*,#4200,.T.);
#4198=ORIENTED_EDGE('',*,*,#4201,.T.);
#4199=EDGE_CURVE('',#303,#331,#4202,.F.);
#4200=EDGE_CURVE('',#331,#301,#4203,.T.);
#4201=EDGE_CURVE('',#301,#303,#4204,.T.);
#4202=LINE('',#302,#4205);
#4203=LINE('',#330,#4206);
#4204=LINE('',#300,#4207);
#4205=VECTOR('',#4208,1.0);
#4206=VECTOR('',#4209,1.0);
#4207=VECTOR('',#4210,1.0);
#4208=DIRECTION('',(-0.42993256179498945,0,-0.9028610038695866));
#4209=DIRECTION('',(1,0,0));
#4210=DIRECTION('',(0,0,1));
#4211=FACE_SURFACE('',(#4216),#4212,.T.);
#4212=PLANE('',#4213);
#4213=AXIS2_PLACEMENT_3D('',#330,#4214,#4215);
#4214=DIRECTION('',(0.13052104055558153,-0.9914455395896883,0));
#4215=DIRECTION('',(0,0,1));
#4216=FACE_BOUND('',#4217,.T.);
#4217=EDGE_LOOP('',(#4218,#4219,#4220));
#4218=ORIENTED_EDGE('',*,*,#4221,.T.);
#4219=ORIENTED_EDGE('',*,*,#4222,.T.);
#4220=ORIENTED_EDGE('',*,*,#4223,.T.);
#4221=EDGE_CURVE('',#331,#329,#4224,.F.);
#4222=EDGE_CURVE('',#329,#333,#4225,.T.);
#4223=EDGE_CURVE('',#333,#331,#4226,.T.);
#4224=LINE('',#330,#4227);
#4225=LINE('',#328,#4228);
#4226=LINE('',#332,#4229);
#4227=VECTOR('',#4230,1.0);
#4228=VECTOR('',#4231,1.0);
#4229=VECTOR('',#4232,1.0);
#4230=DIRECTION('',(0,0,1));
#4231=DIRECTION('',(-0.0615048399596405,-0.008096940669135553,-0.9980739422574559));
#4232=DIRECTION('',(0.9914455395896884,0.13052104055558156,0));
#4233=FACE_SURFACE('',(#4238),#4234,.T.);
#4234=PLANE('',#4235);
#4235=AXIS2_PLACEMENT_3D('',#332,#4236,#4237);
#4236=DIRECTION('',(0.13052104055558153,-0.9914455395896883,0));
#4237=DIRECTION('',(0.0615048399596405,0.008096940669135553,0.9980739422574559));
#4238=FACE_BOUND('',#4239,.T.);
#4239=EDGE_LOOP('',(#4240,#4241,#4242));
#4240=ORIENTED_EDGE('',*,*,#4243,.T.);
#4241=ORIENTED_EDGE('',*,*,#4244,.T.);
#4242=ORIENTED_EDGE('',*,*,#4245,.T.);
#4243=EDGE_CURVE('',#333,#329,#4246,.F.);
#4244=EDGE_CURVE('',#329,#335,#4247,.T.);
#4245=EDGE_CURVE('',#335,#333,#4248,.T.);
#4246=LINE('',#332,#4249);
#4247=LINE('',#328,#4250);
#4248=LINE('',#334,#4251);
#4249=VECTOR('',#4252,1.0);
#4250=VECTOR('',#4253,1.0);
#4251=VECTOR('',#4254,1.0);
#4252=DIRECTION('',(0.0615048399596405,0.008096940669135553,0.9980739422574559));
#4253=DIRECTION('',(-0.9914455395896884,-0.13052104055558156,0));
#4254=DIRECTION('',(0,0,-1));
#4255=FACE_SURFACE('',(#4260),#4256,.T.);
#4256=PLANE('',#4257);
#4257=AXIS2_PLACEMENT_3D('',#332,#4258,#4259);
#4258=DIRECTION('',(0.38268669689617013,-0.9238781802914814,0));
#4259=DIRECTION('',(0,0,1));
#4260=FACE_BOUND('',#4261,.T.);
#4261=EDGE_LOOP('',(#4262,#4263,#4264));
#4262=ORIENTED_EDGE('',*,*,#4265,.T.);
#4263=ORIENTED_EDGE('',*,*,#4266,.T.);
#4264=ORIENTED_EDGE('',*,*,#4267,.T.);
#4265=EDGE_CURVE('',#333,#335,#4268,.F.);
#4266=EDGE_CURVE('',#335,#337,#4269,.T.);
#4267=EDGE_CURVE('',#337,#333,#4270,.T.);
#4268=LINE('',#332,#4271);
#4269=LINE('',#334,#4272);
#4270=LINE('',#336,#4273);
#4271=VECTOR('',#4274,1.0);
#4272=VECTOR('',#4275,1.0);
#4273=VECTOR('',#4276,1.0);
#4274=DIRECTION('',(0,0,1));
#4275=DIRECTION('',(-0.057313141634162255,-0.02374011783003698,-0.9980739504673181));
#4276=DIRECTION('',(0.9238781802914813,0.3826866968961701,0));
#4277=FACE_SURFACE('',(#4282),#4278,.T.);
#4278=PLANE('',#4279);
#4279=AXIS2_PLACEMENT_3D('',#336,#4280,#4281);
#4280=DIRECTION('',(0.38268669689617013,-0.9238781802914814,0));
#4281=DIRECTION('',(0.057313141634162255,0.02374011783003698,0.9980739504673181));
#4282=FACE_BOUND('',#4283,.T.);
#4283=EDGE_LOOP('',(#4284,#4285,#4286));
#4284=ORIENTED_EDGE('',*,*,#4287,.T.);
#4285=ORIENTED_EDGE('',*,*,#4288,.T.);
#4286=ORIENTED_EDGE('',*,*,#4289,.T.);
#4287=EDGE_CURVE('',#337,#335,#4290,.F.);
#4288=EDGE_CURVE('',#335,#339,#4291,.T.);
#4289=EDGE_CURVE('',#339,#337,#4292,.T.);
#4290=LINE('',#336,#4293);
#4291=LINE('',#334,#4294);
#4292=LINE('',#338,#4295);
#4293=VECTOR('',#4296,1.0);
#4294=VECTOR('',#4297,1.0);
#4295=VECTOR('',#4298,1.0);
#4296=DIRECTION('',(0.057313141634162255,0.02374011783003698,0.9980739504673181));
#4297=DIRECTION('',(-0.9238781802914813,-0.3826866968961701,0));
#4298=DIRECTION('',(0,0,-1));
#4299=FACE_SURFACE('',(#4304),#4300,.T.);
#4300=PLANE('',#4301);
#4301=AXIS2_PLACEMENT_3D('',#336,#4302,#4303);
#4302=DIRECTION('',(0.6087594347226258,-0.793354870556795,0));
#4303=DIRECTION('',(0,0,1));
#4304=FACE_BOUND('',#4305,.T.);
#4305=EDGE_LOOP('',(#4306,#4307,#4308));
#4306=ORIENTED_EDGE('',*,*,#4309,.T.);
#4307=ORIENTED_EDGE('',*,*,#4310,.T.);
#4308=ORIENTED_EDGE('',*,*,#4311,.T.);
#4309=EDGE_CURVE('',#337,#339,#4312,.F.);
#4310=EDGE_CURVE('',#339,#341,#4313,.T.);
#4311=EDGE_CURVE('',#341,#337,#4314,.T.);
#4312=LINE('',#336,#4315);
#4313=LINE('',#338,#4316);
#4314=LINE('',#340,#4317);
#4315=VECTOR('',#4318,1.0);
#4316=VECTOR('',#4319,1.0);
#4317=VECTOR('',#4320,1.0);
#4318=DIRECTION('',(0,0,1));
#4319=DIRECTION('',(-0.04921620042328921,-0.03776472227094262,-0.9980739408318869));
#4320=DIRECTION('',(0.793354870556795,0.6087594347226258,0));
#4321=FACE_SURFACE('',(#4326),#4322,.T.);
#4322=PLANE('',#4323);
#4323=AXIS2_PLACEMENT_3D('',#340,#4324,#4325);
#4324=DIRECTION('',(0.6087594347226258,-0.793354870556795,0));
#4325=DIRECTION('',(0.04921620042328921,0.03776472227094262,0.9980739408318869));
#4326=FACE_BOUND('',#4327,.T.);
#4327=EDGE_LOOP('',(#4328,#4329,#4330));
#4328=ORIENTED_EDGE('',*,*,#4331,.T.);
#4329=ORIENTED_EDGE('',*,*,#4332,.T.);
#4330=ORIENTED_EDGE('',*,*,#4333,.T.);
#4331=EDGE_CURVE('',#341,#339,#4334,.F.);
#4332=EDGE_CURVE('',#339,#343,#4335,.T.);
#4333=EDGE_CURVE('',#343,#341,#4336,.T.);
#4334=LINE('',#340,#4337);
#4335=LINE('',#338,#4338);
#4336=LINE('',#342,#4339);
#4337=VECTOR('',#4340,1.0);
#4338=VECTOR('',#4341,1.0);
#4339=VECTOR('',#4342,1.0);
#4340=DIRECTION('',(0.04921620042328921,0.03776472227094262,0.9980739408318869));
#4341=DIRECTION('',(-0.793354870556795,-0.6087594347226258,0));
#4342=DIRECTION('',(0,0,-1));
#4343=FACE_SURFACE('',(#4348),#4344,.T.);
#4344=PLANE('',#4345);
#4345=AXIS2_PLACEMENT_3D('',#340,#4346,#4347);
#4346=DIRECTION('',(0.793351341858218,-0.6087640334084831,0));
#4347=DIRECTION('',(0,0,1));
#4348=FACE_BOUND('',#4349,.T.);
#4349=EDGE_LOOP('',(#4350,#4351,#4352));
#4350=ORIENTED_EDGE('',*,*,#4353,.T.);
#4351=ORIENTED_EDGE('',*,*,#4354,.T.);
#4352=ORIENTED_EDGE('',*,*,#4355,.T.);
#4353=EDGE_CURVE('',#341,#343,#4356,.F.);
#4354=EDGE_CURVE('',#343,#345,#4357,.T.);
#4355=EDGE_CURVE('',#345,#341,#4358,.T.);
#4356=LINE('',#340,#4359);
#4357=LINE('',#342,#4360);
#4358=LINE('',#344,#4361);
#4359=VECTOR('',#4362,1.0);
#4360=VECTOR('',#4363,1.0);
#4361=VECTOR('',#4364,1.0);
#4362=DIRECTION('',(0,0,1));
#4363=DIRECTION('',(-0.037765174879137976,-0.04921619958084875,-0.9980739237477183));
#4364=DIRECTION('',(0.6087640334084832,0.7933513418582181,0));
#4365=FACE_SURFACE('',(#4370),#4366,.T.);
#4366=PLANE('',#4367);
#4367=AXIS2_PLACEMENT_3D('',#344,#4368,#4369);
#4368=DIRECTION('',(0.793351341858218,-0.6087640334084831,0));
#4369=DIRECTION('',(0.037765174879137976,0.04921619958084875,0.9980739237477183));
#4370=FACE_BOUND('',#4371,.T.);
#4371=EDGE_LOOP('',(#4372,#4373,#4374));
#4372=ORIENTED_EDGE('',*,*,#4375,.T.);
#4373=ORIENTED_EDGE('',*,*,#4376,.T.);
#4374=ORIENTED_EDGE('',*,*,#4377,.T.);
#4375=EDGE_CURVE('',#345,#343,#4378,.F.);
#4376=EDGE_CURVE('',#343,#347,#4379,.T.);
#4377=EDGE_CURVE('',#347,#345,#4380,.T.);
#4378=LINE('',#344,#4381);
#4379=LINE('',#342,#4382);
#4380=LINE('',#346,#4383);
#4381=VECTOR('',#4384,1.0);
#4382=VECTOR('',#4385,1.0);
#4383=VECTOR('',#4386,1.0);
#4384=DIRECTION('',(0.037765174879137976,0.04921619958084875,0.9980739237477183));
#4385=DIRECTION('',(-0.6087640334084832,-0.7933513418582181,0));
#4386=DIRECTION('',(0,0,-1));
#4387=FACE_SURFACE('',(#4392),#4388,.T.);
#4388=PLANE('',#4389);
#4389=AXIS2_PLACEMENT_3D('',#344,#4390,#4391);
#4390=DIRECTION('',(0.9238807634942465,-0.3826804604958137,0));
#4391=DIRECTION('',(0,0,1));
#4392=FACE_BOUND('',#4393,.T.);
#4393=EDGE_LOOP('',(#4394,#4395,#4396));
#4394=ORIENTED_EDGE('',*,*,#4397,.T.);
#4395=ORIENTED_EDGE('',*,*,#4398,.T.);
#4396=ORIENTED_EDGE('',*,*,#4399,.T.);
#4397=EDGE_CURVE('',#345,#347,#4400,.F.);
#4398=EDGE_CURVE('',#347,#349,#4401,.T.);
#4399=EDGE_CURVE('',#349,#345,#4402,.T.);
#4400=LINE('',#344,#4403);
#4401=LINE('',#346,#4404);
#4402=LINE('',#348,#4405);
#4403=VECTOR('',#4406,1.0);
#4404=VECTOR('',#4407,1.0);
#4405=VECTOR('',#4408,1.0);
#4406=DIRECTION('',(0,0,1));
#4407=DIRECTION('',(-0.023739664830849477,-0.057313142250864035,-0.9980739612068092));
#4408=DIRECTION('',(0.3826804604958138,0.9238807634942466,0));
#4409=FACE_SURFACE('',(#4414),#4410,.T.);
#4410=PLANE('',#4411);
#4411=AXIS2_PLACEMENT_3D('',#348,#4412,#4413);
#4412=DIRECTION('',(0.9238807634942465,-0.3826804604958137,0));
#4413=DIRECTION('',(0.023739664830849477,0.057313142250864035,0.9980739612068092));
#4414=FACE_BOUND('',#4415,.T.);
#4415=EDGE_LOOP('',(#4416,#4417,#4418));
#4416=ORIENTED_EDGE('',*,*,#4419,.T.);
#4417=ORIENTED_EDGE('',*,*,#4420,.T.);
#4418=ORIENTED_EDGE('',*,*,#4421,.T.);
#4419=EDGE_CURVE('',#349,#347,#4422,.F.);
#4420=EDGE_CURVE('',#347,#351,#4423,.T.);
#4421=EDGE_CURVE('',#351,#349,#4424,.T.);
#4422=LINE('',#348,#4425);
#4423=LINE('',#346,#4426);
#4424=LINE('',#350,#4427);
#4425=VECTOR('',#4428,1.0);
#4426=VECTOR('',#4429,1.0);
#4427=VECTOR('',#4430,1.0);
#4428=DIRECTION('',(0.023739664830849477,0.057313142250864035,0.9980739612068092));
#4429=DIRECTION('',(-0.3826804604958138,-0.9238807634942466,0));
#4430=DIRECTION('',(0,0,-1));
#4431=FACE_SURFACE('',(#4436),#4432,.T.);
#4432=PLANE('',#4433);
#4433=AXIS2_PLACEMENT_3D('',#348,#4434,#4435);
#4434=DIRECTION('',(0.9914455395896883,-0.13052104055558153,0));
#4435=DIRECTION('',(0,0,1));
#4436=FACE_BOUND('',#4437,.T.);
#4437=EDGE_LOOP('',(#4438,#4439,#4440));
#4438=ORIENTED_EDGE('',*,*,#4441,.T.);
#4439=ORIENTED_EDGE('',*,*,#4442,.T.);
#4440=ORIENTED_EDGE('',*,*,#4443,.T.);
#4441=EDGE_CURVE('',#349,#351,#4444,.F.);
#4442=EDGE_CURVE('',#351,#271,#4445,.T.);
#4443=EDGE_CURVE('',#271,#349,#4446,.T.);
#4444=LINE('',#348,#4447);
#4445=LINE('',#350,#4448);
#4446=LINE('',#270,#4449);
#4447=VECTOR('',#4450,1.0);
#4448=VECTOR('',#4451,1.0);
#4449=VECTOR('',#4452,1.0);
#4450=DIRECTION('',(0,0,1));
#4451=DIRECTION('',(-0.008096940669135553,-0.0615048399596405,-0.9980739422574559));
#4452=DIRECTION('',(0.13052104055558156,0.9914455395896884,0));
#4453=FACE_SURFACE('',(#4458),#4454,.T.);
#4454=PLANE('',#4455);
#4455=AXIS2_PLACEMENT_3D('',#270,#4456,#4457);
#4456=DIRECTION('',(0.9914455395896883,-0.13052104055558153,0));
#4457=DIRECTION('',(0.008096940669135553,0.0615048399596405,0.9980739422574559));
#4458=FACE_BOUND('',#4459,.T.);
#4459=EDGE_LOOP('',(#4460,#4461,#4462));
#4460=ORIENTED_EDGE('',*,*,#4463,.T.);
#4461=ORIENTED_EDGE('',*,*,#4464,.T.);
#4462=ORIENTED_EDGE('',*,*,#4465,.T.);
#4463=EDGE_CURVE('',#271,#351,#4466,.F.);
#4464=EDGE_CURVE('',#351,#269,#4467,.T.);
#4465=EDGE_CURVE('',#269,#271,#4468,.T.);
#4466=LINE('',#270,#4469);
#4467=LINE('',#350,#4470);
#4468=LINE('',#268,#4471);
#4469=VECTOR('',#4472,1.0);
#4470=VECTOR('',#4473,1.0);
#4471=VECTOR('',#4474,1.0);
#4472=DIRECTION('',(0.008096940669135553,0.0615048399596405,0.9980739422574559));
#4473=DIRECTION('',(-0.13052104055558156,-0.9914455395896884,0));
#4474=DIRECTION('',(0,0,-1));
#4475=FACE_SURFACE('',(#4480),#4476,.T.);
#4476=PLANE('',#4477);
#4477=AXIS2_PLACEMENT_3D('',#352,#4478,#4479);
#4478=DIRECTION('',(2.6645352591003757E-15,1,8.458817507370324E-16));
#4479=DIRECTION('',(0,-8.458817507370324E-16,1));
#4480=FACE_BOUND('',#4481,.T.);
#4481=EDGE_LOOP('',(#4482,#4483,#4484));
#4482=ORIENTED_EDGE('',*,*,#4485,.T.);
#4483=ORIENTED_EDGE('',*,*,#4486,.T.);
#4484=ORIENTED_EDGE('',*,*,#4487,.T.);
#4485=EDGE_CURVE('',#353,#355,#4488,.F.);
#4486=EDGE_CURVE('',#355,#305,#4489,.T.);
#4487=EDGE_CURVE('',#305,#353,#4490,.T.);
#4488=LINE('',#352,#4491);
#4489=LINE('',#354,#4492);
#4490=LINE('',#304,#4493);
#4491=VECTOR('',#4494,1.0);
#4492=VECTOR('',#4495,1.0);
#4493=VECTOR('',#4496,1.0);
#4494=DIRECTION('',(0,-8.458817507370324E-16,1));
#4495=DIRECTION('',(0.42993256179498945,-3.8185682331270017E-16,-0.9028610038695866));
#4496=DIRECTION('',(-1,2.6645352591003757E-15,0));
#4497=FACE_SURFACE('',(#4502),#4498,.T.);
#4498=PLANE('',#4499);
#4499=AXIS2_PLACEMENT_3D('',#304,#4500,#4501);
#4500=DIRECTION('',(0,1,-4.229408753685162E-16));
#4501=DIRECTION('',(-0.42993256179498945,3.8185682331270017E-16,0.9028610038695866));
#4502=FACE_BOUND('',#4503,.T.);
#4503=EDGE_LOOP('',(#4504,#4505,#4506));
#4504=ORIENTED_EDGE('',*,*,#4507,.T.);
#4505=ORIENTED_EDGE('',*,*,#4508,.T.);
#4506=ORIENTED_EDGE('',*,*,#4509,.T.);
#4507=EDGE_CURVE('',#305,#355,#4510,.F.);
#4508=EDGE_CURVE('',#355,#307,#4511,.T.);
#4509=EDGE_CURVE('',#307,#305,#4512,.T.);
#4510=LINE('',#304,#4513);
#4511=LINE('',#354,#4514);
#4512=LINE('',#306,#4515);
#4513=VECTOR('',#4516,1.0);
#4514=VECTOR('',#4517,1.0);
#4515=VECTOR('',#4518,1.0);
#4516=DIRECTION('',(-0.42993256179498945,3.8185682331270017E-16,0.9028610038695866));
#4517=DIRECTION('',(1,0,0));
#4518=DIRECTION('',(0,-4.229408753685162E-16,-1));
#4519=FACE_SURFACE('',(#4524),#4520,.T.);
#4520=PLANE('',#4521);
#4521=AXIS2_PLACEMENT_3D('',#266,#4522,#4523);
#4522=DIRECTION('',(0.9914455045825404,0.1305213064716716,-0));
#4523=DIRECTION('',(0,0,1));
#4524=FACE_BOUND('',#4525,.T.);
#4525=EDGE_LOOP('',(#4526,#4527,#4528));
#4526=ORIENTED_EDGE('',*,*,#4529,.T.);
#4527=ORIENTED_EDGE('',*,*,#4530,.T.);
#4528=ORIENTED_EDGE('',*,*,#4531,.T.);
#4529=EDGE_CURVE('',#267,#265,#4532,.F.);
#4530=EDGE_CURVE('',#265,#357,#4533,.T.);
#4531=EDGE_CURVE('',#357,#267,#4534,.T.);
#4532=LINE('',#266,#4535);
#4533=LINE('',#264,#4536);
#4534=LINE('',#356,#4537);
#4535=VECTOR('',#4538,1.0);
#4536=VECTOR('',#4539,1.0);
#4537=VECTOR('',#4540,1.0);
#4538=DIRECTION('',(0,0,1));
#4539=DIRECTION('',(0.008096940732619596,-0.06150471296400401,-0.9980739500828522));
#4540=DIRECTION('',(-0.13052130647167157,0.9914455045825402,0));
#4541=FACE_SURFACE('',(#4546),#4542,.T.);
#4542=PLANE('',#4543);
#4543=AXIS2_PLACEMENT_3D('',#356,#4544,#4545);
#4544=DIRECTION('',(0.9914455045825404,0.1305213064716716,-0));
#4545=DIRECTION('',(-0.008096940732619596,0.06150471296400401,0.9980739500828522));
#4546=FACE_BOUND('',#4547,.T.);
#4547=EDGE_LOOP('',(#4548,#4549,#4550));
#4548=ORIENTED_EDGE('',*,*,#4551,.T.);
#4549=ORIENTED_EDGE('',*,*,#4552,.T.);
#4550=ORIENTED_EDGE('',*,*,#4553,.T.);
#4551=EDGE_CURVE('',#357,#265,#4554,.F.);
#4552=EDGE_CURVE('',#265,#359,#4555,.T.);
#4553=EDGE_CURVE('',#359,#357,#4556,.T.);
#4554=LINE('',#356,#4557);
#4555=LINE('',#264,#4558);
#4556=LINE('',#358,#4559);
#4557=VECTOR('',#4560,1.0);
#4558=VECTOR('',#4561,1.0);
#4559=VECTOR('',#4562,1.0);
#4560=DIRECTION('',(-0.008096940732619596,0.06150471296400401,0.9980739500828522));
#4561=DIRECTION('',(0.13052130647167157,-0.9914455045825402,0));
#4562=DIRECTION('',(0,0,-1));
#4563=FACE_SURFACE('',(#4568),#4564,.T.);
#4564=PLANE('',#4565);
#4565=AXIS2_PLACEMENT_3D('',#356,#4566,#4567);
#4566=DIRECTION('',(0.9238810309891089,0.38267981469957524,-0));
#4567=DIRECTION('',(0,0,1));
#4568=FACE_BOUND('',#4569,.T.);
#4569=EDGE_LOOP('',(#4570,#4571,#4572));
#4570=ORIENTED_EDGE('',*,*,#4573,.T.);
#4571=ORIENTED_EDGE('',*,*,#4574,.T.);
#4572=ORIENTED_EDGE('',*,*,#4575,.T.);
#4573=EDGE_CURVE('',#357,#359,#4576,.F.);
#4574=EDGE_CURVE('',#359,#361,#4577,.T.);
#4575=EDGE_CURVE('',#361,#357,#4578,.T.);
#4576=LINE('',#356,#4579);
#4577=LINE('',#358,#4580);
#4578=LINE('',#360,#4581);
#4579=VECTOR('',#4582,1.0);
#4580=VECTOR('',#4583,1.0);
#4581=VECTOR('',#4584,1.0);
#4582=DIRECTION('',(0,0,1));
#4583=DIRECTION('',(0.02373966467667535,-0.05731325519230971,-0.9980739547249493));
#4584=DIRECTION('',(-0.3826798146995753,0.9238810309891089,0));
#4585=FACE_SURFACE('',(#4590),#4586,.T.);
#4586=PLANE('',#4587);
#4587=AXIS2_PLACEMENT_3D('',#360,#4588,#4589);
#4588=DIRECTION('',(0.9238810644258714,0.3826797339751855,5.43081507433395E-09));
#4589=DIRECTION('',(-0.02373966467667535,0.05731325519230971,0.9980739547249493));
#4590=FACE_BOUND('',#4591,.T.);
#4591=EDGE_LOOP('',(#4592,#4593,#4594));
#4592=ORIENTED_EDGE('',*,*,#4595,.T.);
#4593=ORIENTED_EDGE('',*,*,#4596,.T.);
#4594=ORIENTED_EDGE('',*,*,#4597,.T.);
#4595=EDGE_CURVE('',#361,#359,#4598,.F.);
#4596=EDGE_CURVE('',#359,#363,#4599,.T.);
#4597=EDGE_CURVE('',#363,#361,#4600,.T.);
#4598=LINE('',#360,#4601);
#4599=LINE('',#358,#4602);
#4600=LINE('',#362,#4603);
#4601=VECTOR('',#4604,1.0);
#4602=VECTOR('',#4605,1.0);
#4603=VECTOR('',#4606,1.0);
#4604=DIRECTION('',(-0.02373966467667535,0.05731325519230971,0.9980739547249493));
#4605=DIRECTION('',(0.3826797339751855,-0.9238810644258714,0));
#4606=DIRECTION('',(0,1.4191540842573351E-08,-1));
#4607=FACE_SURFACE('',(#4612),#4608,.T.);
#4608=PLANE('',#4609);
#4609=AXIS2_PLACEMENT_3D('',#360,#4610,#4611);
#4610=DIRECTION('',(0.7933502841662512,0.6087654118076423,8.639319205214143E-09));
#4611=DIRECTION('',(0,-1.4191540842573351E-08,1));
#4612=FACE_BOUND('',#4613,.T.);
#4613=EDGE_LOOP('',(#4614,#4615,#4616));
#4614=ORIENTED_EDGE('',*,*,#4617,.T.);
#4615=ORIENTED_EDGE('',*,*,#4618,.T.);
#4616=ORIENTED_EDGE('',*,*,#4619,.T.);
#4617=EDGE_CURVE('',#361,#363,#4620,.F.);
#4618=EDGE_CURVE('',#363,#365,#4621,.T.);
#4619=EDGE_CURVE('',#365,#361,#4622,.T.);
#4620=LINE('',#360,#4623);
#4621=LINE('',#362,#4624);
#4622=LINE('',#364,#4625);
#4623=VECTOR('',#4626,1.0);
#4624=VECTOR('',#4627,1.0);
#4625=VECTOR('',#4628,1.0);
#4626=DIRECTION('',(0,-1.4191540842573351E-08,1));
#4627=DIRECTION('',(0.03776517523454398,-0.04921600882722542,-0.9980739331405377));
#4628=DIRECTION('',(-0.6087654118076424,0.7933502841662512,0));
#4629=FACE_SURFACE('',(#4634),#4630,.T.);
#4630=PLANE('',#4631);
#4631=AXIS2_PLACEMENT_3D('',#364,#4632,#4633);
#4632=DIRECTION('',(0.7933501995505835,0.6087655220797653,-0));
#4633=DIRECTION('',(-0.03776517523454398,0.04921600882722542,0.9980739331405377));
#4634=FACE_BOUND('',#4635,.T.);
#4635=EDGE_LOOP('',(#4636,#4637,#4638));
#4636=ORIENTED_EDGE('',*,*,#4639,.T.);
#4637=ORIENTED_EDGE('',*,*,#4640,.T.);
#4638=ORIENTED_EDGE('',*,*,#4641,.T.);
#4639=EDGE_CURVE('',#365,#363,#4642,.F.);
#4640=EDGE_CURVE('',#363,#367,#4643,.T.);
#4641=EDGE_CURVE('',#367,#365,#4644,.T.);
#4642=LINE('',#364,#4645);
#4643=LINE('',#362,#4646);
#4644=LINE('',#366,#4647);
#4645=VECTOR('',#4648,1.0);
#4646=VECTOR('',#4649,1.0);
#4647=VECTOR('',#4650,1.0);
#4648=DIRECTION('',(-0.03776517523454398,0.04921600882722542,0.9980739331405377));
#4649=DIRECTION('',(0.6087655220797654,-0.7933501995505835,0));
#4650=DIRECTION('',(0,0,-1));
#4651=FACE_SURFACE('',(#4656),#4652,.T.);
#4652=PLANE('',#4653);
#4653=AXIS2_PLACEMENT_3D('',#364,#4654,#4655);
#4654=DIRECTION('',(0.6087600454891249,0.7933544019012426,-0));
#4655=DIRECTION('',(0,0,1));
#4656=FACE_BOUND('',#4657,.T.);
#4657=EDGE_LOOP('',(#4658,#4659,#4660));
#4658=ORIENTED_EDGE('',*,*,#4661,.T.);
#4659=ORIENTED_EDGE('',*,*,#4662,.T.);
#4660=ORIENTED_EDGE('',*,*,#4663,.T.);
#4661=EDGE_CURVE('',#365,#367,#4664,.F.);
#4662=EDGE_CURVE('',#367,#369,#4665,.T.);
#4663=EDGE_CURVE('',#369,#365,#4666,.T.);
#4664=LINE('',#364,#4667);
#4665=LINE('',#366,#4668);
#4666=LINE('',#368,#4669);
#4667=VECTOR('',#4670,1.0);
#4668=VECTOR('',#4671,1.0);
#4669=VECTOR('',#4672,1.0);
#4670=DIRECTION('',(0,0,1));
#4671=DIRECTION('',(0.049216200311403176,-0.037764782382969916,-0.9980739385629077));
#4672=DIRECTION('',(-0.7933544019012427,0.608760045489125,0));
#4673=FACE_SURFACE('',(#4678),#4674,.T.);
#4674=PLANE('',#4675);
#4675=AXIS2_PLACEMENT_3D('',#368,#4676,#4677);
#4676=DIRECTION('',(0.6087600454891249,0.7933544019012426,-0));
#4677=DIRECTION('',(-0.049216200311403176,0.037764782382969916,0.9980739385629077));
#4678=FACE_BOUND('',#4679,.T.);
#4679=EDGE_LOOP('',(#4680,#4681,#4682));
#4680=ORIENTED_EDGE('',*,*,#4683,.T.);
#4681=ORIENTED_EDGE('',*,*,#4684,.T.);
#4682=ORIENTED_EDGE('',*,*,#4685,.T.);
#4683=EDGE_CURVE('',#369,#367,#4686,.F.);
#4684=EDGE_CURVE('',#367,#371,#4687,.T.);
#4685=EDGE_CURVE('',#371,#369,#4688,.T.);
#4686=LINE('',#368,#4689);
#4687=LINE('',#366,#4690);
#4688=LINE('',#370,#4691);
#4689=VECTOR('',#4692,1.0);
#4690=VECTOR('',#4693,1.0);
#4691=VECTOR('',#4694,1.0);
#4692=DIRECTION('',(-0.049216200311403176,0.037764782382969916,0.9980739385629077));
#4693=DIRECTION('',(0.7933544019012427,-0.608760045489125,0));
#4694=DIRECTION('',(0,0,-1));
#4695=FACE_SURFACE('',(#4700),#4696,.T.);
#4696=PLANE('',#4697);
#4697=AXIS2_PLACEMENT_3D('',#368,#4698,#4699);
#4698=DIRECTION('',(0.3826841633648344,0.9238792297209396,-0));
#4699=DIRECTION('',(0,0,1));
#4700=FACE_BOUND('',#4701,.T.);
#4701=EDGE_LOOP('',(#4702,#4703,#4704));
#4702=ORIENTED_EDGE('',*,*,#4705,.T.);
#4703=ORIENTED_EDGE('',*,*,#4706,.T.);
#4704=ORIENTED_EDGE('',*,*,#4707,.T.);
#4705=EDGE_CURVE('',#369,#371,#4708,.F.);
#4706=EDGE_CURVE('',#371,#373,#4709,.T.);
#4707=EDGE_CURVE('',#373,#369,#4710,.T.);
#4708=LINE('',#368,#4711);
#4709=LINE('',#370,#4712);
#4710=LINE('',#372,#4713);
#4711=VECTOR('',#4714,1.0);
#4712=VECTOR('',#4715,1.0);
#4713=VECTOR('',#4716,1.0);
#4714=DIRECTION('',(0,0,1));
#4715=DIRECTION('',(0.057313141884698764,-0.02373993379911882,-0.998073954830261));
#4716=DIRECTION('',(-0.9238792297209396,0.3826841633648344,0));
#4717=FACE_SURFACE('',(#4722),#4718,.T.);
#4718=PLANE('',#4719);
#4719=AXIS2_PLACEMENT_3D('',#372,#4720,#4721);
#4720=DIRECTION('',(0.3826841633648344,0.9238792297209396,-0));
#4721=DIRECTION('',(-0.057313141884698764,0.02373993379911882,0.998073954830261));
#4722=FACE_BOUND('',#4723,.T.);
#4723=EDGE_LOOP('',(#4724,#4725,#4726));
#4724=ORIENTED_EDGE('',*,*,#4727,.T.);
#4725=ORIENTED_EDGE('',*,*,#4728,.T.);
#4726=ORIENTED_EDGE('',*,*,#4729,.T.);
#4727=EDGE_CURVE('',#373,#371,#4730,.F.);
#4728=EDGE_CURVE('',#371,#375,#4731,.T.);
#4729=EDGE_CURVE('',#375,#373,#4732,.T.);
#4730=LINE('',#372,#4733);
#4731=LINE('',#370,#4734);
#4732=LINE('',#374,#4735);
#4733=VECTOR('',#4736,1.0);
#4734=VECTOR('',#4737,1.0);
#4735=VECTOR('',#4738,1.0);
#4736=DIRECTION('',(-0.057313141884698764,0.02373993379911882,0.998073954830261));
#4737=DIRECTION('',(0.9238792297209396,-0.3826841633648344,0));
#4738=DIRECTION('',(0,0,-1));
#4739=FACE_SURFACE('',(#4744),#4740,.T.);
#4740=PLANE('',#4741);
#4741=AXIS2_PLACEMENT_3D('',#372,#4742,#4743);
#4742=DIRECTION('',(0.1305259220006158,0.9914448969488364,-0));
#4743=DIRECTION('',(0,0,1));
#4744=FACE_BOUND('',#4745,.T.);
#4745=EDGE_LOOP('',(#4746,#4747,#4748));
#4746=ORIENTED_EDGE('',*,*,#4749,.T.);
#4747=ORIENTED_EDGE('',*,*,#4750,.T.);
#4748=ORIENTED_EDGE('',*,*,#4751,.T.);
#4749=EDGE_CURVE('',#373,#375,#4752,.F.);
#4750=EDGE_CURVE('',#375,#353,#4753,.T.);
#4751=EDGE_CURVE('',#353,#373,#4754,.T.);
#4752=LINE('',#372,#4755);
#4753=LINE('',#374,#4756);
#4754=LINE('',#352,#4757);
#4755=VECTOR('',#4758,1.0);
#4756=VECTOR('',#4759,1.0);
#4757=VECTOR('',#4760,1.0);
#4758=DIRECTION('',(0,0,1));
#4759=DIRECTION('',(0.06150483980621766,-0.008097248720441012,-0.9980739397677764));
#4760=DIRECTION('',(-0.9914448969488365,0.1305259220006158,0));
#4761=FACE_SURFACE('',(#4766),#4762,.T.);
#4762=PLANE('',#4763);
#4763=AXIS2_PLACEMENT_3D('',#352,#4764,#4765);
#4764=DIRECTION('',(0.1305259220006292,0.9914448969488349,8.38645145190377E-16));
#4765=DIRECTION('',(-0.06150483980621766,0.008097248720441012,0.9980739397677764));
#4766=FACE_BOUND('',#4767,.T.);
#4767=EDGE_LOOP('',(#4768,#4769,#4770));
#4768=ORIENTED_EDGE('',*,*,#4771,.T.);
#4769=ORIENTED_EDGE('',*,*,#4772,.T.);
#4770=ORIENTED_EDGE('',*,*,#4773,.T.);
#4771=EDGE_CURVE('',#353,#375,#4774,.F.);
#4772=EDGE_CURVE('',#375,#355,#4775,.T.);
#4773=EDGE_CURVE('',#355,#353,#4776,.T.);
#4774=LINE('',#352,#4777);
#4775=LINE('',#374,#4778);
#4776=LINE('',#354,#4779);
#4777=VECTOR('',#4780,1.0);
#4778=VECTOR('',#4781,1.0);
#4779=VECTOR('',#4782,1.0);
#4780=DIRECTION('',(-0.06150483980621766,0.008097248720441012,0.9980739397677764));
#4781=DIRECTION('',(0.9914448969488349,-0.1305259220006292,0));
#4782=DIRECTION('',(0,8.458817507370324E-16,-1));
#4783=FACE_SURFACE('',(#4788),#4784,.T.);
#4784=PLANE('',#4785);
#4785=AXIS2_PLACEMENT_3D('',#358,#4786,#4787);
#4786=DIRECTION('',(0,0,1));
#4787=DIRECTION('',(-0.13052130647167157,0.9914455045825402,0));
#4788=FACE_BOUND('',#4789,.T.);
#4789=EDGE_LOOP('',(#4790,#4791,#4792));
#4790=ORIENTED_EDGE('',*,*,#4793,.T.);
#4791=ORIENTED_EDGE('',*,*,#4794,.T.);
#4792=ORIENTED_EDGE('',*,*,#4795,.T.);
#4793=EDGE_CURVE('',#359,#265,#4796,.F.);
#4794=EDGE_CURVE('',#265,#377,#4797,.T.);
#4795=EDGE_CURVE('',#377,#359,#4798,.T.);
#4796=LINE('',#358,#4799);
#4797=LINE('',#264,#4800);
#4798=LINE('',#376,#4801);
#4799=VECTOR('',#4802,1.0);
#4800=VECTOR('',#4803,1.0);
#4801=VECTOR('',#4804,1.0);
#4802=DIRECTION('',(-0.13052130647167157,0.9914455045825402,0));
#4803=DIRECTION('',(-0.8288486694938114,-0.5594728617889688,0));
#4804=DIRECTION('',(0.8423011780091023,0.5390071664871244,0));
#4805=FACE_SURFACE('',(#4810),#4806,.T.);
#4806=PLANE('',#4807);
#4807=AXIS2_PLACEMENT_3D('',#376,#4808,#4809);
#4808=DIRECTION('',(0,0,1));
#4809=DIRECTION('',(0.8288486694938114,0.5594728617889688,0));
#4810=FACE_BOUND('',#4811,.T.);
#4811=EDGE_LOOP('',(#4812,#4813,#4814));
#4812=ORIENTED_EDGE('',*,*,#4815,.T.);
#4813=ORIENTED_EDGE('',*,*,#4816,.T.);
#4814=ORIENTED_EDGE('',*,*,#4817,.T.);
#4815=EDGE_CURVE('',#377,#265,#4818,.F.);
#4816=EDGE_CURVE('',#265,#269,#4819,.T.);
#4817=EDGE_CURVE('',#269,#377,#4820,.T.);
#4818=LINE('',#376,#4821);
#4819=LINE('',#264,#4822);
#4820=LINE('',#268,#4823);
#4821=VECTOR('',#4824,1.0);
#4822=VECTOR('',#4825,1.0);
#4823=VECTOR('',#4826,1.0);
#4824=DIRECTION('',(0.8288486694938114,0.5594728617889688,0));
#4825=DIRECTION('',(0,1,0));
#4826=DIRECTION('',(-0.22043000939761997,-0.9754027942121989,0));
#4827=FACE_SURFACE('',(#4832),#4828,.T.);
#4828=PLANE('',#4829);
#4829=AXIS2_PLACEMENT_3D('',#376,#4830,#4831);
#4830=DIRECTION('',(0,0,1));
#4831=DIRECTION('',(0.22043000939761997,0.9754027942121989,0));
#4832=FACE_BOUND('',#4833,.T.);
#4833=EDGE_LOOP('',(#4834,#4835,#4836));
#4834=ORIENTED_EDGE('',*,*,#4837,.T.);
#4835=ORIENTED_EDGE('',*,*,#4838,.T.);
#4836=ORIENTED_EDGE('',*,*,#4839,.T.);
#4837=EDGE_CURVE('',#377,#269,#4840,.F.);
#4838=EDGE_CURVE('',#269,#379,#4841,.T.);
#4839=EDGE_CURVE('',#379,#377,#4842,.T.);
#4840=LINE('',#376,#4843);
#4841=LINE('',#268,#4844);
#4842=LINE('',#378,#4845);
#4843=VECTOR('',#4846,1.0);
#4844=VECTOR('',#4847,1.0);
#4845=VECTOR('',#4848,1.0);
#4846=DIRECTION('',(0.22043000939761997,0.9754027942121989,0));
#4847=DIRECTION('',(-0.8288486007662591,0.5594729636075495,0));
#4848=DIRECTION('',(0,-1,0));
#4849=FACE_SURFACE('',(#4854),#4850,.T.);
#4850=PLANE('',#4851);
#4851=AXIS2_PLACEMENT_3D('',#378,#4852,#4853);
#4852=DIRECTION('',(0,0,1));
#4853=DIRECTION('',(0.8288486007662591,-0.5594729636075495,0));
#4854=FACE_BOUND('',#4855,.T.);
#4855=EDGE_LOOP('',(#4856,#4857,#4858));
#4856=ORIENTED_EDGE('',*,*,#4859,.T.);
#4857=ORIENTED_EDGE('',*,*,#4860,.T.);
#4858=ORIENTED_EDGE('',*,*,#4861,.T.);
#4859=EDGE_CURVE('',#379,#269,#4862,.F.);
#4860=EDGE_CURVE('',#269,#351,#4863,.T.);
#4861=EDGE_CURVE('',#351,#379,#4864,.T.);
#4862=LINE('',#378,#4865);
#4863=LINE('',#268,#4866);
#4864=LINE('',#350,#4867);
#4865=VECTOR('',#4868,1.0);
#4866=VECTOR('',#4869,1.0);
#4867=VECTOR('',#4870,1.0);
#4868=DIRECTION('',(0.8288486007662591,-0.5594729636075495,0));
#4869=DIRECTION('',(0.13052104055558156,0.9914455395896884,0));
#4870=DIRECTION('',(-0.8423011354526949,0.5390072329895961,0));
#4871=FACE_SURFACE('',(#4876),#4872,.T.);
#4872=PLANE('',#4873);
#4873=AXIS2_PLACEMENT_3D('',#378,#4874,#4875);
#4874=DIRECTION('',(0,0,1));
#4875=DIRECTION('',(0.8423011354526949,-0.5390072329895961,0));
#4876=FACE_BOUND('',#4877,.T.);
#4877=EDGE_LOOP('',(#4878,#4879,#4880));
#4878=ORIENTED_EDGE('',*,*,#4881,.T.);
#4879=ORIENTED_EDGE('',*,*,#4882,.T.);
#4880=ORIENTED_EDGE('',*,*,#4883,.T.);
#4881=EDGE_CURVE('',#379,#351,#4884,.F.);
#4882=EDGE_CURVE('',#351,#347,#4885,.T.);
#4883=EDGE_CURVE('',#347,#379,#4886,.T.);
#4884=LINE('',#378,#4887);
#4885=LINE('',#350,#4888);
#4886=LINE('',#346,#4889);
#4887=VECTOR('',#4890,1.0);
#4888=VECTOR('',#4891,1.0);
#4889=VECTOR('',#4892,1.0);
#4890=DIRECTION('',(0.8423011354526949,-0.5390072329895961,0));
#4891=DIRECTION('',(0.3826804604958138,0.9238807634942466,0));
#4892=DIRECTION('',(-0.8565801206488748,0.5160140472013907,0));
#4893=FACE_SURFACE('',(#4898),#4894,.T.);
#4894=PLANE('',#4895);
#4895=AXIS2_PLACEMENT_3D('',#346,#4896,#4897);
#4896=DIRECTION('',(0,-0,1));
#4897=DIRECTION('',(0.6087640334084832,0.7933513418582181,0));
#4898=FACE_BOUND('',#4899,.T.);
#4899=EDGE_LOOP('',(#4900,#4901,#4902));
#4900=ORIENTED_EDGE('',*,*,#4903,.T.);
#4901=ORIENTED_EDGE('',*,*,#4904,.T.);
#4902=ORIENTED_EDGE('',*,*,#4905,.T.);
#4903=EDGE_CURVE('',#347,#343,#4906,.F.);
#4904=EDGE_CURVE('',#343,#379,#4907,.T.);
#4905=EDGE_CURVE('',#379,#347,#4908,.T.);
#4906=LINE('',#346,#4909);
#4907=LINE('',#342,#4910);
#4908=LINE('',#378,#4911);
#4909=VECTOR('',#4912,1.0);
#4910=VECTOR('',#4913,1.0);
#4911=VECTOR('',#4914,1.0);
#4912=DIRECTION('',(0.6087640334084832,0.7933513418582181,0));
#4913=DIRECTION('',(-0.870310660936136,0.49250315071165407,0));
#4914=DIRECTION('',(0.8565801206488748,-0.5160140472013907,0));
#4915=FACE_SURFACE('',(#4920),#4916,.T.);
#4916=PLANE('',#4917);
#4917=AXIS2_PLACEMENT_3D('',#378,#4918,#4919);
#4918=DIRECTION('',(0,0,1));
#4919=DIRECTION('',(0.870310660936136,-0.49250315071165407,0));
#4920=FACE_BOUND('',#4921,.T.);
#4921=EDGE_LOOP('',(#4922,#4923,#4924));
#4922=ORIENTED_EDGE('',*,*,#4925,.T.);
#4923=ORIENTED_EDGE('',*,*,#4926,.T.);
#4924=ORIENTED_EDGE('',*,*,#4927,.T.);
#4925=EDGE_CURVE('',#379,#343,#4928,.F.);
#4926=EDGE_CURVE('',#343,#339,#4929,.T.);
#4927=EDGE_CURVE('',#339,#379,#4930,.T.);
#4928=LINE('',#378,#4931);
#4929=LINE('',#342,#4932);
#4930=LINE('',#338,#4933);
#4931=VECTOR('',#4934,1.0);
#4932=VECTOR('',#4935,1.0);
#4933=VECTOR('',#4936,1.0);
#4934=DIRECTION('',(0.870310660936136,-0.49250315071165407,0));
#4935=DIRECTION('',(0.793354870556795,0.6087594347226258,0));
#4936=DIRECTION('',(-0.8823252568902266,0.47064013965406293,0));
#4937=FACE_SURFACE('',(#4942),#4938,.T.);
#4938=PLANE('',#4939);
#4939=AXIS2_PLACEMENT_3D('',#378,#4940,#4941);
#4940=DIRECTION('',(0,0,1));
#4941=DIRECTION('',(0.8823252568902266,-0.47064013965406293,0));
#4942=FACE_BOUND('',#4943,.T.);
#4943=EDGE_LOOP('',(#4944,#4945,#4946));
#4944=ORIENTED_EDGE('',*,*,#4947,.T.);
#4945=ORIENTED_EDGE('',*,*,#4948,.T.);
#4946=ORIENTED_EDGE('',*,*,#4949,.T.);
#4947=EDGE_CURVE('',#379,#339,#4950,.F.);
#4948=EDGE_CURVE('',#339,#335,#4951,.T.);
#4949=EDGE_CURVE('',#335,#379,#4952,.T.);
#4950=LINE('',#378,#4953);
#4951=LINE('',#338,#4954);
#4952=LINE('',#334,#4955);
#4953=VECTOR('',#4956,1.0);
#4954=VECTOR('',#4957,1.0);
#4955=VECTOR('',#4958,1.0);
#4956=DIRECTION('',(0.8823252568902266,-0.47064013965406293,0));
#4957=DIRECTION('',(0.9238781802914813,0.3826866968961701,0));
#4958=DIRECTION('',(-0.8918213848775095,0.45238768492871373,0));
#4959=FACE_SURFACE('',(#4964),#4960,.T.);
#4960=PLANE('',#4961);
#4961=AXIS2_PLACEMENT_3D('',#334,#4962,#4963);
#4962=DIRECTION('',(0,-0,1));
#4963=DIRECTION('',(0.9914455395896884,0.13052104055558156,0));
#4964=FACE_BOUND('',#4965,.T.);
#4965=EDGE_LOOP('',(#4966,#4967,#4968));
#4966=ORIENTED_EDGE('',*,*,#4969,.T.);
#4967=ORIENTED_EDGE('',*,*,#4970,.T.);
#4968=ORIENTED_EDGE('',*,*,#4971,.T.);
#4969=EDGE_CURVE('',#335,#329,#4972,.F.);
#4970=EDGE_CURVE('',#329,#379,#4973,.T.);
#4971=EDGE_CURVE('',#379,#335,#4974,.T.);
#4972=LINE('',#334,#4975);
#4973=LINE('',#328,#4976);
#4974=LINE('',#378,#4977);
#4975=VECTOR('',#4978,1.0);
#4976=VECTOR('',#4979,1.0);
#4977=VECTOR('',#4980,1.0);
#4978=DIRECTION('',(0.9914455395896884,0.13052104055558156,0));
#4979=DIRECTION('',(-0.8983843008192235,0.4392102549366931,0));
#4980=DIRECTION('',(0.8918213848775095,-0.45238768492871373,0));
#4981=FACE_SURFACE('',(#4986),#4982,.T.);
#4982=PLANE('',#4983);
#4983=AXIS2_PLACEMENT_3D('',#378,#4984,#4985);
#4984=DIRECTION('',(0,0,1));
#4985=DIRECTION('',(0.8983843008192235,-0.4392102549366931,0));
#4986=FACE_BOUND('',#4987,.T.);
#4987=EDGE_LOOP('',(#4988,#4989,#4990));
#4988=ORIENTED_EDGE('',*,*,#4991,.T.);
#4989=ORIENTED_EDGE('',*,*,#4992,.T.);
#4990=ORIENTED_EDGE('',*,*,#4993,.T.);
#4991=EDGE_CURVE('',#379,#329,#4994,.F.);
#4992=EDGE_CURVE('',#329,#303,#4995,.T.);
#4993=EDGE_CURVE('',#303,#379,#4996,.T.);
#4994=LINE('',#378,#4997);
#4995=LINE('',#328,#4998);
#4996=LINE('',#302,#4999);
#4997=VECTOR('',#5000,1.0);
#4998=VECTOR('',#5001,1.0);
#4999=VECTOR('',#5002,1.0);
#5000=DIRECTION('',(0.8983843008192235,-0.4392102549366931,0));
#5001=DIRECTION('',(1,0,0));
#5002=DIRECTION('',(-0.9284766464732487,0.37139078738411124,0));
#5003=FACE_SURFACE('',(#5008),#5004,.T.);
#5004=PLANE('',#5005);
#5005=AXIS2_PLACEMENT_3D('',#378,#5006,#5007);
#5006=DIRECTION('',(-0,0,1));
#5007=DIRECTION('',(0.9284766464732487,-0.37139078738411124,0));
#5008=FACE_BOUND('',#5009,.T.);
#5009=EDGE_LOOP('',(#5010,#5011,#5012));
#5010=ORIENTED_EDGE('',*,*,#5013,.T.);
#5011=ORIENTED_EDGE('',*,*,#5014,.T.);
#5012=ORIENTED_EDGE('',*,*,#5015,.T.);
#5013=EDGE_CURVE('',#379,#303,#5016,.F.);
#5014=EDGE_CURVE('',#303,#261,#5017,.T.);
#5015=EDGE_CURVE('',#261,#379,#5018,.T.);
#5016=LINE('',#378,#5019);
#5017=LINE('',#302,#5020);
#5018=LINE('',#260,#5021);
#5019=VECTOR('',#5022,1.0);
#5020=VECTOR('',#5023,1.0);
#5021=VECTOR('',#5024,1.0);
#5022=DIRECTION('',(0.9284766464732487,-0.37139078738411124,0));
#5023=DIRECTION('',(0.9662349099398264,0.2576627617906315,0));
#5024=DIRECTION('',(-1,0,0));
#5025=FACE_SURFACE('',(#5030),#5026,.T.);
#5026=PLANE('',#5027);
#5027=AXIS2_PLACEMENT_3D('',#260,#5028,#5029);
#5028=DIRECTION('',(0,0,1));
#5029=DIRECTION('',(-0.9662349099398264,-0.2576627617906315,0));
#5030=FACE_BOUND('',#5031,.T.);
#5031=EDGE_LOOP('',(#5032,#5033,#5034));
#5032=ORIENTED_EDGE('',*,*,#5035,.T.);
#5033=ORIENTED_EDGE('',*,*,#5036,.T.);
#5034=ORIENTED_EDGE('',*,*,#5037,.T.);
#5035=EDGE_CURVE('',#261,#303,#5038,.F.);
#5036=EDGE_CURVE('',#303,#299,#5039,.T.);
#5037=EDGE_CURVE('',#299,#261,#5040,.T.);
#5038=LINE('',#260,#5041);
#5039=LINE('',#302,#5042);
#5040=LINE('',#298,#5043);
#5041=VECTOR('',#5044,1.0);
#5042=VECTOR('',#5045,1.0);
#5043=VECTOR('',#5046,1.0);
#5044=DIRECTION('',(-0.9662349099398264,-0.2576627617906315,0));
#5045=DIRECTION('',(0.99144529064532,-0.13052293153778352,0));
#5046=DIRECTION('',(0.96469350789659,0.2633750858038244,0));
#5047=FACE_SURFACE('',(#5052),#5048,.T.);
#5048=PLANE('',#5049);
#5049=AXIS2_PLACEMENT_3D('',#260,#5050,#5051);
#5050=DIRECTION('',(0,0,1));
#5051=DIRECTION('',(-0.96469350789659,-0.2633750858038244,0));
#5052=FACE_BOUND('',#5053,.T.);
#5053=EDGE_LOOP('',(#5054,#5055,#5056));
#5054=ORIENTED_EDGE('',*,*,#5057,.T.);
#5055=ORIENTED_EDGE('',*,*,#5058,.T.);
#5056=ORIENTED_EDGE('',*,*,#5059,.T.);
#5057=EDGE_CURVE('',#261,#299,#5060,.F.);
#5058=EDGE_CURVE('',#299,#295,#5061,.T.);
#5059=EDGE_CURVE('',#295,#261,#5062,.T.);
#5060=LINE('',#260,#5063);
#5061=LINE('',#298,#5064);
#5062=LINE('',#294,#5065);
#5063=VECTOR('',#5066,1.0);
#5064=VECTOR('',#5067,1.0);
#5065=VECTOR('',#5068,1.0);
#5066=DIRECTION('',(-0.96469350789659,-0.2633750858038244,0));
#5067=DIRECTION('',(0.9238803202762261,-0.3826815305267528,0));
#5068=DIRECTION('',(0.9621165876693153,0.27263835337595604,0));
#5069=FACE_SURFACE('',(#5074),#5070,.T.);
#5070=PLANE('',#5071);
#5071=AXIS2_PLACEMENT_3D('',#294,#5072,#5073);
#5072=DIRECTION('',(-0,0,1));
#5073=DIRECTION('',(0.7933494551558762,-0.6087664921822442,0));
#5074=FACE_BOUND('',#5075,.T.);
#5075=EDGE_LOOP('',(#5076,#5077,#5078));
#5076=ORIENTED_EDGE('',*,*,#5079,.T.);
#5077=ORIENTED_EDGE('',*,*,#5080,.T.);
#5078=ORIENTED_EDGE('',*,*,#5081,.T.);
#5079=EDGE_CURVE('',#295,#291,#5082,.F.);
#5080=EDGE_CURVE('',#291,#261,#5083,.T.);
#5081=EDGE_CURVE('',#261,#295,#5084,.T.);
#5082=LINE('',#294,#5085);
#5083=LINE('',#290,#5086);
#5084=LINE('',#260,#5087);
#5085=VECTOR('',#5088,1.0);
#5086=VECTOR('',#5089,1.0);
#5087=VECTOR('',#5090,1.0);
#5088=DIRECTION('',(0.7933494551558762,-0.6087664921822442,0));
#5089=DIRECTION('',(0.9585743286295626,0.28484251173654396,0));
#5090=DIRECTION('',(-0.9621165876693153,-0.27263835337595604,0));
#5091=FACE_SURFACE('',(#5096),#5092,.T.);
#5092=PLANE('',#5093);
#5093=AXIS2_PLACEMENT_3D('',#260,#5094,#5095);
#5094=DIRECTION('',(0,0,1));
#5095=DIRECTION('',(-0.9585743286295626,-0.28484251173654396,0));
#5096=FACE_BOUND('',#5097,.T.);
#5097=EDGE_LOOP('',(#5098,#5099,#5100));
#5098=ORIENTED_EDGE('',*,*,#5101,.T.);
#5099=ORIENTED_EDGE('',*,*,#5102,.T.);
#5100=ORIENTED_EDGE('',*,*,#5103,.T.);
#5101=EDGE_CURVE('',#261,#291,#5104,.F.);
#5102=EDGE_CURVE('',#291,#287,#5105,.T.);
#5103=EDGE_CURVE('',#287,#261,#5106,.T.);
#5104=LINE('',#260,#5107);
#5105=LINE('',#290,#5108);
#5106=LINE('',#286,#5109);
#5107=VECTOR('',#5110,1.0);
#5108=VECTOR('',#5111,1.0);
#5109=VECTOR('',#5112,1.0);
#5110=DIRECTION('',(-0.9585743286295626,-0.28484251173654396,0));
#5111=DIRECTION('',(0.6087640334084832,-0.7933513418582181,0));
#5112=DIRECTION('',(0.9542296855923506,0.29907475174999903,0));
#5113=FACE_SURFACE('',(#5118),#5114,.T.);
#5114=PLANE('',#5115);
#5115=AXIS2_PLACEMENT_3D('',#260,#5116,#5117);
#5116=DIRECTION('',(0,0,1));
#5117=DIRECTION('',(-0.9542296855923506,-0.29907475174999903,0));
#5118=FACE_BOUND('',#5119,.T.);
#5119=EDGE_LOOP('',(#5120,#5121,#5122));
#5120=ORIENTED_EDGE('',*,*,#5123,.T.);
#5121=ORIENTED_EDGE('',*,*,#5124,.T.);
#5122=ORIENTED_EDGE('',*,*,#5125,.T.);
#5123=EDGE_CURVE('',#261,#287,#5126,.F.);
#5124=EDGE_CURVE('',#287,#283,#5127,.T.);
#5125=EDGE_CURVE('',#283,#261,#5128,.T.);
#5126=LINE('',#260,#5129);
#5127=LINE('',#286,#5130);
#5128=LINE('',#282,#5131);
#5129=VECTOR('',#5132,1.0);
#5130=VECTOR('',#5133,1.0);
#5131=VECTOR('',#5134,1.0);
#5132=DIRECTION('',(-0.9542296855923506,-0.29907475174999903,0));
#5133=DIRECTION('',(0.3826804604958138,-0.9238807634942466,0));
#5134=DIRECTION('',(0.9493566253872636,0.3142005694350454,0));
#5135=FACE_SURFACE('',(#5140),#5136,.T.);
#5136=PLANE('',#5137);
#5137=AXIS2_PLACEMENT_3D('',#282,#5138,#5139);
#5138=DIRECTION('',(-0,0,1));
#5139=DIRECTION('',(0.13053540432077632,-0.9914436485342026,0));
#5140=FACE_BOUND('',#5141,.T.);
#5141=EDGE_LOOP('',(#5142,#5143,#5144));
#5142=ORIENTED_EDGE('',*,*,#5145,.T.);
#5143=ORIENTED_EDGE('',*,*,#5146,.T.);
#5144=ORIENTED_EDGE('',*,*,#5147,.T.);
#5145=EDGE_CURVE('',#283,#279,#5148,.F.);
#5146=EDGE_CURVE('',#279,#261,#5149,.T.);
#5147=EDGE_CURVE('',#261,#283,#5150,.T.);
#5148=LINE('',#282,#5151);
#5149=LINE('',#278,#5152);
#5150=LINE('',#260,#5153);
#5151=VECTOR('',#5154,1.0);
#5152=VECTOR('',#5155,1.0);
#5153=VECTOR('',#5156,1.0);
#5154=DIRECTION('',(0.13053540432077632,-0.9914436485342026,0));
#5155=DIRECTION('',(0.9443322534277612,0.32899330560977474,0));
#5156=DIRECTION('',(-0.9493566253872636,-0.3142005694350454,0));
#5157=FACE_SURFACE('',(#5162),#5158,.T.);
#5158=PLANE('',#5159);
#5159=AXIS2_PLACEMENT_3D('',#260,#5160,#5161);
#5160=DIRECTION('',(0,0,1));
#5161=DIRECTION('',(-0.9443322534277612,-0.32899330560977474,0));
#5162=FACE_BOUND('',#5163,.T.);
#5163=EDGE_LOOP('',(#5164,#5165,#5166));
#5164=ORIENTED_EDGE('',*,*,#5167,.T.);
#5165=ORIENTED_EDGE('',*,*,#5168,.T.);
#5166=ORIENTED_EDGE('',*,*,#5169,.T.);
#5167=EDGE_CURVE('',#261,#279,#5170,.F.);
#5168=EDGE_CURVE('',#279,#275,#5171,.T.);
#5169=EDGE_CURVE('',#275,#261,#5172,.T.);
#5170=LINE('',#260,#5173);
#5171=LINE('',#278,#5174);
#5172=LINE('',#274,#5175);
#5173=VECTOR('',#5176,1.0);
#5174=VECTOR('',#5177,1.0);
#5175=VECTOR('',#5178,1.0);
#5176=DIRECTION('',(-0.9443322534277612,-0.32899330560977474,0));
#5177=DIRECTION('',(0,-1,0));
#5178=DIRECTION('',(0.40109025473157456,0.9160385404334037,0));
#5179=FACE_SURFACE('',(#5184),#5180,.T.);
#5180=PLANE('',#5181);
#5181=AXIS2_PLACEMENT_3D('',#260,#5182,#5183);
#5182=DIRECTION('',(0,0,1));
#5183=DIRECTION('',(-0.40109025473157456,-0.9160385404334037,0));
#5184=FACE_BOUND('',#5185,.T.);
#5185=EDGE_LOOP('',(#5186,#5187,#5188));
#5186=ORIENTED_EDGE('',*,*,#5189,.T.);
#5187=ORIENTED_EDGE('',*,*,#5190,.T.);
#5188=ORIENTED_EDGE('',*,*,#5191,.T.);
#5189=EDGE_CURVE('',#261,#275,#5192,.F.);
#5190=EDGE_CURVE('',#275,#237,#5193,.T.);
#5191=EDGE_CURVE('',#237,#261,#5194,.T.);
#5192=LINE('',#260,#5195);
#5193=LINE('',#274,#5196);
#5194=LINE('',#236,#5197);
#5195=VECTOR('',#5198,1.0);
#5196=VECTOR('',#5199,1.0);
#5197=VECTOR('',#5200,1.0);
#5198=DIRECTION('',(-0.40109025473157456,-0.9160385404334037,0));
#5199=DIRECTION('',(0.9443322805045008,-0.3289932278895246,0));
#5200=DIRECTION('',(0,1,0));
#5201=FACE_SURFACE('',(#5206),#5202,.T.);
#5202=PLANE('',#5203);
#5203=AXIS2_PLACEMENT_3D('',#236,#5204,#5205);
#5204=DIRECTION('',(0,0,1));
#5205=DIRECTION('',(-0.9443322805045008,0.3289932278895246,0));
#5206=FACE_BOUND('',#5207,.T.);
#5207=EDGE_LOOP('',(#5208,#5209,#5210));
#5208=ORIENTED_EDGE('',*,*,#5211,.T.);
#5209=ORIENTED_EDGE('',*,*,#5212,.T.);
#5210=ORIENTED_EDGE('',*,*,#5213,.T.);
#5211=EDGE_CURVE('',#237,#275,#5214,.F.);
#5212=EDGE_CURVE('',#275,#327,#5215,.T.);
#5213=EDGE_CURVE('',#327,#237,#5216,.T.);
#5214=LINE('',#236,#5217);
#5215=LINE('',#274,#5218);
#5216=LINE('',#326,#5219);
#5217=VECTOR('',#5220,1.0);
#5218=VECTOR('',#5221,1.0);
#5219=VECTOR('',#5222,1.0);
#5220=DIRECTION('',(-0.9443322805045008,0.3289932278895246,0));
#5221=DIRECTION('',(-0.13053567026511576,-0.9914436135194159,0));
#5222=DIRECTION('',(0.9493566416859155,-0.3142005201886849,0));
#5223=FACE_SURFACE('',(#5228),#5224,.T.);
#5224=PLANE('',#5225);
#5225=AXIS2_PLACEMENT_3D('',#236,#5226,#5227);
#5226=DIRECTION('',(0,0,1));
#5227=DIRECTION('',(-0.9493566416859155,0.3142005201886849,0));
#5228=FACE_BOUND('',#5229,.T.);
#5229=EDGE_LOOP('',(#5230,#5231,#5232));
#5230=ORIENTED_EDGE('',*,*,#5233,.T.);
#5231=ORIENTED_EDGE('',*,*,#5234,.T.);
#5232=ORIENTED_EDGE('',*,*,#5235,.T.);
#5233=EDGE_CURVE('',#237,#327,#5236,.F.);
#5234=EDGE_CURVE('',#327,#323,#5237,.T.);
#5235=EDGE_CURVE('',#323,#237,#5238,.T.);
#5236=LINE('',#236,#5239);
#5237=LINE('',#326,#5240);
#5238=LINE('',#322,#5241);
#5239=VECTOR('',#5242,1.0);
#5240=VECTOR('',#5243,1.0);
#5241=VECTOR('',#5244,1.0);
#5242=DIRECTION('',(-0.9493566416859155,0.3142005201886849,0));
#5243=DIRECTION('',(-0.3826797339751855,-0.9238810644258714,0));
#5244=DIRECTION('',(0.9542297105100251,-0.2990746722475065,0));
#5245=FACE_SURFACE('',(#5250),#5246,.T.);
#5246=PLANE('',#5247);
#5247=AXIS2_PLACEMENT_3D('',#322,#5248,#5249);
#5248=DIRECTION('',(0,0,1));
#5249=DIRECTION('',(-0.6087655220797654,-0.7933501995505835,0));
#5250=FACE_BOUND('',#5251,.T.);
#5251=EDGE_LOOP('',(#5252,#5253,#5254));
#5252=ORIENTED_EDGE('',*,*,#5255,.T.);
#5253=ORIENTED_EDGE('',*,*,#5256,.T.);
#5254=ORIENTED_EDGE('',*,*,#5257,.T.);
#5255=EDGE_CURVE('',#323,#319,#5258,.F.);
#5256=EDGE_CURVE('',#319,#237,#5259,.T.);
#5257=EDGE_CURVE('',#237,#323,#5260,.T.);
#5258=LINE('',#322,#5261);
#5259=LINE('',#318,#5262);
#5260=LINE('',#236,#5263);
#5261=VECTOR('',#5264,1.0);
#5262=VECTOR('',#5265,1.0);
#5263=VECTOR('',#5266,1.0);
#5264=DIRECTION('',(-0.6087655220797654,-0.7933501995505835,0));
#5265=DIRECTION('',(0.9585743390015994,-0.2848424768317514,0));
#5266=DIRECTION('',(-0.9542297105100251,0.2990746722475065,0));
#5267=FACE_SURFACE('',(#5272),#5268,.T.);
#5268=PLANE('',#5269);
#5269=AXIS2_PLACEMENT_3D('',#236,#5270,#5271);
#5270=DIRECTION('',(0,0,1));
#5271=DIRECTION('',(-0.9585743390015994,0.2848424768317514,0));
#5272=FACE_BOUND('',#5273,.T.);
#5273=EDGE_LOOP('',(#5274,#5275,#5276));
#5274=ORIENTED_EDGE('',*,*,#5277,.T.);
#5275=ORIENTED_EDGE('',*,*,#5278,.T.);
#5276=ORIENTED_EDGE('',*,*,#5279,.T.);
#5277=EDGE_CURVE('',#237,#319,#5280,.F.);
#5278=EDGE_CURVE('',#319,#315,#5281,.T.);
#5279=EDGE_CURVE('',#315,#237,#5282,.T.);
#5280=LINE('',#236,#5283);
#5281=LINE('',#318,#5284);
#5282=LINE('',#314,#5285);
#5283=VECTOR('',#5286,1.0);
#5284=VECTOR('',#5287,1.0);
#5285=VECTOR('',#5288,1.0);
#5286=DIRECTION('',(-0.9585743390015994,0.2848424768317514,0));
#5287=DIRECTION('',(-0.7933489864926565,-0.6087671029474859,0));
#5288=DIRECTION('',(0.9621166015366984,-0.272638304439185,0));
#5289=FACE_SURFACE('',(#5294),#5290,.T.);
#5290=PLANE('',#5291);
#5291=AXIS2_PLACEMENT_3D('',#236,#5292,#5293);
#5292=DIRECTION('',(0,0,1));
#5293=DIRECTION('',(-0.9621166015366984,0.272638304439185,0));
#5294=FACE_BOUND('',#5295,.T.);
#5295=EDGE_LOOP('',(#5296,#5297,#5298));
#5296=ORIENTED_EDGE('',*,*,#5299,.T.);
#5297=ORIENTED_EDGE('',*,*,#5300,.T.);
#5298=ORIENTED_EDGE('',*,*,#5301,.T.);
#5299=EDGE_CURVE('',#237,#315,#5302,.F.);
#5300=EDGE_CURVE('',#315,#311,#5303,.T.);
#5301=EDGE_CURVE('',#311,#237,#5304,.T.);
#5302=LINE('',#236,#5305);
#5303=LINE('',#314,#5306);
#5304=LINE('',#310,#5307);
#5305=VECTOR('',#5308,1.0);
#5306=VECTOR('',#5309,1.0);
#5307=VECTOR('',#5310,1.0);
#5308=DIRECTION('',(-0.9621166015366984,0.272638304439185,0));
#5309=DIRECTION('',(-0.92388136967978,-0.38267899701788377,0));
#5310=DIRECTION('',(0.9646935094707683,-0.26337508003790483,0));
#5311=FACE_SURFACE('',(#5316),#5312,.T.);
#5312=PLANE('',#5313);
#5313=AXIS2_PLACEMENT_3D('',#310,#5314,#5315);
#5314=DIRECTION('',(0,0,1));
#5315=DIRECTION('',(-0.9914446479860067,-0.13052781305110175,0));
#5316=FACE_BOUND('',#5317,.T.);
#5317=EDGE_LOOP('',(#5318,#5319,#5320));
#5318=ORIENTED_EDGE('',*,*,#5321,.T.);
#5319=ORIENTED_EDGE('',*,*,#5322,.T.);
#5320=ORIENTED_EDGE('',*,*,#5323,.T.);
#5321=EDGE_CURVE('',#311,#307,#5324,.F.);
#5322=EDGE_CURVE('',#307,#237,#5325,.T.);
#5323=EDGE_CURVE('',#237,#311,#5326,.T.);
#5324=LINE('',#310,#5327);
#5325=LINE('',#306,#5328);
#5326=LINE('',#236,#5329);
#5327=VECTOR('',#5330,1.0);
#5328=VECTOR('',#5331,1.0);
#5329=VECTOR('',#5332,1.0);
#5330=DIRECTION('',(-0.9914446479860067,-0.13052781305110175,0));
#5331=DIRECTION('',(0.9662349303610199,-0.2576626852111786,0));
#5332=DIRECTION('',(-0.9646935094707683,0.26337508003790483,0));
#5333=FACE_SURFACE('',(#5338),#5334,.T.);
#5334=PLANE('',#5335);
#5335=AXIS2_PLACEMENT_3D('',#236,#5336,#5337);
#5336=DIRECTION('',(0,0,1));
#5337=DIRECTION('',(-0.9662349303610199,0.2576626852111786,0));
#5338=FACE_BOUND('',#5339,.T.);
#5339=EDGE_LOOP('',(#5340,#5341,#5342));
#5340=ORIENTED_EDGE('',*,*,#5343,.T.);
#5341=ORIENTED_EDGE('',*,*,#5344,.T.);
#5342=ORIENTED_EDGE('',*,*,#5345,.T.);
#5343=EDGE_CURVE('',#237,#307,#5346,.F.);
#5344=EDGE_CURVE('',#307,#377,#5347,.T.);
#5345=EDGE_CURVE('',#377,#237,#5348,.T.);
#5346=LINE('',#236,#5349);
#5347=LINE('',#306,#5350);
#5348=LINE('',#376,#5351);
#5349=VECTOR('',#5352,1.0);
#5350=VECTOR('',#5353,1.0);
#5351=VECTOR('',#5354,1.0);
#5352=DIRECTION('',(-0.9662349303610199,0.2576626852111786,0));
#5353=DIRECTION('',(-0.9284766872420869,-0.37139068546203463,0));
#5354=DIRECTION('',(1,0,0));
#5355=FACE_SURFACE('',(#5360),#5356,.T.);
#5356=PLANE('',#5357);
#5357=AXIS2_PLACEMENT_3D('',#376,#5358,#5359);
#5358=DIRECTION('',(0,0,1));
#5359=DIRECTION('',(0.9284766872420869,0.37139068546203463,0));
#5360=FACE_BOUND('',#5361,.T.);
#5361=EDGE_LOOP('',(#5362,#5363,#5364));
#5362=ORIENTED_EDGE('',*,*,#5365,.T.);
#5363=ORIENTED_EDGE('',*,*,#5366,.T.);
#5364=ORIENTED_EDGE('',*,*,#5367,.T.);
#5365=EDGE_CURVE('',#377,#307,#5368,.F.);
#5366=EDGE_CURVE('',#307,#355,#5369,.T.);
#5367=EDGE_CURVE('',#355,#377,#5370,.T.);
#5368=LINE('',#376,#5371);
#5369=LINE('',#306,#5372);
#5370=LINE('',#354,#5373);
#5371=VECTOR('',#5374,1.0);
#5372=VECTOR('',#5375,1.0);
#5373=VECTOR('',#5376,1.0);
#5374=DIRECTION('',(0.9284766872420869,0.37139068546203463,0));
#5375=DIRECTION('',(-1,0,0));
#5376=DIRECTION('',(-0.8983843559891248,-0.4392101420891887,0));
#5377=FACE_SURFACE('',(#5382),#5378,.T.);
#5378=PLANE('',#5379);
#5379=AXIS2_PLACEMENT_3D('',#376,#5380,#5381);
#5380=DIRECTION('',(0,0,1));
#5381=DIRECTION('',(0.8983843559891248,0.4392101420891887,0));
#5382=FACE_BOUND('',#5383,.T.);
#5383=EDGE_LOOP('',(#5384,#5385,#5386));
#5384=ORIENTED_EDGE('',*,*,#5387,.T.);
#5385=ORIENTED_EDGE('',*,*,#5388,.T.);
#5386=ORIENTED_EDGE('',*,*,#5389,.T.);
#5387=EDGE_CURVE('',#377,#355,#5390,.F.);
#5388=EDGE_CURVE('',#355,#375,#5391,.T.);
#5389=EDGE_CURVE('',#375,#377,#5392,.T.);
#5390=LINE('',#376,#5393);
#5391=LINE('',#354,#5394);
#5392=LINE('',#374,#5395);
#5393=VECTOR('',#5396,1.0);
#5394=VECTOR('',#5397,1.0);
#5395=VECTOR('',#5398,1.0);
#5396=DIRECTION('',(0.8983843559891248,0.4392101420891887,0));
#5397=DIRECTION('',(-0.9914448969488349,0.1305259220006292,0));
#5398=DIRECTION('',(-0.8918213891710405,-0.45238767646459555,0));
#5399=FACE_SURFACE('',(#5404),#5400,.T.);
#5400=PLANE('',#5401);
#5401=AXIS2_PLACEMENT_3D('',#374,#5402,#5403);
#5402=DIRECTION('',(0,0,1));
#5403=DIRECTION('',(-0.9238792297209396,0.3826841633648344,0));
#5404=FACE_BOUND('',#5405,.T.);
#5405=EDGE_LOOP('',(#5406,#5407,#5408));
#5406=ORIENTED_EDGE('',*,*,#5409,.T.);
#5407=ORIENTED_EDGE('',*,*,#5410,.T.);
#5408=ORIENTED_EDGE('',*,*,#5411,.T.);
#5409=EDGE_CURVE('',#375,#371,#5412,.F.);
#5410=EDGE_CURVE('',#371,#377,#5413,.T.);
#5411=EDGE_CURVE('',#377,#375,#5414,.T.);
#5412=LINE('',#374,#5415);
#5413=LINE('',#370,#5416);
#5414=LINE('',#376,#5417);
#5415=VECTOR('',#5418,1.0);
#5416=VECTOR('',#5419,1.0);
#5417=VECTOR('',#5420,1.0);
#5418=DIRECTION('',(-0.9238792297209396,0.3826841633648344,0));
#5419=DIRECTION('',(-0.8823252947867675,-0.47064006860810725,0));
#5420=DIRECTION('',(0.8918213891710405,0.45238767646459555,0));
#5421=FACE_SURFACE('',(#5426),#5422,.T.);
#5422=PLANE('',#5423);
#5423=AXIS2_PLACEMENT_3D('',#376,#5424,#5425);
#5424=DIRECTION('',(0,0,1));
#5425=DIRECTION('',(0.8823252947867675,0.47064006860810725,0));
#5426=FACE_BOUND('',#5427,.T.);
#5427=EDGE_LOOP('',(#5428,#5429,#5430));
#5428=ORIENTED_EDGE('',*,*,#5431,.T.);
#5429=ORIENTED_EDGE('',*,*,#5432,.T.);
#5430=ORIENTED_EDGE('',*,*,#5433,.T.);
#5431=EDGE_CURVE('',#377,#371,#5434,.F.);
#5432=EDGE_CURVE('',#371,#367,#5435,.T.);
#5433=EDGE_CURVE('',#367,#377,#5436,.T.);
#5434=LINE('',#376,#5437);
#5435=LINE('',#370,#5438);
#5436=LINE('',#366,#5439);
#5437=VECTOR('',#5440,1.0);
#5438=VECTOR('',#5441,1.0);
#5439=VECTOR('',#5442,1.0);
#5440=DIRECTION('',(0.8823252947867675,0.47064006860810725,0));
#5441=DIRECTION('',(-0.7933544019012427,0.608760045489125,0));
#5442=DIRECTION('',(-0.8703106890888962,-0.4925031009624312,0));
#5443=FACE_SURFACE('',(#5448),#5444,.T.);
#5444=PLANE('',#5445);
#5445=AXIS2_PLACEMENT_3D('',#376,#5446,#5447);
#5446=DIRECTION('',(0,0,1));
#5447=DIRECTION('',(0.8703106890888962,0.4925031009624312,0));
#5448=FACE_BOUND('',#5449,.T.);
#5449=EDGE_LOOP('',(#5450,#5451,#5452));
#5450=ORIENTED_EDGE('',*,*,#5453,.T.);
#5451=ORIENTED_EDGE('',*,*,#5454,.T.);
#5452=ORIENTED_EDGE('',*,*,#5455,.T.);
#5453=EDGE_CURVE('',#377,#367,#5456,.F.);
#5454=EDGE_CURVE('',#367,#363,#5457,.T.);
#5455=EDGE_CURVE('',#363,#377,#5458,.T.);
#5456=LINE('',#376,#5459);
#5457=LINE('',#366,#5460);
#5458=LINE('',#362,#5461);
#5459=VECTOR('',#5462,1.0);
#5460=VECTOR('',#5463,1.0);
#5461=VECTOR('',#5464,1.0);
#5462=DIRECTION('',(0.8703106890888962,0.4925031009624312,0));
#5463=DIRECTION('',(-0.6087655220797654,0.7933501995505835,0));
#5464=DIRECTION('',(-0.8565801872353702,-0.5160139366682047,0));
#5465=FACE_SURFACE('',(#5470),#5466,.T.);
#5466=PLANE('',#5467);
#5467=AXIS2_PLACEMENT_3D('',#362,#5468,#5469);
#5468=DIRECTION('',(0,0,1));
#5469=DIRECTION('',(-0.3826797339751855,0.9238810644258714,0));
#5470=FACE_BOUND('',#5471,.T.);
#5471=EDGE_LOOP('',(#5472,#5473,#5474));
#5472=ORIENTED_EDGE('',*,*,#5475,.T.);
#5473=ORIENTED_EDGE('',*,*,#5476,.T.);
#5474=ORIENTED_EDGE('',*,*,#5477,.T.);
#5475=EDGE_CURVE('',#363,#359,#5478,.F.);
#5476=EDGE_CURVE('',#359,#377,#5479,.T.);
#5477=EDGE_CURVE('',#377,#363,#5480,.T.);
#5478=LINE('',#362,#5481);
#5479=LINE('',#358,#5482);
#5480=LINE('',#376,#5483);
#5481=VECTOR('',#5484,1.0);
#5482=VECTOR('',#5485,1.0);
#5483=VECTOR('',#5486,1.0);
#5484=DIRECTION('',(-0.3826797339751855,0.9238810644258714,0));
#5485=DIRECTION('',(-0.8423011780091023,-0.5390071664871244,0));
#5486=DIRECTION('',(0.8565801872353702,0.5160139366682047,0));
#5487=FACE_SURFACE('',(#5492),#5488,.T.);
#5488=PLANE('',#5489);
#5489=AXIS2_PLACEMENT_3D('',#380,#5490,#5491);
#5490=DIRECTION('',(-0.937748647863162,0,0.34731466054690424));
#5491=DIRECTION('',(0,-1,0));
#5492=FACE_BOUND('',#5493,.T.);
#5493=EDGE_LOOP('',(#5494,#5495,#5496));
#5494=ORIENTED_EDGE('',*,*,#5497,.T.);
#5495=ORIENTED_EDGE('',*,*,#5498,.T.);
#5496=ORIENTED_EDGE('',*,*,#5499,.T.);
#5497=EDGE_CURVE('',#381,#383,#5500,.F.);
#5498=EDGE_CURVE('',#383,#385,#5501,.T.);
#5499=EDGE_CURVE('',#385,#381,#5502,.T.);
#5500=LINE('',#380,#5503);
#5501=LINE('',#382,#5504);
#5502=LINE('',#384,#5505);
#5503=VECTOR('',#5506,1.0);
#5504=VECTOR('',#5507,1.0);
#5505=VECTOR('',#5508,1.0);
#5506=DIRECTION('',(0,-1,0));
#5507=DIRECTION('',(0.3460356564195582,0.08574113267666517,0.9342953401647726));
#5508=DIRECTION('',(-0.34731466054690424,0,-0.937748647863162));
#5509=FACE_SURFACE('',(#5514),#5510,.T.);
#5510=PLANE('',#5511);
#5511=AXIS2_PLACEMENT_3D('',#384,#5512,#5513);
#5512=DIRECTION('',(-0.9377487607170184,3.7759629519997724E-06,0.3473143558211179));
#5513=DIRECTION('',(-0.3460356564195582,-0.08574113267666517,-0.9342953401647726));
#5514=FACE_BOUND('',#5515,.T.);
#5515=EDGE_LOOP('',(#5516,#5517,#5518));
#5516=ORIENTED_EDGE('',*,*,#5519,.T.);
#5517=ORIENTED_EDGE('',*,*,#5520,.T.);
#5518=ORIENTED_EDGE('',*,*,#5521,.T.);
#5519=EDGE_CURVE('',#385,#383,#5522,.F.);
#5520=EDGE_CURVE('',#383,#229,#5523,.T.);
#5521=EDGE_CURVE('',#229,#385,#5524,.T.);
#5522=LINE('',#384,#5525);
#5523=LINE('',#382,#5526);
#5524=LINE('',#228,#5527);
#5525=VECTOR('',#5528,1.0);
#5526=VECTOR('',#5529,1.0);
#5527=VECTOR('',#5530,1.0);
#5528=DIRECTION('',(-0.3460356564195582,-0.08574113267666517,-0.9342953401647726));
#5529=DIRECTION('',(0.34731435582359393,0,0.9377487607237036));
#5530=DIRECTION('',(-0.32676008215714997,0.33889875260678387,-0.882255906293757));
#5531=FACE_SURFACE('',(#5536),#5532,.T.);
#5532=PLANE('',#5533);
#5533=AXIS2_PLACEMENT_3D('',#384,#5534,#5535);
#5534=DIRECTION('',(-0.9377492331257555,0,0.3473130803353903));
#5535=DIRECTION('',(0.32676008215714997,-0.33889875260678387,0.882255906293757));
#5536=FACE_BOUND('',#5537,.T.);
#5537=EDGE_LOOP('',(#5538,#5539,#5540));
#5538=ORIENTED_EDGE('',*,*,#5541,.T.);
#5539=ORIENTED_EDGE('',*,*,#5542,.T.);
#5540=ORIENTED_EDGE('',*,*,#5543,.T.);
#5541=EDGE_CURVE('',#385,#229,#5544,.F.);
#5542=EDGE_CURVE('',#229,#387,#5545,.T.);
#5543=EDGE_CURVE('',#387,#385,#5546,.T.);
#5544=LINE('',#384,#5547);
#5545=LINE('',#228,#5548);
#5546=LINE('',#386,#5549);
#5547=VECTOR('',#5550,1.0);
#5548=VECTOR('',#5551,1.0);
#5549=VECTOR('',#5552,1.0);
#5550=DIRECTION('',(0.32676008215714997,-0.33889875260678387,0.882255906293757));
#5551=DIRECTION('',(-0.08355906114436835,0.9706275431012217,-0.2256104072820177));
#5552=DIRECTION('',(0,-1,0));
#5553=FACE_SURFACE('',(#5558),#5554,.T.);
#5554=PLANE('',#5555);
#5555=AXIS2_PLACEMENT_3D('',#386,#5556,#5557);
#5556=DIRECTION('',(-0.9377492331257556,0,0.3473130803353904));
#5557=DIRECTION('',(0.08355906114436835,-0.9706275431012217,0.2256104072820177));
#5558=FACE_BOUND('',#5559,.T.);
#5559=EDGE_LOOP('',(#5560,#5561,#5562));
#5560=ORIENTED_EDGE('',*,*,#5563,.T.);
#5561=ORIENTED_EDGE('',*,*,#5564,.T.);
#5562=ORIENTED_EDGE('',*,*,#5565,.T.);
#5563=EDGE_CURVE('',#387,#229,#5566,.F.);
#5564=EDGE_CURVE('',#229,#231,#5567,.T.);
#5565=EDGE_CURVE('',#231,#387,#5568,.T.);
#5566=LINE('',#386,#5569);
#5567=LINE('',#228,#5570);
#5568=LINE('',#230,#5571);
#5569=VECTOR('',#5572,1.0);
#5570=VECTOR('',#5573,1.0);
#5571=VECTOR('',#5574,1.0);
#5572=DIRECTION('',(0.08355906114436835,-0.9706275431012217,0.2256104072820177));
#5573=DIRECTION('',(0,1,0));
#5574=DIRECTION('',(-0.32676007768332377,-0.3388987883666452,-0.8822558942143759));
#5575=FACE_SURFACE('',(#5580),#5576,.T.);
#5576=PLANE('',#5577);
#5577=AXIS2_PLACEMENT_3D('',#386,#5578,#5579);
#5578=DIRECTION('',(-0.9377487607170185,-3.775962501869912E-06,0.34731435582111797));
#5579=DIRECTION('',(0.32676007768332377,0.3388987883666452,0.8822558942143759));
#5580=FACE_BOUND('',#5581,.T.);
#5581=EDGE_LOOP('',(#5582,#5583,#5584));
#5582=ORIENTED_EDGE('',*,*,#5585,.T.);
#5583=ORIENTED_EDGE('',*,*,#5586,.T.);
#5584=ORIENTED_EDGE('',*,*,#5587,.T.);
#5585=EDGE_CURVE('',#387,#231,#5588,.F.);
#5586=EDGE_CURVE('',#231,#389,#5589,.T.);
#5587=EDGE_CURVE('',#389,#387,#5590,.T.);
#5588=LINE('',#386,#5591);
#5589=LINE('',#230,#5592);
#5590=LINE('',#388,#5593);
#5591=VECTOR('',#5594,1.0);
#5592=VECTOR('',#5595,1.0);
#5593=VECTOR('',#5596,1.0);
#5594=DIRECTION('',(0.32676007768332377,0.3388987883666452,0.8822558942143759));
#5595=DIRECTION('',(-0.34731435582359393,0,-0.9377487607237036));
#5596=DIRECTION('',(0.3460356561163021,-0.08574114282266473,0.934295339345982));
#5597=FACE_SURFACE('',(#5602),#5598,.T.);
#5598=PLANE('',#5599);
#5599=AXIS2_PLACEMENT_3D('',#388,#5600,#5601);
#5600=DIRECTION('',(-0.937748647863162,0,0.34731466054690424));
#5601=DIRECTION('',(0,-1,0));
#5602=FACE_BOUND('',#5603,.T.);
#5603=EDGE_LOOP('',(#5604,#5605,#5606));
#5604=ORIENTED_EDGE('',*,*,#5607,.T.);
#5605=ORIENTED_EDGE('',*,*,#5608,.T.);
#5606=ORIENTED_EDGE('',*,*,#5609,.T.);
#5607=EDGE_CURVE('',#389,#391,#5610,.F.);
#5608=EDGE_CURVE('',#391,#387,#5611,.T.);
#5609=EDGE_CURVE('',#387,#389,#5612,.T.);
#5610=LINE('',#388,#5613);
#5611=LINE('',#390,#5614);
#5612=LINE('',#386,#5615);
#5613=VECTOR('',#5616,1.0);
#5614=VECTOR('',#5617,1.0);
#5615=VECTOR('',#5618,1.0);
#5616=DIRECTION('',(0,-1,0));
#5617=DIRECTION('',(0.34731466054690424,0,0.937748647863162));
#5618=DIRECTION('',(-0.3460356561163021,0.08574114282266473,-0.934295339345982));
#5619=FACE_SURFACE('',(#5624),#5620,.T.);
#5620=PLANE('',#5621);
#5621=AXIS2_PLACEMENT_3D('',#262,#5622,#5623);
#5622=DIRECTION('',(-0,-1,-0));
#5623=DIRECTION('',(-1,0,0));
#5624=FACE_BOUND('',#5625,.T.);
#5625=EDGE_LOOP('',(#5626,#5627,#5628));
#5626=ORIENTED_EDGE('',*,*,#5629,.T.);
#5627=ORIENTED_EDGE('',*,*,#5630,.T.);
#5628=ORIENTED_EDGE('',*,*,#5631,.T.);
#5629=EDGE_CURVE('',#263,#393,#5632,.F.);
#5630=EDGE_CURVE('',#393,#261,#5633,.T.);
#5631=EDGE_CURVE('',#261,#263,#5634,.T.);
#5632=LINE('',#262,#5635);
#5633=LINE('',#392,#5636);
#5634=LINE('',#260,#5637);
#5635=VECTOR('',#5638,1.0);
#5636=VECTOR('',#5639,1.0);
#5637=VECTOR('',#5640,1.0);
#5638=DIRECTION('',(-1,0,0));
#5639=DIRECTION('',(0.9707623456406514,0,-0.2400426384754596));
#5640=DIRECTION('',(0,0,1));
#5641=FACE_SURFACE('',(#5646),#5642,.T.);
#5642=PLANE('',#5643);
#5643=AXIS2_PLACEMENT_3D('',#260,#5644,#5645);
#5644=DIRECTION('',(0,-1,0));
#5645=DIRECTION('',(-0.9707623456406514,0,0.2400426384754596));
#5646=FACE_BOUND('',#5647,.T.);
#5647=EDGE_LOOP('',(#5648,#5649,#5650));
#5648=ORIENTED_EDGE('',*,*,#5651,.T.);
#5649=ORIENTED_EDGE('',*,*,#5652,.T.);
#5650=ORIENTED_EDGE('',*,*,#5653,.T.);
#5651=EDGE_CURVE('',#261,#393,#5654,.F.);
#5652=EDGE_CURVE('',#393,#379,#5655,.T.);
#5653=EDGE_CURVE('',#379,#261,#5656,.T.);
#5654=LINE('',#260,#5657);
#5655=LINE('',#392,#5658);
#5656=LINE('',#378,#5659);
#5657=VECTOR('',#5660,1.0);
#5658=VECTOR('',#5661,1.0);
#5659=VECTOR('',#5662,1.0);
#5660=DIRECTION('',(-0.9707623456406514,0,0.2400426384754596));
#5661=DIRECTION('',(0,0,-1));
#5662=DIRECTION('',(1,0,0));
#5663=FACE_SURFACE('',(#5668),#5664,.T.);
#5664=PLANE('',#5665);
#5665=AXIS2_PLACEMENT_3D('',#394,#5666,#5667);
#5666=DIRECTION('',(-0,1,0));
#5667=DIRECTION('',(1,0,0));
#5668=FACE_BOUND('',#5669,.T.);
#5669=EDGE_LOOP('',(#5670,#5671,#5672));
#5670=ORIENTED_EDGE('',*,*,#5673,.T.);
#5671=ORIENTED_EDGE('',*,*,#5674,.T.);
#5672=ORIENTED_EDGE('',*,*,#5675,.T.);
#5673=EDGE_CURVE('',#395,#233,#5676,.F.);
#5674=EDGE_CURVE('',#233,#377,#5677,.T.);
#5675=EDGE_CURVE('',#377,#395,#5678,.T.);
#5676=LINE('',#394,#5679);
#5677=LINE('',#232,#5680);
#5678=LINE('',#376,#5681);
#5679=VECTOR('',#5682,1.0);
#5680=VECTOR('',#5683,1.0);
#5681=VECTOR('',#5684,1.0);
#5682=DIRECTION('',(1,0,0));
#5683=DIRECTION('',(-0.9707623456406514,0,-0.2400426384754596));
#5684=DIRECTION('',(0,0,1));
#5685=FACE_SURFACE('',(#5690),#5686,.T.);
#5686=PLANE('',#5687);
#5687=AXIS2_PLACEMENT_3D('',#376,#5688,#5689);
#5688=DIRECTION('',(0,1,0));
#5689=DIRECTION('',(0.9707623456406514,0,0.2400426384754596));
#5690=FACE_BOUND('',#5691,.T.);
#5691=EDGE_LOOP('',(#5692,#5693,#5694));
#5692=ORIENTED_EDGE('',*,*,#5695,.T.);
#5693=ORIENTED_EDGE('',*,*,#5696,.T.);
#5694=ORIENTED_EDGE('',*,*,#5697,.T.);
#5695=EDGE_CURVE('',#377,#233,#5698,.F.);
#5696=EDGE_CURVE('',#233,#237,#5699,.T.);
#5697=EDGE_CURVE('',#237,#377,#5700,.T.);
#5698=LINE('',#376,#5701);
#5699=LINE('',#232,#5702);
#5700=LINE('',#236,#5703);
#5701=VECTOR('',#5704,1.0);
#5702=VECTOR('',#5705,1.0);
#5703=VECTOR('',#5706,1.0);
#5704=DIRECTION('',(0.9707623456406514,0,0.2400426384754596));
#5705=DIRECTION('',(0,0,-1));
#5706=DIRECTION('',(-1,0,0));
#5707=FACE_SURFACE('',(#5712),#5708,.T.);
#5708=PLANE('',#5709);
#5709=AXIS2_PLACEMENT_3D('',#386,#5710,#5711);
#5710=DIRECTION('',(0,-1,-0));
#5711=DIRECTION('',(-0.34731466054690424,0,-0.937748647863162));
#5712=FACE_BOUND('',#5713,.T.);
#5713=EDGE_LOOP('',(#5714,#5715,#5716));
#5714=ORIENTED_EDGE('',*,*,#5717,.T.);
#5715=ORIENTED_EDGE('',*,*,#5718,.T.);
#5716=ORIENTED_EDGE('',*,*,#5719,.T.);
#5717=EDGE_CURVE('',#387,#391,#5720,.F.);
#5718=EDGE_CURVE('',#391,#397,#5721,.T.);
#5719=EDGE_CURVE('',#397,#387,#5722,.T.);
#5720=LINE('',#386,#5723);
#5721=LINE('',#390,#5724);
#5722=LINE('',#396,#5725);
#5723=VECTOR('',#5726,1.0);
#5724=VECTOR('',#5727,1.0);
#5725=VECTOR('',#5728,1.0);
#5726=DIRECTION('',(-0.34731466054690424,0,-0.937748647863162));
#5727=DIRECTION('',(0.868814836180306,0,-0.4951371329571112));
#5728=DIRECTION('',(0,0,1));
#5729=FACE_SURFACE('',(#5734),#5730,.T.);
#5730=PLANE('',#5731);
#5731=AXIS2_PLACEMENT_3D('',#396,#5732,#5733);
#5732=DIRECTION('',(0,-1,0));
#5733=DIRECTION('',(-0.868814836180306,0,0.4951371329571112));
#5734=FACE_BOUND('',#5735,.T.);
#5735=EDGE_LOOP('',(#5736,#5737,#5738));
#5736=ORIENTED_EDGE('',*,*,#5739,.T.);
#5737=ORIENTED_EDGE('',*,*,#5740,.T.);
#5738=ORIENTED_EDGE('',*,*,#5741,.T.);
#5739=EDGE_CURVE('',#397,#391,#5742,.F.);
#5740=EDGE_CURVE('',#391,#399,#5743,.T.);
#5741=EDGE_CURVE('',#399,#397,#5744,.T.);
#5742=LINE('',#396,#5745);
#5743=LINE('',#390,#5746);
#5744=LINE('',#398,#5747);
#5745=VECTOR('',#5748,1.0);
#5746=VECTOR('',#5749,1.0);
#5747=VECTOR('',#5750,1.0);
#5748=DIRECTION('',(-0.868814836180306,0,0.4951371329571112));
#5749=DIRECTION('',(0,0,-1));
#5750=DIRECTION('',(1,0,0));
#5751=FACE_SURFACE('',(#5756),#5752,.T.);
#5752=PLANE('',#5753);
#5753=AXIS2_PLACEMENT_3D('',#400,#5754,#5755);
#5754=DIRECTION('',(0,-0,1));
#5755=DIRECTION('',(0.7598780630203098,0.6500656346404584,0));
#5756=FACE_BOUND('',#5757,.T.);
#5757=EDGE_LOOP('',(#5758,#5759,#5760));
#5758=ORIENTED_EDGE('',*,*,#5761,.T.);
#5759=ORIENTED_EDGE('',*,*,#5762,.T.);
#5760=ORIENTED_EDGE('',*,*,#5763,.T.);
#5761=EDGE_CURVE('',#401,#397,#5764,.F.);
#5762=EDGE_CURVE('',#397,#403,#5765,.T.);
#5763=EDGE_CURVE('',#403,#401,#5766,.T.);
#5764=LINE('',#400,#5767);
#5765=LINE('',#396,#5768);
#5766=LINE('',#402,#5769);
#5767=VECTOR('',#5770,1.0);
#5768=VECTOR('',#5771,1.0);
#5769=VECTOR('',#5772,1.0);
#5770=DIRECTION('',(0.7598780630203098,0.6500656346404584,0));
#5771=DIRECTION('',(-0.8514378980486063,-0.524455437350564,0));
#5772=DIRECTION('',(1,0,0));
#5773=FACE_SURFACE('',(#5778),#5774,.T.);
#5774=PLANE('',#5775);
#5775=AXIS2_PLACEMENT_3D('',#402,#5776,#5777);
#5776=DIRECTION('',(0,-0,1));
#5777=DIRECTION('',(0.8514378980486063,0.524455437350564,0));
#5778=FACE_BOUND('',#5779,.T.);
#5779=EDGE_LOOP('',(#5780,#5781,#5782));
#5780=ORIENTED_EDGE('',*,*,#5783,.T.);
#5781=ORIENTED_EDGE('',*,*,#5784,.T.);
#5782=ORIENTED_EDGE('',*,*,#5785,.T.);
#5783=EDGE_CURVE('',#403,#397,#5786,.F.);
#5784=EDGE_CURVE('',#397,#399,#5787,.T.);
#5785=EDGE_CURVE('',#399,#403,#5788,.T.);
#5786=LINE('',#402,#5789);
#5787=LINE('',#396,#5790);
#5788=LINE('',#398,#5791);
#5789=VECTOR('',#5792,1.0);
#5790=VECTOR('',#5793,1.0);
#5791=VECTOR('',#5794,1.0);
#5792=DIRECTION('',(0.8514378980486063,0.524455437350564,0));
#5793=DIRECTION('',(-1,0,0));
#5794=DIRECTION('',(0.8983843008192235,-0.4392102549366931,0));
#5795=FACE_SURFACE('',(#5800),#5796,.T.);
#5796=PLANE('',#5797);
#5797=AXIS2_PLACEMENT_3D('',#402,#5798,#5799);
#5798=DIRECTION('',(0,0,1));
#5799=DIRECTION('',(-0.8983843008192235,0.4392102549366931,0));
#5800=FACE_BOUND('',#5801,.T.);
#5801=EDGE_LOOP('',(#5802,#5803,#5804));
#5802=ORIENTED_EDGE('',*,*,#5805,.T.);
#5803=ORIENTED_EDGE('',*,*,#5806,.T.);
#5804=ORIENTED_EDGE('',*,*,#5807,.T.);
#5805=EDGE_CURVE('',#403,#399,#5808,.F.);
#5806=EDGE_CURVE('',#399,#405,#5809,.T.);
#5807=EDGE_CURVE('',#405,#403,#5810,.T.);
#5808=LINE('',#402,#5811);
#5809=LINE('',#398,#5812);
#5810=LINE('',#404,#5813);
#5811=VECTOR('',#5814,1.0);
#5812=VECTOR('',#5815,1.0);
#5813=VECTOR('',#5816,1.0);
#5814=DIRECTION('',(-0.8983843008192235,0.4392102549366931,0));
#5815=DIRECTION('',(0.8918213848775095,-0.45238768492871373,0));
#5816=DIRECTION('',(0.9914455395896884,0.13052104055558156,0));
#5817=FACE_SURFACE('',(#5822),#5818,.T.);
#5818=PLANE('',#5819);
#5819=AXIS2_PLACEMENT_3D('',#404,#5820,#5821);
#5820=DIRECTION('',(0,0,1));
#5821=DIRECTION('',(-0.8918213848775095,0.45238768492871373,0));
#5822=FACE_BOUND('',#5823,.T.);
#5823=EDGE_LOOP('',(#5824,#5825,#5826));
#5824=ORIENTED_EDGE('',*,*,#5827,.T.);
#5825=ORIENTED_EDGE('',*,*,#5828,.T.);
#5826=ORIENTED_EDGE('',*,*,#5829,.T.);
#5827=EDGE_CURVE('',#405,#399,#5830,.F.);
#5828=EDGE_CURVE('',#399,#407,#5831,.T.);
#5829=EDGE_CURVE('',#407,#405,#5832,.T.);
#5830=LINE('',#404,#5833);
#5831=LINE('',#398,#5834);
#5832=LINE('',#406,#5835);
#5833=VECTOR('',#5836,1.0);
#5834=VECTOR('',#5837,1.0);
#5835=VECTOR('',#5838,1.0);
#5836=DIRECTION('',(-0.8918213848775095,0.45238768492871373,0));
#5837=DIRECTION('',(0.8823252568902266,-0.47064013965406293,0));
#5838=DIRECTION('',(0.9238781802914813,0.3826866968961701,0));
#5839=FACE_SURFACE('',(#5844),#5840,.T.);
#5840=PLANE('',#5841);
#5841=AXIS2_PLACEMENT_3D('',#406,#5842,#5843);
#5842=DIRECTION('',(0,0,1));
#5843=DIRECTION('',(-0.8823252568902266,0.47064013965406293,0));
#5844=FACE_BOUND('',#5845,.T.);
#5845=EDGE_LOOP('',(#5846,#5847,#5848));
#5846=ORIENTED_EDGE('',*,*,#5849,.T.);
#5847=ORIENTED_EDGE('',*,*,#5850,.T.);
#5848=ORIENTED_EDGE('',*,*,#5851,.T.);
#5849=EDGE_CURVE('',#407,#399,#5852,.F.);
#5850=EDGE_CURVE('',#399,#409,#5853,.T.);
#5851=EDGE_CURVE('',#409,#407,#5854,.T.);
#5852=LINE('',#406,#5855);
#5853=LINE('',#398,#5856);
#5854=LINE('',#408,#5857);
#5855=VECTOR('',#5858,1.0);
#5856=VECTOR('',#5859,1.0);
#5857=VECTOR('',#5860,1.0);
#5858=DIRECTION('',(-0.8823252568902266,0.47064013965406293,0));
#5859=DIRECTION('',(0.870310660936136,-0.49250315071165407,0));
#5860=DIRECTION('',(0.793354870556795,0.6087594347226258,0));
#5861=FACE_SURFACE('',(#5866),#5862,.T.);
#5862=PLANE('',#5863);
#5863=AXIS2_PLACEMENT_3D('',#408,#5864,#5865);
#5864=DIRECTION('',(0,0,1));
#5865=DIRECTION('',(-0.870310660936136,0.49250315071165407,0));
#5866=FACE_BOUND('',#5867,.T.);
#5867=EDGE_LOOP('',(#5868,#5869,#5870));
#5868=ORIENTED_EDGE('',*,*,#5871,.T.);
#5869=ORIENTED_EDGE('',*,*,#5872,.T.);
#5870=ORIENTED_EDGE('',*,*,#5873,.T.);
#5871=EDGE_CURVE('',#409,#399,#5874,.F.);
#5872=EDGE_CURVE('',#399,#411,#5875,.T.);
#5873=EDGE_CURVE('',#411,#409,#5876,.T.);
#5874=LINE('',#408,#5877);
#5875=LINE('',#398,#5878);
#5876=LINE('',#410,#5879);
#5877=VECTOR('',#5880,1.0);
#5878=VECTOR('',#5881,1.0);
#5879=VECTOR('',#5882,1.0);
#5880=DIRECTION('',(-0.870310660936136,0.49250315071165407,0));
#5881=DIRECTION('',(0.8565801206488748,-0.5160140472013907,0));
#5882=DIRECTION('',(0.6087640334084832,0.7933513418582181,0));
#5883=FACE_SURFACE('',(#5888),#5884,.T.);
#5884=PLANE('',#5885);
#5885=AXIS2_PLACEMENT_3D('',#410,#5886,#5887);
#5886=DIRECTION('',(0,0,1));
#5887=DIRECTION('',(-0.8565801206488748,0.5160140472013907,0));
#5888=FACE_BOUND('',#5889,.T.);
#5889=EDGE_LOOP('',(#5890,#5891,#5892));
#5890=ORIENTED_EDGE('',*,*,#5893,.T.);
#5891=ORIENTED_EDGE('',*,*,#5894,.T.);
#5892=ORIENTED_EDGE('',*,*,#5895,.T.);
#5893=EDGE_CURVE('',#411,#399,#5896,.F.);
#5894=EDGE_CURVE('',#399,#413,#5897,.T.);
#5895=EDGE_CURVE('',#413,#411,#5898,.T.);
#5896=LINE('',#410,#5899);
#5897=LINE('',#398,#5900);
#5898=LINE('',#412,#5901);
#5899=VECTOR('',#5902,1.0);
#5900=VECTOR('',#5903,1.0);
#5901=VECTOR('',#5904,1.0);
#5902=DIRECTION('',(-0.8565801206488748,0.5160140472013907,0));
#5903=DIRECTION('',(0.8423011354526949,-0.5390072329895961,0));
#5904=DIRECTION('',(0.3826804604958138,0.9238807634942466,0));
#5905=FACE_SURFACE('',(#5910),#5906,.T.);
#5906=PLANE('',#5907);
#5907=AXIS2_PLACEMENT_3D('',#412,#5908,#5909);
#5908=DIRECTION('',(0,0,1));
#5909=DIRECTION('',(-0.8423011354526949,0.5390072329895961,0));
#5910=FACE_BOUND('',#5911,.T.);
#5911=EDGE_LOOP('',(#5912,#5913,#5914));
#5912=ORIENTED_EDGE('',*,*,#5915,.T.);
#5913=ORIENTED_EDGE('',*,*,#5916,.T.);
#5914=ORIENTED_EDGE('',*,*,#5917,.T.);
#5915=EDGE_CURVE('',#413,#399,#5918,.F.);
#5916=EDGE_CURVE('',#399,#415,#5919,.T.);
#5917=EDGE_CURVE('',#415,#413,#5920,.T.);
#5918=LINE('',#412,#5921);
#5919=LINE('',#398,#5922);
#5920=LINE('',#414,#5923);
#5921=VECTOR('',#5924,1.0);
#5922=VECTOR('',#5925,1.0);
#5923=VECTOR('',#5926,1.0);
#5924=DIRECTION('',(-0.8423011354526949,0.5390072329895961,0));
#5925=DIRECTION('',(0.8288486007662591,-0.5594729636075495,0));
#5926=DIRECTION('',(0.13052104055558156,0.9914455395896884,0));
#5927=FACE_SURFACE('',(#5932),#5928,.T.);
#5928=PLANE('',#5929);
#5929=AXIS2_PLACEMENT_3D('',#414,#5930,#5931);
#5930=DIRECTION('',(0,0,1));
#5931=DIRECTION('',(-0.8288486007662591,0.5594729636075495,0));
#5932=FACE_BOUND('',#5933,.T.);
#5933=EDGE_LOOP('',(#5934,#5935,#5936));
#5934=ORIENTED_EDGE('',*,*,#5937,.T.);
#5935=ORIENTED_EDGE('',*,*,#5938,.T.);
#5936=ORIENTED_EDGE('',*,*,#5939,.T.);
#5937=EDGE_CURVE('',#415,#399,#5940,.F.);
#5938=EDGE_CURVE('',#399,#417,#5941,.T.);
#5939=EDGE_CURVE('',#417,#415,#5942,.T.);
#5940=LINE('',#414,#5943);
#5941=LINE('',#398,#5944);
#5942=LINE('',#416,#5945);
#5943=VECTOR('',#5946,1.0);
#5944=VECTOR('',#5947,1.0);
#5945=VECTOR('',#5948,1.0);
#5946=DIRECTION('',(-0.8288486007662591,0.5594729636075495,0));
#5947=DIRECTION('',(0,-1,0));
#5948=DIRECTION('',(0.22043000939761997,0.9754027942121989,0));
#5949=FACE_SURFACE('',(#5954),#5950,.T.);
#5950=PLANE('',#5951);
#5951=AXIS2_PLACEMENT_3D('',#414,#5952,#5953);
#5952=DIRECTION('',(0,0,1));
#5953=DIRECTION('',(-0.22043000939761997,-0.9754027942121989,0));
#5954=FACE_BOUND('',#5955,.T.);
#5955=EDGE_LOOP('',(#5956,#5957,#5958));
#5956=ORIENTED_EDGE('',*,*,#5959,.T.);
#5957=ORIENTED_EDGE('',*,*,#5960,.T.);
#5958=ORIENTED_EDGE('',*,*,#5961,.T.);
#5959=EDGE_CURVE('',#415,#417,#5962,.F.);
#5960=EDGE_CURVE('',#417,#419,#5963,.T.);
#5961=EDGE_CURVE('',#419,#415,#5964,.T.);
#5962=LINE('',#414,#5965);
#5963=LINE('',#416,#5966);
#5964=LINE('',#418,#5967);
#5965=VECTOR('',#5968,1.0);
#5966=VECTOR('',#5969,1.0);
#5967=VECTOR('',#5970,1.0);
#5968=DIRECTION('',(-0.22043000939761997,-0.9754027942121989,0));
#5969=DIRECTION('',(0.8288486694938114,0.5594728617889688,0));
#5970=DIRECTION('',(0,1,0));
#5971=FACE_SURFACE('',(#5976),#5972,.T.);
#5972=PLANE('',#5973);
#5973=AXIS2_PLACEMENT_3D('',#418,#5974,#5975);
#5974=DIRECTION('',(0,0,1));
#5975=DIRECTION('',(-0.8288486694938114,-0.5594728617889688,0));
#5976=FACE_BOUND('',#5977,.T.);
#5977=EDGE_LOOP('',(#5978,#5979,#5980));
#5978=ORIENTED_EDGE('',*,*,#5981,.T.);
#5979=ORIENTED_EDGE('',*,*,#5982,.T.);
#5980=ORIENTED_EDGE('',*,*,#5983,.T.);
#5981=EDGE_CURVE('',#419,#417,#5984,.F.);
#5982=EDGE_CURVE('',#417,#421,#5985,.T.);
#5983=EDGE_CURVE('',#421,#419,#5986,.T.);
#5984=LINE('',#418,#5987);
#5985=LINE('',#416,#5988);
#5986=LINE('',#420,#5989);
#5987=VECTOR('',#5990,1.0);
#5988=VECTOR('',#5991,1.0);
#5989=VECTOR('',#5992,1.0);
#5990=DIRECTION('',(-0.8288486694938114,-0.5594728617889688,0));
#5991=DIRECTION('',(0.8423011780091023,0.5390071664871244,0));
#5992=DIRECTION('',(-0.13052130647167157,0.9914455045825402,0));
#5993=FACE_SURFACE('',(#5998),#5994,.T.);
#5994=PLANE('',#5995);
#5995=AXIS2_PLACEMENT_3D('',#420,#5996,#5997);
#5996=DIRECTION('',(0,0,1));
#5997=DIRECTION('',(-0.8423011780091023,-0.5390071664871244,0));
#5998=FACE_BOUND('',#5999,.T.);
#5999=EDGE_LOOP('',(#6000,#6001,#6002));
#6000=ORIENTED_EDGE('',*,*,#6003,.T.);
#6001=ORIENTED_EDGE('',*,*,#6004,.T.);
#6002=ORIENTED_EDGE('',*,*,#6005,.T.);
#6003=EDGE_CURVE('',#421,#417,#6006,.F.);
#6004=EDGE_CURVE('',#417,#423,#6007,.T.);
#6005=EDGE_CURVE('',#423,#421,#6008,.T.);
#6006=LINE('',#420,#6009);
#6007=LINE('',#416,#6010);
#6008=LINE('',#422,#6011);
#6009=VECTOR('',#6012,1.0);
#6010=VECTOR('',#6013,1.0);
#6011=VECTOR('',#6014,1.0);
#6012=DIRECTION('',(-0.8423011780091023,-0.5390071664871244,0));
#6013=DIRECTION('',(0.856580184460933,0.5160139412737547,0));
#6014=DIRECTION('',(-0.3826798146995753,0.9238810309891089,0));
#6015=FACE_SURFACE('',(#6020),#6016,.T.);
#6016=PLANE('',#6017);
#6017=AXIS2_PLACEMENT_3D('',#422,#6018,#6019);
#6018=DIRECTION('',(0,0,1));
#6019=DIRECTION('',(-0.856580184460933,-0.5160139412737547,0));
#6020=FACE_BOUND('',#6021,.T.);
#6021=EDGE_LOOP('',(#6022,#6023,#6024));
#6022=ORIENTED_EDGE('',*,*,#6025,.T.);
#6023=ORIENTED_EDGE('',*,*,#6026,.T.);
#6024=ORIENTED_EDGE('',*,*,#6027,.T.);
#6025=EDGE_CURVE('',#423,#417,#6028,.F.);
#6026=EDGE_CURVE('',#417,#425,#6029,.T.);
#6027=EDGE_CURVE('',#425,#423,#6030,.T.);
#6028=LINE('',#422,#6031);
#6029=LINE('',#416,#6032);
#6030=LINE('',#424,#6033);
#6031=VECTOR('',#6034,1.0);
#6032=VECTOR('',#6035,1.0);
#6033=VECTOR('',#6036,1.0);
#6034=DIRECTION('',(-0.856580184460933,-0.5160139412737547,0));
#6035=DIRECTION('',(0.8703106890888962,0.4925031009624312,0));
#6036=DIRECTION('',(-0.6087654118076424,0.7933502841662512,0));
#6037=FACE_SURFACE('',(#6042),#6038,.T.);
#6038=PLANE('',#6039);
#6039=AXIS2_PLACEMENT_3D('',#424,#6040,#6041);
#6040=DIRECTION('',(0,0,1));
#6041=DIRECTION('',(-0.8703106890888962,-0.4925031009624312,0));
#6042=FACE_BOUND('',#6043,.T.);
#6043=EDGE_LOOP('',(#6044,#6045,#6046));
#6044=ORIENTED_EDGE('',*,*,#6047,.T.);
#6045=ORIENTED_EDGE('',*,*,#6048,.T.);
#6046=ORIENTED_EDGE('',*,*,#6049,.T.);
#6047=EDGE_CURVE('',#425,#417,#6050,.F.);
#6048=EDGE_CURVE('',#417,#427,#6051,.T.);
#6049=EDGE_CURVE('',#427,#425,#6052,.T.);
#6050=LINE('',#424,#6053);
#6051=LINE('',#416,#6054);
#6052=LINE('',#426,#6055);
#6053=VECTOR('',#6056,1.0);
#6054=VECTOR('',#6057,1.0);
#6055=VECTOR('',#6058,1.0);
#6056=DIRECTION('',(-0.8703106890888962,-0.4925031009624312,0));
#6057=DIRECTION('',(0.8823252947867675,0.47064006860810725,0));
#6058=DIRECTION('',(-0.7933544019012427,0.608760045489125,0));
#6059=FACE_SURFACE('',(#6064),#6060,.T.);
#6060=PLANE('',#6061);
#6061=AXIS2_PLACEMENT_3D('',#426,#6062,#6063);
#6062=DIRECTION('',(0,0,1));
#6063=DIRECTION('',(-0.8823252947867675,-0.47064006860810725,0));
#6064=FACE_BOUND('',#6065,.T.);
#6065=EDGE_LOOP('',(#6066,#6067,#6068));
#6066=ORIENTED_EDGE('',*,*,#6069,.T.);
#6067=ORIENTED_EDGE('',*,*,#6070,.T.);
#6068=ORIENTED_EDGE('',*,*,#6071,.T.);
#6069=EDGE_CURVE('',#427,#417,#6072,.F.);
#6070=EDGE_CURVE('',#417,#429,#6073,.T.);
#6071=EDGE_CURVE('',#429,#427,#6074,.T.);
#6072=LINE('',#426,#6075);
#6073=LINE('',#416,#6076);
#6074=LINE('',#428,#6077);
#6075=VECTOR('',#6078,1.0);
#6076=VECTOR('',#6079,1.0);
#6077=VECTOR('',#6080,1.0);
#6078=DIRECTION('',(-0.8823252947867675,-0.47064006860810725,0));
#6079=DIRECTION('',(0.8918213891710405,0.45238767646459555,0));
#6080=DIRECTION('',(-0.9238792297209396,0.3826841633648344,0));
#6081=FACE_SURFACE('',(#6086),#6082,.T.);
#6082=PLANE('',#6083);
#6083=AXIS2_PLACEMENT_3D('',#428,#6084,#6085);
#6084=DIRECTION('',(0,0,1));
#6085=DIRECTION('',(-0.8918213891710405,-0.45238767646459555,0));
#6086=FACE_BOUND('',#6087,.T.);
#6087=EDGE_LOOP('',(#6088,#6089,#6090));
#6088=ORIENTED_EDGE('',*,*,#6091,.T.);
#6089=ORIENTED_EDGE('',*,*,#6092,.T.);
#6090=ORIENTED_EDGE('',*,*,#6093,.T.);
#6091=EDGE_CURVE('',#429,#417,#6094,.F.);
#6092=EDGE_CURVE('',#417,#431,#6095,.T.);
#6093=EDGE_CURVE('',#431,#429,#6096,.T.);
#6094=LINE('',#428,#6097);
#6095=LINE('',#416,#6098);
#6096=LINE('',#430,#6099);
#6097=VECTOR('',#6100,1.0);
#6098=VECTOR('',#6101,1.0);
#6099=VECTOR('',#6102,1.0);
#6100=DIRECTION('',(-0.8918213891710405,-0.45238767646459555,0));
#6101=DIRECTION('',(0.8983843559891248,0.439210142089189,0));
#6102=DIRECTION('',(-0.9914448969488365,0.1305259220006158,0));
#6103=FACE_SURFACE('',(#6108),#6104,.T.);
#6104=PLANE('',#6105);
#6105=AXIS2_PLACEMENT_3D('',#430,#6106,#6107);
#6106=DIRECTION('',(0,0,1));
#6107=DIRECTION('',(-0.8983843559891248,-0.439210142089189,0));
#6108=FACE_BOUND('',#6109,.T.);
#6109=EDGE_LOOP('',(#6110,#6111,#6112));
#6110=ORIENTED_EDGE('',*,*,#6113,.T.);
#6111=ORIENTED_EDGE('',*,*,#6114,.T.);
#6112=ORIENTED_EDGE('',*,*,#6115,.T.);
#6113=EDGE_CURVE('',#431,#417,#6116,.F.);
#6114=EDGE_CURVE('',#417,#433,#6117,.T.);
#6115=EDGE_CURVE('',#433,#431,#6118,.T.);
#6116=LINE('',#430,#6119);
#6117=LINE('',#416,#6120);
#6118=LINE('',#432,#6121);
#6119=VECTOR('',#6122,1.0);
#6120=VECTOR('',#6123,1.0);
#6121=VECTOR('',#6124,1.0);
#6122=DIRECTION('',(-0.8983843559891248,-0.439210142089189,0));
#6123=DIRECTION('',(1,0,0));
#6124=DIRECTION('',(-0.8514379726016342,0.5244553163159075,0));
#6125=FACE_SURFACE('',(#6130),#6126,.T.);
#6126=PLANE('',#6127);
#6127=AXIS2_PLACEMENT_3D('',#430,#6128,#6129);
#6128=DIRECTION('',(0,0,1));
#6129=DIRECTION('',(0.8514379726016342,-0.5244553163159075,0));
#6130=FACE_BOUND('',#6131,.T.);
#6131=EDGE_LOOP('',(#6132,#6133,#6134));
#6132=ORIENTED_EDGE('',*,*,#6135,.T.);
#6133=ORIENTED_EDGE('',*,*,#6136,.T.);
#6134=ORIENTED_EDGE('',*,*,#6137,.T.);
#6135=EDGE_CURVE('',#431,#433,#6138,.F.);
#6136=EDGE_CURVE('',#433,#435,#6139,.T.);
#6137=EDGE_CURVE('',#435,#431,#6140,.T.);
#6138=LINE('',#430,#6141);
#6139=LINE('',#432,#6142);
#6140=LINE('',#434,#6143);
#6141=VECTOR('',#6144,1.0);
#6142=VECTOR('',#6145,1.0);
#6143=VECTOR('',#6146,1.0);
#6144=DIRECTION('',(0.8514379726016342,-0.5244553163159075,0));
#6145=DIRECTION('',(-0.7598781652444533,0.6500655151480681,0));
#6146=DIRECTION('',(-1,1.7763568394002505E-15,0));
#6147=FACE_SURFACE('',(#6152),#6148,.T.);
#6148=PLANE('',#6149);
#6149=AXIS2_PLACEMENT_3D('',#434,#6150,#6151);
#6150=DIRECTION('',(-0,0,1));
#6151=DIRECTION('',(0.7598781652444533,-0.6500655151480681,0));
#6152=FACE_BOUND('',#6153,.T.);
#6153=EDGE_LOOP('',(#6154,#6155,#6156));
#6154=ORIENTED_EDGE('',*,*,#6157,.T.);
#6155=ORIENTED_EDGE('',*,*,#6158,.T.);
#6156=ORIENTED_EDGE('',*,*,#6159,.T.);
#6157=EDGE_CURVE('',#435,#433,#6160,.F.);
#6158=EDGE_CURVE('',#433,#437,#6161,.T.);
#6159=EDGE_CURVE('',#437,#435,#6162,.T.);
#6160=LINE('',#434,#6163);
#6161=LINE('',#432,#6164);
#6162=LINE('',#436,#6165);
#6163=VECTOR('',#6166,1.0);
#6164=VECTOR('',#6167,1.0);
#6165=VECTOR('',#6168,1.0);
#6166=DIRECTION('',(0.7598781652444533,-0.6500655151480681,0));
#6167=DIRECTION('',(-0.7404183037445501,0.6721463646260709,0));
#6168=DIRECTION('',(-0.9914446479860067,-0.13052781305110175,0));
#6169=FACE_SURFACE('',(#6174),#6170,.T.);
#6170=PLANE('',#6171);
#6171=AXIS2_PLACEMENT_3D('',#436,#6172,#6173);
#6172=DIRECTION('',(-0,0,1));
#6173=DIRECTION('',(0.7404183037445501,-0.6721463646260709,0));
#6174=FACE_BOUND('',#6175,.T.);
#6175=EDGE_LOOP('',(#6176,#6177,#6178));
#6176=ORIENTED_EDGE('',*,*,#6179,.T.);
#6177=ORIENTED_EDGE('',*,*,#6180,.T.);
#6178=ORIENTED_EDGE('',*,*,#6181,.T.);
#6179=EDGE_CURVE('',#437,#433,#6182,.F.);
#6180=EDGE_CURVE('',#433,#439,#6183,.T.);
#6181=EDGE_CURVE('',#439,#437,#6184,.T.);
#6182=LINE('',#436,#6185);
#6183=LINE('',#432,#6186);
#6184=LINE('',#438,#6187);
#6185=VECTOR('',#6188,1.0);
#6186=VECTOR('',#6189,1.0);
#6187=VECTOR('',#6190,1.0);
#6188=DIRECTION('',(0.7404183037445501,-0.6721463646260709,0));
#6189=DIRECTION('',(-0.7154774263013037,0.6986358511079019,0));
#6190=DIRECTION('',(-0.92388136967978,-0.38267899701788377,0));
#6191=FACE_SURFACE('',(#6196),#6192,.T.);
#6192=PLANE('',#6193);
#6193=AXIS2_PLACEMENT_3D('',#438,#6194,#6195);
#6194=DIRECTION('',(-0,0,1));
#6195=DIRECTION('',(0.7154774263013037,-0.6986358511079019,0));
#6196=FACE_BOUND('',#6197,.T.);
#6197=EDGE_LOOP('',(#6198,#6199,#6200));
#6198=ORIENTED_EDGE('',*,*,#6201,.T.);
#6199=ORIENTED_EDGE('',*,*,#6202,.T.);
#6200=ORIENTED_EDGE('',*,*,#6203,.T.);
#6201=EDGE_CURVE('',#439,#433,#6204,.F.);
#6202=EDGE_CURVE('',#433,#441,#6205,.T.);
#6203=EDGE_CURVE('',#441,#439,#6206,.T.);
#6204=LINE('',#438,#6207);
#6205=LINE('',#432,#6208);
#6206=LINE('',#440,#6209);
#6207=VECTOR('',#6210,1.0);
#6208=VECTOR('',#6211,1.0);
#6209=VECTOR('',#6212,1.0);
#6210=DIRECTION('',(0.7154774263013037,-0.6986358511079019,0));
#6211=DIRECTION('',(-0.6869501643256786,0.7267045284934746,0));
#6212=DIRECTION('',(-0.7933489864926565,-0.6087671029474859,0));
#6213=FACE_SURFACE('',(#6218),#6214,.T.);
#6214=PLANE('',#6215);
#6215=AXIS2_PLACEMENT_3D('',#440,#6216,#6217);
#6216=DIRECTION('',(-0,0,1));
#6217=DIRECTION('',(0.6869501643256786,-0.7267045284934746,0));
#6218=FACE_BOUND('',#6219,.T.);
#6219=EDGE_LOOP('',(#6220,#6221,#6222));
#6220=ORIENTED_EDGE('',*,*,#6223,.T.);
#6221=ORIENTED_EDGE('',*,*,#6224,.T.);
#6222=ORIENTED_EDGE('',*,*,#6225,.T.);
#6223=EDGE_CURVE('',#441,#433,#6226,.F.);
#6224=EDGE_CURVE('',#433,#443,#6227,.T.);
#6225=EDGE_CURVE('',#443,#441,#6228,.T.);
#6226=LINE('',#440,#6229);
#6227=LINE('',#432,#6230);
#6228=LINE('',#442,#6231);
#6229=VECTOR('',#6232,1.0);
#6230=VECTOR('',#6233,1.0);
#6231=VECTOR('',#6234,1.0);
#6232=DIRECTION('',(0.6869501643256786,-0.7267045284934746,0));
#6233=DIRECTION('',(-0.6576114466013296,0.7533572759978541,0));
#6234=DIRECTION('',(-0.6087654118076424,-0.7933502841662512,0));
#6235=FACE_SURFACE('',(#6240),#6236,.T.);
#6236=PLANE('',#6237);
#6237=AXIS2_PLACEMENT_3D('',#442,#6238,#6239);
#6238=DIRECTION('',(-0,0,1));
#6239=DIRECTION('',(0.6576114466013296,-0.7533572759978541,0));
#6240=FACE_BOUND('',#6241,.T.);
#6241=EDGE_LOOP('',(#6242,#6243,#6244));
#6242=ORIENTED_EDGE('',*,*,#6245,.T.);
#6243=ORIENTED_EDGE('',*,*,#6246,.T.);
#6244=ORIENTED_EDGE('',*,*,#6247,.T.);
#6245=EDGE_CURVE('',#443,#433,#6248,.F.);
#6246=EDGE_CURVE('',#433,#445,#6249,.T.);
#6247=EDGE_CURVE('',#445,#443,#6250,.T.);
#6248=LINE('',#442,#6251);
#6249=LINE('',#432,#6252);
#6250=LINE('',#444,#6253);
#6251=VECTOR('',#6254,1.0);
#6252=VECTOR('',#6255,1.0);
#6253=VECTOR('',#6256,1.0);
#6254=DIRECTION('',(0.6576114466013296,-0.7533572759978541,0));
#6255=DIRECTION('',(-0.6306053084966504,0.7761036946799342,0));
#6256=DIRECTION('',(-0.3826798146995753,-0.9238810309891089,0));
#6257=FACE_SURFACE('',(#6262),#6258,.T.);
#6258=PLANE('',#6259);
#6259=AXIS2_PLACEMENT_3D('',#444,#6260,#6261);
#6260=DIRECTION('',(-0,0,1));
#6261=DIRECTION('',(0.6306053084966504,-0.7761036946799342,0));
#6262=FACE_BOUND('',#6263,.T.);
#6263=EDGE_LOOP('',(#6264,#6265,#6266));
#6264=ORIENTED_EDGE('',*,*,#6267,.T.);
#6265=ORIENTED_EDGE('',*,*,#6268,.T.);
#6266=ORIENTED_EDGE('',*,*,#6269,.T.);
#6267=EDGE_CURVE('',#445,#433,#6270,.F.);
#6268=EDGE_CURVE('',#433,#447,#6271,.T.);
#6269=EDGE_CURVE('',#447,#445,#6272,.T.);
#6270=LINE('',#444,#6273);
#6271=LINE('',#432,#6274);
#6272=LINE('',#446,#6275);
#6273=VECTOR('',#6276,1.0);
#6274=VECTOR('',#6277,1.0);
#6275=VECTOR('',#6278,1.0);
#6276=DIRECTION('',(0.6306053084966504,-0.7761036946799342,0));
#6277=DIRECTION('',(-0.6087342961359581,0.7933741593396268,0));
#6278=DIRECTION('',(-0.13053567026511576,-0.9914436135194159,0));
#6279=FACE_SURFACE('',(#6284),#6280,.T.);
#6280=PLANE('',#6281);
#6281=AXIS2_PLACEMENT_3D('',#446,#6282,#6283);
#6282=DIRECTION('',(-0,0,1));
#6283=DIRECTION('',(0.6087342961359581,-0.7933741593396268,0));
#6284=FACE_BOUND('',#6285,.T.);
#6285=EDGE_LOOP('',(#6286,#6287,#6288));
#6286=ORIENTED_EDGE('',*,*,#6289,.T.);
#6287=ORIENTED_EDGE('',*,*,#6290,.T.);
#6288=ORIENTED_EDGE('',*,*,#6291,.T.);
#6289=EDGE_CURVE('',#447,#433,#6292,.F.);
#6290=EDGE_CURVE('',#433,#449,#6293,.T.);
#6291=EDGE_CURVE('',#449,#447,#6294,.T.);
#6292=LINE('',#446,#6295);
#6293=LINE('',#432,#6296);
#6294=LINE('',#448,#6297);
#6295=VECTOR('',#6298,1.0);
#6296=VECTOR('',#6299,1.0);
#6297=VECTOR('',#6300,1.0);
#6298=DIRECTION('',(0.6087342961359581,-0.7933741593396268,0));
#6299=DIRECTION('',(-0.11624807544593327,0.9932202096992976,0));
#6300=DIRECTION('',(0,-1,0));
#6301=FACE_SURFACE('',(#6306),#6302,.T.);
#6302=PLANE('',#6303);
#6303=AXIS2_PLACEMENT_3D('',#448,#6304,#6305);
#6304=DIRECTION('',(-0,0,1));
#6305=DIRECTION('',(0.11624807544593327,-0.9932202096992976,0));
#6306=FACE_BOUND('',#6307,.T.);
#6307=EDGE_LOOP('',(#6308,#6309,#6310));
#6308=ORIENTED_EDGE('',*,*,#6311,.T.);
#6309=ORIENTED_EDGE('',*,*,#6312,.T.);
#6310=ORIENTED_EDGE('',*,*,#6313,.T.);
#6311=EDGE_CURVE('',#449,#433,#6314,.F.);
#6312=EDGE_CURVE('',#433,#397,#6315,.T.);
#6313=EDGE_CURVE('',#397,#449,#6316,.T.);
#6314=LINE('',#448,#6317);
#6315=LINE('',#432,#6318);
#6316=LINE('',#396,#6319);
#6317=VECTOR('',#6320,1.0);
#6318=VECTOR('',#6321,1.0);
#6319=VECTOR('',#6322,1.0);
#6320=DIRECTION('',(0.11624807544593327,-0.9932202096992976,0));
#6321=DIRECTION('',(0,1,0));
#6322=DIRECTION('',(-0.6087341946323688,-0.7933742372205449,0));
#6323=FACE_SURFACE('',(#6328),#6324,.T.);
#6324=PLANE('',#6325);
#6325=AXIS2_PLACEMENT_3D('',#448,#6326,#6327);
#6326=DIRECTION('',(0,-0,1));
#6327=DIRECTION('',(0.6087341946323688,0.7933742372205449,0));
#6328=FACE_BOUND('',#6329,.T.);
#6329=EDGE_LOOP('',(#6330,#6331,#6332));
#6330=ORIENTED_EDGE('',*,*,#6333,.T.);
#6331=ORIENTED_EDGE('',*,*,#6334,.T.);
#6332=ORIENTED_EDGE('',*,*,#6335,.T.);
#6333=EDGE_CURVE('',#449,#397,#6336,.F.);
#6334=EDGE_CURVE('',#397,#451,#6337,.T.);
#6335=EDGE_CURVE('',#451,#449,#6338,.T.);
#6336=LINE('',#448,#6339);
#6337=LINE('',#396,#6340);
#6338=LINE('',#450,#6341);
#6339=VECTOR('',#6342,1.0);
#6340=VECTOR('',#6343,1.0);
#6341=VECTOR('',#6344,1.0);
#6342=DIRECTION('',(0.6087341946323688,0.7933742372205449,0));
#6343=DIRECTION('',(-0.6306052424416714,-0.7761037483513921,0));
#6344=DIRECTION('',(0.13053540432077632,-0.9914436485342026,0));
#6345=FACE_SURFACE('',(#6350),#6346,.T.);
#6346=PLANE('',#6347);
#6347=AXIS2_PLACEMENT_3D('',#450,#6348,#6349);
#6348=DIRECTION('',(0,-0,1));
#6349=DIRECTION('',(0.6306052424416714,0.7761037483513921,0));
#6350=FACE_BOUND('',#6351,.T.);
#6351=EDGE_LOOP('',(#6352,#6353,#6354));
#6352=ORIENTED_EDGE('',*,*,#6355,.T.);
#6353=ORIENTED_EDGE('',*,*,#6356,.T.);
#6354=ORIENTED_EDGE('',*,*,#6357,.T.);
#6355=EDGE_CURVE('',#451,#397,#6358,.F.);
#6356=EDGE_CURVE('',#397,#453,#6359,.T.);
#6357=EDGE_CURVE('',#453,#451,#6360,.T.);
#6358=LINE('',#450,#6361);
#6359=LINE('',#396,#6362);
#6360=LINE('',#452,#6363);
#6361=VECTOR('',#6364,1.0);
#6362=VECTOR('',#6365,1.0);
#6363=VECTOR('',#6366,1.0);
#6364=DIRECTION('',(0.6306052424416714,0.7761037483513921,0));
#6365=DIRECTION('',(-0.657611342181461,-0.7533573671467594,0));
#6366=DIRECTION('',(0.3826804604958138,-0.9238807634942466,0));
#6367=FACE_SURFACE('',(#6372),#6368,.T.);
#6368=PLANE('',#6369);
#6369=AXIS2_PLACEMENT_3D('',#452,#6370,#6371);
#6370=DIRECTION('',(0,-0,1));
#6371=DIRECTION('',(0.657611342181461,0.7533573671467594,0));
#6372=FACE_BOUND('',#6373,.T.);
#6373=EDGE_LOOP('',(#6374,#6375,#6376));
#6374=ORIENTED_EDGE('',*,*,#6377,.T.);
#6375=ORIENTED_EDGE('',*,*,#6378,.T.);
#6376=ORIENTED_EDGE('',*,*,#6379,.T.);
#6377=EDGE_CURVE('',#453,#397,#6380,.F.);
#6378=EDGE_CURVE('',#397,#455,#6381,.T.);
#6379=EDGE_CURVE('',#455,#453,#6382,.T.);
#6380=LINE('',#452,#6383);
#6381=LINE('',#396,#6384);
#6382=LINE('',#454,#6385);
#6383=VECTOR('',#6386,1.0);
#6384=VECTOR('',#6387,1.0);
#6385=VECTOR('',#6388,1.0);
#6386=DIRECTION('',(0.657611342181461,0.7533573671467594,0));
#6387=DIRECTION('',(-0.686950115945255,-0.7267045742272444,0));
#6388=DIRECTION('',(0.6087640334084832,-0.7933513418582181,0));
#6389=FACE_SURFACE('',(#6394),#6390,.T.);
#6390=PLANE('',#6391);
#6391=AXIS2_PLACEMENT_3D('',#454,#6392,#6393);
#6392=DIRECTION('',(0,-0,1));
#6393=DIRECTION('',(0.686950115945255,0.7267045742272444,0));
#6394=FACE_BOUND('',#6395,.T.);
#6395=EDGE_LOOP('',(#6396,#6397,#6398));
#6396=ORIENTED_EDGE('',*,*,#6399,.T.);
#6397=ORIENTED_EDGE('',*,*,#6400,.T.);
#6398=ORIENTED_EDGE('',*,*,#6401,.T.);
#6399=EDGE_CURVE('',#455,#397,#6402,.F.);
#6400=EDGE_CURVE('',#397,#457,#6403,.T.);
#6401=EDGE_CURVE('',#457,#455,#6404,.T.);
#6402=LINE('',#454,#6405);
#6403=LINE('',#396,#6406);
#6404=LINE('',#456,#6407);
#6405=VECTOR('',#6408,1.0);
#6406=VECTOR('',#6409,1.0);
#6407=VECTOR('',#6410,1.0);
#6408=DIRECTION('',(0.686950115945255,0.7267045742272444,0));
#6409=DIRECTION('',(-0.7154773585853995,-0.6986359204561843,0));
#6410=DIRECTION('',(0.7933494551558762,-0.6087664921822442,0));
#6411=FACE_SURFACE('',(#6416),#6412,.T.);
#6412=PLANE('',#6413);
#6413=AXIS2_PLACEMENT_3D('',#456,#6414,#6415);
#6414=DIRECTION('',(0,-0,1));
#6415=DIRECTION('',(0.7154773585853995,0.6986359204561843,0));
#6416=FACE_BOUND('',#6417,.T.);
#6417=EDGE_LOOP('',(#6418,#6419,#6420));
#6418=ORIENTED_EDGE('',*,*,#6421,.T.);
#6419=ORIENTED_EDGE('',*,*,#6422,.T.);
#6420=ORIENTED_EDGE('',*,*,#6423,.T.);
#6421=EDGE_CURVE('',#457,#397,#6424,.F.);
#6422=EDGE_CURVE('',#397,#459,#6425,.T.);
#6423=EDGE_CURVE('',#459,#457,#6426,.T.);
#6424=LINE('',#456,#6427);
#6425=LINE('',#396,#6428);
#6426=LINE('',#458,#6429);
#6427=VECTOR('',#6430,1.0);
#6428=VECTOR('',#6431,1.0);
#6429=VECTOR('',#6432,1.0);
#6430=DIRECTION('',(0.7154773585853995,0.6986359204561843,0));
#6431=DIRECTION('',(-0.7404182958755412,-0.6721463732943589,0));
#6432=DIRECTION('',(0.9238803202762261,-0.3826815305267528,0));
#6433=FACE_SURFACE('',(#6438),#6434,.T.);
#6434=PLANE('',#6435);
#6435=AXIS2_PLACEMENT_3D('',#458,#6436,#6437);
#6436=DIRECTION('',(0,-0,1));
#6437=DIRECTION('',(0.7404182958755412,0.6721463732943589,0));
#6438=FACE_BOUND('',#6439,.T.);
#6439=EDGE_LOOP('',(#6440,#6441,#6442));
#6440=ORIENTED_EDGE('',*,*,#6443,.T.);
#6441=ORIENTED_EDGE('',*,*,#6444,.T.);
#6442=ORIENTED_EDGE('',*,*,#6445,.T.);
#6443=EDGE_CURVE('',#459,#397,#6446,.F.);
#6444=EDGE_CURVE('',#397,#401,#6447,.T.);
#6445=EDGE_CURVE('',#401,#459,#6448,.T.);
#6446=LINE('',#458,#6449);
#6447=LINE('',#396,#6450);
#6448=LINE('',#400,#6451);
#6449=VECTOR('',#6452,1.0);
#6450=VECTOR('',#6453,1.0);
#6451=VECTOR('',#6454,1.0);
#6452=DIRECTION('',(0.7404182958755412,0.6721463732943589,0));
#6453=DIRECTION('',(-0.7598780630203098,-0.6500656346404584,0));
#6454=DIRECTION('',(0.99144529064532,-0.13052293153778352,0));
#6455=FACE_SURFACE('',(#6460),#6456,.T.);
#6456=PLANE('',#6457);
#6457=AXIS2_PLACEMENT_3D('',#384,#6458,#6459);
#6458=DIRECTION('',(0,1,0));
#6459=DIRECTION('',(0,0,-1));
#6460=FACE_BOUND('',#6461,.T.);
#6461=EDGE_LOOP('',(#6462,#6463,#6464));
#6462=ORIENTED_EDGE('',*,*,#6465,.T.);
#6463=ORIENTED_EDGE('',*,*,#6466,.T.);
#6464=ORIENTED_EDGE('',*,*,#6467,.T.);
#6465=EDGE_CURVE('',#385,#433,#6468,.F.);
#6466=EDGE_CURVE('',#433,#381,#6469,.T.);
#6467=EDGE_CURVE('',#381,#385,#6470,.T.);
#6468=LINE('',#384,#6471);
#6469=LINE('',#432,#6472);
#6470=LINE('',#380,#6473);
#6471=VECTOR('',#6474,1.0);
#6472=VECTOR('',#6475,1.0);
#6473=VECTOR('',#6476,1.0);
#6474=DIRECTION('',(0,0,-1));
#6475=DIRECTION('',(-0.868814836180306,0,0.4951371329571112));
#6476=DIRECTION('',(0.34731466054690424,0,0.937748647863162));
#6477=FACE_SURFACE('',(#6482),#6478,.T.);
#6478=PLANE('',#6479);
#6479=AXIS2_PLACEMENT_3D('',#380,#6480,#6481);
#6480=DIRECTION('',(0,1,0));
#6481=DIRECTION('',(0.868814836180306,0,-0.4951371329571112));
#6482=FACE_BOUND('',#6483,.T.);
#6483=EDGE_LOOP('',(#6484,#6485,#6486));
#6484=ORIENTED_EDGE('',*,*,#6487,.T.);
#6485=ORIENTED_EDGE('',*,*,#6488,.T.);
#6486=ORIENTED_EDGE('',*,*,#6489,.T.);
#6487=EDGE_CURVE('',#381,#433,#6490,.F.);
#6488=EDGE_CURVE('',#433,#417,#6491,.T.);
#6489=EDGE_CURVE('',#417,#381,#6492,.T.);
#6490=LINE('',#380,#6493);
#6491=LINE('',#432,#6494);
#6492=LINE('',#416,#6495);
#6493=VECTOR('',#6496,1.0);
#6494=VECTOR('',#6497,1.0);
#6495=VECTOR('',#6498,1.0);
#6496=DIRECTION('',(0.868814836180306,0,-0.4951371329571112));
#6497=DIRECTION('',(-1,0,0));
#6498=DIRECTION('',(0,0,1));
#6499=FACE_SURFACE('',(#6504),#6500,.T.);
#6500=PLANE('',#6501);
#6501=AXIS2_PLACEMENT_3D('',#386,#6502,#6503);
#6502=DIRECTION('',(-1,-0,-0));
#6503=DIRECTION('',(0,0,-1));
#6504=FACE_BOUND('',#6505,.T.);
#6505=EDGE_LOOP('',(#6506,#6507,#6508));
#6506=ORIENTED_EDGE('',*,*,#6509,.T.);
#6507=ORIENTED_EDGE('',*,*,#6510,.T.);
#6508=ORIENTED_EDGE('',*,*,#6511,.T.);
#6509=EDGE_CURVE('',#387,#397,#6512,.F.);
#6510=EDGE_CURVE('',#397,#385,#6513,.T.);
#6511=EDGE_CURVE('',#385,#387,#6514,.T.);
#6512=LINE('',#386,#6515);
#6513=LINE('',#396,#6516);
#6514=LINE('',#384,#6517);
#6515=VECTOR('',#6518,1.0);
#6516=VECTOR('',#6519,1.0);
#6517=VECTOR('',#6520,1.0);
#6518=DIRECTION('',(0,0,-1));
#6519=DIRECTION('',(0,-0.6115429867194064,0.7912112078290524));
#6520=DIRECTION('',(0,1,0));
#6521=FACE_SURFACE('',(#6526),#6522,.T.);
#6522=PLANE('',#6523);
#6523=AXIS2_PLACEMENT_3D('',#384,#6524,#6525);
#6524=DIRECTION('',(-1,0,0));
#6525=DIRECTION('',(0,0.6115429867194064,-0.7912112078290524));
#6526=FACE_BOUND('',#6527,.T.);
#6527=EDGE_LOOP('',(#6528,#6529,#6530));
#6528=ORIENTED_EDGE('',*,*,#6531,.T.);
#6529=ORIENTED_EDGE('',*,*,#6532,.T.);
#6530=ORIENTED_EDGE('',*,*,#6533,.T.);
#6531=EDGE_CURVE('',#385,#397,#6534,.F.);
#6532=EDGE_CURVE('',#397,#433,#6535,.T.);
#6533=EDGE_CURVE('',#433,#385,#6536,.T.);
#6534=LINE('',#384,#6537);
#6535=LINE('',#396,#6538);
#6536=LINE('',#432,#6539);
#6537=VECTOR('',#6540,1.0);
#6538=VECTOR('',#6541,1.0);
#6539=VECTOR('',#6542,1.0);
#6540=DIRECTION('',(0,0.6115429867194064,-0.7912112078290524));
#6541=DIRECTION('',(0,-1,0));
#6542=DIRECTION('',(0,0,1));
#6543=FACE_SURFACE('',(#6548),#6544,.T.);
#6544=PLANE('',#6545);
#6545=AXIS2_PLACEMENT_3D('',#348,#6546,#6547);
#6546=DIRECTION('',(-0,0,-1));
#6547=DIRECTION('',(-0.13052104055558156,-0.9914455395896884,0));
#6548=FACE_BOUND('',#6549,.T.);
#6549=EDGE_LOOP('',(#6550,#6551,#6552));
#6550=ORIENTED_EDGE('',*,*,#6553,.T.);
#6551=ORIENTED_EDGE('',*,*,#6554,.T.);
#6552=ORIENTED_EDGE('',*,*,#6555,.T.);
#6553=EDGE_CURVE('',#349,#271,#6556,.F.);
#6554=EDGE_CURVE('',#271,#461,#6557,.T.);
#6555=EDGE_CURVE('',#461,#349,#6558,.T.);
#6556=LINE('',#348,#6559);
#6557=LINE('',#270,#6560);
#6558=LINE('',#460,#6561);
#6559=VECTOR('',#6562,1.0);
#6560=VECTOR('',#6563,1.0);
#6561=VECTOR('',#6564,1.0);
#6562=DIRECTION('',(-0.13052104055558156,-0.9914455395896884,0));
#6563=DIRECTION('',(-0.8288487840397294,0.559472692091278,0));
#6564=DIRECTION('',(0.8423013170266929,-0.5390069492456463,0));
#6565=FACE_SURFACE('',(#6570),#6566,.T.);
#6566=PLANE('',#6567);
#6567=AXIS2_PLACEMENT_3D('',#460,#6568,#6569);
#6568=DIRECTION('',(0,0,-1));
#6569=DIRECTION('',(0.8288487840397294,-0.559472692091278,0));
#6570=FACE_BOUND('',#6571,.T.);
#6571=EDGE_LOOP('',(#6572,#6573,#6574));
#6572=ORIENTED_EDGE('',*,*,#6575,.T.);
#6573=ORIENTED_EDGE('',*,*,#6576,.T.);
#6574=ORIENTED_EDGE('',*,*,#6577,.T.);
#6575=EDGE_CURVE('',#461,#271,#6578,.F.);
#6576=EDGE_CURVE('',#271,#267,#6579,.T.);
#6577=EDGE_CURVE('',#267,#461,#6580,.T.);
#6578=LINE('',#460,#6581);
#6579=LINE('',#270,#6582);
#6580=LINE('',#266,#6583);
#6581=VECTOR('',#6584,1.0);
#6582=VECTOR('',#6585,1.0);
#6583=VECTOR('',#6586,1.0);
#6584=DIRECTION('',(0.8288487840397294,-0.559472692091278,0));
#6585=DIRECTION('',(0,-1,0));
#6586=DIRECTION('',(-0.22043002352220084,0.9754027910202031,0));
#6587=FACE_SURFACE('',(#6592),#6588,.T.);
#6588=PLANE('',#6589);
#6589=AXIS2_PLACEMENT_3D('',#460,#6590,#6591);
#6590=DIRECTION('',(0,0,-1));
#6591=DIRECTION('',(0.22043002352220084,-0.9754027910202031,0));
#6592=FACE_BOUND('',#6593,.T.);
#6593=EDGE_LOOP('',(#6594,#6595,#6596));
#6594=ORIENTED_EDGE('',*,*,#6597,.T.);
#6595=ORIENTED_EDGE('',*,*,#6598,.T.);
#6596=ORIENTED_EDGE('',*,*,#6599,.T.);
#6597=EDGE_CURVE('',#461,#267,#6600,.F.);
#6598=EDGE_CURVE('',#267,#463,#6601,.T.);
#6599=EDGE_CURVE('',#463,#461,#6602,.T.);
#6600=LINE('',#460,#6603);
#6601=LINE('',#266,#6604);
#6602=LINE('',#462,#6605);
#6603=VECTOR('',#6606,1.0);
#6604=VECTOR('',#6607,1.0);
#6605=VECTOR('',#6608,1.0);
#6606=DIRECTION('',(0.22043002352220084,-0.9754027910202031,0));
#6607=DIRECTION('',(-0.8288486694938114,-0.5594728617889688,0));
#6608=DIRECTION('',(0,1,0));
#6609=FACE_SURFACE('',(#6614),#6610,.T.);
#6610=PLANE('',#6611);
#6611=AXIS2_PLACEMENT_3D('',#462,#6612,#6613);
#6612=DIRECTION('',(0,0,-1));
#6613=DIRECTION('',(0.8288486694938114,0.5594728617889688,0));
#6614=FACE_BOUND('',#6615,.T.);
#6615=EDGE_LOOP('',(#6616,#6617,#6618));
#6616=ORIENTED_EDGE('',*,*,#6619,.T.);
#6617=ORIENTED_EDGE('',*,*,#6620,.T.);
#6618=ORIENTED_EDGE('',*,*,#6621,.T.);
#6619=EDGE_CURVE('',#463,#267,#6622,.F.);
#6620=EDGE_CURVE('',#267,#357,#6623,.T.);
#6621=EDGE_CURVE('',#357,#463,#6624,.T.);
#6622=LINE('',#462,#6625);
#6623=LINE('',#266,#6626);
#6624=LINE('',#356,#6627);
#6625=VECTOR('',#6628,1.0);
#6626=VECTOR('',#6629,1.0);
#6627=VECTOR('',#6630,1.0);
#6628=DIRECTION('',(0.8288486694938114,0.5594728617889688,0));
#6629=DIRECTION('',(0.13052130647167157,-0.9914455045825402,0));
#6630=DIRECTION('',(-0.8423011780091023,-0.5390071664871244,0));
#6631=FACE_SURFACE('',(#6636),#6632,.T.);
#6632=PLANE('',#6633);
#6633=AXIS2_PLACEMENT_3D('',#462,#6634,#6635);
#6634=DIRECTION('',(0,0,-1));
#6635=DIRECTION('',(0.8423011780091023,0.5390071664871244,0));
#6636=FACE_BOUND('',#6637,.T.);
#6637=EDGE_LOOP('',(#6638,#6639,#6640));
#6638=ORIENTED_EDGE('',*,*,#6641,.T.);
#6639=ORIENTED_EDGE('',*,*,#6642,.T.);
#6640=ORIENTED_EDGE('',*,*,#6643,.T.);
#6641=EDGE_CURVE('',#463,#357,#6644,.F.);
#6642=EDGE_CURVE('',#357,#361,#6645,.T.);
#6643=EDGE_CURVE('',#361,#463,#6646,.T.);
#6644=LINE('',#462,#6647);
#6645=LINE('',#356,#6648);
#6646=LINE('',#360,#6649);
#6647=VECTOR('',#6650,1.0);
#6648=VECTOR('',#6651,1.0);
#6649=VECTOR('',#6652,1.0);
#6650=DIRECTION('',(0.8423011780091023,0.5390071664871244,0));
#6651=DIRECTION('',(0.3826798146995753,-0.9238810309891089,0));
#6652=DIRECTION('',(-0.856580184460933,-0.5160139412737547,0));
#6653=FACE_SURFACE('',(#6658),#6654,.T.);
#6654=PLANE('',#6655);
#6655=AXIS2_PLACEMENT_3D('',#360,#6656,#6657);
#6656=DIRECTION('',(0,-0,-1));
#6657=DIRECTION('',(0.6087654118076424,-0.7933502841662512,0));
#6658=FACE_BOUND('',#6659,.T.);
#6659=EDGE_LOOP('',(#6660,#6661,#6662));
#6660=ORIENTED_EDGE('',*,*,#6663,.T.);
#6661=ORIENTED_EDGE('',*,*,#6664,.T.);
#6662=ORIENTED_EDGE('',*,*,#6665,.T.);
#6663=EDGE_CURVE('',#361,#365,#6666,.F.);
#6664=EDGE_CURVE('',#365,#463,#6667,.T.);
#6665=EDGE_CURVE('',#463,#361,#6668,.T.);
#6666=LINE('',#360,#6669);
#6667=LINE('',#364,#6670);
#6668=LINE('',#462,#6671);
#6669=VECTOR('',#6672,1.0);
#6670=VECTOR('',#6673,1.0);
#6671=VECTOR('',#6674,1.0);
#6672=DIRECTION('',(0.6087654118076424,-0.7933502841662512,0));
#6673=DIRECTION('',(-0.8703106890888962,-0.4925031009624312,0));
#6674=DIRECTION('',(0.856580184460933,0.5160139412737547,0));
#6675=FACE_SURFACE('',(#6680),#6676,.T.);
#6676=PLANE('',#6677);
#6677=AXIS2_PLACEMENT_3D('',#462,#6678,#6679);
#6678=DIRECTION('',(0,0,-1));
#6679=DIRECTION('',(0.8703106890888962,0.4925031009624312,0));
#6680=FACE_BOUND('',#6681,.T.);
#6681=EDGE_LOOP('',(#6682,#6683,#6684));
#6682=ORIENTED_EDGE('',*,*,#6685,.T.);
#6683=ORIENTED_EDGE('',*,*,#6686,.T.);
#6684=ORIENTED_EDGE('',*,*,#6687,.T.);
#6685=EDGE_CURVE('',#463,#365,#6688,.F.);
#6686=EDGE_CURVE('',#365,#369,#6689,.T.);
#6687=EDGE_CURVE('',#369,#463,#6690,.T.);
#6688=LINE('',#462,#6691);
#6689=LINE('',#364,#6692);
#6690=LINE('',#368,#6693);
#6691=VECTOR('',#6694,1.0);
#6692=VECTOR('',#6695,1.0);
#6693=VECTOR('',#6696,1.0);
#6694=DIRECTION('',(0.8703106890888962,0.4925031009624312,0));
#6695=DIRECTION('',(0.7933544019012427,-0.608760045489125,0));
#6696=DIRECTION('',(-0.8823252947867675,-0.47064006860810725,0));
#6697=FACE_SURFACE('',(#6702),#6698,.T.);
#6698=PLANE('',#6699);
#6699=AXIS2_PLACEMENT_3D('',#462,#6700,#6701);
#6700=DIRECTION('',(0,0,-1));
#6701=DIRECTION('',(0.8823252947867675,0.47064006860810725,0));
#6702=FACE_BOUND('',#6703,.T.);
#6703=EDGE_LOOP('',(#6704,#6705,#6706));
#6704=ORIENTED_EDGE('',*,*,#6707,.T.);
#6705=ORIENTED_EDGE('',*,*,#6708,.T.);
#6706=ORIENTED_EDGE('',*,*,#6709,.T.);
#6707=EDGE_CURVE('',#463,#369,#6710,.F.);
#6708=EDGE_CURVE('',#369,#373,#6711,.T.);
#6709=EDGE_CURVE('',#373,#463,#6712,.T.);
#6710=LINE('',#462,#6713);
#6711=LINE('',#368,#6714);
#6712=LINE('',#372,#6715);
#6713=VECTOR('',#6716,1.0);
#6714=VECTOR('',#6717,1.0);
#6715=VECTOR('',#6718,1.0);
#6716=DIRECTION('',(0.8823252947867675,0.47064006860810725,0));
#6717=DIRECTION('',(0.9238792297209396,-0.3826841633648344,0));
#6718=DIRECTION('',(-0.8918213891710405,-0.45238767646459555,0));
#6719=FACE_SURFACE('',(#6724),#6720,.T.);
#6720=PLANE('',#6721);
#6721=AXIS2_PLACEMENT_3D('',#372,#6722,#6723);
#6722=DIRECTION('',(0,-0,-1));
#6723=DIRECTION('',(0.9914448969488365,-0.1305259220006158,0));
#6724=FACE_BOUND('',#6725,.T.);
#6725=EDGE_LOOP('',(#6726,#6727,#6728));
#6726=ORIENTED_EDGE('',*,*,#6729,.T.);
#6727=ORIENTED_EDGE('',*,*,#6730,.T.);
#6728=ORIENTED_EDGE('',*,*,#6731,.T.);
#6729=EDGE_CURVE('',#373,#353,#6732,.F.);
#6730=EDGE_CURVE('',#353,#463,#6733,.T.);
#6731=EDGE_CURVE('',#463,#373,#6734,.T.);
#6732=LINE('',#372,#6735);
#6733=LINE('',#352,#6736);
#6734=LINE('',#462,#6737);
#6735=VECTOR('',#6738,1.0);
#6736=VECTOR('',#6739,1.0);
#6737=VECTOR('',#6740,1.0);
#6738=DIRECTION('',(0.9914448969488365,-0.1305259220006158,0));
#6739=DIRECTION('',(-0.8983843559891248,-0.439210142089189,0));
#6740=DIRECTION('',(0.8918213891710405,0.45238767646459555,0));
#6741=FACE_SURFACE('',(#6746),#6742,.T.);
#6742=PLANE('',#6743);
#6743=AXIS2_PLACEMENT_3D('',#462,#6744,#6745);
#6744=DIRECTION('',(0,0,-1));
#6745=DIRECTION('',(0.8983843559891248,0.439210142089189,0));
#6746=FACE_BOUND('',#6747,.T.);
#6747=EDGE_LOOP('',(#6748,#6749,#6750));
#6748=ORIENTED_EDGE('',*,*,#6751,.T.);
#6749=ORIENTED_EDGE('',*,*,#6752,.T.);
#6750=ORIENTED_EDGE('',*,*,#6753,.T.);
#6751=EDGE_CURVE('',#463,#353,#6754,.F.);
#6752=EDGE_CURVE('',#353,#305,#6755,.T.);
#6753=EDGE_CURVE('',#305,#463,#6756,.T.);
#6754=LINE('',#462,#6757);
#6755=LINE('',#352,#6758);
#6756=LINE('',#304,#6759);
#6757=VECTOR('',#6760,1.0);
#6758=VECTOR('',#6761,1.0);
#6759=VECTOR('',#6762,1.0);
#6760=DIRECTION('',(0.8983843559891248,0.439210142089189,0));
#6761=DIRECTION('',(1,-2.6645352591003757E-15,0));
#6762=DIRECTION('',(-0.928476687242087,-0.3713906854620345,0));
#6763=FACE_SURFACE('',(#6768),#6764,.T.);
#6764=PLANE('',#6765);
#6765=AXIS2_PLACEMENT_3D('',#462,#6766,#6767);
#6766=DIRECTION('',(0,0,-1));
#6767=DIRECTION('',(0.928476687242087,0.3713906854620345,0));
#6768=FACE_BOUND('',#6769,.T.);
#6769=EDGE_LOOP('',(#6770,#6771,#6772));
#6770=ORIENTED_EDGE('',*,*,#6773,.T.);
#6771=ORIENTED_EDGE('',*,*,#6774,.T.);
#6772=ORIENTED_EDGE('',*,*,#6775,.T.);
#6773=EDGE_CURVE('',#463,#305,#6776,.F.);
#6774=EDGE_CURVE('',#305,#239,#6777,.T.);
#6775=EDGE_CURVE('',#239,#463,#6778,.T.);
#6776=LINE('',#462,#6779);
#6777=LINE('',#304,#6780);
#6778=LINE('',#238,#6781);
#6779=VECTOR('',#6782,1.0);
#6780=VECTOR('',#6783,1.0);
#6781=VECTOR('',#6784,1.0);
#6782=DIRECTION('',(0.928476687242087,0.3713906854620345,0));
#6783=DIRECTION('',(0.9662349303610199,-0.25766268521117847,0));
#6784=DIRECTION('',(-1,0,0));
#6785=FACE_SURFACE('',(#6790),#6786,.T.);
#6786=PLANE('',#6787);
#6787=AXIS2_PLACEMENT_3D('',#238,#6788,#6789);
#6788=DIRECTION('',(0,0,-1));
#6789=DIRECTION('',(-0.9662349303610199,0.25766268521117847,0));
#6790=FACE_BOUND('',#6791,.T.);
#6791=EDGE_LOOP('',(#6792,#6793,#6794));
#6792=ORIENTED_EDGE('',*,*,#6795,.T.);
#6793=ORIENTED_EDGE('',*,*,#6796,.T.);
#6794=ORIENTED_EDGE('',*,*,#6797,.T.);
#6795=EDGE_CURVE('',#239,#305,#6798,.F.);
#6796=EDGE_CURVE('',#305,#309,#6799,.T.);
#6797=EDGE_CURVE('',#309,#239,#6800,.T.);
#6798=LINE('',#238,#6801);
#6799=LINE('',#304,#6802);
#6800=LINE('',#308,#6803);
#6801=VECTOR('',#6804,1.0);
#6802=VECTOR('',#6805,1.0);
#6803=VECTOR('',#6806,1.0);
#6804=DIRECTION('',(-0.9662349303610199,0.25766268521117847,0));
#6805=DIRECTION('',(0.9914446479860056,0.13052781305110842,0));
#6806=DIRECTION('',(0.9646935094707683,-0.26337508003790483,0));
#6807=FACE_SURFACE('',(#6812),#6808,.T.);
#6808=PLANE('',#6809);
#6809=AXIS2_PLACEMENT_3D('',#238,#6810,#6811);
#6810=DIRECTION('',(0,0,-1));
#6811=DIRECTION('',(-0.9646935094707683,0.26337508003790483,0));
#6812=FACE_BOUND('',#6813,.T.);
#6813=EDGE_LOOP('',(#6814,#6815,#6816));
#6814=ORIENTED_EDGE('',*,*,#6817,.T.);
#6815=ORIENTED_EDGE('',*,*,#6818,.T.);
#6816=ORIENTED_EDGE('',*,*,#6819,.T.);
#6817=EDGE_CURVE('',#239,#309,#6820,.F.);
#6818=EDGE_CURVE('',#309,#313,#6821,.T.);
#6819=EDGE_CURVE('',#313,#239,#6822,.T.);
#6820=LINE('',#238,#6823);
#6821=LINE('',#308,#6824);
#6822=LINE('',#312,#6825);
#6823=VECTOR('',#6826,1.0);
#6824=VECTOR('',#6827,1.0);
#6825=VECTOR('',#6828,1.0);
#6826=DIRECTION('',(-0.9646935094707683,0.26337508003790483,0));
#6827=DIRECTION('',(0.92388136967978,0.38267899701788377,0));
#6828=DIRECTION('',(0.9621166015366984,-0.272638304439185,0));
#6829=FACE_SURFACE('',(#6834),#6830,.T.);
#6830=PLANE('',#6831);
#6831=AXIS2_PLACEMENT_3D('',#312,#6832,#6833);
#6832=DIRECTION('',(0,0,-1));
#6833=DIRECTION('',(0.7933489864926565,0.6087671029474859,0));
#6834=FACE_BOUND('',#6835,.T.);
#6835=EDGE_LOOP('',(#6836,#6837,#6838));
#6836=ORIENTED_EDGE('',*,*,#6839,.T.);
#6837=ORIENTED_EDGE('',*,*,#6840,.T.);
#6838=ORIENTED_EDGE('',*,*,#6841,.T.);
#6839=EDGE_CURVE('',#313,#317,#6842,.F.);
#6840=EDGE_CURVE('',#317,#239,#6843,.T.);
#6841=EDGE_CURVE('',#239,#313,#6844,.T.);
#6842=LINE('',#312,#6845);
#6843=LINE('',#316,#6846);
#6844=LINE('',#238,#6847);
#6845=VECTOR('',#6848,1.0);
#6846=VECTOR('',#6849,1.0);
#6847=VECTOR('',#6850,1.0);
#6848=DIRECTION('',(0.7933489864926565,0.6087671029474859,0));
#6849=DIRECTION('',(0.9585743390015994,-0.2848424768317514,0));
#6850=DIRECTION('',(-0.9621166015366984,0.272638304439185,0));
#6851=FACE_SURFACE('',(#6856),#6852,.T.);
#6852=PLANE('',#6853);
#6853=AXIS2_PLACEMENT_3D('',#238,#6854,#6855);
#6854=DIRECTION('',(0,0,-1));
#6855=DIRECTION('',(-0.9585743390015994,0.2848424768317514,0));
#6856=FACE_BOUND('',#6857,.T.);
#6857=EDGE_LOOP('',(#6858,#6859,#6860));
#6858=ORIENTED_EDGE('',*,*,#6861,.T.);
#6859=ORIENTED_EDGE('',*,*,#6862,.T.);
#6860=ORIENTED_EDGE('',*,*,#6863,.T.);
#6861=EDGE_CURVE('',#239,#317,#6864,.F.);
#6862=EDGE_CURVE('',#317,#321,#6865,.T.);
#6863=EDGE_CURVE('',#321,#239,#6866,.T.);
#6864=LINE('',#238,#6867);
#6865=LINE('',#316,#6868);
#6866=LINE('',#320,#6869);
#6867=VECTOR('',#6870,1.0);
#6868=VECTOR('',#6871,1.0);
#6869=VECTOR('',#6872,1.0);
#6870=DIRECTION('',(-0.9585743390015994,0.2848424768317514,0));
#6871=DIRECTION('',(0.6087655220797654,0.7933501995505835,0));
#6872=DIRECTION('',(0.9542297105100251,-0.2990746722475065,0));
#6873=FACE_SURFACE('',(#6878),#6874,.T.);
#6874=PLANE('',#6875);
#6875=AXIS2_PLACEMENT_3D('',#238,#6876,#6877);
#6876=DIRECTION('',(0,0,-1));
#6877=DIRECTION('',(-0.9542297105100251,0.2990746722475065,0));
#6878=FACE_BOUND('',#6879,.T.);
#6879=EDGE_LOOP('',(#6880,#6881,#6882));
#6880=ORIENTED_EDGE('',*,*,#6883,.T.);
#6881=ORIENTED_EDGE('',*,*,#6884,.T.);
#6882=ORIENTED_EDGE('',*,*,#6885,.T.);
#6883=EDGE_CURVE('',#239,#321,#6886,.F.);
#6884=EDGE_CURVE('',#321,#325,#6887,.T.);
#6885=EDGE_CURVE('',#325,#239,#6888,.T.);
#6886=LINE('',#238,#6889);
#6887=LINE('',#320,#6890);
#6888=LINE('',#324,#6891);
#6889=VECTOR('',#6892,1.0);
#6890=VECTOR('',#6893,1.0);
#6891=VECTOR('',#6894,1.0);
#6892=DIRECTION('',(-0.9542297105100251,0.2990746722475065,0));
#6893=DIRECTION('',(0.3826797339751855,0.9238810644258714,0));
#6894=DIRECTION('',(0.9493566416859155,-0.3142005201886849,0));
#6895=FACE_SURFACE('',(#6900),#6896,.T.);
#6896=PLANE('',#6897);
#6897=AXIS2_PLACEMENT_3D('',#324,#6898,#6899);
#6898=DIRECTION('',(0,0,-1));
#6899=DIRECTION('',(0.13053567026511576,0.9914436135194159,0));
#6900=FACE_BOUND('',#6901,.T.);
#6901=EDGE_LOOP('',(#6902,#6903,#6904));
#6902=ORIENTED_EDGE('',*,*,#6905,.T.);
#6903=ORIENTED_EDGE('',*,*,#6906,.T.);
#6904=ORIENTED_EDGE('',*,*,#6907,.T.);
#6905=EDGE_CURVE('',#325,#273,#6908,.F.);
#6906=EDGE_CURVE('',#273,#239,#6909,.T.);
#6907=EDGE_CURVE('',#239,#325,#6910,.T.);
#6908=LINE('',#324,#6911);
#6909=LINE('',#272,#6912);
#6910=LINE('',#238,#6913);
#6911=VECTOR('',#6914,1.0);
#6912=VECTOR('',#6915,1.0);
#6913=VECTOR('',#6916,1.0);
#6914=DIRECTION('',(0.13053567026511576,0.9914436135194159,0));
#6915=DIRECTION('',(0.9443322805045008,-0.3289932278895246,0));
#6916=DIRECTION('',(-0.9493566416859155,0.3142005201886849,0));
#6917=FACE_SURFACE('',(#6922),#6918,.T.);
#6918=PLANE('',#6919);
#6919=AXIS2_PLACEMENT_3D('',#238,#6920,#6921);
#6920=DIRECTION('',(0,0,-1));
#6921=DIRECTION('',(-0.9443322805045008,0.3289932278895246,0));
#6922=FACE_BOUND('',#6923,.T.);
#6923=EDGE_LOOP('',(#6924,#6925,#6926));
#6924=ORIENTED_EDGE('',*,*,#6927,.T.);
#6925=ORIENTED_EDGE('',*,*,#6928,.T.);
#6926=ORIENTED_EDGE('',*,*,#6929,.T.);
#6927=EDGE_CURVE('',#239,#273,#6930,.F.);
#6928=EDGE_CURVE('',#273,#241,#6931,.T.);
#6929=EDGE_CURVE('',#241,#239,#6932,.T.);
#6930=LINE('',#238,#6933);
#6931=LINE('',#272,#6934);
#6932=LINE('',#240,#6935);
#6933=VECTOR('',#6936,1.0);
#6934=VECTOR('',#6937,1.0);
#6935=VECTOR('',#6938,1.0);
#6936=DIRECTION('',(-0.9443322805045008,0.3289932278895246,0));
#6937=DIRECTION('',(0.4010902909998108,0.9160385245532456,0));
#6938=DIRECTION('',(0,-1,0));
#6939=FACE_SURFACE('',(#6944),#6940,.T.);
#6940=PLANE('',#6941);
#6941=AXIS2_PLACEMENT_3D('',#240,#6942,#6943);
#6942=DIRECTION('',(0,0,-1));
#6943=DIRECTION('',(-0.4010902909998108,-0.9160385245532456,0));
#6944=FACE_BOUND('',#6945,.T.);
#6945=EDGE_LOOP('',(#6946,#6947,#6948));
#6946=ORIENTED_EDGE('',*,*,#6949,.T.);
#6947=ORIENTED_EDGE('',*,*,#6950,.T.);
#6948=ORIENTED_EDGE('',*,*,#6951,.T.);
#6949=EDGE_CURVE('',#241,#273,#6952,.F.);
#6950=EDGE_CURVE('',#273,#277,#6953,.T.);
#6951=EDGE_CURVE('',#277,#241,#6954,.T.);
#6952=LINE('',#240,#6955);
#6953=LINE('',#272,#6956);
#6954=LINE('',#276,#6957);
#6955=VECTOR('',#6958,1.0);
#6956=VECTOR('',#6959,1.0);
#6957=VECTOR('',#6960,1.0);
#6958=DIRECTION('',(-0.4010902909998108,-0.9160385245532456,0));
#6959=DIRECTION('',(0,1,0));
#6960=DIRECTION('',(0.9443323256323897,0.32899309835575974,0));
#6961=FACE_SURFACE('',(#6966),#6962,.T.);
#6962=PLANE('',#6963);
#6963=AXIS2_PLACEMENT_3D('',#240,#6964,#6965);
#6964=DIRECTION('',(0,0,-1));
#6965=DIRECTION('',(-0.9443323256323897,-0.32899309835575974,0));
#6966=FACE_BOUND('',#6967,.T.);
#6967=EDGE_LOOP('',(#6968,#6969,#6970));
#6968=ORIENTED_EDGE('',*,*,#6971,.T.);
#6969=ORIENTED_EDGE('',*,*,#6972,.T.);
#6970=ORIENTED_EDGE('',*,*,#6973,.T.);
#6971=EDGE_CURVE('',#241,#277,#6974,.F.);
#6972=EDGE_CURVE('',#277,#281,#6975,.T.);
#6973=EDGE_CURVE('',#281,#241,#6976,.T.);
#6974=LINE('',#240,#6977);
#6975=LINE('',#276,#6978);
#6976=LINE('',#280,#6979);
#6977=VECTOR('',#6980,1.0);
#6978=VECTOR('',#6981,1.0);
#6979=VECTOR('',#6982,1.0);
#6980=DIRECTION('',(-0.9443323256323897,-0.32899309835575974,0));
#6981=DIRECTION('',(-0.13053540432077632,0.9914436485342026,0));
#6982=DIRECTION('',(0.9493566949281644,0.3142003593172231,0));
#6983=FACE_SURFACE('',(#6988),#6984,.T.);
#6984=PLANE('',#6985);
#6985=AXIS2_PLACEMENT_3D('',#280,#6986,#6987);
#6986=DIRECTION('',(0,0,-1));
#6987=DIRECTION('',(-0.3826804604958138,0.9238807634942466,0));
#6988=FACE_BOUND('',#6989,.T.);
#6989=EDGE_LOOP('',(#6990,#6991,#6992));
#6990=ORIENTED_EDGE('',*,*,#6993,.T.);
#6991=ORIENTED_EDGE('',*,*,#6994,.T.);
#6992=ORIENTED_EDGE('',*,*,#6995,.T.);
#6993=EDGE_CURVE('',#281,#285,#6996,.F.);
#6994=EDGE_CURVE('',#285,#241,#6997,.T.);
#6995=EDGE_CURVE('',#241,#281,#6998,.T.);
#6996=LINE('',#280,#6999);
#6997=LINE('',#284,#7000);
#6998=LINE('',#240,#7001);
#6999=VECTOR('',#7002,1.0);
#7000=VECTOR('',#7003,1.0);
#7001=VECTOR('',#7004,1.0);
#7002=DIRECTION('',(-0.3826804604958138,0.9238807634942466,0));
#7003=DIRECTION('',(0.9542297520394709,0.2990745397433385,0));
#7004=DIRECTION('',(-0.9493566949281644,-0.3142003593172231,0));
#7005=FACE_SURFACE('',(#7010),#7006,.T.);
#7006=PLANE('',#7007);
#7007=AXIS2_PLACEMENT_3D('',#240,#7008,#7009);
#7008=DIRECTION('',(0,0,-1));
#7009=DIRECTION('',(-0.9542297520394709,-0.2990745397433385,0));
#7010=FACE_BOUND('',#7011,.T.);
#7011=EDGE_LOOP('',(#7012,#7013,#7014));
#7012=ORIENTED_EDGE('',*,*,#7015,.T.);
#7013=ORIENTED_EDGE('',*,*,#7016,.T.);
#7014=ORIENTED_EDGE('',*,*,#7017,.T.);
#7015=EDGE_CURVE('',#241,#285,#7018,.F.);
#7016=EDGE_CURVE('',#285,#289,#7019,.T.);
#7017=EDGE_CURVE('',#289,#241,#7020,.T.);
#7018=LINE('',#240,#7021);
#7019=LINE('',#284,#7022);
#7020=LINE('',#288,#7023);
#7021=VECTOR('',#7024,1.0);
#7022=VECTOR('',#7025,1.0);
#7023=VECTOR('',#7026,1.0);
#7024=DIRECTION('',(-0.9542297520394709,-0.2990745397433385,0));
#7025=DIRECTION('',(-0.6087640334084832,0.7933513418582181,0));
#7026=DIRECTION('',(0.9585743918495797,0.28484229898350477,0));
#7027=FACE_SURFACE('',(#7032),#7028,.T.);
#7028=PLANE('',#7029);
#7029=AXIS2_PLACEMENT_3D('',#240,#7030,#7031);
#7030=DIRECTION('',(0,0,-1));
#7031=DIRECTION('',(-0.9585743918495797,-0.28484229898350477,0));
#7032=FACE_BOUND('',#7033,.T.);
#7033=EDGE_LOOP('',(#7034,#7035,#7036));
#7034=ORIENTED_EDGE('',*,*,#7037,.T.);
#7035=ORIENTED_EDGE('',*,*,#7038,.T.);
#7036=ORIENTED_EDGE('',*,*,#7039,.T.);
#7037=EDGE_CURVE('',#241,#289,#7040,.F.);
#7038=EDGE_CURVE('',#289,#293,#7041,.T.);
#7039=EDGE_CURVE('',#293,#241,#7042,.T.);
#7040=LINE('',#240,#7043);
#7041=LINE('',#288,#7044);
#7042=LINE('',#292,#7045);
#7043=VECTOR('',#7046,1.0);
#7044=VECTOR('',#7047,1.0);
#7045=VECTOR('',#7048,1.0);
#7046=DIRECTION('',(-0.9585743918495797,-0.28484229898350477,0));
#7047=DIRECTION('',(-0.7933494551558762,0.6087664921822442,0));
#7048=DIRECTION('',(0.9621166478396407,0.2726381410401208,0));
#7049=FACE_SURFACE('',(#7054),#7050,.T.);
#7050=PLANE('',#7051);
#7051=AXIS2_PLACEMENT_3D('',#292,#7052,#7053);
#7052=DIRECTION('',(0,0,-1));
#7053=DIRECTION('',(-0.9238803202762261,0.3826815305267528,0));
#7054=FACE_BOUND('',#7055,.T.);
#7055=EDGE_LOOP('',(#7056,#7057,#7058));
#7056=ORIENTED_EDGE('',*,*,#7059,.T.);
#7057=ORIENTED_EDGE('',*,*,#7060,.T.);
#7058=ORIENTED_EDGE('',*,*,#7061,.T.);
#7059=EDGE_CURVE('',#293,#297,#7062,.F.);
#7060=EDGE_CURVE('',#297,#241,#7063,.T.);
#7061=EDGE_CURVE('',#241,#293,#7064,.T.);
#7062=LINE('',#292,#7065);
#7063=LINE('',#296,#7066);
#7064=LINE('',#240,#7067);
#7065=VECTOR('',#7068,1.0);
#7066=VECTOR('',#7069,1.0);
#7067=VECTOR('',#7070,1.0);
#7068=DIRECTION('',(-0.9238803202762261,0.3826815305267528,0));
#7069=DIRECTION('',(0.9646935654665185,0.26337487493589057,0));
#7070=DIRECTION('',(-0.9621166478396407,-0.2726381410401208,0));
#7071=FACE_SURFACE('',(#7076),#7072,.T.);
#7072=PLANE('',#7073);
#7073=AXIS2_PLACEMENT_3D('',#240,#7074,#7075);
#7074=DIRECTION('',(0,0,-1));
#7075=DIRECTION('',(-0.9646935654665185,-0.26337487493589057,0));
#7076=FACE_BOUND('',#7077,.T.);
#7077=EDGE_LOOP('',(#7078,#7079,#7080));
#7078=ORIENTED_EDGE('',*,*,#7081,.T.);
#7079=ORIENTED_EDGE('',*,*,#7082,.T.);
#7080=ORIENTED_EDGE('',*,*,#7083,.T.);
#7081=EDGE_CURVE('',#241,#297,#7084,.F.);
#7082=EDGE_CURVE('',#297,#301,#7085,.T.);
#7083=EDGE_CURVE('',#301,#241,#7086,.T.);
#7084=LINE('',#240,#7087);
#7085=LINE('',#296,#7088);
#7086=LINE('',#300,#7089);
#7087=VECTOR('',#7090,1.0);
#7088=VECTOR('',#7091,1.0);
#7089=VECTOR('',#7092,1.0);
#7090=DIRECTION('',(-0.9646935654665185,-0.26337487493589057,0));
#7091=DIRECTION('',(-0.99144529064532,0.13052293153778352,0));
#7092=DIRECTION('',(0.9662349655549798,0.2576625532338122,0));
#7093=FACE_SURFACE('',(#7098),#7094,.T.);
#7094=PLANE('',#7095);
#7095=AXIS2_PLACEMENT_3D('',#240,#7096,#7097);
#7096=DIRECTION('',(-0,0,-1));
#7097=DIRECTION('',(-0.9662349655549798,-0.2576625532338122,0));
#7098=FACE_BOUND('',#7099,.T.);
#7099=EDGE_LOOP('',(#7100,#7101,#7102));
#7100=ORIENTED_EDGE('',*,*,#7103,.T.);
#7101=ORIENTED_EDGE('',*,*,#7104,.T.);
#7102=ORIENTED_EDGE('',*,*,#7105,.T.);
#7103=EDGE_CURVE('',#241,#301,#7106,.F.);
#7104=EDGE_CURVE('',#301,#461,#7107,.T.);
#7105=EDGE_CURVE('',#461,#241,#7108,.T.);
#7106=LINE('',#240,#7109);
#7107=LINE('',#300,#7110);
#7108=LINE('',#460,#7111);
#7109=VECTOR('',#7112,1.0);
#7110=VECTOR('',#7113,1.0);
#7111=VECTOR('',#7114,1.0);
#7112=DIRECTION('',(-0.9662349655549798,-0.2576625532338122,0));
#7113=DIRECTION('',(-0.9284767575032585,0.37139050980906263,0));
#7114=DIRECTION('',(1,0,0));
#7115=FACE_SURFACE('',(#7120),#7116,.T.);
#7116=PLANE('',#7117);
#7117=AXIS2_PLACEMENT_3D('',#460,#7118,#7119);
#7118=DIRECTION('',(0,0,-1));
#7119=DIRECTION('',(0.9284767575032585,-0.37139050980906263,0));
#7120=FACE_BOUND('',#7121,.T.);
#7121=EDGE_LOOP('',(#7122,#7123,#7124));
#7122=ORIENTED_EDGE('',*,*,#7125,.T.);
#7123=ORIENTED_EDGE('',*,*,#7126,.T.);
#7124=ORIENTED_EDGE('',*,*,#7127,.T.);
#7125=EDGE_CURVE('',#461,#301,#7128,.F.);
#7126=EDGE_CURVE('',#301,#331,#7129,.T.);
#7127=EDGE_CURVE('',#331,#461,#7130,.T.);
#7128=LINE('',#460,#7131);
#7129=LINE('',#300,#7132);
#7130=LINE('',#330,#7133);
#7131=VECTOR('',#7134,1.0);
#7132=VECTOR('',#7135,1.0);
#7133=VECTOR('',#7136,1.0);
#7134=DIRECTION('',(0.9284767575032585,-0.37139050980906263,0));
#7135=DIRECTION('',(-1,0,0));
#7136=DIRECTION('',(-0.8983844510691504,0.4392099476072707,0));
#7137=FACE_SURFACE('',(#7142),#7138,.T.);
#7138=PLANE('',#7139);
#7139=AXIS2_PLACEMENT_3D('',#460,#7140,#7141);
#7140=DIRECTION('',(0,0,-1));
#7141=DIRECTION('',(0.8983844510691504,-0.4392099476072707,0));
#7142=FACE_BOUND('',#7143,.T.);
#7143=EDGE_LOOP('',(#7144,#7145,#7146));
#7144=ORIENTED_EDGE('',*,*,#7147,.T.);
#7145=ORIENTED_EDGE('',*,*,#7148,.T.);
#7146=ORIENTED_EDGE('',*,*,#7149,.T.);
#7147=EDGE_CURVE('',#461,#331,#7150,.F.);
#7148=EDGE_CURVE('',#331,#333,#7151,.T.);
#7149=EDGE_CURVE('',#333,#461,#7152,.T.);
#7150=LINE('',#460,#7153);
#7151=LINE('',#330,#7154);
#7152=LINE('',#332,#7155);
#7153=VECTOR('',#7156,1.0);
#7154=VECTOR('',#7157,1.0);
#7155=VECTOR('',#7158,1.0);
#7156=DIRECTION('',(0.8983844510691504,-0.4392099476072707,0));
#7157=DIRECTION('',(-0.9914455395896884,-0.13052104055558156,0));
#7158=DIRECTION('',(-0.8918215418980469,0.4523873753837413,0));
#7159=FACE_SURFACE('',(#7164),#7160,.T.);
#7160=PLANE('',#7161);
#7161=AXIS2_PLACEMENT_3D('',#332,#7162,#7163);
#7162=DIRECTION('',(-0,0,-1));
#7163=DIRECTION('',(-0.9238781802914813,-0.3826866968961701,0));
#7164=FACE_BOUND('',#7165,.T.);
#7165=EDGE_LOOP('',(#7166,#7167,#7168));
#7166=ORIENTED_EDGE('',*,*,#7169,.T.);
#7167=ORIENTED_EDGE('',*,*,#7170,.T.);
#7168=ORIENTED_EDGE('',*,*,#7171,.T.);
#7169=EDGE_CURVE('',#333,#337,#7172,.F.);
#7170=EDGE_CURVE('',#337,#461,#7173,.T.);
#7171=EDGE_CURVE('',#461,#333,#7174,.T.);
#7172=LINE('',#332,#7175);
#7173=LINE('',#336,#7176);
#7174=LINE('',#460,#7177);
#7175=VECTOR('',#7178,1.0);
#7176=VECTOR('',#7179,1.0);
#7177=VECTOR('',#7180,1.0);
#7178=DIRECTION('',(-0.9238781802914813,-0.3826866968961701,0));
#7179=DIRECTION('',(-0.8823254213226577,0.47063983138679927,0));
#7180=DIRECTION('',(0.8918215418980469,-0.4523873753837413,0));
#7181=FACE_SURFACE('',(#7186),#7182,.T.);
#7182=PLANE('',#7183);
#7183=AXIS2_PLACEMENT_3D('',#460,#7184,#7185);
#7184=DIRECTION('',(0,0,-1));
#7185=DIRECTION('',(0.8823254213226577,-0.47063983138679927,0));
#7186=FACE_BOUND('',#7187,.T.);
#7187=EDGE_LOOP('',(#7188,#7189,#7190));
#7188=ORIENTED_EDGE('',*,*,#7191,.T.);
#7189=ORIENTED_EDGE('',*,*,#7192,.T.);
#7190=ORIENTED_EDGE('',*,*,#7193,.T.);
#7191=EDGE_CURVE('',#461,#337,#7194,.F.);
#7192=EDGE_CURVE('',#337,#341,#7195,.T.);
#7193=EDGE_CURVE('',#341,#461,#7196,.T.);
#7194=LINE('',#460,#7197);
#7195=LINE('',#336,#7198);
#7196=LINE('',#340,#7199);
#7197=VECTOR('',#7200,1.0);
#7198=VECTOR('',#7201,1.0);
#7199=VECTOR('',#7202,1.0);
#7200=DIRECTION('',(0.8823254213226577,-0.47063983138679927,0));
#7201=DIRECTION('',(-0.793354870556795,-0.6087594347226258,0));
#7202=DIRECTION('',(-0.8703108325338968,0.4925028474782205,0));
#7203=FACE_SURFACE('',(#7208),#7204,.T.);
#7204=PLANE('',#7205);
#7205=AXIS2_PLACEMENT_3D('',#460,#7206,#7207);
#7206=DIRECTION('',(0,0,-1));
#7207=DIRECTION('',(0.8703108325338968,-0.4925028474782205,0));
#7208=FACE_BOUND('',#7209,.T.);
#7209=EDGE_LOOP('',(#7210,#7211,#7212));
#7210=ORIENTED_EDGE('',*,*,#7213,.T.);
#7211=ORIENTED_EDGE('',*,*,#7214,.T.);
#7212=ORIENTED_EDGE('',*,*,#7215,.T.);
#7213=EDGE_CURVE('',#461,#341,#7216,.F.);
#7214=EDGE_CURVE('',#341,#345,#7217,.T.);
#7215=EDGE_CURVE('',#345,#461,#7218,.T.);
#7216=LINE('',#460,#7219);
#7217=LINE('',#340,#7220);
#7218=LINE('',#344,#7221);
#7219=VECTOR('',#7222,1.0);
#7220=VECTOR('',#7223,1.0);
#7221=VECTOR('',#7224,1.0);
#7222=DIRECTION('',(0.8703108325338968,-0.4925028474782205,0));
#7223=DIRECTION('',(-0.6087640334084832,-0.7933513418582181,0));
#7224=DIRECTION('',(-0.8565802982128539,0.516013752446171,0));
#7225=FACE_SURFACE('',(#7230),#7226,.T.);
#7226=PLANE('',#7227);
#7227=AXIS2_PLACEMENT_3D('',#344,#7228,#7229);
#7228=DIRECTION('',(-0,0,-1));
#7229=DIRECTION('',(-0.3826804604958138,-0.9238807634942466,0));
#7230=FACE_BOUND('',#7231,.T.);
#7231=EDGE_LOOP('',(#7232,#7233,#7234));
#7232=ORIENTED_EDGE('',*,*,#7235,.T.);
#7233=ORIENTED_EDGE('',*,*,#7236,.T.);
#7234=ORIENTED_EDGE('',*,*,#7237,.T.);
#7235=EDGE_CURVE('',#345,#349,#7238,.F.);
#7236=EDGE_CURVE('',#349,#461,#7239,.T.);
#7237=EDGE_CURVE('',#461,#345,#7240,.T.);
#7238=LINE('',#344,#7241);
#7239=LINE('',#348,#7242);
#7240=LINE('',#460,#7243);
#7241=VECTOR('',#7244,1.0);
#7242=VECTOR('',#7245,1.0);
#7243=VECTOR('',#7246,1.0);
#7244=DIRECTION('',(-0.3826804604958138,-0.9238807634942466,0));
#7245=DIRECTION('',(-0.8423013170266929,0.5390069492456463,0));
#7246=DIRECTION('',(0.8565802982128539,-0.516013752446171,0));
#7247=FACE_SURFACE('',(#7252),#7248,.T.);
#7248=PLANE('',#7249);
#7249=AXIS2_PLACEMENT_3D('',#256,#7250,#7251);
#7250=DIRECTION('',(0,-1,0));
#7251=DIRECTION('',(0,0,1));
#7252=FACE_BOUND('',#7253,.T.);
#7253=EDGE_LOOP('',(#7254,#7255,#7256));
#7254=ORIENTED_EDGE('',*,*,#7257,.T.);
#7255=ORIENTED_EDGE('',*,*,#7258,.T.);
#7256=ORIENTED_EDGE('',*,*,#7259,.T.);
#7257=EDGE_CURVE('',#257,#241,#7260,.F.);
#7258=EDGE_CURVE('',#241,#465,#7261,.T.);
#7259=EDGE_CURVE('',#465,#257,#7262,.T.);
#7260=LINE('',#256,#7263);
#7261=LINE('',#240,#7264);
#7262=LINE('',#464,#7265);
#7263=VECTOR('',#7266,1.0);
#7264=VECTOR('',#7267,1.0);
#7265=VECTOR('',#7268,1.0);
#7266=DIRECTION('',(0,0,1));
#7267=DIRECTION('',(-0.7408323515651659,0,-0.6716899782447453));
#7268=DIRECTION('',(1,0,0));
#7269=FACE_SURFACE('',(#7274),#7270,.T.);
#7270=PLANE('',#7271);
#7271=AXIS2_PLACEMENT_3D('',#464,#7272,#7273);
#7272=DIRECTION('',(0,-1,0));
#7273=DIRECTION('',(0.7408323515651659,0,0.6716899782447453));
#7274=FACE_BOUND('',#7275,.T.);
#7275=EDGE_LOOP('',(#7276,#7277,#7278));
#7276=ORIENTED_EDGE('',*,*,#7279,.T.);
#7277=ORIENTED_EDGE('',*,*,#7280,.T.);
#7278=ORIENTED_EDGE('',*,*,#7281,.T.);
#7279=EDGE_CURVE('',#465,#241,#7282,.F.);
#7280=EDGE_CURVE('',#241,#461,#7283,.T.);
#7281=EDGE_CURVE('',#461,#465,#7284,.T.);
#7282=LINE('',#464,#7285);
#7283=LINE('',#240,#7286);
#7284=LINE('',#460,#7287);
#7285=VECTOR('',#7288,1.0);
#7286=VECTOR('',#7289,1.0);
#7287=VECTOR('',#7290,1.0);
#7288=DIRECTION('',(0.7408323515651659,0,0.6716899782447453));
#7289=DIRECTION('',(-1,0,0));
#7290=DIRECTION('',(0.9467724806470453,0,-0.32190351021608976));
#7291=FACE_SURFACE('',(#7296),#7292,.T.);
#7292=PLANE('',#7293);
#7293=AXIS2_PLACEMENT_3D('',#464,#7294,#7295);
#7294=DIRECTION('',(0,-1,0));
#7295=DIRECTION('',(-0.9467724806470453,0,0.32190351021608976));
#7296=FACE_BOUND('',#7297,.T.);
#7297=EDGE_LOOP('',(#7298,#7299,#7300));
#7298=ORIENTED_EDGE('',*,*,#7301,.T.);
#7299=ORIENTED_EDGE('',*,*,#7302,.T.);
#7300=ORIENTED_EDGE('',*,*,#7303,.T.);
#7301=EDGE_CURVE('',#465,#461,#7304,.F.);
#7302=EDGE_CURVE('',#461,#467,#7305,.T.);
#7303=EDGE_CURVE('',#467,#465,#7306,.T.);
#7304=LINE('',#464,#7307);
#7305=LINE('',#460,#7308);
#7306=LINE('',#466,#7309);
#7307=VECTOR('',#7310,1.0);
#7308=VECTOR('',#7311,1.0);
#7309=VECTOR('',#7312,1.0);
#7310=DIRECTION('',(-0.9467724806470453,0,0.32190351021608976));
#7311=DIRECTION('',(0,0,-1));
#7312=DIRECTION('',(1,0,0));
#7313=FACE_SURFACE('',(#7318),#7314,.T.);
#7314=PLANE('',#7315);
#7315=AXIS2_PLACEMENT_3D('',#468,#7316,#7317);
#7316=DIRECTION('',(-3.8146972655972444E-06,0,0.999999999992724));
#7317=DIRECTION('',(-0.8288487840355863,0.5594726920884815,-3.161807190077157E-06));
#7318=FACE_BOUND('',#7319,.T.);
#7319=EDGE_LOOP('',(#7320,#7321,#7322));
#7320=ORIENTED_EDGE('',*,*,#7323,.T.);
#7321=ORIENTED_EDGE('',*,*,#7324,.T.);
#7322=ORIENTED_EDGE('',*,*,#7325,.T.);
#7323=EDGE_CURVE('',#469,#467,#7326,.F.);
#7324=EDGE_CURVE('',#467,#471,#7327,.T.);
#7325=EDGE_CURVE('',#471,#469,#7328,.T.);
#7326=LINE('',#468,#7329);
#7327=LINE('',#466,#7330);
#7328=LINE('',#470,#7331);
#7329=VECTOR('',#7332,1.0);
#7330=VECTOR('',#7333,1.0);
#7331=VECTOR('',#7334,1.0);
#7332=DIRECTION('',(-0.8288487840355863,0.5594726920884815,-3.161807190077157E-06));
#7333=DIRECTION('',(0.2204300235221229,-0.9754027910198583,8.408738079914967E-07));
#7334=DIRECTION('',(0,1,0));
#7335=FACE_SURFACE('',(#7340),#7336,.T.);
#7336=PLANE('',#7337);
#7337=AXIS2_PLACEMENT_3D('',#470,#7338,#7339);
#7338=DIRECTION('',(-3.8146972655972444E-06,0,0.999999999992724));
#7339=DIRECTION('',(-0.2204300235221229,0.9754027910198583,-8.408738079914967E-07));
#7340=FACE_BOUND('',#7341,.T.);
#7341=EDGE_LOOP('',(#7342,#7343,#7344));
#7342=ORIENTED_EDGE('',*,*,#7345,.T.);
#7343=ORIENTED_EDGE('',*,*,#7346,.T.);
#7344=ORIENTED_EDGE('',*,*,#7347,.T.);
#7345=EDGE_CURVE('',#471,#467,#7348,.F.);
#7346=EDGE_CURVE('',#467,#473,#7349,.T.);
#7347=EDGE_CURVE('',#473,#471,#7350,.T.);
#7348=LINE('',#470,#7351);
#7349=LINE('',#466,#7352);
#7350=LINE('',#472,#7353);
#7351=VECTOR('',#7354,1.0);
#7352=VECTOR('',#7355,1.0);
#7353=VECTOR('',#7356,1.0);
#7354=DIRECTION('',(-0.2204300235221229,0.9754027910198583,-8.408738079914967E-07));
#7355=DIRECTION('',(0,-1,0));
#7356=DIRECTION('',(0.8288486694896683,0.5594728617861722,3.161806753119157E-06));
#7357=FACE_SURFACE('',(#7362),#7358,.T.);
#7358=PLANE('',#7359);
#7359=AXIS2_PLACEMENT_3D('',#470,#7360,#7361);
#7360=DIRECTION('',(-3.50337974723495E-06,-4.612111301750642E-07,0.9999999999937567));
#7361=DIRECTION('',(-0.8288486694896683,-0.5594728617861722,-3.161806753119157E-06));
#7362=FACE_BOUND('',#7363,.T.);
#7363=EDGE_LOOP('',(#7364,#7365,#7366));
#7364=ORIENTED_EDGE('',*,*,#7367,.T.);
#7365=ORIENTED_EDGE('',*,*,#7368,.T.);
#7366=ORIENTED_EDGE('',*,*,#7369,.T.);
#7367=EDGE_CURVE('',#471,#473,#7370,.F.);
#7368=EDGE_CURVE('',#473,#475,#7371,.T.);
#7369=EDGE_CURVE('',#475,#471,#7372,.T.);
#7370=LINE('',#470,#7373);
#7371=LINE('',#472,#7374);
#7372=LINE('',#474,#7375);
#7373=VECTOR('',#7376,1.0);
#7374=VECTOR('',#7377,1.0);
#7375=VECTOR('',#7378,1.0);
#7376=DIRECTION('',(-0.8288486694896683,-0.5594728617861722,-3.161806753119157E-06));
#7377=DIRECTION('',(0.842301178004791,0.5390071664843655,3.199496992540814E-06));
#7378=DIRECTION('',(-0.13052130647167157,0.9914455045825402,0));
#7379=FACE_SURFACE('',(#7384),#7380,.T.);
#7380=PLANE('',#7381);
#7381=AXIS2_PLACEMENT_3D('',#474,#7382,#7383);
#7382=DIRECTION('',(-3.002635828695743E-06,-1.2437187083551433E-06,0.9999999999947188));
#7383=DIRECTION('',(-0.842301178004791,-0.5390071664843655,-3.199496992540814E-06));
#7384=FACE_BOUND('',#7385,.T.);
#7385=EDGE_LOOP('',(#7386,#7387,#7388));
#7386=ORIENTED_EDGE('',*,*,#7389,.T.);
#7387=ORIENTED_EDGE('',*,*,#7390,.T.);
#7388=ORIENTED_EDGE('',*,*,#7391,.T.);
#7389=EDGE_CURVE('',#475,#473,#7392,.F.);
#7390=EDGE_CURVE('',#473,#477,#7393,.T.);
#7391=EDGE_CURVE('',#477,#475,#7394,.T.);
#7392=LINE('',#474,#7395);
#7393=LINE('',#472,#7396);
#7394=LINE('',#476,#7397);
#7395=VECTOR('',#7398,1.0);
#7396=VECTOR('',#7399,1.0);
#7397=VECTOR('',#7400,1.0);
#7398=DIRECTION('',(-0.842301178004791,-0.5390071664843655,-3.199496992540814E-06));
#7399=DIRECTION('',(0.8565801844565095,0.5160139412710899,3.2137745445478232E-06));
#7400=DIRECTION('',(-0.3826798146995753,0.9238810309891089,0));
#7401=FACE_SURFACE('',(#7406),#7402,.T.);
#7402=PLANE('',#7403);
#7403=AXIS2_PLACEMENT_3D('',#476,#7404,#7405);
#7404=DIRECTION('',(-2.565814678262789E-06,-1.9688393139938906E-06,0.9999999999947702));
#7405=DIRECTION('',(-0.8565801844565095,-0.5160139412710899,-3.2137745445478232E-06));
#7406=FACE_BOUND('',#7407,.T.);
#7407=EDGE_LOOP('',(#7408,#7409,#7410));
#7408=ORIENTED_EDGE('',*,*,#7411,.T.);
#7409=ORIENTED_EDGE('',*,*,#7412,.T.);
#7410=ORIENTED_EDGE('',*,*,#7413,.T.);
#7411=EDGE_CURVE('',#477,#473,#7414,.F.);
#7412=EDGE_CURVE('',#473,#479,#7415,.T.);
#7413=EDGE_CURVE('',#479,#477,#7416,.T.);
#7414=LINE('',#476,#7417);
#7415=LINE('',#472,#7418);
#7416=LINE('',#478,#7419);
#7417=VECTOR('',#7420,1.0);
#7418=VECTOR('',#7421,1.0);
#7419=VECTOR('',#7422,1.0);
#7420=DIRECTION('',(-0.8565801844565095,-0.5160139412710899,-3.2137745445478232E-06));
#7421=DIRECTION('',(0.8703106890844325,0.49250310095990524,3.2027154081523527E-06));
#7422=DIRECTION('',(-0.6087654118076424,0.7933502841662512,0));
#7423=FACE_SURFACE('',(#7428),#7424,.T.);
#7424=PLANE('',#7425);
#7425=AXIS2_PLACEMENT_3D('',#478,#7426,#7427);
#7426=DIRECTION('',(-2.1179801381988258E-06,-2.7602154218734093E-06,0.9999999999939477));
#7427=DIRECTION('',(-0.8703106890844325,-0.49250310095990524,-3.2027154081523527E-06));
#7428=FACE_BOUND('',#7429,.T.);
#7429=EDGE_LOOP('',(#7430,#7431,#7432));
#7430=ORIENTED_EDGE('',*,*,#7433,.T.);
#7431=ORIENTED_EDGE('',*,*,#7434,.T.);
#7432=ORIENTED_EDGE('',*,*,#7435,.T.);
#7433=EDGE_CURVE('',#479,#473,#7436,.F.);
#7434=EDGE_CURVE('',#473,#481,#7437,.T.);
#7435=EDGE_CURVE('',#481,#479,#7438,.T.);
#7436=LINE('',#478,#7439);
#7437=LINE('',#472,#7440);
#7438=LINE('',#480,#7441);
#7439=VECTOR('',#7442,1.0);
#7440=VECTOR('',#7443,1.0);
#7441=VECTOR('',#7444,1.0);
#7442=DIRECTION('',(-0.8703106890844325,-0.49250310095990524,-3.2027154081523527E-06));
#7443=DIRECTION('',(0.8823252947823405,0.47064006860574586,3.1678154253157327E-06));
#7444=DIRECTION('',(-0.7933544019012427,0.608760045489125,0));
#7445=FACE_SURFACE('',(#7450),#7446,.T.);
#7446=PLANE('',#7447);
#7447=AXIS2_PLACEMENT_3D('',#480,#7448,#7449);
#7448=DIRECTION('',(-1.5693532258902695E-06,-3.7887453631398627E-06,0.9999999999915913));
#7449=DIRECTION('',(-0.8823252947823405,-0.47064006860574586,-3.1678154253157327E-06));
#7450=FACE_BOUND('',#7451,.T.);
#7451=EDGE_LOOP('',(#7452,#7453,#7454));
#7452=ORIENTED_EDGE('',*,*,#7455,.T.);
#7453=ORIENTED_EDGE('',*,*,#7456,.T.);
#7454=ORIENTED_EDGE('',*,*,#7457,.T.);
#7455=EDGE_CURVE('',#481,#473,#7458,.F.);
#7456=EDGE_CURVE('',#473,#483,#7459,.T.);
#7457=EDGE_CURVE('',#483,#481,#7460,.T.);
#7458=LINE('',#480,#7461);
#7459=LINE('',#472,#7462);
#7460=LINE('',#482,#7463);
#7461=VECTOR('',#7464,1.0);
#7462=VECTOR('',#7465,1.0);
#7463=VECTOR('',#7466,1.0);
#7464=DIRECTION('',(-0.8823252947823405,-0.47064006860574586,-3.1678154253157327E-06));
#7465=DIRECTION('',(0.8918213891667177,0.4523876764624028,3.1135644855714562E-06));
#7466=DIRECTION('',(-0.9238792297209396,0.3826841633648344,0));
#7467=FACE_SURFACE('',(#7472),#7468,.T.);
#7468=PLANE('',#7469);
#7469=AXIS2_PLACEMENT_3D('',#482,#7470,#7471);
#7470=DIRECTION('',(-7.193912912868435E-07,-5.464330867951348E-06,0.9999999999848117));
#7471=DIRECTION('',(-0.8918213891667177,-0.4523876764624028,-3.1135644855714562E-06));
#7472=FACE_BOUND('',#7473,.T.);
#7473=EDGE_LOOP('',(#7474,#7475,#7476));
#7474=ORIENTED_EDGE('',*,*,#7477,.T.);
#7475=ORIENTED_EDGE('',*,*,#7478,.T.);
#7476=ORIENTED_EDGE('',*,*,#7479,.T.);
#7477=EDGE_CURVE('',#483,#473,#7480,.F.);
#7478=EDGE_CURVE('',#473,#485,#7481,.T.);
#7479=EDGE_CURVE('',#485,#483,#7482,.T.);
#7480=LINE('',#482,#7483);
#7481=LINE('',#472,#7484);
#7482=LINE('',#484,#7485);
#7483=VECTOR('',#7486,1.0);
#7484=VECTOR('',#7487,1.0);
#7485=VECTOR('',#7488,1.0);
#7486=DIRECTION('',(-0.8918213891667177,-0.4523876764624028,-3.1135644855714562E-06));
#7487=DIRECTION('',(0.8983843559849563,0.4392101420871511,3.0462794188943017E-06));
#7488=DIRECTION('',(-0.9914448969488365,0.1305259220006158,0));
#7489=FACE_SURFACE('',(#7494),#7490,.T.);
#7490=PLANE('',#7491);
#7491=AXIS2_PLACEMENT_3D('',#484,#7492,#7493);
#7492=DIRECTION('',(0,-6.9358130127527115E-06,0.9999999999759471));
#7493=DIRECTION('',(-0.8983843559849563,-0.4392101420871511,-3.0462794188943017E-06));
#7494=FACE_BOUND('',#7495,.T.);
#7495=EDGE_LOOP('',(#7496,#7497,#7498));
#7496=ORIENTED_EDGE('',*,*,#7499,.T.);
#7497=ORIENTED_EDGE('',*,*,#7500,.T.);
#7498=ORIENTED_EDGE('',*,*,#7501,.T.);
#7499=EDGE_CURVE('',#485,#473,#7502,.F.);
#7500=EDGE_CURVE('',#473,#487,#7503,.T.);
#7501=EDGE_CURVE('',#487,#485,#7504,.T.);
#7502=LINE('',#484,#7505);
#7503=LINE('',#472,#7506);
#7504=LINE('',#486,#7507);
#7505=VECTOR('',#7508,1.0);
#7506=VECTOR('',#7509,1.0);
#7507=VECTOR('',#7510,1.0);
#7508=DIRECTION('',(-0.8983843559849563,-0.4392101420871511,-3.0462794188943017E-06));
#7509=DIRECTION('',(1,0,0));
#7510=DIRECTION('',(-0.9284766872390066,0.3713906854608028,2.575896349096143E-06));
#7511=FACE_SURFACE('',(#7516),#7512,.T.);
#7512=PLANE('',#7513);
#7513=AXIS2_PLACEMENT_3D('',#484,#7514,#7515);
#7514=DIRECTION('',(-1.848071832300693E-20,-6.935813012752759E-06,0.9999999999759474));
#7515=DIRECTION('',(0.9284766872390066,-0.3713906854608028,-2.575896349096143E-06));
#7516=FACE_BOUND('',#7517,.T.);
#7517=EDGE_LOOP('',(#7518,#7519,#7520));
#7518=ORIENTED_EDGE('',*,*,#7521,.T.);
#7519=ORIENTED_EDGE('',*,*,#7522,.T.);
#7520=ORIENTED_EDGE('',*,*,#7523,.T.);
#7521=EDGE_CURVE('',#485,#487,#7524,.F.);
#7522=EDGE_CURVE('',#487,#489,#7525,.T.);
#7523=EDGE_CURVE('',#489,#485,#7526,.T.);
#7524=LINE('',#484,#7527);
#7525=LINE('',#486,#7528);
#7526=LINE('',#488,#7529);
#7527=VECTOR('',#7530,1.0);
#7528=VECTOR('',#7531,1.0);
#7529=VECTOR('',#7532,1.0);
#7530=DIRECTION('',(0.9284766872390066,-0.3713906854608028,-2.575896349096143E-06));
#7531=DIRECTION('',(-0.8983843559849566,0.4392101420871507,3.0462794188943025E-06));
#7532=DIRECTION('',(-1,2.6645352591003757E-15,0));
#7533=FACE_SURFACE('',(#7538),#7534,.T.);
#7534=PLANE('',#7535);
#7535=AXIS2_PLACEMENT_3D('',#488,#7536,#7537);
#7536=DIRECTION('',(7.193996448697186E-07,-5.464313781077778E-06,0.9999999999848119));
#7537=DIRECTION('',(0.8983843559849566,-0.4392101420871507,-3.0462794188943025E-06));
#7538=FACE_BOUND('',#7539,.T.);
#7539=EDGE_LOOP('',(#7540,#7541,#7542));
#7540=ORIENTED_EDGE('',*,*,#7543,.T.);
#7541=ORIENTED_EDGE('',*,*,#7544,.T.);
#7542=ORIENTED_EDGE('',*,*,#7545,.T.);
#7543=EDGE_CURVE('',#489,#487,#7546,.F.);
#7544=EDGE_CURVE('',#487,#491,#7547,.T.);
#7545=EDGE_CURVE('',#491,#489,#7548,.T.);
#7546=LINE('',#488,#7549);
#7547=LINE('',#486,#7550);
#7548=LINE('',#490,#7551);
#7549=VECTOR('',#7552,1.0);
#7550=VECTOR('',#7553,1.0);
#7551=VECTOR('',#7554,1.0);
#7552=DIRECTION('',(0.8983843559849566,-0.4392101420871507,-3.0462794188943025E-06));
#7553=DIRECTION('',(-0.8918214688173418,0.4523875194418881,3.1135634048755762E-06));
#7554=DIRECTION('',(-0.9914446479860056,-0.13052781305110842,0));
#7555=FACE_SURFACE('',(#7560),#7556,.T.);
#7556=PLANE('',#7557);
#7557=AXIS2_PLACEMENT_3D('',#490,#7558,#7559);
#7558=DIRECTION('',(1.5693392538664844E-06,-3.788771556978482E-06,0.9999999999915912));
#7559=DIRECTION('',(0.8918214688173418,-0.4523875194418881,-3.1135634048755762E-06));
#7560=FACE_BOUND('',#7561,.T.);
#7561=EDGE_LOOP('',(#7562,#7563,#7564));
#7562=ORIENTED_EDGE('',*,*,#7565,.T.);
#7563=ORIENTED_EDGE('',*,*,#7566,.T.);
#7564=ORIENTED_EDGE('',*,*,#7567,.T.);
#7565=EDGE_CURVE('',#491,#487,#7568,.F.);
#7566=EDGE_CURVE('',#487,#493,#7569,.T.);
#7567=EDGE_CURVE('',#493,#491,#7570,.T.);
#7568=LINE('',#490,#7571);
#7569=LINE('',#486,#7572);
#7570=LINE('',#492,#7573);
#7571=VECTOR('',#7574,1.0);
#7572=VECTOR('',#7575,1.0);
#7573=VECTOR('',#7576,1.0);
#7574=DIRECTION('',(0.8918214688173418,-0.4523875194418881,-3.1135634048755762E-06));
#7575=DIRECTION('',(-0.8823252947823405,0.47064006860574586,3.1678154253157327E-06));
#7576=DIRECTION('',(-0.92388136967978,-0.38267899701788377,0));
#7577=FACE_SURFACE('',(#7582),#7578,.T.);
#7578=PLANE('',#7579);
#7579=AXIS2_PLACEMENT_3D('',#492,#7580,#7581);
#7580=DIRECTION('',(2.1179961360381485E-06,-2.7601854301679905E-06,0.9999999999939478));
#7581=DIRECTION('',(0.8823252947823405,-0.47064006860574586,-3.1678154253157327E-06));
#7582=FACE_BOUND('',#7583,.T.);
#7583=EDGE_LOOP('',(#7584,#7585,#7586));
#7584=ORIENTED_EDGE('',*,*,#7587,.T.);
#7585=ORIENTED_EDGE('',*,*,#7588,.T.);
#7586=ORIENTED_EDGE('',*,*,#7589,.T.);
#7587=EDGE_CURVE('',#493,#487,#7590,.F.);
#7588=EDGE_CURVE('',#487,#495,#7591,.T.);
#7589=EDGE_CURVE('',#495,#493,#7592,.T.);
#7590=LINE('',#492,#7593);
#7591=LINE('',#486,#7594);
#7592=LINE('',#494,#7595);
#7593=VECTOR('',#7596,1.0);
#7594=VECTOR('',#7597,1.0);
#7595=VECTOR('',#7598,1.0);
#7596=DIRECTION('',(0.8823252947823405,-0.47064006860574586,-3.1678154253157327E-06));
#7597=DIRECTION('',(-0.8703107861904347,0.4925029293621818,3.2027142922635967E-06));
#7598=DIRECTION('',(-0.7933489864926565,-0.6087671029474859,0));
#7599=FACE_SURFACE('',(#7604),#7600,.T.);
#7600=PLANE('',#7601);
#7601=AXIS2_PLACEMENT_3D('',#494,#7602,#7603);
#7602=DIRECTION('',(2.5658138553374325E-06,-1.968838682534492E-06,0.9999999999947702));
#7603=DIRECTION('',(0.8703107861904347,-0.4925029293621818,-3.2027142922635967E-06));
#7604=FACE_BOUND('',#7605,.T.);
#7605=EDGE_LOOP('',(#7606,#7607,#7608));
#7606=ORIENTED_EDGE('',*,*,#7609,.T.);
#7607=ORIENTED_EDGE('',*,*,#7610,.T.);
#7608=ORIENTED_EDGE('',*,*,#7611,.T.);
#7609=EDGE_CURVE('',#495,#487,#7612,.F.);
#7610=EDGE_CURVE('',#487,#497,#7613,.T.);
#7611=EDGE_CURVE('',#497,#495,#7614,.T.);
#7612=LINE('',#494,#7615);
#7613=LINE('',#486,#7616);
#7614=LINE('',#496,#7617);
#7615=VECTOR('',#7618,1.0);
#7616=VECTOR('',#7619,1.0);
#7617=VECTOR('',#7620,1.0);
#7618=DIRECTION('',(0.8703107861904347,-0.4925029293621818,-3.2027142922635967E-06));
#7619=DIRECTION('',(-0.8565802914230785,0.5160137637071569,3.2137734386659814E-06));
#7620=DIRECTION('',(-0.6087654118076424,-0.7933502841662512,0));
#7621=FACE_SURFACE('',(#7626),#7622,.T.);
#7622=PLANE('',#7623);
#7623=AXIS2_PLACEMENT_3D('',#496,#7624,#7625);
#7624=DIRECTION('',(3.0026347017184257E-06,-1.243718241551024E-06,0.9999999999947186));
#7625=DIRECTION('',(0.8565802914230785,-0.5160137637071569,-3.2137734386659814E-06));
#7626=FACE_BOUND('',#7627,.T.);
#7627=EDGE_LOOP('',(#7628,#7629,#7630));
#7628=ORIENTED_EDGE('',*,*,#7631,.T.);
#7629=ORIENTED_EDGE('',*,*,#7632,.T.);
#7630=ORIENTED_EDGE('',*,*,#7633,.T.);
#7631=EDGE_CURVE('',#497,#487,#7634,.F.);
#7632=EDGE_CURVE('',#487,#499,#7635,.T.);
#7633=EDGE_CURVE('',#499,#497,#7636,.T.);
#7634=LINE('',#496,#7637);
#7635=LINE('',#486,#7638);
#7636=LINE('',#498,#7639);
#7637=VECTOR('',#7640,1.0);
#7638=VECTOR('',#7641,1.0);
#7639=VECTOR('',#7642,1.0);
#7640=DIRECTION('',(0.8565802914230785,-0.5160137637071569,-3.2137734386659814E-06));
#7641=DIRECTION('',(-0.8423012941979553,0.5390069849104118,3.1994959147345155E-06));
#7642=DIRECTION('',(-0.3826798146995753,-0.9238810309891089,0));
#7643=FACE_SURFACE('',(#7648),#7644,.T.);
#7644=PLANE('',#7645);
#7645=AXIS2_PLACEMENT_3D('',#498,#7646,#7647);
#7646=DIRECTION('',(3.5033477377995142E-06,-4.612585515600589E-07,0.9999999999937569));
#7647=DIRECTION('',(0.8423012941979553,-0.5390069849104118,-3.1994959147345155E-06));
#7648=FACE_BOUND('',#7649,.T.);
#7649=EDGE_LOOP('',(#7650,#7651,#7652));
#7650=ORIENTED_EDGE('',*,*,#7653,.T.);
#7651=ORIENTED_EDGE('',*,*,#7654,.T.);
#7652=ORIENTED_EDGE('',*,*,#7655,.T.);
#7653=EDGE_CURVE('',#499,#487,#7656,.F.);
#7654=EDGE_CURVE('',#487,#501,#7657,.T.);
#7655=EDGE_CURVE('',#501,#499,#7658,.T.);
#7656=LINE('',#498,#7659);
#7657=LINE('',#486,#7660);
#7658=LINE('',#500,#7661);
#7659=VECTOR('',#7662,1.0);
#7660=VECTOR('',#7663,1.0);
#7661=VECTOR('',#7664,1.0);
#7662=DIRECTION('',(0.8423012941979553,-0.5390069849104118,-3.1994959147345155E-06));
#7663=DIRECTION('',(-0.8288486694896683,0.5594728617861722,3.161806753119157E-06));
#7664=DIRECTION('',(-0.13053567026511576,-0.9914436135194159,0));
#7665=FACE_SURFACE('',(#7670),#7666,.T.);
#7666=PLANE('',#7667);
#7667=AXIS2_PLACEMENT_3D('',#500,#7668,#7669);
#7668=DIRECTION('',(3.8146972655972444E-06,0,0.999999999992724));
#7669=DIRECTION('',(0.8288486694896683,-0.5594728617861722,-3.161806753119157E-06));
#7670=FACE_BOUND('',#7671,.T.);
#7671=EDGE_LOOP('',(#7672,#7673,#7674));
#7672=ORIENTED_EDGE('',*,*,#7675,.T.);
#7673=ORIENTED_EDGE('',*,*,#7676,.T.);
#7674=ORIENTED_EDGE('',*,*,#7677,.T.);
#7675=EDGE_CURVE('',#501,#487,#7678,.F.);
#7676=EDGE_CURVE('',#487,#465,#7679,.T.);
#7677=EDGE_CURVE('',#465,#501,#7680,.T.);
#7678=LINE('',#500,#7681);
#7679=LINE('',#486,#7682);
#7680=LINE('',#464,#7683);
#7681=VECTOR('',#7684,1.0);
#7682=VECTOR('',#7685,1.0);
#7683=VECTOR('',#7686,1.0);
#7684=DIRECTION('',(0.8288486694896683,-0.5594728617861722,-3.161806753119157E-06));
#7685=DIRECTION('',(0,1,0));
#7686=DIRECTION('',(-0.2204300235221229,-0.9754027910198583,8.408738079914967E-07));
#7687=FACE_SURFACE('',(#7692),#7688,.T.);
#7688=PLANE('',#7689);
#7689=AXIS2_PLACEMENT_3D('',#500,#7690,#7691);
#7690=DIRECTION('',(3.8146972655972444E-06,-0,0.999999999992724));
#7691=DIRECTION('',(0.2204300235221229,0.9754027910198583,-8.408738079914967E-07));
#7692=FACE_BOUND('',#7693,.T.);
#7693=EDGE_LOOP('',(#7694,#7695,#7696));
#7694=ORIENTED_EDGE('',*,*,#7697,.T.);
#7695=ORIENTED_EDGE('',*,*,#7698,.T.);
#7696=ORIENTED_EDGE('',*,*,#7699,.T.);
#7697=EDGE_CURVE('',#501,#465,#7700,.F.);
#7698=EDGE_CURVE('',#465,#503,#7701,.T.);
#7699=EDGE_CURVE('',#503,#501,#7702,.T.);
#7700=LINE('',#500,#7703);
#7701=LINE('',#464,#7704);
#7702=LINE('',#502,#7705);
#7703=VECTOR('',#7706,1.0);
#7704=VECTOR('',#7707,1.0);
#7705=VECTOR('',#7708,1.0);
#7706=DIRECTION('',(0.2204300235221229,0.9754027910198583,-8.408738079914967E-07));
#7707=DIRECTION('',(-0.8288487840355863,-0.5594726920884815,3.161807190077157E-06));
#7708=DIRECTION('',(0,-1,0));
#7709=FACE_SURFACE('',(#7714),#7710,.T.);
#7710=PLANE('',#7711);
#7711=AXIS2_PLACEMENT_3D('',#502,#7712,#7713);
#7712=DIRECTION('',(3.503348456693482E-06,4.612576901845725E-07,0.999999999993757));
#7713=DIRECTION('',(0.8288487840355863,0.5594726920884815,-3.161807190077157E-06));
#7714=FACE_BOUND('',#7715,.T.);
#7715=EDGE_LOOP('',(#7716,#7717,#7718));
#7716=ORIENTED_EDGE('',*,*,#7719,.T.);
#7717=ORIENTED_EDGE('',*,*,#7720,.T.);
#7718=ORIENTED_EDGE('',*,*,#7721,.T.);
#7719=EDGE_CURVE('',#503,#465,#7722,.F.);
#7720=EDGE_CURVE('',#465,#505,#7723,.T.);
#7721=EDGE_CURVE('',#505,#503,#7724,.T.);
#7722=LINE('',#502,#7725);
#7723=LINE('',#464,#7726);
#7724=LINE('',#504,#7727);
#7725=VECTOR('',#7728,1.0);
#7726=VECTOR('',#7729,1.0);
#7727=VECTOR('',#7730,1.0);
#7728=DIRECTION('',(0.8288487840355863,0.5594726920884815,-3.161807190077157E-06));
#7729=DIRECTION('',(-0.8423014332154714,-0.5390067676689468,3.199496442794935E-06));
#7730=DIRECTION('',(0.13053540432077632,-0.9914436485342026,0));
#7731=FACE_SURFACE('',(#7736),#7732,.T.);
#7732=PLANE('',#7733);
#7733=AXIS2_PLACEMENT_3D('',#504,#7734,#7735);
#7734=DIRECTION('',(3.0026338152736948E-06,1.2437203333289182E-06,0.9999999999947186));
#7735=DIRECTION('',(0.8423014332154714,0.5390067676689468,-3.199496442794935E-06));
#7736=FACE_BOUND('',#7737,.T.);
#7737=EDGE_LOOP('',(#7738,#7739,#7740));
#7738=ORIENTED_EDGE('',*,*,#7741,.T.);
#7739=ORIENTED_EDGE('',*,*,#7742,.T.);
#7740=ORIENTED_EDGE('',*,*,#7743,.T.);
#7741=EDGE_CURVE('',#505,#465,#7744,.F.);
#7742=EDGE_CURVE('',#465,#507,#7745,.T.);
#7743=EDGE_CURVE('',#507,#505,#7746,.T.);
#7744=LINE('',#504,#7747);
#7745=LINE('',#464,#7748);
#7746=LINE('',#506,#7749);
#7747=VECTOR('',#7750,1.0);
#7748=VECTOR('',#7751,1.0);
#7749=VECTOR('',#7752,1.0);
#7750=DIRECTION('',(0.8423014332154714,0.5390067676689468,-3.199496442794935E-06));
#7751=DIRECTION('',(-0.8565804051749354,-0.5160135748795911,3.2137738654475684E-06));
#7752=DIRECTION('',(0.3826804604958138,-0.9238807634942466,0));
#7753=FACE_SURFACE('',(#7758),#7754,.T.);
#7754=PLANE('',#7755);
#7755=AXIS2_PLACEMENT_3D('',#506,#7756,#7757);
#7756=DIRECTION('',(2.5658171778031113E-06,1.968834149179946E-06,0.9999999999947701));
#7757=DIRECTION('',(0.8565804051749354,0.5160135748795911,-3.2137738654475684E-06));
#7758=FACE_BOUND('',#7759,.T.);
#7759=EDGE_LOOP('',(#7760,#7761,#7762));
#7760=ORIENTED_EDGE('',*,*,#7763,.T.);
#7761=ORIENTED_EDGE('',*,*,#7764,.T.);
#7762=ORIENTED_EDGE('',*,*,#7765,.T.);
#7763=EDGE_CURVE('',#507,#465,#7766,.F.);
#7764=EDGE_CURVE('',#465,#509,#7767,.T.);
#7765=EDGE_CURVE('',#509,#507,#7768,.T.);
#7766=LINE('',#506,#7769);
#7767=LINE('',#464,#7770);
#7768=LINE('',#508,#7771);
#7769=VECTOR('',#7772,1.0);
#7770=VECTOR('',#7773,1.0);
#7771=VECTOR('',#7774,1.0);
#7772=DIRECTION('',(0.8565804051749354,0.5160135748795911,-3.2137738654475684E-06));
#7773=DIRECTION('',(-0.8703109296353513,-0.4925026758780029,3.202714820136044E-06));
#7774=DIRECTION('',(0.6087640334084832,-0.7933513418582181,0));
#7775=FACE_SURFACE('',(#7780),#7776,.T.);
#7776=PLANE('',#7777);
#7777=AXIS2_PLACEMENT_3D('',#508,#7778,#7779);
#7778=DIRECTION('',(2.117995313898165E-06,2.7601887585507577E-06,0.9999999999939478));
#7779=DIRECTION('',(0.8703109296353513,0.4925026758780029,-3.202714820136044E-06));
#7780=FACE_BOUND('',#7781,.T.);
#7781=EDGE_LOOP('',(#7782,#7783,#7784));
#7782=ORIENTED_EDGE('',*,*,#7785,.T.);
#7783=ORIENTED_EDGE('',*,*,#7786,.T.);
#7784=ORIENTED_EDGE('',*,*,#7787,.T.);
#7785=EDGE_CURVE('',#509,#465,#7788,.F.);
#7786=EDGE_CURVE('',#465,#511,#7789,.T.);
#7787=EDGE_CURVE('',#511,#509,#7790,.T.);
#7788=LINE('',#508,#7791);
#7789=LINE('',#464,#7792);
#7790=LINE('',#510,#7793);
#7791=VECTOR('',#7794,1.0);
#7792=VECTOR('',#7795,1.0);
#7793=VECTOR('',#7796,1.0);
#7794=DIRECTION('',(0.8703109296353513,0.4925026758780029,-3.202714820136044E-06));
#7795=DIRECTION('',(-0.8823254213182304,-0.4706398313844377,3.167815879617957E-06));
#7796=DIRECTION('',(0.7933494551558762,-0.6087664921822442,0));
#7797=FACE_SURFACE('',(#7802),#7798,.T.);
#7798=PLANE('',#7799);
#7799=AXIS2_PLACEMENT_3D('',#510,#7800,#7801);
#7800=DIRECTION('',(1.569346677518097E-06,3.7887600926392E-06,0.9999999999915912));
#7801=DIRECTION('',(0.8823254213182304,0.4706398313844377,-3.167815879617957E-06));
#7802=FACE_BOUND('',#7803,.T.);
#7803=EDGE_LOOP('',(#7804,#7805,#7806));
#7804=ORIENTED_EDGE('',*,*,#7807,.T.);
#7805=ORIENTED_EDGE('',*,*,#7808,.T.);
#7806=ORIENTED_EDGE('',*,*,#7809,.T.);
#7807=EDGE_CURVE('',#511,#465,#7810,.F.);
#7808=EDGE_CURVE('',#465,#513,#7811,.T.);
#7809=EDGE_CURVE('',#513,#511,#7812,.T.);
#7810=LINE('',#510,#7813);
#7811=LINE('',#464,#7814);
#7812=LINE('',#512,#7815);
#7813=VECTOR('',#7816,1.0);
#7814=VECTOR('',#7817,1.0);
#7815=VECTOR('',#7818,1.0);
#7816=DIRECTION('',(0.8823254213182304,0.4706398313844377,-3.167815879617957E-06));
#7817=DIRECTION('',(-0.8918216215442559,-0.45238721836108464,3.113563938081994E-06));
#7818=DIRECTION('',(0.9238803202762261,-0.3826815305267528,0));
#7819=FACE_SURFACE('',(#7824),#7820,.T.);
#7820=PLANE('',#7821);
#7821=AXIS2_PLACEMENT_3D('',#512,#7822,#7823);
#7822=DIRECTION('',(7.193783919768808E-07,5.464360250834688E-06,0.9999999999848116));
#7823=DIRECTION('',(0.8918216215442559,0.45238721836108464,-3.113563938081994E-06));
#7824=FACE_BOUND('',#7825,.T.);
#7825=EDGE_LOOP('',(#7826,#7827,#7828));
#7826=ORIENTED_EDGE('',*,*,#7829,.T.);
#7827=ORIENTED_EDGE('',*,*,#7830,.T.);
#7828=ORIENTED_EDGE('',*,*,#7831,.T.);
#7829=EDGE_CURVE('',#513,#465,#7832,.F.);
#7830=EDGE_CURVE('',#465,#515,#7833,.T.);
#7831=EDGE_CURVE('',#515,#513,#7834,.T.);
#7832=LINE('',#512,#7835);
#7833=LINE('',#464,#7836);
#7834=LINE('',#514,#7837);
#7835=VECTOR('',#7838,1.0);
#7836=VECTOR('',#7839,1.0);
#7837=VECTOR('',#7840,1.0);
#7838=DIRECTION('',(0.8918216215442559,0.45238721836108464,-3.113563938081994E-06));
#7839=DIRECTION('',(-0.8983844510649819,-0.43920994760523274,3.046279741295647E-06));
#7840=DIRECTION('',(0.99144529064532,-0.13052293153778352,0));
#7841=FACE_SURFACE('',(#7846),#7842,.T.);
#7842=PLANE('',#7843);
#7843=AXIS2_PLACEMENT_3D('',#514,#7844,#7845);
#7844=DIRECTION('',(0,6.93581681797519E-06,0.9999999999759471));
#7845=DIRECTION('',(0.8983844510649819,0.43920994760523274,-3.046279741295647E-06));
#7846=FACE_BOUND('',#7847,.T.);
#7847=EDGE_LOOP('',(#7848,#7849,#7850));
#7848=ORIENTED_EDGE('',*,*,#7851,.T.);
#7849=ORIENTED_EDGE('',*,*,#7852,.T.);
#7850=ORIENTED_EDGE('',*,*,#7853,.T.);
#7851=EDGE_CURVE('',#515,#465,#7854,.F.);
#7852=EDGE_CURVE('',#465,#467,#7855,.T.);
#7853=EDGE_CURVE('',#467,#515,#7856,.T.);
#7854=LINE('',#514,#7857);
#7855=LINE('',#464,#7858);
#7856=LINE('',#466,#7859);
#7857=VECTOR('',#7860,1.0);
#7858=VECTOR('',#7861,1.0);
#7859=VECTOR('',#7862,1.0);
#7860=DIRECTION('',(0.8983844510649819,0.43920994760523274,-3.046279741295647E-06));
#7861=DIRECTION('',(-1,0,0));
#7862=DIRECTION('',(0.9284767575001781,-0.37139050980783045,2.5758965440234877E-06));
#7863=FACE_SURFACE('',(#7868),#7864,.T.);
#7864=PLANE('',#7865);
#7865=AXIS2_PLACEMENT_3D('',#514,#7866,#7867);
#7866=DIRECTION('',(0,6.935816817975191E-06,0.9999999999759474));
#7867=DIRECTION('',(-0.9284767575001781,0.37139050980783045,-2.5758965440234877E-06));
#7868=FACE_BOUND('',#7869,.T.);
#7869=EDGE_LOOP('',(#7870,#7871,#7872));
#7870=ORIENTED_EDGE('',*,*,#7873,.T.);
#7871=ORIENTED_EDGE('',*,*,#7874,.T.);
#7872=ORIENTED_EDGE('',*,*,#7875,.T.);
#7873=EDGE_CURVE('',#515,#467,#7876,.F.);
#7874=EDGE_CURVE('',#467,#517,#7877,.T.);
#7875=EDGE_CURVE('',#517,#515,#7878,.T.);
#7876=LINE('',#514,#7879);
#7877=LINE('',#466,#7880);
#7878=LINE('',#516,#7881);
#7879=VECTOR('',#7882,1.0);
#7880=VECTOR('',#7883,1.0);
#7881=VECTOR('',#7884,1.0);
#7882=DIRECTION('',(-0.9284767575001781,0.37139050980783045,-2.5758965440234877E-06));
#7883=DIRECTION('',(0.8983844510649819,-0.43920994760523274,3.046279741295647E-06));
#7884=DIRECTION('',(1,0,0));
#7885=FACE_SURFACE('',(#7890),#7886,.T.);
#7886=PLANE('',#7887);
#7887=AXIS2_PLACEMENT_3D('',#516,#7888,#7889);
#7888=DIRECTION('',(-7.193700385744261E-07,5.464377337348596E-06,0.9999999999848116));
#7889=DIRECTION('',(-0.8983844510649819,0.43920994760523274,-3.046279741295647E-06));
#7890=FACE_BOUND('',#7891,.T.);
#7891=EDGE_LOOP('',(#7892,#7893,#7894));
#7892=ORIENTED_EDGE('',*,*,#7895,.T.);
#7893=ORIENTED_EDGE('',*,*,#7896,.T.);
#7894=ORIENTED_EDGE('',*,*,#7897,.T.);
#7895=EDGE_CURVE('',#517,#467,#7898,.F.);
#7896=EDGE_CURVE('',#467,#519,#7899,.T.);
#7897=EDGE_CURVE('',#519,#517,#7900,.T.);
#7898=LINE('',#516,#7901);
#7899=LINE('',#466,#7902);
#7900=LINE('',#518,#7903);
#7901=VECTOR('',#7904,1.0);
#7902=VECTOR('',#7905,1.0);
#7903=VECTOR('',#7906,1.0);
#7904=DIRECTION('',(-0.8983844510649819,0.43920994760523274,-3.046279741295647E-06));
#7905=DIRECTION('',(0.8918215418937242,-0.45238737538154855,3.113565018778429E-06));
#7906=DIRECTION('',(0.9914455395896884,0.13052104055558156,0));
#7907=FACE_SURFACE('',(#7912),#7908,.T.);
#7908=PLANE('',#7909);
#7909=AXIS2_PLACEMENT_3D('',#518,#7910,#7911);
#7910=DIRECTION('',(-1.5693606495566517E-06,3.7887338987559326E-06,0.9999999999915913));
#7911=DIRECTION('',(-0.8918215418937242,0.45238737538154855,-3.113565018778429E-06));
#7912=FACE_BOUND('',#7913,.T.);
#7913=EDGE_LOOP('',(#7914,#7915,#7916));
#7914=ORIENTED_EDGE('',*,*,#7917,.T.);
#7915=ORIENTED_EDGE('',*,*,#7918,.T.);
#7916=ORIENTED_EDGE('',*,*,#7919,.T.);
#7917=EDGE_CURVE('',#519,#467,#7920,.F.);
#7918=EDGE_CURVE('',#467,#521,#7921,.T.);
#7919=EDGE_CURVE('',#521,#519,#7922,.T.);
#7920=LINE('',#518,#7923);
#7921=LINE('',#466,#7924);
#7922=LINE('',#520,#7925);
#7923=VECTOR('',#7926,1.0);
#7924=VECTOR('',#7927,1.0);
#7925=VECTOR('',#7928,1.0);
#7926=DIRECTION('',(-0.8918215418937242,0.45238737538154855,-3.113565018778429E-06));
#7927=DIRECTION('',(0.8823254213182304,-0.4706398313844377,3.167815879617957E-06));
#7928=DIRECTION('',(0.9238781802914813,0.3826866968961701,0));
#7929=FACE_SURFACE('',(#7934),#7930,.T.);
#7930=PLANE('',#7931);
#7931=AXIS2_PLACEMENT_3D('',#520,#7932,#7933);
#7932=DIRECTION('',(-2.117979316056119E-06,2.7602187502807E-06,0.9999999999939477));
#7933=DIRECTION('',(-0.8823254213182304,0.4706398313844377,-3.167815879617957E-06));
#7934=FACE_BOUND('',#7935,.T.);
#7935=EDGE_LOOP('',(#7936,#7937,#7938));
#7936=ORIENTED_EDGE('',*,*,#7939,.T.);
#7937=ORIENTED_EDGE('',*,*,#7940,.T.);
#7938=ORIENTED_EDGE('',*,*,#7941,.T.);
#7939=EDGE_CURVE('',#521,#467,#7942,.F.);
#7940=EDGE_CURVE('',#467,#523,#7943,.T.);
#7941=EDGE_CURVE('',#523,#521,#7944,.T.);
#7942=LINE('',#520,#7945);
#7943=LINE('',#466,#7946);
#7944=LINE('',#522,#7947);
#7945=VECTOR('',#7948,1.0);
#7946=VECTOR('',#7949,1.0);
#7947=VECTOR('',#7950,1.0);
#7948=DIRECTION('',(-0.8823254213182304,0.4706398313844377,-3.167815879617957E-06));
#7949=DIRECTION('',(0.8703108325294333,-0.4925028474756946,3.2027159360253526E-06));
#7950=DIRECTION('',(0.793354870556795,0.6087594347226258,0));
#7951=FACE_SURFACE('',(#7956),#7952,.T.);
#7952=PLANE('',#7953);
#7953=AXIS2_PLACEMENT_3D('',#522,#7954,#7955);
#7954=DIRECTION('',(-2.565818000730599E-06,1.9688347806387086E-06,0.9999999999947701));
#7955=DIRECTION('',(-0.8703108325294333,0.4925028474756946,-3.2027159360253526E-06));
#7956=FACE_BOUND('',#7957,.T.);
#7957=EDGE_LOOP('',(#7958,#7959,#7960));
#7958=ORIENTED_EDGE('',*,*,#7961,.T.);
#7959=ORIENTED_EDGE('',*,*,#7962,.T.);
#7960=ORIENTED_EDGE('',*,*,#7963,.T.);
#7961=EDGE_CURVE('',#523,#467,#7964,.F.);
#7962=EDGE_CURVE('',#467,#525,#7965,.T.);
#7963=EDGE_CURVE('',#525,#523,#7966,.T.);
#7964=LINE('',#522,#7967);
#7965=LINE('',#466,#7968);
#7966=LINE('',#524,#7969);
#7967=VECTOR('',#7970,1.0);
#7968=VECTOR('',#7971,1.0);
#7969=VECTOR('',#7972,1.0);
#7970=DIRECTION('',(-0.8703108325294333,0.4925028474756946,-3.2027159360253526E-06));
#7971=DIRECTION('',(0.8565802982084304,-0.5160137524435062,3.2137749713298503E-06));
#7972=DIRECTION('',(0.6087640334084832,0.7933513418582181,0));
#7973=FACE_SURFACE('',(#7978),#7974,.T.);
#7974=PLANE('',#7975);
#7975=AXIS2_PLACEMENT_3D('',#524,#7976,#7977);
#7976=DIRECTION('',(-3.0026349422503467E-06,1.2437208001336848E-06,0.9999999999947188));
#7977=DIRECTION('',(-0.8565802982084304,0.5160137524435062,-3.2137749713298503E-06));
#7978=FACE_BOUND('',#7979,.T.);
#7979=EDGE_LOOP('',(#7980,#7981,#7982));
#7980=ORIENTED_EDGE('',*,*,#7983,.T.);
#7981=ORIENTED_EDGE('',*,*,#7984,.T.);
#7982=ORIENTED_EDGE('',*,*,#7985,.T.);
#7983=EDGE_CURVE('',#525,#467,#7986,.F.);
#7984=EDGE_CURVE('',#467,#527,#7987,.T.);
#7985=EDGE_CURVE('',#527,#525,#7988,.T.);
#7986=LINE('',#524,#7989);
#7987=LINE('',#466,#7990);
#7988=LINE('',#526,#7991);
#7989=VECTOR('',#7992,1.0);
#7990=VECTOR('',#7993,1.0);
#7991=VECTOR('',#7994,1.0);
#7992=DIRECTION('',(-0.8565802982084304,0.5160137524435062,-3.2137749713298503E-06));
#7993=DIRECTION('',(0.8423013170223816,-0.5390069492428874,3.1994975206017673E-06));
#7994=DIRECTION('',(0.3826804604958138,0.9238807634942466,0));
#7995=FACE_SURFACE('',(#8000),#7996,.T.);
#7996=PLANE('',#7997);
#7997=AXIS2_PLACEMENT_3D('',#526,#7998,#7999);
#7998=DIRECTION('',(-3.503380466061577E-06,4.612102688784047E-07,0.9999999999937567));
#7999=DIRECTION('',(-0.8423013170223816,0.5390069492428874,-3.1994975206017673E-06));
#8000=FACE_BOUND('',#8001,.T.);
#8001=EDGE_LOOP('',(#8002,#8003,#8004));
#8002=ORIENTED_EDGE('',*,*,#8005,.T.);
#8003=ORIENTED_EDGE('',*,*,#8006,.T.);
#8004=ORIENTED_EDGE('',*,*,#8007,.T.);
#8005=EDGE_CURVE('',#527,#467,#8008,.F.);
#8006=EDGE_CURVE('',#467,#469,#8009,.T.);
#8007=EDGE_CURVE('',#469,#527,#8010,.T.);
#8008=LINE('',#526,#8011);
#8009=LINE('',#466,#8012);
#8010=LINE('',#468,#8013);
#8011=VECTOR('',#8014,1.0);
#8012=VECTOR('',#8015,1.0);
#8013=VECTOR('',#8016,1.0);
#8014=DIRECTION('',(-0.8423013170223816,0.5390069492428874,-3.1994975206017673E-06));
#8015=DIRECTION('',(0.8288487840355863,-0.5594726920884815,3.161807190077157E-06));
#8016=DIRECTION('',(0.13052104055558156,0.9914455395896884,0));
#8017=FACE_SURFACE('',(#8022),#8018,.T.);
#8018=PLANE('',#8019);
#8019=AXIS2_PLACEMENT_3D('',#486,#8020,#8021);
#8020=DIRECTION('',(0,0,1));
#8021=DIRECTION('',(1,0,0));
#8022=FACE_BOUND('',#8023,.T.);
#8023=EDGE_LOOP('',(#8024,#8025,#8026));
#8024=ORIENTED_EDGE('',*,*,#8027,.T.);
#8025=ORIENTED_EDGE('',*,*,#8028,.T.);
#8026=ORIENTED_EDGE('',*,*,#8029,.T.);
#8027=EDGE_CURVE('',#487,#243,#8030,.F.);
#8028=EDGE_CURVE('',#243,#465,#8031,.T.);
#8029=EDGE_CURVE('',#465,#487,#8032,.T.);
#8030=LINE('',#486,#8033);
#8031=LINE('',#242,#8034);
#8032=LINE('',#464,#8035);
#8033=VECTOR('',#8036,1.0);
#8034=VECTOR('',#8037,1.0);
#8035=VECTOR('',#8038,1.0);
#8036=DIRECTION('',(1,0,0));
#8037=DIRECTION('',(-0.18079425402304952,0.9835209391325886,0));
#8038=DIRECTION('',(0,-1,0));
#8039=FACE_SURFACE('',(#8044),#8040,.T.);
#8040=PLANE('',#8041);
#8041=AXIS2_PLACEMENT_3D('',#464,#8042,#8043);
#8042=DIRECTION('',(-0,0,1));
#8043=DIRECTION('',(0.18079425402304952,-0.9835209391325886,0));
#8044=FACE_BOUND('',#8045,.T.);
#8045=EDGE_LOOP('',(#8046,#8047,#8048));
#8046=ORIENTED_EDGE('',*,*,#8049,.T.);
#8047=ORIENTED_EDGE('',*,*,#8050,.T.);
#8048=ORIENTED_EDGE('',*,*,#8051,.T.);
#8049=EDGE_CURVE('',#465,#243,#8052,.F.);
#8050=EDGE_CURVE('',#243,#257,#8053,.T.);
#8051=EDGE_CURVE('',#257,#465,#8054,.T.);
#8052=LINE('',#464,#8055);
#8053=LINE('',#242,#8056);
#8054=LINE('',#256,#8057);
#8055=VECTOR('',#8058,1.0);
#8056=VECTOR('',#8059,1.0);
#8057=VECTOR('',#8060,1.0);
#8058=DIRECTION('',(0.18079425402304952,-0.9835209391325886,0));
#8059=DIRECTION('',(0,1,0));
#8060=DIRECTION('',(-1,0,0));
#8061=FACE_SURFACE('',(#8066),#8062,.T.);
#8062=PLANE('',#8063);
#8063=AXIS2_PLACEMENT_3D('',#472,#8064,#8065);
#8064=DIRECTION('',(0,1,0));
#8065=DIRECTION('',(0,0,1));
#8066=FACE_BOUND('',#8067,.T.);
#8067=EDGE_LOOP('',(#8068,#8069,#8070));
#8068=ORIENTED_EDGE('',*,*,#8071,.T.);
#8069=ORIENTED_EDGE('',*,*,#8072,.T.);
#8070=ORIENTED_EDGE('',*,*,#8073,.T.);
#8071=EDGE_CURVE('',#473,#463,#8074,.F.);
#8072=EDGE_CURVE('',#463,#487,#8075,.T.);
#8073=EDGE_CURVE('',#487,#473,#8076,.T.);
#8074=LINE('',#472,#8077);
#8075=LINE('',#462,#8078);
#8076=LINE('',#486,#8079);
#8077=VECTOR('',#8080,1.0);
#8078=VECTOR('',#8081,1.0);
#8079=VECTOR('',#8082,1.0);
#8080=DIRECTION('',(0,0,1));
#8081=DIRECTION('',(0.9467724806470453,0,-0.32190351021608976));
#8082=DIRECTION('',(-1,0,0));
#8083=FACE_SURFACE('',(#8088),#8084,.T.);
#8084=PLANE('',#8085);
#8085=AXIS2_PLACEMENT_3D('',#486,#8086,#8087);
#8086=DIRECTION('',(0,1,-0));
#8087=DIRECTION('',(-0.9467724806470453,0,0.32190351021608976));
#8088=FACE_BOUND('',#8089,.T.);
#8089=EDGE_LOOP('',(#8090,#8091,#8092));
#8090=ORIENTED_EDGE('',*,*,#8093,.T.);
#8091=ORIENTED_EDGE('',*,*,#8094,.T.);
#8092=ORIENTED_EDGE('',*,*,#8095,.T.);
#8093=EDGE_CURVE('',#487,#463,#8096,.F.);
#8094=EDGE_CURVE('',#463,#239,#8097,.T.);
#8095=EDGE_CURVE('',#239,#487,#8098,.T.);
#8096=LINE('',#486,#8099);
#8097=LINE('',#462,#8100);
#8098=LINE('',#238,#8101);
#8099=VECTOR('',#8102,1.0);
#8100=VECTOR('',#8103,1.0);
#8101=VECTOR('',#8104,1.0);
#8102=DIRECTION('',(-0.9467724806470453,0,0.32190351021608976));
#8103=DIRECTION('',(1,0,0));
#8104=DIRECTION('',(-0.7408323515651659,0,-0.6716899782447453));
#8105=FACE_SURFACE('',(#8110),#8106,.T.);
#8106=PLANE('',#8107);
#8107=AXIS2_PLACEMENT_3D('',#486,#8108,#8109);
#8108=DIRECTION('',(0,1,0));
#8109=DIRECTION('',(0.7408323515651659,0,0.6716899782447453));
#8110=FACE_BOUND('',#8111,.T.);
#8111=EDGE_LOOP('',(#8112,#8113,#8114));
#8112=ORIENTED_EDGE('',*,*,#8115,.T.);
#8113=ORIENTED_EDGE('',*,*,#8116,.T.);
#8114=ORIENTED_EDGE('',*,*,#8117,.T.);
#8115=EDGE_CURVE('',#487,#239,#8118,.F.);
#8116=EDGE_CURVE('',#239,#243,#8119,.T.);
#8117=EDGE_CURVE('',#243,#487,#8120,.T.);
#8118=LINE('',#486,#8121);
#8119=LINE('',#238,#8122);
#8120=LINE('',#242,#8123);
#8121=VECTOR('',#8124,1.0);
#8122=VECTOR('',#8125,1.0);
#8123=VECTOR('',#8126,1.0);
#8124=DIRECTION('',(0.7408323515651659,0,0.6716899782447453));
#8125=DIRECTION('',(0,0,-1));
#8126=DIRECTION('',(-1,0,0));
#8127=FACE_SURFACE('',(#8132),#8128,.T.);
#8128=PLANE('',#8129);
#8129=AXIS2_PLACEMENT_3D('',#528,#8130,#8131);
#8130=DIRECTION('',(0.13052104055558156,-0.9914455395896884,0));
#8131=DIRECTION('',(0,0,1));
#8132=FACE_BOUND('',#8133,.T.);
#8133=EDGE_LOOP('',(#8134,#8135,#8136));
#8134=ORIENTED_EDGE('',*,*,#8137,.T.);
#8135=ORIENTED_EDGE('',*,*,#8138,.T.);
#8136=ORIENTED_EDGE('',*,*,#8139,.T.);
#8137=EDGE_CURVE('',#529,#517,#8140,.F.);
#8138=EDGE_CURVE('',#517,#531,#8141,.T.);
#8139=EDGE_CURVE('',#531,#529,#8142,.T.);
#8140=LINE('',#528,#8143);
#8141=LINE('',#516,#8144);
#8142=LINE('',#530,#8145);
#8143=VECTOR('',#8146,1.0);
#8144=VECTOR('',#8147,1.0);
#8145=VECTOR('',#8148,1.0);
#8146=DIRECTION('',(0,0,1));
#8147=DIRECTION('',(-0.0645675354085813,-0.008500135984398187,-0.9978771372566406));
#8148=DIRECTION('',(0.9914455395896884,0.13052104055558156,0));
#8149=FACE_SURFACE('',(#8154),#8150,.T.);
#8150=PLANE('',#8151);
#8151=AXIS2_PLACEMENT_3D('',#530,#8152,#8153);
#8152=DIRECTION('',(0.13052104055558156,-0.9914455395896884,0));
#8153=DIRECTION('',(0.0645675354085813,0.008500135984398187,0.9978771372566406));
#8154=FACE_BOUND('',#8155,.T.);
#8155=EDGE_LOOP('',(#8156,#8157,#8158));
#8156=ORIENTED_EDGE('',*,*,#8159,.T.);
#8157=ORIENTED_EDGE('',*,*,#8160,.T.);
#8158=ORIENTED_EDGE('',*,*,#8161,.T.);
#8159=EDGE_CURVE('',#531,#517,#8162,.F.);
#8160=EDGE_CURVE('',#517,#519,#8163,.T.);
#8161=EDGE_CURVE('',#519,#531,#8164,.T.);
#8162=LINE('',#530,#8165);
#8163=LINE('',#516,#8166);
#8164=LINE('',#518,#8167);
#8165=VECTOR('',#8168,1.0);
#8166=VECTOR('',#8169,1.0);
#8167=VECTOR('',#8170,1.0);
#8168=DIRECTION('',(0.0645675354085813,0.008500135984398187,0.9978771372566406));
#8169=DIRECTION('',(-0.9914455395896884,-0.13052104055558156,0));
#8170=DIRECTION('',(0,0,-1));
#8171=FACE_SURFACE('',(#8176),#8172,.T.);
#8172=PLANE('',#8173);
#8173=AXIS2_PLACEMENT_3D('',#530,#8174,#8175);
#8174=DIRECTION('',(0.3826866968961701,-0.9238781802914813,0));
#8175=DIRECTION('',(0,0,1));
#8176=FACE_BOUND('',#8177,.T.);
#8177=EDGE_LOOP('',(#8178,#8179,#8180));
#8178=ORIENTED_EDGE('',*,*,#8181,.T.);
#8179=ORIENTED_EDGE('',*,*,#8182,.T.);
#8180=ORIENTED_EDGE('',*,*,#8183,.T.);
#8181=EDGE_CURVE('',#531,#519,#8184,.F.);
#8182=EDGE_CURVE('',#519,#533,#8185,.T.);
#8183=EDGE_CURVE('',#533,#531,#8186,.T.);
#8184=LINE('',#530,#8187);
#8185=LINE('',#518,#8188);
#8186=LINE('',#532,#8189);
#8187=VECTOR('',#8190,1.0);
#8188=VECTOR('',#8191,1.0);
#8189=VECTOR('',#8192,1.0);
#8190=DIRECTION('',(0,0,1));
#8191=DIRECTION('',(-0.060167107293932647,-0.024922280927609057,-0.9978771463027128));
#8192=DIRECTION('',(0.9238781802914813,0.3826866968961701,0));
#8193=FACE_SURFACE('',(#8198),#8194,.T.);
#8194=PLANE('',#8195);
#8195=AXIS2_PLACEMENT_3D('',#532,#8196,#8197);
#8196=DIRECTION('',(0.3826866968961701,-0.9238781802914813,0));
#8197=DIRECTION('',(0.060167107293932647,0.024922280927609057,0.9978771463027128));
#8198=FACE_BOUND('',#8199,.T.);
#8199=EDGE_LOOP('',(#8200,#8201,#8202));
#8200=ORIENTED_EDGE('',*,*,#8203,.T.);
#8201=ORIENTED_EDGE('',*,*,#8204,.T.);
#8202=ORIENTED_EDGE('',*,*,#8205,.T.);
#8203=EDGE_CURVE('',#533,#519,#8206,.F.);
#8204=EDGE_CURVE('',#519,#521,#8207,.T.);
#8205=EDGE_CURVE('',#521,#533,#8208,.T.);
#8206=LINE('',#532,#8209);
#8207=LINE('',#518,#8210);
#8208=LINE('',#520,#8211);
#8209=VECTOR('',#8212,1.0);
#8210=VECTOR('',#8213,1.0);
#8211=VECTOR('',#8214,1.0);
#8212=DIRECTION('',(0.060167107293932647,0.024922280927609057,0.9978771463027128));
#8213=DIRECTION('',(-0.9238781802914813,-0.3826866968961701,0));
#8214=DIRECTION('',(0,0,-1));
#8215=FACE_SURFACE('',(#8220),#8216,.T.);
#8216=PLANE('',#8217);
#8217=AXIS2_PLACEMENT_3D('',#532,#8218,#8219);
#8218=DIRECTION('',(0.6087594347226258,-0.793354870556795,0));
#8219=DIRECTION('',(0,0,1));
#8220=FACE_BOUND('',#8221,.T.);
#8221=EDGE_LOOP('',(#8222,#8223,#8224));
#8222=ORIENTED_EDGE('',*,*,#8225,.T.);
#8223=ORIENTED_EDGE('',*,*,#8226,.T.);
#8224=ORIENTED_EDGE('',*,*,#8227,.T.);
#8225=EDGE_CURVE('',#533,#521,#8228,.F.);
#8226=EDGE_CURVE('',#521,#535,#8229,.T.);
#8227=EDGE_CURVE('',#535,#533,#8230,.T.);
#8228=LINE('',#532,#8231);
#8229=LINE('',#520,#8232);
#8230=LINE('',#534,#8233);
#8231=VECTOR('',#8234,1.0);
#8232=VECTOR('',#8235,1.0);
#8233=VECTOR('',#8236,1.0);
#8234=DIRECTION('',(0,0,1));
#8235=DIRECTION('',(-0.051666970682771034,-0.03964525464449459,-0.9978771356858712));
#8236=DIRECTION('',(0.793354870556795,0.6087594347226258,0));
#8237=FACE_SURFACE('',(#8242),#8238,.T.);
#8238=PLANE('',#8239);
#8239=AXIS2_PLACEMENT_3D('',#534,#8240,#8241);
#8240=DIRECTION('',(0.6087594347226258,-0.793354870556795,0));
#8241=DIRECTION('',(0.051666970682771034,0.03964525464449459,0.9978771356858712));
#8242=FACE_BOUND('',#8243,.T.);
#8243=EDGE_LOOP('',(#8244,#8245,#8246));
#8244=ORIENTED_EDGE('',*,*,#8247,.T.);
#8245=ORIENTED_EDGE('',*,*,#8248,.T.);
#8246=ORIENTED_EDGE('',*,*,#8249,.T.);
#8247=EDGE_CURVE('',#535,#521,#8250,.F.);
#8248=EDGE_CURVE('',#521,#523,#8251,.T.);
#8249=EDGE_CURVE('',#523,#535,#8252,.T.);
#8250=LINE('',#534,#8253);
#8251=LINE('',#520,#8254);
#8252=LINE('',#522,#8255);
#8253=VECTOR('',#8256,1.0);
#8254=VECTOR('',#8257,1.0);
#8255=VECTOR('',#8258,1.0);
#8256=DIRECTION('',(0.051666970682771034,0.03964525464449459,0.9978771356858712));
#8257=DIRECTION('',(-0.793354870556795,-0.6087594347226258,0));
#8258=DIRECTION('',(0,0,-1));
#8259=FACE_SURFACE('',(#8264),#8260,.T.);
#8260=PLANE('',#8261);
#8261=AXIS2_PLACEMENT_3D('',#534,#8262,#8263);
#8262=DIRECTION('',(0.7933513418582181,-0.6087640334084832,0));
#8263=DIRECTION('',(0,0,1));
#8264=FACE_BOUND('',#8265,.T.);
#8265=EDGE_LOOP('',(#8266,#8267,#8268));
#8266=ORIENTED_EDGE('',*,*,#8269,.T.);
#8267=ORIENTED_EDGE('',*,*,#8270,.T.);
#8268=ORIENTED_EDGE('',*,*,#8271,.T.);
#8269=EDGE_CURVE('',#535,#523,#8272,.F.);
#8270=EDGE_CURVE('',#523,#537,#8273,.T.);
#8271=EDGE_CURVE('',#537,#535,#8274,.T.);
#8272=LINE('',#534,#8275);
#8273=LINE('',#522,#8276);
#8274=LINE('',#536,#8277);
#8275=VECTOR('',#8278,1.0);
#8276=VECTOR('',#8279,1.0);
#8277=VECTOR('',#8280,1.0);
#8278=DIRECTION('',(0,0,1));
#8279=DIRECTION('',(-0.03964572972150278,-0.05166696970810919,-0.9978771168616057));
#8280=DIRECTION('',(0.6087640334084832,0.7933513418582181,0));
#8281=FACE_SURFACE('',(#8286),#8282,.T.);
#8282=PLANE('',#8283);
#8283=AXIS2_PLACEMENT_3D('',#536,#8284,#8285);
#8284=DIRECTION('',(0.7933513418582181,-0.6087640334084832,0));
#8285=DIRECTION('',(0.03964572972150278,0.05166696970810919,0.9978771168616057));
#8286=FACE_BOUND('',#8287,.T.);
#8287=EDGE_LOOP('',(#8288,#8289,#8290));
#8288=ORIENTED_EDGE('',*,*,#8291,.T.);
#8289=ORIENTED_EDGE('',*,*,#8292,.T.);
#8290=ORIENTED_EDGE('',*,*,#8293,.T.);
#8291=EDGE_CURVE('',#537,#523,#8294,.F.);
#8292=EDGE_CURVE('',#523,#525,#8295,.T.);
#8293=EDGE_CURVE('',#525,#537,#8296,.T.);
#8294=LINE('',#536,#8297);
#8295=LINE('',#522,#8298);
#8296=LINE('',#524,#8299);
#8297=VECTOR('',#8300,1.0);
#8298=VECTOR('',#8301,1.0);
#8299=VECTOR('',#8302,1.0);
#8300=DIRECTION('',(0.03964572972150278,0.05166696970810919,0.9978771168616057));
#8301=DIRECTION('',(-0.6087640334084832,-0.7933513418582181,0));
#8302=DIRECTION('',(0,0,-1));
#8303=FACE_SURFACE('',(#8308),#8304,.T.);
#8304=PLANE('',#8305);
#8305=AXIS2_PLACEMENT_3D('',#536,#8306,#8307);
#8306=DIRECTION('',(0.9238807634942466,-0.3826804604958138,0));
#8307=DIRECTION('',(0,0,1));
#8308=FACE_BOUND('',#8309,.T.);
#8309=EDGE_LOOP('',(#8310,#8311,#8312));
#8310=ORIENTED_EDGE('',*,*,#8313,.T.);
#8311=ORIENTED_EDGE('',*,*,#8314,.T.);
#8312=ORIENTED_EDGE('',*,*,#8315,.T.);
#8313=EDGE_CURVE('',#537,#525,#8316,.F.);
#8314=EDGE_CURVE('',#525,#539,#8317,.T.);
#8315=EDGE_CURVE('',#539,#537,#8318,.T.);
#8316=LINE('',#536,#8319);
#8317=LINE('',#524,#8320);
#8318=LINE('',#538,#8321);
#8319=VECTOR('',#8322,1.0);
#8320=VECTOR('',#8323,1.0);
#8321=VECTOR('',#8324,1.0);
#8322=DIRECTION('',(0,0,1));
#8323=DIRECTION('',(-0.024921805398242326,-0.06016710800742603,-0.9978771581360678));
#8324=DIRECTION('',(0.3826804604958138,0.9238807634942466,0));
#8325=FACE_SURFACE('',(#8330),#8326,.T.);
#8326=PLANE('',#8327);
#8327=AXIS2_PLACEMENT_3D('',#538,#8328,#8329);
#8328=DIRECTION('',(0.9238807634942466,-0.3826804604958138,0));
#8329=DIRECTION('',(0.024921805398242326,0.06016710800742603,0.9978771581360678));
#8330=FACE_BOUND('',#8331,.T.);
#8331=EDGE_LOOP('',(#8332,#8333,#8334));
#8332=ORIENTED_EDGE('',*,*,#8335,.T.);
#8333=ORIENTED_EDGE('',*,*,#8336,.T.);
#8334=ORIENTED_EDGE('',*,*,#8337,.T.);
#8335=EDGE_CURVE('',#539,#525,#8338,.F.);
#8336=EDGE_CURVE('',#525,#527,#8339,.T.);
#8337=EDGE_CURVE('',#527,#539,#8340,.T.);
#8338=LINE('',#538,#8341);
#8339=LINE('',#524,#8342);
#8340=LINE('',#526,#8343);
#8341=VECTOR('',#8344,1.0);
#8342=VECTOR('',#8345,1.0);
#8343=VECTOR('',#8346,1.0);
#8344=DIRECTION('',(0.024921805398242326,0.06016710800742603,0.9978771581360678));
#8345=DIRECTION('',(-0.3826804604958138,-0.9238807634942466,0));
#8346=DIRECTION('',(0,0,-1));
#8347=FACE_SURFACE('',(#8352),#8348,.T.);
#8348=PLANE('',#8349);
#8349=AXIS2_PLACEMENT_3D('',#538,#8350,#8351);
#8350=DIRECTION('',(0.9914455395896884,-0.13052104055558156,0));
#8351=DIRECTION('',(0,0,1));
#8352=FACE_BOUND('',#8353,.T.);
#8353=EDGE_LOOP('',(#8354,#8355,#8356));
#8354=ORIENTED_EDGE('',*,*,#8357,.T.);
#8355=ORIENTED_EDGE('',*,*,#8358,.T.);
#8356=ORIENTED_EDGE('',*,*,#8359,.T.);
#8357=EDGE_CURVE('',#539,#527,#8360,.F.);
#8358=EDGE_CURVE('',#527,#541,#8361,.T.);
#8359=EDGE_CURVE('',#541,#539,#8362,.T.);
#8360=LINE('',#538,#8363);
#8361=LINE('',#526,#8364);
#8362=LINE('',#540,#8365);
#8363=VECTOR('',#8366,1.0);
#8364=VECTOR('',#8367,1.0);
#8365=VECTOR('',#8368,1.0);
#8366=DIRECTION('',(0,0,1));
#8367=DIRECTION('',(-0.008500135984398187,-0.0645675354085813,-0.9978771372566406));
#8368=DIRECTION('',(0.13052104055558156,0.9914455395896884,0));
#8369=FACE_SURFACE('',(#8374),#8370,.T.);
#8370=PLANE('',#8371);
#8371=AXIS2_PLACEMENT_3D('',#540,#8372,#8373);
#8372=DIRECTION('',(0.9914455395896884,-0.13052104055558156,0));
#8373=DIRECTION('',(0.008500135984398187,0.0645675354085813,0.9978771372566406));
#8374=FACE_BOUND('',#8375,.T.);
#8375=EDGE_LOOP('',(#8376,#8377,#8378));
#8376=ORIENTED_EDGE('',*,*,#8379,.T.);
#8377=ORIENTED_EDGE('',*,*,#8380,.T.);
#8378=ORIENTED_EDGE('',*,*,#8381,.T.);
#8379=EDGE_CURVE('',#541,#527,#8382,.F.);
#8380=EDGE_CURVE('',#527,#469,#8383,.T.);
#8381=EDGE_CURVE('',#469,#541,#8384,.T.);
#8382=LINE('',#540,#8385);
#8383=LINE('',#526,#8386);
#8384=LINE('',#468,#8387);
#8385=VECTOR('',#8388,1.0);
#8386=VECTOR('',#8389,1.0);
#8387=VECTOR('',#8390,1.0);
#8388=DIRECTION('',(0.008500135984398187,0.0645675354085813,0.9978771372566406));
#8389=DIRECTION('',(-0.13052104055558156,-0.9914455395896884,0));
#8390=DIRECTION('',(0,0,-1));
#8391=FACE_SURFACE('',(#8396),#8392,.T.);
#8392=PLANE('',#8393);
#8393=AXIS2_PLACEMENT_3D('',#514,#8394,#8395);
#8394=DIRECTION('',(-0,-1,-0));
#8395=DIRECTION('',(-1,0,0));
#8396=FACE_BOUND('',#8397,.T.);
#8397=EDGE_LOOP('',(#8398,#8399,#8400));
#8398=ORIENTED_EDGE('',*,*,#8401,.T.);
#8399=ORIENTED_EDGE('',*,*,#8402,.T.);
#8400=ORIENTED_EDGE('',*,*,#8403,.T.);
#8401=EDGE_CURVE('',#515,#517,#8404,.F.);
#8402=EDGE_CURVE('',#517,#543,#8405,.T.);
#8403=EDGE_CURVE('',#543,#515,#8406,.T.);
#8404=LINE('',#514,#8407);
#8405=LINE('',#516,#8408);
#8406=LINE('',#542,#8409);
#8407=VECTOR('',#8410,1.0);
#8408=VECTOR('',#8411,1.0);
#8409=VECTOR('',#8412,1.0);
#8410=DIRECTION('',(-1,0,0));
#8411=DIRECTION('',(0.4472135954999579,0,-0.8944271909999159));
#8412=DIRECTION('',(0,0,1));
#8413=FACE_SURFACE('',(#8418),#8414,.T.);
#8414=PLANE('',#8415);
#8415=AXIS2_PLACEMENT_3D('',#542,#8416,#8417);
#8416=DIRECTION('',(0,-1,0));
#8417=DIRECTION('',(-0.4472135954999579,0,0.8944271909999159));
#8418=FACE_BOUND('',#8419,.T.);
#8419=EDGE_LOOP('',(#8420,#8421,#8422));
#8420=ORIENTED_EDGE('',*,*,#8423,.T.);
#8421=ORIENTED_EDGE('',*,*,#8424,.T.);
#8422=ORIENTED_EDGE('',*,*,#8425,.T.);
#8423=EDGE_CURVE('',#543,#517,#8426,.F.);
#8424=EDGE_CURVE('',#517,#529,#8427,.T.);
#8425=EDGE_CURVE('',#529,#543,#8428,.T.);
#8426=LINE('',#542,#8429);
#8427=LINE('',#516,#8430);
#8428=LINE('',#528,#8431);
#8429=VECTOR('',#8432,1.0);
#8430=VECTOR('',#8433,1.0);
#8431=VECTOR('',#8434,1.0);
#8432=DIRECTION('',(-0.4472135954999579,0,0.8944271909999159));
#8433=DIRECTION('',(0,0,-1));
#8434=DIRECTION('',(1,0,0));
#8435=FACE_SURFACE('',(#8440),#8436,.T.);
#8436=PLANE('',#8437);
#8437=AXIS2_PLACEMENT_3D('',#544,#8438,#8439);
#8438=DIRECTION('',(-0.9914436485342026,-0.13053540432077632,0));
#8439=DIRECTION('',(0,0,1));
#8440=FACE_BOUND('',#8441,.T.);
#8441=EDGE_LOOP('',(#8442,#8443,#8444));
#8442=ORIENTED_EDGE('',*,*,#8445,.T.);
#8443=ORIENTED_EDGE('',*,*,#8446,.T.);
#8444=ORIENTED_EDGE('',*,*,#8447,.T.);
#8445=EDGE_CURVE('',#545,#503,#8448,.F.);
#8446=EDGE_CURVE('',#503,#547,#8449,.T.);
#8447=EDGE_CURVE('',#547,#545,#8450,.T.);
#8448=LINE('',#544,#8451);
#8449=LINE('',#502,#8452);
#8450=LINE('',#546,#8453);
#8451=VECTOR('',#8454,1.0);
#8452=VECTOR('',#8455,1.0);
#8453=VECTOR('',#8456,1.0);
#8454=DIRECTION('',(0,0,1));
#8455=DIRECTION('',(-0.008501087565424474,0.06456753488625541,-0.9978771291842082));
#8456=DIRECTION('',(0.13053540432077632,-0.9914436485342026,0));
#8457=FACE_SURFACE('',(#8462),#8458,.T.);
#8458=PLANE('',#8459);
#8459=AXIS2_PLACEMENT_3D('',#546,#8460,#8461);
#8460=DIRECTION('',(-0.9914436485342026,-0.13053540432077632,0));
#8461=DIRECTION('',(0.008501087565424474,-0.06456753488625541,0.9978771291842082));
#8462=FACE_BOUND('',#8463,.T.);
#8463=EDGE_LOOP('',(#8464,#8465,#8466));
#8464=ORIENTED_EDGE('',*,*,#8467,.T.);
#8465=ORIENTED_EDGE('',*,*,#8468,.T.);
#8466=ORIENTED_EDGE('',*,*,#8469,.T.);
#8467=EDGE_CURVE('',#547,#503,#8470,.F.);
#8468=EDGE_CURVE('',#503,#505,#8471,.T.);
#8469=EDGE_CURVE('',#505,#547,#8472,.T.);
#8470=LINE('',#546,#8473);
#8471=LINE('',#502,#8474);
#8472=LINE('',#504,#8475);
#8473=VECTOR('',#8476,1.0);
#8474=VECTOR('',#8477,1.0);
#8475=VECTOR('',#8478,1.0);
#8476=DIRECTION('',(0.008501087565424474,-0.06456753488625541,0.9978771291842082));
#8477=DIRECTION('',(-0.13053540432077632,0.9914436485342026,0));
#8478=DIRECTION('',(0,0,-1));
#8479=FACE_SURFACE('',(#8484),#8480,.T.);
#8480=PLANE('',#8481);
#8481=AXIS2_PLACEMENT_3D('',#546,#8482,#8483);
#8482=DIRECTION('',(-0.9238807634942466,-0.3826804604958138,0));
#8483=DIRECTION('',(0,0,1));
#8484=FACE_BOUND('',#8485,.T.);
#8485=EDGE_LOOP('',(#8486,#8487,#8488));
#8486=ORIENTED_EDGE('',*,*,#8489,.T.);
#8487=ORIENTED_EDGE('',*,*,#8490,.T.);
#8488=ORIENTED_EDGE('',*,*,#8491,.T.);
#8489=EDGE_CURVE('',#547,#505,#8492,.F.);
#8490=EDGE_CURVE('',#505,#549,#8493,.T.);
#8491=EDGE_CURVE('',#549,#547,#8494,.T.);
#8492=LINE('',#546,#8495);
#8493=LINE('',#504,#8496);
#8494=LINE('',#548,#8497);
#8495=VECTOR('',#8498,1.0);
#8496=VECTOR('',#8499,1.0);
#8497=VECTOR('',#8500,1.0);
#8498=DIRECTION('',(0,0,1));
#8499=DIRECTION('',(-0.024921805398242326,0.06016710800742603,-0.9978771581360678));
#8500=DIRECTION('',(0.3826804604958138,-0.9238807634942466,0));
#8501=FACE_SURFACE('',(#8506),#8502,.T.);
#8502=PLANE('',#8503);
#8503=AXIS2_PLACEMENT_3D('',#548,#8504,#8505);
#8504=DIRECTION('',(-0.9238807634942466,-0.3826804604958138,0));
#8505=DIRECTION('',(0.024921805398242326,-0.06016710800742603,0.9978771581360678));
#8506=FACE_BOUND('',#8507,.T.);
#8507=EDGE_LOOP('',(#8508,#8509,#8510));
#8508=ORIENTED_EDGE('',*,*,#8511,.T.);
#8509=ORIENTED_EDGE('',*,*,#8512,.T.);
#8510=ORIENTED_EDGE('',*,*,#8513,.T.);
#8511=EDGE_CURVE('',#549,#505,#8514,.F.);
#8512=EDGE_CURVE('',#505,#507,#8515,.T.);
#8513=EDGE_CURVE('',#507,#549,#8516,.T.);
#8514=LINE('',#548,#8517);
#8515=LINE('',#504,#8518);
#8516=LINE('',#506,#8519);
#8517=VECTOR('',#8520,1.0);
#8518=VECTOR('',#8521,1.0);
#8519=VECTOR('',#8522,1.0);
#8520=DIRECTION('',(0.024921805398242326,-0.06016710800742603,0.9978771581360678));
#8521=DIRECTION('',(-0.3826804604958138,0.9238807634942466,0));
#8522=DIRECTION('',(0,0,-1));
#8523=FACE_SURFACE('',(#8528),#8524,.T.);
#8524=PLANE('',#8525);
#8525=AXIS2_PLACEMENT_3D('',#548,#8526,#8527);
#8526=DIRECTION('',(-0.7933513418582181,-0.6087640334084832,0));
#8527=DIRECTION('',(0,0,1));
#8528=FACE_BOUND('',#8529,.T.);
#8529=EDGE_LOOP('',(#8530,#8531,#8532));
#8530=ORIENTED_EDGE('',*,*,#8533,.T.);
#8531=ORIENTED_EDGE('',*,*,#8534,.T.);
#8532=ORIENTED_EDGE('',*,*,#8535,.T.);
#8533=EDGE_CURVE('',#549,#507,#8536,.F.);
#8534=EDGE_CURVE('',#507,#551,#8537,.T.);
#8535=EDGE_CURVE('',#551,#549,#8538,.T.);
#8536=LINE('',#548,#8539);
#8537=LINE('',#506,#8540);
#8538=LINE('',#550,#8541);
#8539=VECTOR('',#8542,1.0);
#8540=VECTOR('',#8543,1.0);
#8541=VECTOR('',#8544,1.0);
#8542=DIRECTION('',(0,0,1));
#8543=DIRECTION('',(-0.03964572972150278,0.05166696970810919,-0.9978771168616057));
#8544=DIRECTION('',(0.6087640334084832,-0.7933513418582181,0));
#8545=FACE_SURFACE('',(#8550),#8546,.T.);
#8546=PLANE('',#8547);
#8547=AXIS2_PLACEMENT_3D('',#550,#8548,#8549);
#8548=DIRECTION('',(-0.7933513418582181,-0.6087640334084832,0));
#8549=DIRECTION('',(0.03964572972150278,-0.05166696970810919,0.9978771168616057));
#8550=FACE_BOUND('',#8551,.T.);
#8551=EDGE_LOOP('',(#8552,#8553,#8554));
#8552=ORIENTED_EDGE('',*,*,#8555,.T.);
#8553=ORIENTED_EDGE('',*,*,#8556,.T.);
#8554=ORIENTED_EDGE('',*,*,#8557,.T.);
#8555=EDGE_CURVE('',#551,#507,#8558,.F.);
#8556=EDGE_CURVE('',#507,#509,#8559,.T.);
#8557=EDGE_CURVE('',#509,#551,#8560,.T.);
#8558=LINE('',#550,#8561);
#8559=LINE('',#506,#8562);
#8560=LINE('',#508,#8563);
#8561=VECTOR('',#8564,1.0);
#8562=VECTOR('',#8565,1.0);
#8563=VECTOR('',#8566,1.0);
#8564=DIRECTION('',(0.03964572972150278,-0.05166696970810919,0.9978771168616057));
#8565=DIRECTION('',(-0.6087640334084832,0.7933513418582181,0));
#8566=DIRECTION('',(0,0,-1));
#8567=FACE_SURFACE('',(#8572),#8568,.T.);
#8568=PLANE('',#8569);
#8569=AXIS2_PLACEMENT_3D('',#550,#8570,#8571);
#8570=DIRECTION('',(-0.6087664921822442,-0.7933494551558762,0));
#8571=DIRECTION('',(0,0,1));
#8572=FACE_BOUND('',#8573,.T.);
#8573=EDGE_LOOP('',(#8574,#8575,#8576));
#8574=ORIENTED_EDGE('',*,*,#8577,.T.);
#8575=ORIENTED_EDGE('',*,*,#8578,.T.);
#8576=ORIENTED_EDGE('',*,*,#8579,.T.);
#8577=EDGE_CURVE('',#551,#509,#8580,.F.);
#8578=EDGE_CURVE('',#509,#553,#8581,.T.);
#8579=EDGE_CURVE('',#553,#551,#8582,.T.);
#8580=LINE('',#550,#8583);
#8581=LINE('',#508,#8584);
#8582=LINE('',#552,#8585);
#8583=VECTOR('',#8586,1.0);
#8584=VECTOR('',#8587,1.0);
#8585=VECTOR('',#8588,1.0);
#8586=DIRECTION('',(0,0,1));
#8587=DIRECTION('',(-0.05166602157331196,0.039645256593788834,-0.9978771847499063));
#8588=DIRECTION('',(0.7933494551558762,-0.6087664921822442,0));
#8589=FACE_SURFACE('',(#8594),#8590,.T.);
#8590=PLANE('',#8591);
#8591=AXIS2_PLACEMENT_3D('',#552,#8592,#8593);
#8592=DIRECTION('',(-0.6087664921822442,-0.7933494551558762,0));
#8593=DIRECTION('',(0.05166602157331196,-0.039645256593788834,0.9978771847499063));
#8594=FACE_BOUND('',#8595,.T.);
#8595=EDGE_LOOP('',(#8596,#8597,#8598));
#8596=ORIENTED_EDGE('',*,*,#8599,.T.);
#8597=ORIENTED_EDGE('',*,*,#8600,.T.);
#8598=ORIENTED_EDGE('',*,*,#8601,.T.);
#8599=EDGE_CURVE('',#553,#509,#8602,.F.);
#8600=EDGE_CURVE('',#509,#511,#8603,.T.);
#8601=EDGE_CURVE('',#511,#553,#8604,.T.);
#8602=LINE('',#552,#8605);
#8603=LINE('',#508,#8606);
#8604=LINE('',#510,#8607);
#8605=VECTOR('',#8608,1.0);
#8606=VECTOR('',#8609,1.0);
#8607=VECTOR('',#8610,1.0);
#8608=DIRECTION('',(0.05166602157331196,-0.039645256593788834,0.9978771847499063));
#8609=DIRECTION('',(-0.7933494551558762,0.6087664921822442,0));
#8610=DIRECTION('',(0,0,-1));
#8611=FACE_SURFACE('',(#8616),#8612,.T.);
#8612=PLANE('',#8613);
#8613=AXIS2_PLACEMENT_3D('',#552,#8614,#8615);
#8614=DIRECTION('',(-0.3826815305267528,-0.9238803202762261,0));
#8615=DIRECTION('',(0,0,1));
#8616=FACE_BOUND('',#8617,.T.);
#8617=EDGE_LOOP('',(#8618,#8619,#8620));
#8618=ORIENTED_EDGE('',*,*,#8621,.T.);
#8619=ORIENTED_EDGE('',*,*,#8622,.T.);
#8620=ORIENTED_EDGE('',*,*,#8623,.T.);
#8621=EDGE_CURVE('',#553,#511,#8624,.F.);
#8622=EDGE_CURVE('',#511,#555,#8625,.T.);
#8623=EDGE_CURVE('',#555,#553,#8626,.T.);
#8624=LINE('',#552,#8627);
#8625=LINE('',#510,#8628);
#8626=LINE('',#554,#8629);
#8627=VECTOR('',#8630,1.0);
#8628=VECTOR('',#8631,1.0);
#8629=VECTOR('',#8632,1.0);
#8630=DIRECTION('',(0,0,1));
#8631=DIRECTION('',(-0.06016805549860737,0.024922279500597534,-0.9978770891658002));
#8632=DIRECTION('',(0.9238803202762261,-0.3826815305267528,0));
#8633=FACE_SURFACE('',(#8638),#8634,.T.);
#8634=PLANE('',#8635);
#8635=AXIS2_PLACEMENT_3D('',#554,#8636,#8637);
#8636=DIRECTION('',(-0.3826815305267528,-0.9238803202762261,0));
#8637=DIRECTION('',(0.06016805549860737,-0.024922279500597534,0.9978770891658002));
#8638=FACE_BOUND('',#8639,.T.);
#8639=EDGE_LOOP('',(#8640,#8641,#8642));
#8640=ORIENTED_EDGE('',*,*,#8643,.T.);
#8641=ORIENTED_EDGE('',*,*,#8644,.T.);
#8642=ORIENTED_EDGE('',*,*,#8645,.T.);
#8643=EDGE_CURVE('',#555,#511,#8646,.F.);
#8644=EDGE_CURVE('',#511,#513,#8647,.T.);
#8645=EDGE_CURVE('',#513,#555,#8648,.T.);
#8646=LINE('',#554,#8649);
#8647=LINE('',#510,#8650);
#8648=LINE('',#512,#8651);
#8649=VECTOR('',#8652,1.0);
#8650=VECTOR('',#8653,1.0);
#8651=VECTOR('',#8654,1.0);
#8652=DIRECTION('',(0.06016805549860737,-0.024922279500597534,0.9978770891658002));
#8653=DIRECTION('',(-0.9238803202762261,0.3826815305267528,0));
#8654=DIRECTION('',(0,0,-1));
#8655=FACE_SURFACE('',(#8660),#8656,.T.);
#8656=PLANE('',#8657);
#8657=AXIS2_PLACEMENT_3D('',#554,#8658,#8659);
#8658=DIRECTION('',(-0.13052293153778352,-0.99144529064532,0));
#8659=DIRECTION('',(0,0,1));
#8660=FACE_BOUND('',#8661,.T.);
#8661=EDGE_LOOP('',(#8662,#8663,#8664));
#8662=ORIENTED_EDGE('',*,*,#8665,.T.);
#8663=ORIENTED_EDGE('',*,*,#8666,.T.);
#8664=ORIENTED_EDGE('',*,*,#8667,.T.);
#8665=EDGE_CURVE('',#555,#513,#8668,.F.);
#8666=EDGE_CURVE('',#513,#543,#8669,.T.);
#8667=EDGE_CURVE('',#543,#555,#8670,.T.);
#8668=LINE('',#554,#8671);
#8669=LINE('',#512,#8672);
#8670=LINE('',#542,#8673);
#8671=VECTOR('',#8674,1.0);
#8672=VECTOR('',#8675,1.0);
#8673=VECTOR('',#8676,1.0);
#8674=DIRECTION('',(0,0,1));
#8675=DIRECTION('',(-0.06456658772609347,0.00850013650669104,-0.9978771985714356));
#8676=DIRECTION('',(0.99144529064532,-0.13052293153778352,0));
#8677=FACE_SURFACE('',(#8682),#8678,.T.);
#8678=PLANE('',#8679);
#8679=AXIS2_PLACEMENT_3D('',#542,#8680,#8681);
#8680=DIRECTION('',(-0.13052293153778352,-0.99144529064532,0));
#8681=DIRECTION('',(0.06456658772609347,-0.00850013650669104,0.9978771985714356));
#8682=FACE_BOUND('',#8683,.T.);
#8683=EDGE_LOOP('',(#8684,#8685,#8686));
#8684=ORIENTED_EDGE('',*,*,#8687,.T.);
#8685=ORIENTED_EDGE('',*,*,#8688,.T.);
#8686=ORIENTED_EDGE('',*,*,#8689,.T.);
#8687=EDGE_CURVE('',#543,#513,#8690,.F.);
#8688=EDGE_CURVE('',#513,#515,#8691,.T.);
#8689=EDGE_CURVE('',#515,#543,#8692,.T.);
#8690=LINE('',#542,#8693);
#8691=LINE('',#512,#8694);
#8692=LINE('',#514,#8695);
#8693=VECTOR('',#8696,1.0);
#8694=VECTOR('',#8697,1.0);
#8695=VECTOR('',#8698,1.0);
#8696=DIRECTION('',(0.06456658772609347,-0.00850013650669104,0.9978771985714356));
#8697=DIRECTION('',(-0.99144529064532,0.13052293153778352,0));
#8698=DIRECTION('',(0,0,-1));
#8699=FACE_SURFACE('',(#8704),#8700,.T.);
#8700=PLANE('',#8701);
#8701=AXIS2_PLACEMENT_3D('',#468,#8702,#8703);
#8702=DIRECTION('',(1,0,0));
#8703=DIRECTION('',(0,-1,0));
#8704=FACE_BOUND('',#8705,.T.);
#8705=EDGE_LOOP('',(#8706,#8707,#8708));
#8706=ORIENTED_EDGE('',*,*,#8709,.T.);
#8707=ORIENTED_EDGE('',*,*,#8710,.T.);
#8708=ORIENTED_EDGE('',*,*,#8711,.T.);
#8709=EDGE_CURVE('',#469,#471,#8712,.F.);
#8710=EDGE_CURVE('',#471,#541,#8713,.T.);
#8711=EDGE_CURVE('',#541,#469,#8714,.T.);
#8712=LINE('',#468,#8715);
#8713=LINE('',#470,#8716);
#8714=LINE('',#540,#8717);
#8715=VECTOR('',#8718,1.0);
#8716=VECTOR('',#8719,1.0);
#8717=VECTOR('',#8720,1.0);
#8718=DIRECTION('',(0,-1,0));
#8719=DIRECTION('',(0,0.9912279006826347,-0.13216372009101796));
#8720=DIRECTION('',(0,0,1));
#8721=FACE_SURFACE('',(#8726),#8722,.T.);
#8722=PLANE('',#8723);
#8723=AXIS2_PLACEMENT_3D('',#540,#8724,#8725);
#8724=DIRECTION('',(1,0,0));
#8725=DIRECTION('',(0,-0.9912279006826347,0.13216372009101796));
#8726=FACE_BOUND('',#8727,.T.);
#8727=EDGE_LOOP('',(#8728,#8729,#8730));
#8728=ORIENTED_EDGE('',*,*,#8731,.T.);
#8729=ORIENTED_EDGE('',*,*,#8732,.T.);
#8730=ORIENTED_EDGE('',*,*,#8733,.T.);
#8731=EDGE_CURVE('',#541,#471,#8734,.F.);
#8732=EDGE_CURVE('',#471,#557,#8735,.T.);
#8733=EDGE_CURVE('',#557,#541,#8736,.T.);
#8734=LINE('',#540,#8737);
#8735=LINE('',#470,#8738);
#8736=LINE('',#556,#8739);
#8737=VECTOR('',#8740,1.0);
#8738=VECTOR('',#8741,1.0);
#8739=VECTOR('',#8742,1.0);
#8740=DIRECTION('',(0,-0.9912279006826347,0.13216372009101796));
#8741=DIRECTION('',(0,0,-1));
#8742=DIRECTION('',(0,1,0));
#8743=FACE_SURFACE('',(#8748),#8744,.T.);
#8744=PLANE('',#8745);
#8745=AXIS2_PLACEMENT_3D('',#400,#8746,#8747);
#8746=DIRECTION('',(-0,-1,-0));
#8747=DIRECTION('',(-1,0,0));
#8748=FACE_BOUND('',#8749,.T.);
#8749=EDGE_LOOP('',(#8750,#8751,#8752));
#8750=ORIENTED_EDGE('',*,*,#8753,.T.);
#8751=ORIENTED_EDGE('',*,*,#8754,.T.);
#8752=ORIENTED_EDGE('',*,*,#8755,.T.);
#8753=EDGE_CURVE('',#401,#403,#8756,.F.);
#8754=EDGE_CURVE('',#403,#559,#8757,.T.);
#8755=EDGE_CURVE('',#559,#401,#8758,.T.);
#8756=LINE('',#400,#8759);
#8757=LINE('',#402,#8760);
#8758=LINE('',#558,#8761);
#8759=VECTOR('',#8762,1.0);
#8760=VECTOR('',#8763,1.0);
#8761=VECTOR('',#8764,1.0);
#8762=DIRECTION('',(-1,0,0));
#8763=DIRECTION('',(0.4472135954999579,0,-0.8944271909999159));
#8764=DIRECTION('',(0,0,1));
#8765=FACE_SURFACE('',(#8770),#8766,.T.);
#8766=PLANE('',#8767);
#8767=AXIS2_PLACEMENT_3D('',#558,#8768,#8769);
#8768=DIRECTION('',(0,-1,0));
#8769=DIRECTION('',(-0.4472135954999579,0,0.8944271909999159));
#8770=FACE_BOUND('',#8771,.T.);
#8771=EDGE_LOOP('',(#8772,#8773,#8774));
#8772=ORIENTED_EDGE('',*,*,#8775,.T.);
#8773=ORIENTED_EDGE('',*,*,#8776,.T.);
#8774=ORIENTED_EDGE('',*,*,#8777,.T.);
#8775=EDGE_CURVE('',#559,#403,#8778,.F.);
#8776=EDGE_CURVE('',#403,#561,#8779,.T.);
#8777=EDGE_CURVE('',#561,#559,#8780,.T.);
#8778=LINE('',#558,#8781);
#8779=LINE('',#402,#8782);
#8780=LINE('',#560,#8783);
#8781=VECTOR('',#8784,1.0);
#8782=VECTOR('',#8785,1.0);
#8783=VECTOR('',#8786,1.0);
#8784=DIRECTION('',(-0.4472135954999579,0,0.8944271909999159));
#8785=DIRECTION('',(0,0,-1));
#8786=DIRECTION('',(1,0,0));
#8787=FACE_SURFACE('',(#8792),#8788,.T.);
#8788=PLANE('',#8789);
#8789=AXIS2_PLACEMENT_3D('',#560,#8790,#8791);
#8790=DIRECTION('',(0.13052104055558156,-0.9914455395896884,0));
#8791=DIRECTION('',(0,0,1));
#8792=FACE_BOUND('',#8793,.T.);
#8793=EDGE_LOOP('',(#8794,#8795,#8796));
#8794=ORIENTED_EDGE('',*,*,#8797,.T.);
#8795=ORIENTED_EDGE('',*,*,#8798,.T.);
#8796=ORIENTED_EDGE('',*,*,#8799,.T.);
#8797=EDGE_CURVE('',#561,#403,#8800,.F.);
#8798=EDGE_CURVE('',#403,#563,#8801,.T.);
#8799=EDGE_CURVE('',#563,#561,#8802,.T.);
#8800=LINE('',#560,#8803);
#8801=LINE('',#402,#8804);
#8802=LINE('',#562,#8805);
#8803=VECTOR('',#8806,1.0);
#8804=VECTOR('',#8807,1.0);
#8805=VECTOR('',#8808,1.0);
#8806=DIRECTION('',(0,0,1));
#8807=DIRECTION('',(-0.0645675354085813,-0.008500135984398187,-0.9978771372566406));
#8808=DIRECTION('',(0.9914455395896884,0.13052104055558156,0));
#8809=FACE_SURFACE('',(#8814),#8810,.T.);
#8810=PLANE('',#8811);
#8811=AXIS2_PLACEMENT_3D('',#562,#8812,#8813);
#8812=DIRECTION('',(0.13052104055558156,-0.9914455395896884,0));
#8813=DIRECTION('',(0.0645675354085813,0.008500135984398187,0.9978771372566406));
#8814=FACE_BOUND('',#8815,.T.);
#8815=EDGE_LOOP('',(#8816,#8817,#8818));
#8816=ORIENTED_EDGE('',*,*,#8819,.T.);
#8817=ORIENTED_EDGE('',*,*,#8820,.T.);
#8818=ORIENTED_EDGE('',*,*,#8821,.T.);
#8819=EDGE_CURVE('',#563,#403,#8822,.F.);
#8820=EDGE_CURVE('',#403,#405,#8823,.T.);
#8821=EDGE_CURVE('',#405,#563,#8824,.T.);
#8822=LINE('',#562,#8825);
#8823=LINE('',#402,#8826);
#8824=LINE('',#404,#8827);
#8825=VECTOR('',#8828,1.0);
#8826=VECTOR('',#8829,1.0);
#8827=VECTOR('',#8830,1.0);
#8828=DIRECTION('',(0.0645675354085813,0.008500135984398187,0.9978771372566406));
#8829=DIRECTION('',(-0.9914455395896884,-0.13052104055558156,0));
#8830=DIRECTION('',(0,0,-1));
#8831=FACE_SURFACE('',(#8836),#8832,.T.);
#8832=PLANE('',#8833);
#8833=AXIS2_PLACEMENT_3D('',#562,#8834,#8835);
#8834=DIRECTION('',(0.3826866968961701,-0.9238781802914813,0));
#8835=DIRECTION('',(0,0,1));
#8836=FACE_BOUND('',#8837,.T.);
#8837=EDGE_LOOP('',(#8838,#8839,#8840));
#8838=ORIENTED_EDGE('',*,*,#8841,.T.);
#8839=ORIENTED_EDGE('',*,*,#8842,.T.);
#8840=ORIENTED_EDGE('',*,*,#8843,.T.);
#8841=EDGE_CURVE('',#563,#405,#8844,.F.);
#8842=EDGE_CURVE('',#405,#565,#8845,.T.);
#8843=EDGE_CURVE('',#565,#563,#8846,.T.);
#8844=LINE('',#562,#8847);
#8845=LINE('',#404,#8848);
#8846=LINE('',#564,#8849);
#8847=VECTOR('',#8850,1.0);
#8848=VECTOR('',#8851,1.0);
#8849=VECTOR('',#8852,1.0);
#8850=DIRECTION('',(0,0,1));
#8851=DIRECTION('',(-0.060167107293932647,-0.024922280927609057,-0.9978771463027128));
#8852=DIRECTION('',(0.9238781802914813,0.3826866968961701,0));
#8853=FACE_SURFACE('',(#8858),#8854,.T.);
#8854=PLANE('',#8855);
#8855=AXIS2_PLACEMENT_3D('',#564,#8856,#8857);
#8856=DIRECTION('',(0.3826866968961701,-0.9238781802914813,0));
#8857=DIRECTION('',(0.060167107293932647,0.024922280927609057,0.9978771463027128));
#8858=FACE_BOUND('',#8859,.T.);
#8859=EDGE_LOOP('',(#8860,#8861,#8862));
#8860=ORIENTED_EDGE('',*,*,#8863,.T.);
#8861=ORIENTED_EDGE('',*,*,#8864,.T.);
#8862=ORIENTED_EDGE('',*,*,#8865,.T.);
#8863=EDGE_CURVE('',#565,#405,#8866,.F.);
#8864=EDGE_CURVE('',#405,#407,#8867,.T.);
#8865=EDGE_CURVE('',#407,#565,#8868,.T.);
#8866=LINE('',#564,#8869);
#8867=LINE('',#404,#8870);
#8868=LINE('',#406,#8871);
#8869=VECTOR('',#8872,1.0);
#8870=VECTOR('',#8873,1.0);
#8871=VECTOR('',#8874,1.0);
#8872=DIRECTION('',(0.060167107293932647,0.024922280927609057,0.9978771463027128));
#8873=DIRECTION('',(-0.9238781802914813,-0.3826866968961701,0));
#8874=DIRECTION('',(0,0,-1));
#8875=FACE_SURFACE('',(#8880),#8876,.T.);
#8876=PLANE('',#8877);
#8877=AXIS2_PLACEMENT_3D('',#564,#8878,#8879);
#8878=DIRECTION('',(0.6087594347226258,-0.793354870556795,0));
#8879=DIRECTION('',(0,0,1));
#8880=FACE_BOUND('',#8881,.T.);
#8881=EDGE_LOOP('',(#8882,#8883,#8884));
#8882=ORIENTED_EDGE('',*,*,#8885,.T.);
#8883=ORIENTED_EDGE('',*,*,#8886,.T.);
#8884=ORIENTED_EDGE('',*,*,#8887,.T.);
#8885=EDGE_CURVE('',#565,#407,#8888,.F.);
#8886=EDGE_CURVE('',#407,#567,#8889,.T.);
#8887=EDGE_CURVE('',#567,#565,#8890,.T.);
#8888=LINE('',#564,#8891);
#8889=LINE('',#406,#8892);
#8890=LINE('',#566,#8893);
#8891=VECTOR('',#8894,1.0);
#8892=VECTOR('',#8895,1.0);
#8893=VECTOR('',#8896,1.0);
#8894=DIRECTION('',(0,0,1));
#8895=DIRECTION('',(-0.051666970682771034,-0.03964525464449459,-0.9978771356858712));
#8896=DIRECTION('',(0.793354870556795,0.6087594347226258,0));
#8897=FACE_SURFACE('',(#8902),#8898,.T.);
#8898=PLANE('',#8899);
#8899=AXIS2_PLACEMENT_3D('',#566,#8900,#8901);
#8900=DIRECTION('',(0.6087594347226258,-0.793354870556795,0));
#8901=DIRECTION('',(0.051666970682771034,0.03964525464449459,0.9978771356858712));
#8902=FACE_BOUND('',#8903,.T.);
#8903=EDGE_LOOP('',(#8904,#8905,#8906));
#8904=ORIENTED_EDGE('',*,*,#8907,.T.);
#8905=ORIENTED_EDGE('',*,*,#8908,.T.);
#8906=ORIENTED_EDGE('',*,*,#8909,.T.);
#8907=EDGE_CURVE('',#567,#407,#8910,.F.);
#8908=EDGE_CURVE('',#407,#409,#8911,.T.);
#8909=EDGE_CURVE('',#409,#567,#8912,.T.);
#8910=LINE('',#566,#8913);
#8911=LINE('',#406,#8914);
#8912=LINE('',#408,#8915);
#8913=VECTOR('',#8916,1.0);
#8914=VECTOR('',#8917,1.0);
#8915=VECTOR('',#8918,1.0);
#8916=DIRECTION('',(0.051666970682771034,0.03964525464449459,0.9978771356858712));
#8917=DIRECTION('',(-0.793354870556795,-0.6087594347226258,0));
#8918=DIRECTION('',(0,0,-1));
#8919=FACE_SURFACE('',(#8924),#8920,.T.);
#8920=PLANE('',#8921);
#8921=AXIS2_PLACEMENT_3D('',#566,#8922,#8923);
#8922=DIRECTION('',(0.7933513418582181,-0.6087640334084832,0));
#8923=DIRECTION('',(0,0,1));
#8924=FACE_BOUND('',#8925,.T.);
#8925=EDGE_LOOP('',(#8926,#8927,#8928));
#8926=ORIENTED_EDGE('',*,*,#8929,.T.);
#8927=ORIENTED_EDGE('',*,*,#8930,.T.);
#8928=ORIENTED_EDGE('',*,*,#8931,.T.);
#8929=EDGE_CURVE('',#567,#409,#8932,.F.);
#8930=EDGE_CURVE('',#409,#569,#8933,.T.);
#8931=EDGE_CURVE('',#569,#567,#8934,.T.);
#8932=LINE('',#566,#8935);
#8933=LINE('',#408,#8936);
#8934=LINE('',#568,#8937);
#8935=VECTOR('',#8938,1.0);
#8936=VECTOR('',#8939,1.0);
#8937=VECTOR('',#8940,1.0);
#8938=DIRECTION('',(0,0,1));
#8939=DIRECTION('',(-0.03964572972150278,-0.05166696970810919,-0.9978771168616057));
#8940=DIRECTION('',(0.6087640334084832,0.7933513418582181,0));
#8941=FACE_SURFACE('',(#8946),#8942,.T.);
#8942=PLANE('',#8943);
#8943=AXIS2_PLACEMENT_3D('',#568,#8944,#8945);
#8944=DIRECTION('',(0.7933513418582181,-0.6087640334084832,0));
#8945=DIRECTION('',(0.03964572972150278,0.05166696970810919,0.9978771168616057));
#8946=FACE_BOUND('',#8947,.T.);
#8947=EDGE_LOOP('',(#8948,#8949,#8950));
#8948=ORIENTED_EDGE('',*,*,#8951,.T.);
#8949=ORIENTED_EDGE('',*,*,#8952,.T.);
#8950=ORIENTED_EDGE('',*,*,#8953,.T.);
#8951=EDGE_CURVE('',#569,#409,#8954,.F.);
#8952=EDGE_CURVE('',#409,#411,#8955,.T.);
#8953=EDGE_CURVE('',#411,#569,#8956,.T.);
#8954=LINE('',#568,#8957);
#8955=LINE('',#408,#8958);
#8956=LINE('',#410,#8959);
#8957=VECTOR('',#8960,1.0);
#8958=VECTOR('',#8961,1.0);
#8959=VECTOR('',#8962,1.0);
#8960=DIRECTION('',(0.03964572972150278,0.05166696970810919,0.9978771168616057));
#8961=DIRECTION('',(-0.6087640334084832,-0.7933513418582181,0));
#8962=DIRECTION('',(0,0,-1));
#8963=FACE_SURFACE('',(#8968),#8964,.T.);
#8964=PLANE('',#8965);
#8965=AXIS2_PLACEMENT_3D('',#568,#8966,#8967);
#8966=DIRECTION('',(0.9238807634942466,-0.3826804604958138,0));
#8967=DIRECTION('',(0,0,1));
#8968=FACE_BOUND('',#8969,.T.);
#8969=EDGE_LOOP('',(#8970,#8971,#8972));
#8970=ORIENTED_EDGE('',*,*,#8973,.T.);
#8971=ORIENTED_EDGE('',*,*,#8974,.T.);
#8972=ORIENTED_EDGE('',*,*,#8975,.T.);
#8973=EDGE_CURVE('',#569,#411,#8976,.F.);
#8974=EDGE_CURVE('',#411,#571,#8977,.T.);
#8975=EDGE_CURVE('',#571,#569,#8978,.T.);
#8976=LINE('',#568,#8979);
#8977=LINE('',#410,#8980);
#8978=LINE('',#570,#8981);
#8979=VECTOR('',#8982,1.0);
#8980=VECTOR('',#8983,1.0);
#8981=VECTOR('',#8984,1.0);
#8982=DIRECTION('',(0,0,1));
#8983=DIRECTION('',(-0.024921805398242326,-0.06016710800742603,-0.9978771581360678));
#8984=DIRECTION('',(0.3826804604958138,0.9238807634942466,0));
#8985=FACE_SURFACE('',(#8990),#8986,.T.);
#8986=PLANE('',#8987);
#8987=AXIS2_PLACEMENT_3D('',#570,#8988,#8989);
#8988=DIRECTION('',(0.9238807634942466,-0.3826804604958138,0));
#8989=DIRECTION('',(0.024921805398242326,0.06016710800742603,0.9978771581360678));
#8990=FACE_BOUND('',#8991,.T.);
#8991=EDGE_LOOP('',(#8992,#8993,#8994));
#8992=ORIENTED_EDGE('',*,*,#8995,.T.);
#8993=ORIENTED_EDGE('',*,*,#8996,.T.);
#8994=ORIENTED_EDGE('',*,*,#8997,.T.);
#8995=EDGE_CURVE('',#571,#411,#8998,.F.);
#8996=EDGE_CURVE('',#411,#413,#8999,.T.);
#8997=EDGE_CURVE('',#413,#571,#9000,.T.);
#8998=LINE('',#570,#9001);
#8999=LINE('',#410,#9002);
#9000=LINE('',#412,#9003);
#9001=VECTOR('',#9004,1.0);
#9002=VECTOR('',#9005,1.0);
#9003=VECTOR('',#9006,1.0);
#9004=DIRECTION('',(0.024921805398242326,0.06016710800742603,0.9978771581360678));
#9005=DIRECTION('',(-0.3826804604958138,-0.9238807634942466,0));
#9006=DIRECTION('',(0,0,-1));
#9007=FACE_SURFACE('',(#9012),#9008,.T.);
#9008=PLANE('',#9009);
#9009=AXIS2_PLACEMENT_3D('',#570,#9010,#9011);
#9010=DIRECTION('',(0.9914455395896884,-0.13052104055558156,0));
#9011=DIRECTION('',(0,0,1));
#9012=FACE_BOUND('',#9013,.T.);
#9013=EDGE_LOOP('',(#9014,#9015,#9016));
#9014=ORIENTED_EDGE('',*,*,#9017,.T.);
#9015=ORIENTED_EDGE('',*,*,#9018,.T.);
#9016=ORIENTED_EDGE('',*,*,#9019,.T.);
#9017=EDGE_CURVE('',#571,#413,#9020,.F.);
#9018=EDGE_CURVE('',#413,#573,#9021,.T.);
#9019=EDGE_CURVE('',#573,#571,#9022,.T.);
#9020=LINE('',#570,#9023);
#9021=LINE('',#412,#9024);
#9022=LINE('',#572,#9025);
#9023=VECTOR('',#9026,1.0);
#9024=VECTOR('',#9027,1.0);
#9025=VECTOR('',#9028,1.0);
#9026=DIRECTION('',(0,0,1));
#9027=DIRECTION('',(-0.008500135984398187,-0.0645675354085813,-0.9978771372566406));
#9028=DIRECTION('',(0.13052104055558156,0.9914455395896884,0));
#9029=FACE_SURFACE('',(#9034),#9030,.T.);
#9030=PLANE('',#9031);
#9031=AXIS2_PLACEMENT_3D('',#572,#9032,#9033);
#9032=DIRECTION('',(0.9914455395896884,-0.13052104055558156,0));
#9033=DIRECTION('',(0.008500135984398187,0.0645675354085813,0.9978771372566406));
#9034=FACE_BOUND('',#9035,.T.);
#9035=EDGE_LOOP('',(#9036,#9037,#9038));
#9036=ORIENTED_EDGE('',*,*,#9039,.T.);
#9037=ORIENTED_EDGE('',*,*,#9040,.T.);
#9038=ORIENTED_EDGE('',*,*,#9041,.T.);
#9039=EDGE_CURVE('',#573,#413,#9042,.F.);
#9040=EDGE_CURVE('',#413,#415,#9043,.T.);
#9041=EDGE_CURVE('',#415,#573,#9044,.T.);
#9042=LINE('',#572,#9045);
#9043=LINE('',#412,#9046);
#9044=LINE('',#414,#9047);
#9045=VECTOR('',#9048,1.0);
#9046=VECTOR('',#9049,1.0);
#9047=VECTOR('',#9050,1.0);
#9048=DIRECTION('',(0.008500135984398187,0.0645675354085813,0.9978771372566406));
#9049=DIRECTION('',(-0.13052104055558156,-0.9914455395896884,0));
#9050=DIRECTION('',(0,0,-1));
#9051=FACE_SURFACE('',(#9056),#9052,.T.);
#9052=PLANE('',#9053);
#9053=AXIS2_PLACEMENT_3D('',#574,#9054,#9055);
#9054=DIRECTION('',(-0.9914436485342026,-0.13053540432077632,0));
#9055=DIRECTION('',(0,0,1));
#9056=FACE_BOUND('',#9057,.T.);
#9057=EDGE_LOOP('',(#9058,#9059,#9060));
#9058=ORIENTED_EDGE('',*,*,#9061,.T.);
#9059=ORIENTED_EDGE('',*,*,#9062,.T.);
#9060=ORIENTED_EDGE('',*,*,#9063,.T.);
#9061=EDGE_CURVE('',#575,#449,#9064,.F.);
#9062=EDGE_CURVE('',#449,#577,#9065,.T.);
#9063=EDGE_CURVE('',#577,#575,#9066,.T.);
#9064=LINE('',#574,#9067);
#9065=LINE('',#448,#9068);
#9066=LINE('',#576,#9069);
#9067=VECTOR('',#9070,1.0);
#9068=VECTOR('',#9071,1.0);
#9069=VECTOR('',#9072,1.0);
#9070=DIRECTION('',(0,0,1));
#9071=DIRECTION('',(-0.008501087565424474,0.06456753488625541,-0.9978771291842082));
#9072=DIRECTION('',(0.13053540432077632,-0.9914436485342026,0));
#9073=FACE_SURFACE('',(#9078),#9074,.T.);
#9074=PLANE('',#9075);
#9075=AXIS2_PLACEMENT_3D('',#576,#9076,#9077);
#9076=DIRECTION('',(-0.9914436485342026,-0.13053540432077632,0));
#9077=DIRECTION('',(0.008501087565424474,-0.06456753488625541,0.9978771291842082));
#9078=FACE_BOUND('',#9079,.T.);
#9079=EDGE_LOOP('',(#9080,#9081,#9082));
#9080=ORIENTED_EDGE('',*,*,#9083,.T.);
#9081=ORIENTED_EDGE('',*,*,#9084,.T.);
#9082=ORIENTED_EDGE('',*,*,#9085,.T.);
#9083=EDGE_CURVE('',#577,#449,#9086,.F.);
#9084=EDGE_CURVE('',#449,#451,#9087,.T.);
#9085=EDGE_CURVE('',#451,#577,#9088,.T.);
#9086=LINE('',#576,#9089);
#9087=LINE('',#448,#9090);
#9088=LINE('',#450,#9091);
#9089=VECTOR('',#9092,1.0);
#9090=VECTOR('',#9093,1.0);
#9091=VECTOR('',#9094,1.0);
#9092=DIRECTION('',(0.008501087565424474,-0.06456753488625541,0.9978771291842082));
#9093=DIRECTION('',(-0.13053540432077632,0.9914436485342026,0));
#9094=DIRECTION('',(0,0,-1));
#9095=FACE_SURFACE('',(#9100),#9096,.T.);
#9096=PLANE('',#9097);
#9097=AXIS2_PLACEMENT_3D('',#576,#9098,#9099);
#9098=DIRECTION('',(-0.9238807634942466,-0.3826804604958138,0));
#9099=DIRECTION('',(0,0,1));
#9100=FACE_BOUND('',#9101,.T.);
#9101=EDGE_LOOP('',(#9102,#9103,#9104));
#9102=ORIENTED_EDGE('',*,*,#9105,.T.);
#9103=ORIENTED_EDGE('',*,*,#9106,.T.);
#9104=ORIENTED_EDGE('',*,*,#9107,.T.);
#9105=EDGE_CURVE('',#577,#451,#9108,.F.);
#9106=EDGE_CURVE('',#451,#579,#9109,.T.);
#9107=EDGE_CURVE('',#579,#577,#9110,.T.);
#9108=LINE('',#576,#9111);
#9109=LINE('',#450,#9112);
#9110=LINE('',#578,#9113);
#9111=VECTOR('',#9114,1.0);
#9112=VECTOR('',#9115,1.0);
#9113=VECTOR('',#9116,1.0);
#9114=DIRECTION('',(0,0,1));
#9115=DIRECTION('',(-0.024921805398242326,0.06016710800742603,-0.9978771581360678));
#9116=DIRECTION('',(0.3826804604958138,-0.9238807634942466,0));
#9117=FACE_SURFACE('',(#9122),#9118,.T.);
#9118=PLANE('',#9119);
#9119=AXIS2_PLACEMENT_3D('',#578,#9120,#9121);
#9120=DIRECTION('',(-0.9238807634942466,-0.3826804604958138,0));
#9121=DIRECTION('',(0.024921805398242326,-0.06016710800742603,0.9978771581360678));
#9122=FACE_BOUND('',#9123,.T.);
#9123=EDGE_LOOP('',(#9124,#9125,#9126));
#9124=ORIENTED_EDGE('',*,*,#9127,.T.);
#9125=ORIENTED_EDGE('',*,*,#9128,.T.);
#9126=ORIENTED_EDGE('',*,*,#9129,.T.);
#9127=EDGE_CURVE('',#579,#451,#9130,.F.);
#9128=EDGE_CURVE('',#451,#453,#9131,.T.);
#9129=EDGE_CURVE('',#453,#579,#9132,.T.);
#9130=LINE('',#578,#9133);
#9131=LINE('',#450,#9134);
#9132=LINE('',#452,#9135);
#9133=VECTOR('',#9136,1.0);
#9134=VECTOR('',#9137,1.0);
#9135=VECTOR('',#9138,1.0);
#9136=DIRECTION('',(0.024921805398242326,-0.06016710800742603,0.9978771581360678));
#9137=DIRECTION('',(-0.3826804604958138,0.9238807634942466,0));
#9138=DIRECTION('',(0,0,-1));
#9139=FACE_SURFACE('',(#9144),#9140,.T.);
#9140=PLANE('',#9141);
#9141=AXIS2_PLACEMENT_3D('',#578,#9142,#9143);
#9142=DIRECTION('',(-0.7933513418582181,-0.6087640334084832,0));
#9143=DIRECTION('',(0,0,1));
#9144=FACE_BOUND('',#9145,.T.);
#9145=EDGE_LOOP('',(#9146,#9147,#9148));
#9146=ORIENTED_EDGE('',*,*,#9149,.T.);
#9147=ORIENTED_EDGE('',*,*,#9150,.T.);
#9148=ORIENTED_EDGE('',*,*,#9151,.T.);
#9149=EDGE_CURVE('',#579,#453,#9152,.F.);
#9150=EDGE_CURVE('',#453,#581,#9153,.T.);
#9151=EDGE_CURVE('',#581,#579,#9154,.T.);
#9152=LINE('',#578,#9155);
#9153=LINE('',#452,#9156);
#9154=LINE('',#580,#9157);
#9155=VECTOR('',#9158,1.0);
#9156=VECTOR('',#9159,1.0);
#9157=VECTOR('',#9160,1.0);
#9158=DIRECTION('',(0,0,1));
#9159=DIRECTION('',(-0.03964572972150278,0.05166696970810919,-0.9978771168616057));
#9160=DIRECTION('',(0.6087640334084832,-0.7933513418582181,0));
#9161=FACE_SURFACE('',(#9166),#9162,.T.);
#9162=PLANE('',#9163);
#9163=AXIS2_PLACEMENT_3D('',#580,#9164,#9165);
#9164=DIRECTION('',(-0.7933513418582181,-0.6087640334084832,0));
#9165=DIRECTION('',(0.03964572972150278,-0.05166696970810919,0.9978771168616057));
#9166=FACE_BOUND('',#9167,.T.);
#9167=EDGE_LOOP('',(#9168,#9169,#9170));
#9168=ORIENTED_EDGE('',*,*,#9171,.T.);
#9169=ORIENTED_EDGE('',*,*,#9172,.T.);
#9170=ORIENTED_EDGE('',*,*,#9173,.T.);
#9171=EDGE_CURVE('',#581,#453,#9174,.F.);
#9172=EDGE_CURVE('',#453,#455,#9175,.T.);
#9173=EDGE_CURVE('',#455,#581,#9176,.T.);
#9174=LINE('',#580,#9177);
#9175=LINE('',#452,#9178);
#9176=LINE('',#454,#9179);
#9177=VECTOR('',#9180,1.0);
#9178=VECTOR('',#9181,1.0);
#9179=VECTOR('',#9182,1.0);
#9180=DIRECTION('',(0.03964572972150278,-0.05166696970810919,0.9978771168616057));
#9181=DIRECTION('',(-0.6087640334084832,0.7933513418582181,0));
#9182=DIRECTION('',(0,0,-1));
#9183=FACE_SURFACE('',(#9188),#9184,.T.);
#9184=PLANE('',#9185);
#9185=AXIS2_PLACEMENT_3D('',#580,#9186,#9187);
#9186=DIRECTION('',(-0.6087664921822442,-0.7933494551558762,0));
#9187=DIRECTION('',(0,0,1));
#9188=FACE_BOUND('',#9189,.T.);
#9189=EDGE_LOOP('',(#9190,#9191,#9192));
#9190=ORIENTED_EDGE('',*,*,#9193,.T.);
#9191=ORIENTED_EDGE('',*,*,#9194,.T.);
#9192=ORIENTED_EDGE('',*,*,#9195,.T.);
#9193=EDGE_CURVE('',#581,#455,#9196,.F.);
#9194=EDGE_CURVE('',#455,#583,#9197,.T.);
#9195=EDGE_CURVE('',#583,#581,#9198,.T.);
#9196=LINE('',#580,#9199);
#9197=LINE('',#454,#9200);
#9198=LINE('',#582,#9201);
#9199=VECTOR('',#9202,1.0);
#9200=VECTOR('',#9203,1.0);
#9201=VECTOR('',#9204,1.0);
#9202=DIRECTION('',(0,0,1));
#9203=DIRECTION('',(-0.05166602157331196,0.039645256593788834,-0.9978771847499063));
#9204=DIRECTION('',(0.7933494551558762,-0.6087664921822442,0));
#9205=FACE_SURFACE('',(#9210),#9206,.T.);
#9206=PLANE('',#9207);
#9207=AXIS2_PLACEMENT_3D('',#582,#9208,#9209);
#9208=DIRECTION('',(-0.6087664921822442,-0.7933494551558762,0));
#9209=DIRECTION('',(0.05166602157331196,-0.039645256593788834,0.9978771847499063));
#9210=FACE_BOUND('',#9211,.T.);
#9211=EDGE_LOOP('',(#9212,#9213,#9214));
#9212=ORIENTED_EDGE('',*,*,#9215,.T.);
#9213=ORIENTED_EDGE('',*,*,#9216,.T.);
#9214=ORIENTED_EDGE('',*,*,#9217,.T.);
#9215=EDGE_CURVE('',#583,#455,#9218,.F.);
#9216=EDGE_CURVE('',#455,#457,#9219,.T.);
#9217=EDGE_CURVE('',#457,#583,#9220,.T.);
#9218=LINE('',#582,#9221);
#9219=LINE('',#454,#9222);
#9220=LINE('',#456,#9223);
#9221=VECTOR('',#9224,1.0);
#9222=VECTOR('',#9225,1.0);
#9223=VECTOR('',#9226,1.0);
#9224=DIRECTION('',(0.05166602157331196,-0.039645256593788834,0.9978771847499063));
#9225=DIRECTION('',(-0.7933494551558762,0.6087664921822442,0));
#9226=DIRECTION('',(0,0,-1));
#9227=FACE_SURFACE('',(#9232),#9228,.T.);
#9228=PLANE('',#9229);
#9229=AXIS2_PLACEMENT_3D('',#582,#9230,#9231);
#9230=DIRECTION('',(-0.3826815305267528,-0.9238803202762261,0));
#9231=DIRECTION('',(0,0,1));
#9232=FACE_BOUND('',#9233,.T.);
#9233=EDGE_LOOP('',(#9234,#9235,#9236));
#9234=ORIENTED_EDGE('',*,*,#9237,.T.);
#9235=ORIENTED_EDGE('',*,*,#9238,.T.);
#9236=ORIENTED_EDGE('',*,*,#9239,.T.);
#9237=EDGE_CURVE('',#583,#457,#9240,.F.);
#9238=EDGE_CURVE('',#457,#585,#9241,.T.);
#9239=EDGE_CURVE('',#585,#583,#9242,.T.);
#9240=LINE('',#582,#9243);
#9241=LINE('',#456,#9244);
#9242=LINE('',#584,#9245);
#9243=VECTOR('',#9246,1.0);
#9244=VECTOR('',#9247,1.0);
#9245=VECTOR('',#9248,1.0);
#9246=DIRECTION('',(0,0,1));
#9247=DIRECTION('',(-0.06016805549860737,0.024922279500597534,-0.9978770891658002));
#9248=DIRECTION('',(0.9238803202762261,-0.3826815305267528,0));
#9249=FACE_SURFACE('',(#9254),#9250,.T.);
#9250=PLANE('',#9251);
#9251=AXIS2_PLACEMENT_3D('',#584,#9252,#9253);
#9252=DIRECTION('',(-0.3826815305267528,-0.9238803202762261,0));
#9253=DIRECTION('',(0.06016805549860737,-0.024922279500597534,0.9978770891658002));
#9254=FACE_BOUND('',#9255,.T.);
#9255=EDGE_LOOP('',(#9256,#9257,#9258));
#9256=ORIENTED_EDGE('',*,*,#9259,.T.);
#9257=ORIENTED_EDGE('',*,*,#9260,.T.);
#9258=ORIENTED_EDGE('',*,*,#9261,.T.);
#9259=EDGE_CURVE('',#585,#457,#9262,.F.);
#9260=EDGE_CURVE('',#457,#459,#9263,.T.);
#9261=EDGE_CURVE('',#459,#585,#9264,.T.);
#9262=LINE('',#584,#9265);
#9263=LINE('',#456,#9266);
#9264=LINE('',#458,#9267);
#9265=VECTOR('',#9268,1.0);
#9266=VECTOR('',#9269,1.0);
#9267=VECTOR('',#9270,1.0);
#9268=DIRECTION('',(0.06016805549860737,-0.024922279500597534,0.9978770891658002));
#9269=DIRECTION('',(-0.9238803202762261,0.3826815305267528,0));
#9270=DIRECTION('',(0,0,-1));
#9271=FACE_SURFACE('',(#9276),#9272,.T.);
#9272=PLANE('',#9273);
#9273=AXIS2_PLACEMENT_3D('',#584,#9274,#9275);
#9274=DIRECTION('',(-0.13052293153778352,-0.99144529064532,0));
#9275=DIRECTION('',(0,0,1));
#9276=FACE_BOUND('',#9277,.T.);
#9277=EDGE_LOOP('',(#9278,#9279,#9280));
#9278=ORIENTED_EDGE('',*,*,#9281,.T.);
#9279=ORIENTED_EDGE('',*,*,#9282,.T.);
#9280=ORIENTED_EDGE('',*,*,#9283,.T.);
#9281=EDGE_CURVE('',#585,#459,#9284,.F.);
#9282=EDGE_CURVE('',#459,#559,#9285,.T.);
#9283=EDGE_CURVE('',#559,#585,#9286,.T.);
#9284=LINE('',#584,#9287);
#9285=LINE('',#458,#9288);
#9286=LINE('',#558,#9289);
#9287=VECTOR('',#9290,1.0);
#9288=VECTOR('',#9291,1.0);
#9289=VECTOR('',#9292,1.0);
#9290=DIRECTION('',(0,0,1));
#9291=DIRECTION('',(-0.06456658772609347,0.00850013650669104,-0.9978771985714356));
#9292=DIRECTION('',(0.99144529064532,-0.13052293153778352,0));
#9293=FACE_SURFACE('',(#9298),#9294,.T.);
#9294=PLANE('',#9295);
#9295=AXIS2_PLACEMENT_3D('',#558,#9296,#9297);
#9296=DIRECTION('',(-0.13052293153778352,-0.99144529064532,0));
#9297=DIRECTION('',(0.06456658772609347,-0.00850013650669104,0.9978771985714356));
#9298=FACE_BOUND('',#9299,.T.);
#9299=EDGE_LOOP('',(#9300,#9301,#9302));
#9300=ORIENTED_EDGE('',*,*,#9303,.T.);
#9301=ORIENTED_EDGE('',*,*,#9304,.T.);
#9302=ORIENTED_EDGE('',*,*,#9305,.T.);
#9303=EDGE_CURVE('',#559,#459,#9306,.F.);
#9304=EDGE_CURVE('',#459,#401,#9307,.T.);
#9305=EDGE_CURVE('',#401,#559,#9308,.T.);
#9306=LINE('',#558,#9309);
#9307=LINE('',#458,#9310);
#9308=LINE('',#400,#9311);
#9309=VECTOR('',#9312,1.0);
#9310=VECTOR('',#9313,1.0);
#9311=VECTOR('',#9314,1.0);
#9312=DIRECTION('',(0.06456658772609347,-0.00850013650669104,0.9978771985714356));
#9313=DIRECTION('',(-0.99144529064532,0.13052293153778352,0));
#9314=DIRECTION('',(0,0,-1));
#9315=FACE_SURFACE('',(#9320),#9316,.T.);
#9316=PLANE('',#9317);
#9317=AXIS2_PLACEMENT_3D('',#414,#9318,#9319);
#9318=DIRECTION('',(1,0,0));
#9319=DIRECTION('',(0,-1,0));
#9320=FACE_BOUND('',#9321,.T.);
#9321=EDGE_LOOP('',(#9322,#9323,#9324));
#9322=ORIENTED_EDGE('',*,*,#9325,.T.);
#9323=ORIENTED_EDGE('',*,*,#9326,.T.);
#9324=ORIENTED_EDGE('',*,*,#9327,.T.);
#9325=EDGE_CURVE('',#415,#419,#9328,.F.);
#9326=EDGE_CURVE('',#419,#573,#9329,.T.);
#9327=EDGE_CURVE('',#573,#415,#9330,.T.);
#9328=LINE('',#414,#9331);
#9329=LINE('',#418,#9332);
#9330=LINE('',#572,#9333);
#9331=VECTOR('',#9334,1.0);
#9332=VECTOR('',#9335,1.0);
#9333=VECTOR('',#9336,1.0);
#9334=DIRECTION('',(0,-1,0));
#9335=DIRECTION('',(0,0.9912279006826347,-0.13216372009101796));
#9336=DIRECTION('',(0,0,1));
#9337=FACE_SURFACE('',(#9342),#9338,.T.);
#9338=PLANE('',#9339);
#9339=AXIS2_PLACEMENT_3D('',#572,#9340,#9341);
#9340=DIRECTION('',(1,0,0));
#9341=DIRECTION('',(0,-0.9912279006826347,0.13216372009101796));
#9342=FACE_BOUND('',#9343,.T.);
#9343=EDGE_LOOP('',(#9344,#9345,#9346));
#9344=ORIENTED_EDGE('',*,*,#9347,.T.);
#9345=ORIENTED_EDGE('',*,*,#9348,.T.);
#9346=ORIENTED_EDGE('',*,*,#9349,.T.);
#9347=EDGE_CURVE('',#573,#419,#9350,.F.);
#9348=EDGE_CURVE('',#419,#587,#9351,.T.);
#9349=EDGE_CURVE('',#587,#573,#9352,.T.);
#9350=LINE('',#572,#9353);
#9351=LINE('',#418,#9354);
#9352=LINE('',#586,#9355);
#9353=VECTOR('',#9356,1.0);
#9354=VECTOR('',#9357,1.0);
#9355=VECTOR('',#9358,1.0);
#9356=DIRECTION('',(0,-0.9912279006826347,0.13216372009101796));
#9357=DIRECTION('',(0,0,-1));
#9358=DIRECTION('',(0,1,0));
#9359=FACE_SURFACE('',(#9364),#9360,.T.);
#9360=PLANE('',#9361);
#9361=AXIS2_PLACEMENT_3D('',#500,#9362,#9363);
#9362=DIRECTION('',(-1,0,0));
#9363=DIRECTION('',(0,1,0));
#9364=FACE_BOUND('',#9365,.T.);
#9365=EDGE_LOOP('',(#9366,#9367,#9368));
#9366=ORIENTED_EDGE('',*,*,#9369,.T.);
#9367=ORIENTED_EDGE('',*,*,#9370,.T.);
#9368=ORIENTED_EDGE('',*,*,#9371,.T.);
#9369=EDGE_CURVE('',#501,#503,#9372,.F.);
#9370=EDGE_CURVE('',#503,#589,#9373,.T.);
#9371=EDGE_CURVE('',#589,#501,#9374,.T.);
#9372=LINE('',#500,#9375);
#9373=LINE('',#502,#9376);
#9374=LINE('',#588,#9377);
#9375=VECTOR('',#9378,1.0);
#9376=VECTOR('',#9379,1.0);
#9377=VECTOR('',#9380,1.0);
#9378=DIRECTION('',(0,1,0));
#9379=DIRECTION('',(0,-0.9912279006826347,-0.13216372009101796));
#9380=DIRECTION('',(0,0,1));
#9381=FACE_SURFACE('',(#9386),#9382,.T.);
#9382=PLANE('',#9383);
#9383=AXIS2_PLACEMENT_3D('',#588,#9384,#9385);
#9384=DIRECTION('',(-1,0,0));
#9385=DIRECTION('',(0,0.9912279006826347,0.13216372009101796));
#9386=FACE_BOUND('',#9387,.T.);
#9387=EDGE_LOOP('',(#9388,#9389,#9390));
#9388=ORIENTED_EDGE('',*,*,#9391,.T.);
#9389=ORIENTED_EDGE('',*,*,#9392,.T.);
#9390=ORIENTED_EDGE('',*,*,#9393,.T.);
#9391=EDGE_CURVE('',#589,#503,#9394,.F.);
#9392=EDGE_CURVE('',#503,#545,#9395,.T.);
#9393=EDGE_CURVE('',#545,#589,#9396,.T.);
#9394=LINE('',#588,#9397);
#9395=LINE('',#502,#9398);
#9396=LINE('',#544,#9399);
#9397=VECTOR('',#9400,1.0);
#9398=VECTOR('',#9401,1.0);
#9399=VECTOR('',#9402,1.0);
#9400=DIRECTION('',(0,0.9912279006826347,0.13216372009101796));
#9401=DIRECTION('',(0,0,-1));
#9402=DIRECTION('',(0,-1,0));
#9403=FACE_SURFACE('',(#9408),#9404,.T.);
#9404=PLANE('',#9405);
#9405=AXIS2_PLACEMENT_3D('',#446,#9406,#9407);
#9406=DIRECTION('',(-1,0,0));
#9407=DIRECTION('',(0,1,0));
#9408=FACE_BOUND('',#9409,.T.);
#9409=EDGE_LOOP('',(#9410,#9411,#9412));
#9410=ORIENTED_EDGE('',*,*,#9413,.T.);
#9411=ORIENTED_EDGE('',*,*,#9414,.T.);
#9412=ORIENTED_EDGE('',*,*,#9415,.T.);
#9413=EDGE_CURVE('',#447,#449,#9416,.F.);
#9414=EDGE_CURVE('',#449,#591,#9417,.T.);
#9415=EDGE_CURVE('',#591,#447,#9418,.T.);
#9416=LINE('',#446,#9419);
#9417=LINE('',#448,#9420);
#9418=LINE('',#590,#9421);
#9419=VECTOR('',#9422,1.0);
#9420=VECTOR('',#9423,1.0);
#9421=VECTOR('',#9424,1.0);
#9422=DIRECTION('',(0,1,0));
#9423=DIRECTION('',(0,-0.9912279006826347,-0.13216372009101796));
#9424=DIRECTION('',(0,0,1));
#9425=FACE_SURFACE('',(#9430),#9426,.T.);
#9426=PLANE('',#9427);
#9427=AXIS2_PLACEMENT_3D('',#590,#9428,#9429);
#9428=DIRECTION('',(-1,0,0));
#9429=DIRECTION('',(0,0.9912279006826347,0.13216372009101796));
#9430=FACE_BOUND('',#9431,.T.);
#9431=EDGE_LOOP('',(#9432,#9433,#9434));
#9432=ORIENTED_EDGE('',*,*,#9435,.T.);
#9433=ORIENTED_EDGE('',*,*,#9436,.T.);
#9434=ORIENTED_EDGE('',*,*,#9437,.T.);
#9435=EDGE_CURVE('',#591,#449,#9438,.F.);
#9436=EDGE_CURVE('',#449,#575,#9439,.T.);
#9437=EDGE_CURVE('',#575,#591,#9440,.T.);
#9438=LINE('',#590,#9441);
#9439=LINE('',#448,#9442);
#9440=LINE('',#574,#9443);
#9441=VECTOR('',#9444,1.0);
#9442=VECTOR('',#9445,1.0);
#9443=VECTOR('',#9446,1.0);
#9444=DIRECTION('',(0,0.9912279006826347,0.13216372009101796));
#9445=DIRECTION('',(0,0,-1));
#9446=DIRECTION('',(0,-1,0));
#9447=FACE_SURFACE('',(#9452),#9448,.T.);
#9448=PLANE('',#9449);
#9449=AXIS2_PLACEMENT_3D('',#556,#9450,#9451);
#9450=DIRECTION('',(0.9914455045825402,0.13052130647167157,-0));
#9451=DIRECTION('',(0,0,1));
#9452=FACE_BOUND('',#9453,.T.);
#9453=EDGE_LOOP('',(#9454,#9455,#9456));
#9454=ORIENTED_EDGE('',*,*,#9457,.T.);
#9455=ORIENTED_EDGE('',*,*,#9458,.T.);
#9456=ORIENTED_EDGE('',*,*,#9459,.T.);
#9457=EDGE_CURVE('',#557,#471,#9460,.F.);
#9458=EDGE_CURVE('',#471,#593,#9461,.T.);
#9459=EDGE_CURVE('',#593,#557,#9462,.T.);
#9460=LINE('',#556,#9463);
#9461=LINE('',#470,#9464);
#9462=LINE('',#592,#9465);
#9463=VECTOR('',#9466,1.0);
#9464=VECTOR('',#9467,1.0);
#9465=VECTOR('',#9468,1.0);
#9466=DIRECTION('',(0,0,1));
#9467=DIRECTION('',(0.008500136057846079,-0.06456740214074201,-0.9978771458790875));
#9468=DIRECTION('',(-0.13052130647167157,0.9914455045825402,0));
#9469=FACE_SURFACE('',(#9474),#9470,.T.);
#9470=PLANE('',#9471);
#9471=AXIS2_PLACEMENT_3D('',#592,#9472,#9473);
#9472=DIRECTION('',(0.9914455045825402,0.13052130647167157,-0));
#9473=DIRECTION('',(-0.008500136057846079,0.06456740214074201,0.9978771458790875));
#9474=FACE_BOUND('',#9475,.T.);
#9475=EDGE_LOOP('',(#9476,#9477,#9478));
#9476=ORIENTED_EDGE('',*,*,#9479,.T.);
#9477=ORIENTED_EDGE('',*,*,#9480,.T.);
#9478=ORIENTED_EDGE('',*,*,#9481,.T.);
#9479=EDGE_CURVE('',#593,#471,#9482,.F.);
#9480=EDGE_CURVE('',#471,#475,#9483,.T.);
#9481=EDGE_CURVE('',#475,#593,#9484,.T.);
#9482=LINE('',#592,#9485);
#9483=LINE('',#470,#9486);
#9484=LINE('',#474,#9487);
#9485=VECTOR('',#9488,1.0);
#9486=VECTOR('',#9489,1.0);
#9487=VECTOR('',#9490,1.0);
#9488=DIRECTION('',(-0.008500136057846079,0.06456740214074201,0.9978771458790875));
#9489=DIRECTION('',(0.13052130647167157,-0.9914455045825402,0));
#9490=DIRECTION('',(0,0,-1));
#9491=FACE_SURFACE('',(#9496),#9492,.T.);
#9492=PLANE('',#9493);
#9493=AXIS2_PLACEMENT_3D('',#592,#9494,#9495);
#9494=DIRECTION('',(0.9238810309891089,0.3826798146995753,-0));
#9495=DIRECTION('',(0,0,1));
#9496=FACE_BOUND('',#9497,.T.);
#9497=EDGE_LOOP('',(#9498,#9499,#9500));
#9498=ORIENTED_EDGE('',*,*,#9501,.T.);
#9499=ORIENTED_EDGE('',*,*,#9502,.T.);
#9500=ORIENTED_EDGE('',*,*,#9503,.T.);
#9501=EDGE_CURVE('',#593,#475,#9504,.F.);
#9502=EDGE_CURVE('',#475,#595,#9505,.T.);
#9503=EDGE_CURVE('',#595,#593,#9506,.T.);
#9504=LINE('',#592,#9507);
#9505=LINE('',#474,#9508);
#9506=LINE('',#594,#9509);
#9507=VECTOR('',#9510,1.0);
#9508=VECTOR('',#9511,1.0);
#9509=VECTOR('',#9512,1.0);
#9510=DIRECTION('',(0,0,1));
#9511=DIRECTION('',(0.024921805219870505,-0.06016722653302067,-0.9978771509940024));
#9512=DIRECTION('',(-0.3826798146995753,0.9238810309891089,0));
#9513=FACE_SURFACE('',(#9518),#9514,.T.);
#9514=PLANE('',#9515);
#9515=AXIS2_PLACEMENT_3D('',#594,#9516,#9517);
#9516=DIRECTION('',(0.9238810309891089,0.3826798146995753,-0));
#9517=DIRECTION('',(-0.024921805219870505,0.06016722653302067,0.9978771509940024));
#9518=FACE_BOUND('',#9519,.T.);
#9519=EDGE_LOOP('',(#9520,#9521,#9522));
#9520=ORIENTED_EDGE('',*,*,#9523,.T.);
#9521=ORIENTED_EDGE('',*,*,#9524,.T.);
#9522=ORIENTED_EDGE('',*,*,#9525,.T.);
#9523=EDGE_CURVE('',#595,#475,#9526,.F.);
#9524=EDGE_CURVE('',#475,#477,#9527,.T.);
#9525=EDGE_CURVE('',#477,#595,#9528,.T.);
#9526=LINE('',#594,#9529);
#9527=LINE('',#474,#9530);
#9528=LINE('',#476,#9531);
#9529=VECTOR('',#9532,1.0);
#9530=VECTOR('',#9533,1.0);
#9531=VECTOR('',#9534,1.0);
#9532=DIRECTION('',(-0.024921805219870505,0.06016722653302067,0.9978771509940024));
#9533=DIRECTION('',(0.3826798146995753,-0.9238810309891089,0));
#9534=DIRECTION('',(0,0,-1));
#9535=FACE_SURFACE('',(#9540),#9536,.T.);
#9536=PLANE('',#9537);
#9537=AXIS2_PLACEMENT_3D('',#594,#9538,#9539);
#9538=DIRECTION('',(0.7933502841662512,0.6087654118076424,-0));
#9539=DIRECTION('',(0,0,1));
#9540=FACE_BOUND('',#9541,.T.);
#9541=EDGE_LOOP('',(#9542,#9543,#9544));
#9542=ORIENTED_EDGE('',*,*,#9545,.T.);
#9543=ORIENTED_EDGE('',*,*,#9546,.T.);
#9544=ORIENTED_EDGE('',*,*,#9547,.T.);
#9545=EDGE_CURVE('',#595,#477,#9548,.F.);
#9546=EDGE_CURVE('',#477,#597,#9549,.T.);
#9547=EDGE_CURVE('',#597,#595,#9550,.T.);
#9548=LINE('',#594,#9551);
#9549=LINE('',#476,#9552);
#9550=LINE('',#596,#9553);
#9551=VECTOR('',#9554,1.0);
#9552=VECTOR('',#9555,1.0);
#9553=VECTOR('',#9556,1.0);
#9554=DIRECTION('',(0,0,1));
#9555=DIRECTION('',(0.03964573010223166,-0.051666784335182445,-0.9978771264444951));
#9556=DIRECTION('',(-0.6087654118076424,0.7933502841662512,0));
#9557=FACE_SURFACE('',(#9562),#9558,.T.);
#9558=PLANE('',#9559);
#9559=AXIS2_PLACEMENT_3D('',#596,#9560,#9561);
#9560=DIRECTION('',(0.7933502841662512,0.6087654118076424,-0));
#9561=DIRECTION('',(-0.03964573010223166,0.051666784335182445,0.9978771264444951));
#9562=FACE_BOUND('',#9563,.T.);
#9563=EDGE_LOOP('',(#9564,#9565,#9566));
#9564=ORIENTED_EDGE('',*,*,#9567,.T.);
#9565=ORIENTED_EDGE('',*,*,#9568,.T.);
#9566=ORIENTED_EDGE('',*,*,#9569,.T.);
#9567=EDGE_CURVE('',#597,#477,#9570,.F.);
#9568=EDGE_CURVE('',#477,#479,#9571,.T.);
#9569=EDGE_CURVE('',#479,#597,#9572,.T.);
#9570=LINE('',#596,#9573);
#9571=LINE('',#476,#9574);
#9572=LINE('',#478,#9575);
#9573=VECTOR('',#9576,1.0);
#9574=VECTOR('',#9577,1.0);
#9575=VECTOR('',#9578,1.0);
#9576=DIRECTION('',(-0.03964573010223166,0.051666784335182445,0.9978771264444951));
#9577=DIRECTION('',(0.6087654118076424,-0.7933502841662512,0));
#9578=DIRECTION('',(0,0,-1));
#9579=FACE_SURFACE('',(#9584),#9580,.T.);
#9580=PLANE('',#9581);
#9581=AXIS2_PLACEMENT_3D('',#596,#9582,#9583);
#9582=DIRECTION('',(0.608760045489125,0.7933544019012427,-0));
#9583=DIRECTION('',(0,0,1));
#9584=FACE_BOUND('',#9585,.T.);
#9585=EDGE_LOOP('',(#9586,#9587,#9588));
#9586=ORIENTED_EDGE('',*,*,#9589,.T.);
#9587=ORIENTED_EDGE('',*,*,#9590,.T.);
#9588=ORIENTED_EDGE('',*,*,#9591,.T.);
#9589=EDGE_CURVE('',#597,#479,#9592,.F.);
#9590=EDGE_CURVE('',#479,#599,#9593,.T.);
#9591=EDGE_CURVE('',#599,#597,#9594,.T.);
#9592=LINE('',#596,#9595);
#9593=LINE('',#478,#9596);
#9594=LINE('',#598,#9597);
#9595=VECTOR('',#9598,1.0);
#9596=VECTOR('',#9599,1.0);
#9597=VECTOR('',#9600,1.0);
#9598=DIRECTION('',(0,0,1));
#9599=DIRECTION('',(0.05166697055332443,-0.03964531774066128,-0.9978771331857864));
#9600=DIRECTION('',(-0.7933544019012427,0.608760045489125,0));
#9601=FACE_SURFACE('',(#9606),#9602,.T.);
#9602=PLANE('',#9603);
#9603=AXIS2_PLACEMENT_3D('',#598,#9604,#9605);
#9604=DIRECTION('',(0.608760045489125,0.7933544019012427,-0));
#9605=DIRECTION('',(-0.05166697055332443,0.03964531774066128,0.9978771331857864));
#9606=FACE_BOUND('',#9607,.T.);
#9607=EDGE_LOOP('',(#9608,#9609,#9610));
#9608=ORIENTED_EDGE('',*,*,#9611,.T.);
#9609=ORIENTED_EDGE('',*,*,#9612,.T.);
#9610=ORIENTED_EDGE('',*,*,#9613,.T.);
#9611=EDGE_CURVE('',#599,#479,#9614,.F.);
#9612=EDGE_CURVE('',#479,#481,#9615,.T.);
#9613=EDGE_CURVE('',#481,#599,#9616,.T.);
#9614=LINE('',#598,#9617);
#9615=LINE('',#478,#9618);
#9616=LINE('',#480,#9619);
#9617=VECTOR('',#9620,1.0);
#9618=VECTOR('',#9621,1.0);
#9619=VECTOR('',#9622,1.0);
#9620=DIRECTION('',(-0.05166697055332443,0.03964531774066128,0.9978771331857864));
#9621=DIRECTION('',(0.7933544019012427,-0.608760045489125,0));
#9622=DIRECTION('',(0,0,-1));
#9623=FACE_SURFACE('',(#9628),#9624,.T.);
#9624=PLANE('',#9625);
#9625=AXIS2_PLACEMENT_3D('',#598,#9626,#9627);
#9626=DIRECTION('',(0.3826841633648344,0.9238792297209396,-0));
#9627=DIRECTION('',(0,0,1));
#9628=FACE_BOUND('',#9629,.T.);
#9629=EDGE_LOOP('',(#9630,#9631,#9632));
#9630=ORIENTED_EDGE('',*,*,#9633,.T.);
#9631=ORIENTED_EDGE('',*,*,#9634,.T.);
#9632=ORIENTED_EDGE('',*,*,#9635,.T.);
#9633=EDGE_CURVE('',#599,#481,#9636,.F.);
#9634=EDGE_CURVE('',#481,#601,#9637,.T.);
#9635=EDGE_CURVE('',#601,#599,#9638,.T.);
#9636=LINE('',#598,#9639);
#9637=LINE('',#480,#9640);
#9638=LINE('',#600,#9641);
#9639=VECTOR('',#9642,1.0);
#9640=VECTOR('',#9643,1.0);
#9641=VECTOR('',#9644,1.0);
#9642=DIRECTION('',(0,0,1));
#9643=DIRECTION('',(0.06016710758379097,-0.024922087743805863,-0.9978771511100405));
#9644=DIRECTION('',(-0.9238792297209396,0.3826841633648344,0));
#9645=FACE_SURFACE('',(#9650),#9646,.T.);
#9646=PLANE('',#9647);
#9647=AXIS2_PLACEMENT_3D('',#600,#9648,#9649);
#9648=DIRECTION('',(0.3826841633648344,0.9238792297209396,-0));
#9649=DIRECTION('',(-0.06016710758379097,0.024922087743805863,0.9978771511100405));
#9650=FACE_BOUND('',#9651,.T.);
#9651=EDGE_LOOP('',(#9652,#9653,#9654));
#9652=ORIENTED_EDGE('',*,*,#9655,.T.);
#9653=ORIENTED_EDGE('',*,*,#9656,.T.);
#9654=ORIENTED_EDGE('',*,*,#9657,.T.);
#9655=EDGE_CURVE('',#601,#481,#9658,.F.);
#9656=EDGE_CURVE('',#481,#483,#9659,.T.);
#9657=EDGE_CURVE('',#483,#601,#9660,.T.);
#9658=LINE('',#600,#9661);
#9659=LINE('',#480,#9662);
#9660=LINE('',#482,#9663);
#9661=VECTOR('',#9664,1.0);
#9662=VECTOR('',#9665,1.0);
#9663=VECTOR('',#9666,1.0);
#9664=DIRECTION('',(-0.06016710758379097,0.024922087743805863,0.9978771511100405));
#9665=DIRECTION('',(0.9238792297209396,-0.3826841633648344,0));
#9666=DIRECTION('',(0,0,-1));
#9667=FACE_SURFACE('',(#9672),#9668,.T.);
#9668=PLANE('',#9669);
#9669=AXIS2_PLACEMENT_3D('',#600,#9670,#9671);
#9670=DIRECTION('',(0.1305259220006158,0.9914448969488365,-0));
#9671=DIRECTION('',(0,0,1));
#9672=FACE_BOUND('',#9673,.T.);
#9673=EDGE_LOOP('',(#9674,#9675,#9676));
#9674=ORIENTED_EDGE('',*,*,#9677,.T.);
#9675=ORIENTED_EDGE('',*,*,#9678,.T.);
#9676=ORIENTED_EDGE('',*,*,#9679,.T.);
#9677=EDGE_CURVE('',#601,#483,#9680,.F.);
#9678=EDGE_CURVE('',#483,#603,#9681,.T.);
#9679=EDGE_CURVE('',#603,#601,#9682,.T.);
#9680=LINE('',#600,#9683);
#9681=LINE('',#482,#9684);
#9682=LINE('',#602,#9685);
#9683=VECTOR('',#9686,1.0);
#9684=VECTOR('',#9687,1.0);
#9685=VECTOR('',#9688,1.0);
#9686=DIRECTION('',(0,0,1));
#9687=DIRECTION('',(0.06456753523107868,-0.008500459373264293,-0.9978771345133762));
#9688=DIRECTION('',(-0.9914448969488365,0.1305259220006158,0));
#9689=FACE_SURFACE('',(#9694),#9690,.T.);
#9690=PLANE('',#9691);
#9691=AXIS2_PLACEMENT_3D('',#602,#9692,#9693);
#9692=DIRECTION('',(0.1305259220006158,0.9914448969488365,-0));
#9693=DIRECTION('',(-0.06456753523107868,0.008500459373264293,0.9978771345133762));
#9694=FACE_BOUND('',#9695,.T.);
#9695=EDGE_LOOP('',(#9696,#9697,#9698));
#9696=ORIENTED_EDGE('',*,*,#9699,.T.);
#9697=ORIENTED_EDGE('',*,*,#9700,.T.);
#9698=ORIENTED_EDGE('',*,*,#9701,.T.);
#9699=EDGE_CURVE('',#603,#483,#9702,.F.);
#9700=EDGE_CURVE('',#483,#485,#9703,.T.);
#9701=EDGE_CURVE('',#485,#603,#9704,.T.);
#9702=LINE('',#602,#9705);
#9703=LINE('',#482,#9706);
#9704=LINE('',#484,#9707);
#9705=VECTOR('',#9708,1.0);
#9706=VECTOR('',#9709,1.0);
#9707=VECTOR('',#9710,1.0);
#9708=DIRECTION('',(-0.06456753523107868,0.008500459373264293,0.9978771345133762));
#9709=DIRECTION('',(0.9914448969488365,-0.1305259220006158,0));
#9710=DIRECTION('',(0,0,-1));
#9711=FACE_SURFACE('',(#9716),#9712,.T.);
#9712=PLANE('',#9713);
#9713=AXIS2_PLACEMENT_3D('',#586,#9714,#9715);
#9714=DIRECTION('',(0.9914455045825402,0.13052130647167157,-0));
#9715=DIRECTION('',(0,0,1));
#9716=FACE_BOUND('',#9717,.T.);
#9717=EDGE_LOOP('',(#9718,#9719,#9720));
#9718=ORIENTED_EDGE('',*,*,#9721,.T.);
#9719=ORIENTED_EDGE('',*,*,#9722,.T.);
#9720=ORIENTED_EDGE('',*,*,#9723,.T.);
#9721=EDGE_CURVE('',#587,#419,#9724,.F.);
#9722=EDGE_CURVE('',#419,#605,#9725,.T.);
#9723=EDGE_CURVE('',#605,#587,#9726,.T.);
#9724=LINE('',#586,#9727);
#9725=LINE('',#418,#9728);
#9726=LINE('',#604,#9729);
#9727=VECTOR('',#9730,1.0);
#9728=VECTOR('',#9731,1.0);
#9729=VECTOR('',#9732,1.0);
#9730=DIRECTION('',(0,0,1));
#9731=DIRECTION('',(0.008500136057846079,-0.06456740214074201,-0.9978771458790875));
#9732=DIRECTION('',(-0.13052130647167157,0.9914455045825402,0));
#9733=FACE_SURFACE('',(#9738),#9734,.T.);
#9734=PLANE('',#9735);
#9735=AXIS2_PLACEMENT_3D('',#604,#9736,#9737);
#9736=DIRECTION('',(0.9914455045825402,0.13052130647167157,-0));
#9737=DIRECTION('',(-0.008500136057846079,0.06456740214074201,0.9978771458790875));
#9738=FACE_BOUND('',#9739,.T.);
#9739=EDGE_LOOP('',(#9740,#9741,#9742));
#9740=ORIENTED_EDGE('',*,*,#9743,.T.);
#9741=ORIENTED_EDGE('',*,*,#9744,.T.);
#9742=ORIENTED_EDGE('',*,*,#9745,.T.);
#9743=EDGE_CURVE('',#605,#419,#9746,.F.);
#9744=EDGE_CURVE('',#419,#421,#9747,.T.);
#9745=EDGE_CURVE('',#421,#605,#9748,.T.);
#9746=LINE('',#604,#9749);
#9747=LINE('',#418,#9750);
#9748=LINE('',#420,#9751);
#9749=VECTOR('',#9752,1.0);
#9750=VECTOR('',#9753,1.0);
#9751=VECTOR('',#9754,1.0);
#9752=DIRECTION('',(-0.008500136057846079,0.06456740214074201,0.9978771458790875));
#9753=DIRECTION('',(0.13052130647167157,-0.9914455045825402,0));
#9754=DIRECTION('',(0,0,-1));
#9755=FACE_SURFACE('',(#9760),#9756,.T.);
#9756=PLANE('',#9757);
#9757=AXIS2_PLACEMENT_3D('',#604,#9758,#9759);
#9758=DIRECTION('',(0.9238810309891089,0.3826798146995753,-0));
#9759=DIRECTION('',(0,0,1));
#9760=FACE_BOUND('',#9761,.T.);
#9761=EDGE_LOOP('',(#9762,#9763,#9764));
#9762=ORIENTED_EDGE('',*,*,#9765,.T.);
#9763=ORIENTED_EDGE('',*,*,#9766,.T.);
#9764=ORIENTED_EDGE('',*,*,#9767,.T.);
#9765=EDGE_CURVE('',#605,#421,#9768,.F.);
#9766=EDGE_CURVE('',#421,#607,#9769,.T.);
#9767=EDGE_CURVE('',#607,#605,#9770,.T.);
#9768=LINE('',#604,#9771);
#9769=LINE('',#420,#9772);
#9770=LINE('',#606,#9773);
#9771=VECTOR('',#9774,1.0);
#9772=VECTOR('',#9775,1.0);
#9773=VECTOR('',#9776,1.0);
#9774=DIRECTION('',(0,0,1));
#9775=DIRECTION('',(0.024921805219870505,-0.06016722653302067,-0.9978771509940024));
#9776=DIRECTION('',(-0.3826798146995753,0.9238810309891089,0));
#9777=FACE_SURFACE('',(#9782),#9778,.T.);
#9778=PLANE('',#9779);
#9779=AXIS2_PLACEMENT_3D('',#606,#9780,#9781);
#9780=DIRECTION('',(0.9238810309891089,0.3826798146995753,-0));
#9781=DIRECTION('',(-0.024921805219870505,0.06016722653302067,0.9978771509940024));
#9782=FACE_BOUND('',#9783,.T.);
#9783=EDGE_LOOP('',(#9784,#9785,#9786));
#9784=ORIENTED_EDGE('',*,*,#9787,.T.);
#9785=ORIENTED_EDGE('',*,*,#9788,.T.);
#9786=ORIENTED_EDGE('',*,*,#9789,.T.);
#9787=EDGE_CURVE('',#607,#421,#9790,.F.);
#9788=EDGE_CURVE('',#421,#423,#9791,.T.);
#9789=EDGE_CURVE('',#423,#607,#9792,.T.);
#9790=LINE('',#606,#9793);
#9791=LINE('',#420,#9794);
#9792=LINE('',#422,#9795);
#9793=VECTOR('',#9796,1.0);
#9794=VECTOR('',#9797,1.0);
#9795=VECTOR('',#9798,1.0);
#9796=DIRECTION('',(-0.024921805219870505,0.06016722653302067,0.9978771509940024));
#9797=DIRECTION('',(0.3826798146995753,-0.9238810309891089,0));
#9798=DIRECTION('',(0,0,-1));
#9799=FACE_SURFACE('',(#9804),#9800,.T.);
#9800=PLANE('',#9801);
#9801=AXIS2_PLACEMENT_3D('',#606,#9802,#9803);
#9802=DIRECTION('',(0.7933502841662512,0.6087654118076424,-0));
#9803=DIRECTION('',(0,0,1));
#9804=FACE_BOUND('',#9805,.T.);
#9805=EDGE_LOOP('',(#9806,#9807,#9808));
#9806=ORIENTED_EDGE('',*,*,#9809,.T.);
#9807=ORIENTED_EDGE('',*,*,#9810,.T.);
#9808=ORIENTED_EDGE('',*,*,#9811,.T.);
#9809=EDGE_CURVE('',#607,#423,#9812,.F.);
#9810=EDGE_CURVE('',#423,#609,#9813,.T.);
#9811=EDGE_CURVE('',#609,#607,#9814,.T.);
#9812=LINE('',#606,#9815);
#9813=LINE('',#422,#9816);
#9814=LINE('',#608,#9817);
#9815=VECTOR('',#9818,1.0);
#9816=VECTOR('',#9819,1.0);
#9817=VECTOR('',#9820,1.0);
#9818=DIRECTION('',(0,0,1));
#9819=DIRECTION('',(0.03964573010223166,-0.051666784335182445,-0.9978771264444951));
#9820=DIRECTION('',(-0.6087654118076424,0.7933502841662512,0));
#9821=FACE_SURFACE('',(#9826),#9822,.T.);
#9822=PLANE('',#9823);
#9823=AXIS2_PLACEMENT_3D('',#608,#9824,#9825);
#9824=DIRECTION('',(0.7933502841662512,0.6087654118076424,-0));
#9825=DIRECTION('',(-0.03964573010223166,0.051666784335182445,0.9978771264444951));
#9826=FACE_BOUND('',#9827,.T.);
#9827=EDGE_LOOP('',(#9828,#9829,#9830));
#9828=ORIENTED_EDGE('',*,*,#9831,.T.);
#9829=ORIENTED_EDGE('',*,*,#9832,.T.);
#9830=ORIENTED_EDGE('',*,*,#9833,.T.);
#9831=EDGE_CURVE('',#609,#423,#9834,.F.);
#9832=EDGE_CURVE('',#423,#425,#9835,.T.);
#9833=EDGE_CURVE('',#425,#609,#9836,.T.);
#9834=LINE('',#608,#9837);
#9835=LINE('',#422,#9838);
#9836=LINE('',#424,#9839);
#9837=VECTOR('',#9840,1.0);
#9838=VECTOR('',#9841,1.0);
#9839=VECTOR('',#9842,1.0);
#9840=DIRECTION('',(-0.03964573010223166,0.051666784335182445,0.9978771264444951));
#9841=DIRECTION('',(0.6087654118076424,-0.7933502841662512,0));
#9842=DIRECTION('',(0,0,-1));
#9843=FACE_SURFACE('',(#9848),#9844,.T.);
#9844=PLANE('',#9845);
#9845=AXIS2_PLACEMENT_3D('',#608,#9846,#9847);
#9846=DIRECTION('',(0.608760045489125,0.7933544019012427,-0));
#9847=DIRECTION('',(0,0,1));
#9848=FACE_BOUND('',#9849,.T.);
#9849=EDGE_LOOP('',(#9850,#9851,#9852));
#9850=ORIENTED_EDGE('',*,*,#9853,.T.);
#9851=ORIENTED_EDGE('',*,*,#9854,.T.);
#9852=ORIENTED_EDGE('',*,*,#9855,.T.);
#9853=EDGE_CURVE('',#609,#425,#9856,.F.);
#9854=EDGE_CURVE('',#425,#611,#9857,.T.);
#9855=EDGE_CURVE('',#611,#609,#9858,.T.);
#9856=LINE('',#608,#9859);
#9857=LINE('',#424,#9860);
#9858=LINE('',#610,#9861);
#9859=VECTOR('',#9862,1.0);
#9860=VECTOR('',#9863,1.0);
#9861=VECTOR('',#9864,1.0);
#9862=DIRECTION('',(0,0,1));
#9863=DIRECTION('',(0.05166697055332443,-0.03964531774066128,-0.9978771331857864));
#9864=DIRECTION('',(-0.7933544019012427,0.608760045489125,0));
#9865=FACE_SURFACE('',(#9870),#9866,.T.);
#9866=PLANE('',#9867);
#9867=AXIS2_PLACEMENT_3D('',#610,#9868,#9869);
#9868=DIRECTION('',(0.608760045489125,0.7933544019012427,-0));
#9869=DIRECTION('',(-0.05166697055332443,0.03964531774066128,0.9978771331857864));
#9870=FACE_BOUND('',#9871,.T.);
#9871=EDGE_LOOP('',(#9872,#9873,#9874));
#9872=ORIENTED_EDGE('',*,*,#9875,.T.);
#9873=ORIENTED_EDGE('',*,*,#9876,.T.);
#9874=ORIENTED_EDGE('',*,*,#9877,.T.);
#9875=EDGE_CURVE('',#611,#425,#9878,.F.);
#9876=EDGE_CURVE('',#425,#427,#9879,.T.);
#9877=EDGE_CURVE('',#427,#611,#9880,.T.);
#9878=LINE('',#610,#9881);
#9879=LINE('',#424,#9882);
#9880=LINE('',#426,#9883);
#9881=VECTOR('',#9884,1.0);
#9882=VECTOR('',#9885,1.0);
#9883=VECTOR('',#9886,1.0);
#9884=DIRECTION('',(-0.05166697055332443,0.03964531774066128,0.9978771331857864));
#9885=DIRECTION('',(0.7933544019012427,-0.608760045489125,0));
#9886=DIRECTION('',(0,0,-1));
#9887=FACE_SURFACE('',(#9892),#9888,.T.);
#9888=PLANE('',#9889);
#9889=AXIS2_PLACEMENT_3D('',#610,#9890,#9891);
#9890=DIRECTION('',(0.3826841633648344,0.9238792297209396,-0));
#9891=DIRECTION('',(0,0,1));
#9892=FACE_BOUND('',#9893,.T.);
#9893=EDGE_LOOP('',(#9894,#9895,#9896));
#9894=ORIENTED_EDGE('',*,*,#9897,.T.);
#9895=ORIENTED_EDGE('',*,*,#9898,.T.);
#9896=ORIENTED_EDGE('',*,*,#9899,.T.);
#9897=EDGE_CURVE('',#611,#427,#9900,.F.);
#9898=EDGE_CURVE('',#427,#613,#9901,.T.);
#9899=EDGE_CURVE('',#613,#611,#9902,.T.);
#9900=LINE('',#610,#9903);
#9901=LINE('',#426,#9904);
#9902=LINE('',#612,#9905);
#9903=VECTOR('',#9906,1.0);
#9904=VECTOR('',#9907,1.0);
#9905=VECTOR('',#9908,1.0);
#9906=DIRECTION('',(0,0,1));
#9907=DIRECTION('',(0.06016710758379097,-0.024922087743805863,-0.9978771511100405));
#9908=DIRECTION('',(-0.9238792297209396,0.3826841633648344,0));
#9909=FACE_SURFACE('',(#9914),#9910,.T.);
#9910=PLANE('',#9911);
#9911=AXIS2_PLACEMENT_3D('',#612,#9912,#9913);
#9912=DIRECTION('',(0.3826841633648344,0.9238792297209396,-0));
#9913=DIRECTION('',(-0.06016710758379097,0.024922087743805863,0.9978771511100405));
#9914=FACE_BOUND('',#9915,.T.);
#9915=EDGE_LOOP('',(#9916,#9917,#9918));
#9916=ORIENTED_EDGE('',*,*,#9919,.T.);
#9917=ORIENTED_EDGE('',*,*,#9920,.T.);
#9918=ORIENTED_EDGE('',*,*,#9921,.T.);
#9919=EDGE_CURVE('',#613,#427,#9922,.F.);
#9920=EDGE_CURVE('',#427,#429,#9923,.T.);
#9921=EDGE_CURVE('',#429,#613,#9924,.T.);
#9922=LINE('',#612,#9925);
#9923=LINE('',#426,#9926);
#9924=LINE('',#428,#9927);
#9925=VECTOR('',#9928,1.0);
#9926=VECTOR('',#9929,1.0);
#9927=VECTOR('',#9930,1.0);
#9928=DIRECTION('',(-0.06016710758379097,0.024922087743805863,0.9978771511100405));
#9929=DIRECTION('',(0.9238792297209396,-0.3826841633648344,0));
#9930=DIRECTION('',(0,0,-1));
#9931=FACE_SURFACE('',(#9936),#9932,.T.);
#9932=PLANE('',#9933);
#9933=AXIS2_PLACEMENT_3D('',#612,#9934,#9935);
#9934=DIRECTION('',(0.1305259220006158,0.9914448969488365,-0));
#9935=DIRECTION('',(0,0,1));
#9936=FACE_BOUND('',#9937,.T.);
#9937=EDGE_LOOP('',(#9938,#9939,#9940));
#9938=ORIENTED_EDGE('',*,*,#9941,.T.);
#9939=ORIENTED_EDGE('',*,*,#9942,.T.);
#9940=ORIENTED_EDGE('',*,*,#9943,.T.);
#9941=EDGE_CURVE('',#613,#429,#9944,.F.);
#9942=EDGE_CURVE('',#429,#615,#9945,.T.);
#9943=EDGE_CURVE('',#615,#613,#9946,.T.);
#9944=LINE('',#612,#9947);
#9945=LINE('',#428,#9948);
#9946=LINE('',#614,#9949);
#9947=VECTOR('',#9950,1.0);
#9948=VECTOR('',#9951,1.0);
#9949=VECTOR('',#9952,1.0);
#9950=DIRECTION('',(0,0,1));
#9951=DIRECTION('',(0.06456753523107868,-0.008500459373264293,-0.9978771345133762));
#9952=DIRECTION('',(-0.9914448969488365,0.1305259220006158,0));
#9953=FACE_SURFACE('',(#9958),#9954,.T.);
#9954=PLANE('',#9955);
#9955=AXIS2_PLACEMENT_3D('',#614,#9956,#9957);
#9956=DIRECTION('',(0.1305259220006158,0.9914448969488365,-0));
#9957=DIRECTION('',(-0.06456753523107868,0.008500459373264293,0.9978771345133762));
#9958=FACE_BOUND('',#9959,.T.);
#9959=EDGE_LOOP('',(#9960,#9961,#9962));
#9960=ORIENTED_EDGE('',*,*,#9963,.T.);
#9961=ORIENTED_EDGE('',*,*,#9964,.T.);
#9962=ORIENTED_EDGE('',*,*,#9965,.T.);
#9963=EDGE_CURVE('',#615,#429,#9966,.F.);
#9964=EDGE_CURVE('',#429,#431,#9967,.T.);
#9965=EDGE_CURVE('',#431,#615,#9968,.T.);
#9966=LINE('',#614,#9969);
#9967=LINE('',#428,#9970);
#9968=LINE('',#430,#9971);
#9969=VECTOR('',#9972,1.0);
#9970=VECTOR('',#9973,1.0);
#9971=VECTOR('',#9974,1.0);
#9972=DIRECTION('',(-0.06456753523107868,0.008500459373264293,0.9978771345133762));
#9973=DIRECTION('',(0.9914448969488365,-0.1305259220006158,0));
#9974=DIRECTION('',(0,0,-1));
#9975=FACE_SURFACE('',(#9980),#9976,.T.);
#9976=PLANE('',#9977);
#9977=AXIS2_PLACEMENT_3D('',#616,#9978,#9979);
#9978=DIRECTION('',(-0.13052781305110842,0.9914446479860056,0));
#9979=DIRECTION('',(0,0,1));
#9980=FACE_BOUND('',#9981,.T.);
#9981=EDGE_LOOP('',(#9982,#9983,#9984));
#9982=ORIENTED_EDGE('',*,*,#9985,.T.);
#9983=ORIENTED_EDGE('',*,*,#9986,.T.);
#9984=ORIENTED_EDGE('',*,*,#9987,.T.);
#9985=EDGE_CURVE('',#617,#489,#9988,.F.);
#9986=EDGE_CURVE('',#489,#619,#9989,.T.);
#9987=EDGE_CURVE('',#619,#617,#9990,.T.);
#9988=LINE('',#616,#9991);
#9989=LINE('',#488,#9992);
#9990=LINE('',#618,#9993);
#9991=VECTOR('',#9994,1.0);
#9992=VECTOR('',#9995,1.0);
#9993=VECTOR('',#9996,1.0);
#9994=DIRECTION('',(0,0,1));
#9995=DIRECTION('',(0.06456658754859343,0.008500459895578343,-0.9978771958281707));
#9996=DIRECTION('',(-0.9914446479860056,-0.13052781305110842,0));
#9997=FACE_SURFACE('',(#10002),#9998,.T.);
#9998=PLANE('',#9999);
#9999=AXIS2_PLACEMENT_3D('',#618,#10000,#10001);
#10000=DIRECTION('',(-0.13052781305110842,0.9914446479860056,0));
#10001=DIRECTION('',(-0.06456658754859343,-0.008500459895578343,0.9978771958281707));
#10002=FACE_BOUND('',#10003,.T.);
#10003=EDGE_LOOP('',(#10004,#10005,#10006));
#10004=ORIENTED_EDGE('',*,*,#10007,.T.);
#10005=ORIENTED_EDGE('',*,*,#10008,.T.);
#10006=ORIENTED_EDGE('',*,*,#10009,.T.);
#10007=EDGE_CURVE('',#619,#489,#10010,.F.);
#10008=EDGE_CURVE('',#489,#491,#10011,.T.);
#10009=EDGE_CURVE('',#491,#619,#10012,.T.);
#10010=LINE('',#618,#10013);
#10011=LINE('',#488,#10014);
#10012=LINE('',#490,#10015);
#10013=VECTOR('',#10016,1.0);
#10014=VECTOR('',#10017,1.0);
#10015=VECTOR('',#10018,1.0);
#10016=DIRECTION('',(-0.06456658754859343,-0.008500459895578343,0.9978771958281707));
#10017=DIRECTION('',(0.9914446479860056,0.13052781305110842,0));
#10018=DIRECTION('',(0,0,-1));
#10019=FACE_SURFACE('',(#10024),#10020,.T.);
#10020=PLANE('',#10021);
#10021=AXIS2_PLACEMENT_3D('',#618,#10022,#10023);
#10022=DIRECTION('',(-0.38267899701788377,0.92388136967978,0));
#10023=DIRECTION('',(0,0,1));
#10024=FACE_BOUND('',#10025,.T.);
#10025=EDGE_LOOP('',(#10026,#10027,#10028));
#10026=ORIENTED_EDGE('',*,*,#10029,.T.);
#10027=ORIENTED_EDGE('',*,*,#10030,.T.);
#10028=ORIENTED_EDGE('',*,*,#10031,.T.);
#10029=EDGE_CURVE('',#619,#491,#10032,.F.);
#10030=EDGE_CURVE('',#491,#621,#10033,.T.);
#10031=EDGE_CURVE('',#621,#619,#10034,.T.);
#10032=LINE('',#618,#10035);
#10033=LINE('',#490,#10036);
#10034=LINE('',#620,#10037);
#10035=VECTOR('',#10038,1.0);
#10036=VECTOR('',#10039,1.0);
#10037=VECTOR('',#10040,1.0);
#10038=DIRECTION('',(0,0,1));
#10039=DIRECTION('',(0.06016805578847023,0.024922086316805387,-0.9978770939731271));
#10040=DIRECTION('',(-0.92388136967978,-0.38267899701788377,0));
#10041=FACE_SURFACE('',(#10046),#10042,.T.);
#10042=PLANE('',#10043);
#10043=AXIS2_PLACEMENT_3D('',#620,#10044,#10045);
#10044=DIRECTION('',(-0.38267899701788377,0.92388136967978,0));
#10045=DIRECTION('',(-0.06016805578847023,-0.024922086316805387,0.9978770939731271));
#10046=FACE_BOUND('',#10047,.T.);
#10047=EDGE_LOOP('',(#10048,#10049,#10050));
#10048=ORIENTED_EDGE('',*,*,#10051,.T.);
#10049=ORIENTED_EDGE('',*,*,#10052,.T.);
#10050=ORIENTED_EDGE('',*,*,#10053,.T.);
#10051=EDGE_CURVE('',#621,#491,#10054,.F.);
#10052=EDGE_CURVE('',#491,#493,#10055,.T.);
#10053=EDGE_CURVE('',#493,#621,#10056,.T.);
#10054=LINE('',#620,#10057);
#10055=LINE('',#490,#10058);
#10056=LINE('',#492,#10059);
#10057=VECTOR('',#10060,1.0);
#10058=VECTOR('',#10061,1.0);
#10059=VECTOR('',#10062,1.0);
#10060=DIRECTION('',(-0.06016805578847023,-0.024922086316805387,0.9978770939731271));
#10061=DIRECTION('',(0.92388136967978,0.38267899701788377,0));
#10062=DIRECTION('',(0,0,-1));
#10063=FACE_SURFACE('',(#10068),#10064,.T.);
#10064=PLANE('',#10065);
#10065=AXIS2_PLACEMENT_3D('',#620,#10066,#10067);
#10066=DIRECTION('',(-0.6087671029474859,0.7933489864926565,0));
#10067=DIRECTION('',(0,0,1));
#10068=FACE_BOUND('',#10069,.T.);
#10069=EDGE_LOOP('',(#10070,#10071,#10072));
#10070=ORIENTED_EDGE('',*,*,#10073,.T.);
#10071=ORIENTED_EDGE('',*,*,#10074,.T.);
#10072=ORIENTED_EDGE('',*,*,#10075,.T.);
#10073=EDGE_CURVE('',#621,#493,#10076,.F.);
#10074=EDGE_CURVE('',#493,#623,#10077,.T.);
#10075=EDGE_CURVE('',#623,#621,#10078,.T.);
#10076=LINE('',#620,#10079);
#10077=LINE('',#492,#10080);
#10078=LINE('',#622,#10081);
#10079=VECTOR('',#10082,1.0);
#10080=VECTOR('',#10083,1.0);
#10081=VECTOR('',#10084,1.0);
#10082=DIRECTION('',(0,0,1));
#10083=DIRECTION('',(0.05166602144386772,0.03964531968995863,-0.9978771822498211));
#10084=DIRECTION('',(-0.7933489864926565,-0.6087671029474859,0));
#10085=FACE_SURFACE('',(#10090),#10086,.T.);
#10086=PLANE('',#10087);
#10087=AXIS2_PLACEMENT_3D('',#622,#10088,#10089);
#10088=DIRECTION('',(-0.6087671029474859,0.7933489864926565,0));
#10089=DIRECTION('',(-0.05166602144386772,-0.03964531968995863,0.9978771822498211));
#10090=FACE_BOUND('',#10091,.T.);
#10091=EDGE_LOOP('',(#10092,#10093,#10094));
#10092=ORIENTED_EDGE('',*,*,#10095,.T.);
#10093=ORIENTED_EDGE('',*,*,#10096,.T.);
#10094=ORIENTED_EDGE('',*,*,#10097,.T.);
#10095=EDGE_CURVE('',#623,#493,#10098,.F.);
#10096=EDGE_CURVE('',#493,#495,#10099,.T.);
#10097=EDGE_CURVE('',#495,#623,#10100,.T.);
#10098=LINE('',#622,#10101);
#10099=LINE('',#492,#10102);
#10100=LINE('',#494,#10103);
#10101=VECTOR('',#10104,1.0);
#10102=VECTOR('',#10105,1.0);
#10103=VECTOR('',#10106,1.0);
#10104=DIRECTION('',(-0.05166602144386772,-0.03964531968995863,0.9978771822498211));
#10105=DIRECTION('',(0.7933489864926565,0.6087671029474859,0));
#10106=DIRECTION('',(0,0,-1));
#10107=FACE_SURFACE('',(#10112),#10108,.T.);
#10108=PLANE('',#10109);
#10109=AXIS2_PLACEMENT_3D('',#622,#10110,#10111);
#10110=DIRECTION('',(-0.7933501995505835,0.6087655220797654,0));
#10111=DIRECTION('',(0,0,1));
#10112=FACE_BOUND('',#10113,.T.);
#10113=EDGE_LOOP('',(#10114,#10115,#10116));
#10114=ORIENTED_EDGE('',*,*,#10117,.T.);
#10115=ORIENTED_EDGE('',*,*,#10118,.T.);
#10116=ORIENTED_EDGE('',*,*,#10119,.T.);
#10117=EDGE_CURVE('',#623,#495,#10120,.F.);
#10118=EDGE_CURVE('',#495,#625,#10121,.T.);
#10119=EDGE_CURVE('',#625,#623,#10122,.T.);
#10120=LINE('',#622,#10123);
#10121=LINE('',#494,#10124);
#10122=LINE('',#624,#10125);
#10123=VECTOR('',#10126,1.0);
#10124=VECTOR('',#10127,1.0);
#10125=VECTOR('',#10128,1.0);
#10126=DIRECTION('',(0,0,1));
#10127=DIRECTION('',(0.03964573013268991,0.05166676950534808,-0.9978771272111248));
#10128=DIRECTION('',(-0.6087655220797654,-0.7933501995505835,0));
#10129=FACE_SURFACE('',(#10134),#10130,.T.);
#10130=PLANE('',#10131);
#10131=AXIS2_PLACEMENT_3D('',#624,#10132,#10133);
#10132=DIRECTION('',(-0.7933502841662512,0.6087654118076424,-9.07131153058473E-09));
#10133=DIRECTION('',(-0.03964573013268991,-0.05166676950534808,0.9978771272111248));
#10134=FACE_BOUND('',#10135,.T.);
#10135=EDGE_LOOP('',(#10136,#10137,#10138));
#10136=ORIENTED_EDGE('',*,*,#10139,.T.);
#10137=ORIENTED_EDGE('',*,*,#10140,.T.);
#10138=ORIENTED_EDGE('',*,*,#10141,.T.);
#10139=EDGE_CURVE('',#625,#495,#10142,.F.);
#10140=EDGE_CURVE('',#495,#497,#10143,.T.);
#10141=EDGE_CURVE('',#497,#625,#10144,.T.);
#10142=LINE('',#624,#10145);
#10143=LINE('',#494,#10146);
#10144=LINE('',#496,#10147);
#10145=VECTOR('',#10148,1.0);
#10146=VECTOR('',#10149,1.0);
#10147=VECTOR('',#10150,1.0);
#10148=DIRECTION('',(-0.03964573013268991,-0.05166676950534808,0.9978771272111248));
#10149=DIRECTION('',(0.6087654118076424,0.7933502841662512,0));
#10150=DIRECTION('',(0,-1.4901161193847656E-08,-1));
#10151=FACE_SURFACE('',(#10156),#10152,.T.);
#10152=PLANE('',#10153);
#10153=AXIS2_PLACEMENT_3D('',#624,#10154,#10155);
#10154=DIRECTION('',(-0.9238810644258714,0.3826797339751855,-5.702372401582979E-09));
#10155=DIRECTION('',(0,1.4901161193847656E-08,1));
#10156=FACE_BOUND('',#10157,.T.);
#10157=EDGE_LOOP('',(#10158,#10159,#10160));
#10158=ORIENTED_EDGE('',*,*,#10161,.T.);
#10159=ORIENTED_EDGE('',*,*,#10162,.T.);
#10160=ORIENTED_EDGE('',*,*,#10163,.T.);
#10161=EDGE_CURVE('',#625,#497,#10164,.F.);
#10162=EDGE_CURVE('',#497,#627,#10165,.T.);
#10163=EDGE_CURVE('',#627,#625,#10166,.T.);
#10164=LINE('',#624,#10167);
#10165=LINE('',#496,#10168);
#10166=LINE('',#626,#10169);
#10167=VECTOR('',#10170,1.0);
#10168=VECTOR('',#10171,1.0);
#10169=VECTOR('',#10172,1.0);
#10170=DIRECTION('',(0,1.4901161193847656E-08,1));
#10171=DIRECTION('',(0.024921805219870505,0.06016722653302067,-0.9978771509940024));
#10172=DIRECTION('',(-0.3826797339751855,-0.9238810644258714,0));
#10173=FACE_SURFACE('',(#10178),#10174,.T.);
#10174=PLANE('',#10175);
#10175=AXIS2_PLACEMENT_3D('',#626,#10176,#10177);
#10176=DIRECTION('',(-0.9238810309891089,0.3826798146995753,0));
#10177=DIRECTION('',(-0.024921805219870505,-0.06016722653302067,0.9978771509940024));
#10178=FACE_BOUND('',#10179,.T.);
#10179=EDGE_LOOP('',(#10180,#10181,#10182));
#10180=ORIENTED_EDGE('',*,*,#10183,.T.);
#10181=ORIENTED_EDGE('',*,*,#10184,.T.);
#10182=ORIENTED_EDGE('',*,*,#10185,.T.);
#10183=EDGE_CURVE('',#627,#497,#10186,.F.);
#10184=EDGE_CURVE('',#497,#499,#10187,.T.);
#10185=EDGE_CURVE('',#499,#627,#10188,.T.);
#10186=LINE('',#626,#10189);
#10187=LINE('',#496,#10190);
#10188=LINE('',#498,#10191);
#10189=VECTOR('',#10192,1.0);
#10190=VECTOR('',#10193,1.0);
#10191=VECTOR('',#10194,1.0);
#10192=DIRECTION('',(-0.024921805219870505,-0.06016722653302067,0.9978771509940024));
#10193=DIRECTION('',(0.3826798146995753,0.9238810309891089,0));
#10194=DIRECTION('',(0,0,-1));
#10195=FACE_SURFACE('',(#10200),#10196,.T.);
#10196=PLANE('',#10197);
#10197=AXIS2_PLACEMENT_3D('',#626,#10198,#10199);
#10198=DIRECTION('',(-0.9914436135194159,0.13053567026511576,0));
#10199=DIRECTION('',(0,0,1));
#10200=FACE_BOUND('',#10201,.T.);
#10201=EDGE_LOOP('',(#10202,#10203,#10204));
#10202=ORIENTED_EDGE('',*,*,#10205,.T.);
#10203=ORIENTED_EDGE('',*,*,#10206,.T.);
#10204=ORIENTED_EDGE('',*,*,#10207,.T.);
#10205=EDGE_CURVE('',#627,#499,#10208,.F.);
#10206=EDGE_CURVE('',#499,#589,#10209,.T.);
#10207=EDGE_CURVE('',#589,#627,#10210,.T.);
#10208=LINE('',#626,#10211);
#10209=LINE('',#498,#10212);
#10210=LINE('',#588,#10213);
#10211=VECTOR('',#10214,1.0);
#10212=VECTOR('',#10215,1.0);
#10213=VECTOR('',#10216,1.0);
#10214=DIRECTION('',(0,0,1));
#10215=DIRECTION('',(0.008501087638880587,0.06456740161841719,-0.997877137806655));
#10216=DIRECTION('',(-0.13053567026511576,-0.9914436135194159,0));
#10217=FACE_SURFACE('',(#10222),#10218,.T.);
#10218=PLANE('',#10219);
#10219=AXIS2_PLACEMENT_3D('',#588,#10220,#10221);
#10220=DIRECTION('',(-0.9914436135194159,0.13053567026511576,0));
#10221=DIRECTION('',(-0.008501087638880587,-0.06456740161841719,0.997877137806655));
#10222=FACE_BOUND('',#10223,.T.);
#10223=EDGE_LOOP('',(#10224,#10225,#10226));
#10224=ORIENTED_EDGE('',*,*,#10227,.T.);
#10225=ORIENTED_EDGE('',*,*,#10228,.T.);
#10226=ORIENTED_EDGE('',*,*,#10229,.T.);
#10227=EDGE_CURVE('',#589,#499,#10230,.F.);
#10228=EDGE_CURVE('',#499,#501,#10231,.T.);
#10229=EDGE_CURVE('',#501,#589,#10232,.T.);
#10230=LINE('',#588,#10233);
#10231=LINE('',#498,#10234);
#10232=LINE('',#500,#10235);
#10233=VECTOR('',#10236,1.0);
#10234=VECTOR('',#10237,1.0);
#10235=VECTOR('',#10238,1.0);
#10236=DIRECTION('',(-0.008501087638880587,-0.06456740161841719,0.997877137806655));
#10237=DIRECTION('',(0.13053567026511576,0.9914436135194159,0));
#10238=DIRECTION('',(0,0,-1));
#10239=FACE_SURFACE('',(#10244),#10240,.T.);
#10240=PLANE('',#10241);
#10241=AXIS2_PLACEMENT_3D('',#628,#10242,#10243);
#10242=DIRECTION('',(-0.13052781305110175,0.9914446479860067,0));
#10243=DIRECTION('',(0,0,1));
#10244=FACE_BOUND('',#10245,.T.);
#10245=EDGE_LOOP('',(#10246,#10247,#10248));
#10246=ORIENTED_EDGE('',*,*,#10249,.T.);
#10247=ORIENTED_EDGE('',*,*,#10250,.T.);
#10248=ORIENTED_EDGE('',*,*,#10251,.T.);
#10249=EDGE_CURVE('',#629,#435,#10252,.F.);
#10250=EDGE_CURVE('',#435,#631,#10253,.T.);
#10251=EDGE_CURVE('',#631,#629,#10254,.T.);
#10252=LINE('',#628,#10255);
#10253=LINE('',#434,#10256);
#10254=LINE('',#630,#10257);
#10255=VECTOR('',#10258,1.0);
#10256=VECTOR('',#10259,1.0);
#10257=VECTOR('',#10260,1.0);
#10258=DIRECTION('',(0,0,1));
#10259=DIRECTION('',(0.06456658754859343,0.008500459895577898,-0.9978771958281707));
#10260=DIRECTION('',(-0.9914446479860067,-0.13052781305110175,0));
#10261=FACE_SURFACE('',(#10266),#10262,.T.);
#10262=PLANE('',#10263);
#10263=AXIS2_PLACEMENT_3D('',#630,#10264,#10265);
#10264=DIRECTION('',(-0.13052781305110175,0.9914446479860067,0));
#10265=DIRECTION('',(-0.06456658754859343,-0.008500459895577898,0.9978771958281707));
#10266=FACE_BOUND('',#10267,.T.);
#10267=EDGE_LOOP('',(#10268,#10269,#10270));
#10268=ORIENTED_EDGE('',*,*,#10271,.T.);
#10269=ORIENTED_EDGE('',*,*,#10272,.T.);
#10270=ORIENTED_EDGE('',*,*,#10273,.T.);
#10271=EDGE_CURVE('',#631,#435,#10274,.F.);
#10272=EDGE_CURVE('',#435,#437,#10275,.T.);
#10273=EDGE_CURVE('',#437,#631,#10276,.T.);
#10274=LINE('',#630,#10277);
#10275=LINE('',#434,#10278);
#10276=LINE('',#436,#10279);
#10277=VECTOR('',#10280,1.0);
#10278=VECTOR('',#10281,1.0);
#10279=VECTOR('',#10282,1.0);
#10280=DIRECTION('',(-0.06456658754859343,-0.008500459895577898,0.9978771958281707));
#10281=DIRECTION('',(0.9914446479860067,0.13052781305110175,0));
#10282=DIRECTION('',(0,0,-1));
#10283=FACE_SURFACE('',(#10288),#10284,.T.);
#10284=PLANE('',#10285);
#10285=AXIS2_PLACEMENT_3D('',#630,#10286,#10287);
#10286=DIRECTION('',(-0.38267899701788377,0.92388136967978,0));
#10287=DIRECTION('',(0,0,1));
#10288=FACE_BOUND('',#10289,.T.);
#10289=EDGE_LOOP('',(#10290,#10291,#10292));
#10290=ORIENTED_EDGE('',*,*,#10293,.T.);
#10291=ORIENTED_EDGE('',*,*,#10294,.T.);
#10292=ORIENTED_EDGE('',*,*,#10295,.T.);
#10293=EDGE_CURVE('',#631,#437,#10296,.F.);
#10294=EDGE_CURVE('',#437,#633,#10297,.T.);
#10295=EDGE_CURVE('',#633,#631,#10298,.T.);
#10296=LINE('',#630,#10299);
#10297=LINE('',#436,#10300);
#10298=LINE('',#632,#10301);
#10299=VECTOR('',#10302,1.0);
#10300=VECTOR('',#10303,1.0);
#10301=VECTOR('',#10304,1.0);
#10302=DIRECTION('',(0,0,1));
#10303=DIRECTION('',(0.06016805578847023,0.024922086316805387,-0.9978770939731271));
#10304=DIRECTION('',(-0.92388136967978,-0.38267899701788377,0));
#10305=FACE_SURFACE('',(#10310),#10306,.T.);
#10306=PLANE('',#10307);
#10307=AXIS2_PLACEMENT_3D('',#632,#10308,#10309);
#10308=DIRECTION('',(-0.38267899701788377,0.92388136967978,0));
#10309=DIRECTION('',(-0.06016805578847023,-0.024922086316805387,0.9978770939731271));
#10310=FACE_BOUND('',#10311,.T.);
#10311=EDGE_LOOP('',(#10312,#10313,#10314));
#10312=ORIENTED_EDGE('',*,*,#10315,.T.);
#10313=ORIENTED_EDGE('',*,*,#10316,.T.);
#10314=ORIENTED_EDGE('',*,*,#10317,.T.);
#10315=EDGE_CURVE('',#633,#437,#10318,.F.);
#10316=EDGE_CURVE('',#437,#439,#10319,.T.);
#10317=EDGE_CURVE('',#439,#633,#10320,.T.);
#10318=LINE('',#632,#10321);
#10319=LINE('',#436,#10322);
#10320=LINE('',#438,#10323);
#10321=VECTOR('',#10324,1.0);
#10322=VECTOR('',#10325,1.0);
#10323=VECTOR('',#10326,1.0);
#10324=DIRECTION('',(-0.06016805578847023,-0.024922086316805387,0.9978770939731271));
#10325=DIRECTION('',(0.92388136967978,0.38267899701788377,0));
#10326=DIRECTION('',(0,0,-1));
#10327=FACE_SURFACE('',(#10332),#10328,.T.);
#10328=PLANE('',#10329);
#10329=AXIS2_PLACEMENT_3D('',#632,#10330,#10331);
#10330=DIRECTION('',(-0.6087671029474859,0.7933489864926565,0));
#10331=DIRECTION('',(0,0,1));
#10332=FACE_BOUND('',#10333,.T.);
#10333=EDGE_LOOP('',(#10334,#10335,#10336));
#10334=ORIENTED_EDGE('',*,*,#10337,.T.);
#10335=ORIENTED_EDGE('',*,*,#10338,.T.);
#10336=ORIENTED_EDGE('',*,*,#10339,.T.);
#10337=EDGE_CURVE('',#633,#439,#10340,.F.);
#10338=EDGE_CURVE('',#439,#635,#10341,.T.);
#10339=EDGE_CURVE('',#635,#633,#10342,.T.);
#10340=LINE('',#632,#10343);
#10341=LINE('',#438,#10344);
#10342=LINE('',#634,#10345);
#10343=VECTOR('',#10346,1.0);
#10344=VECTOR('',#10347,1.0);
#10345=VECTOR('',#10348,1.0);
#10346=DIRECTION('',(0,0,1));
#10347=DIRECTION('',(0.05166602144386772,0.03964531968995863,-0.9978771822498211));
#10348=DIRECTION('',(-0.7933489864926565,-0.6087671029474859,0));
#10349=FACE_SURFACE('',(#10354),#10350,.T.);
#10350=PLANE('',#10351);
#10351=AXIS2_PLACEMENT_3D('',#634,#10352,#10353);
#10352=DIRECTION('',(-0.6087671029474859,0.7933489864926565,0));
#10353=DIRECTION('',(-0.05166602144386772,-0.03964531968995863,0.9978771822498211));
#10354=FACE_BOUND('',#10355,.T.);
#10355=EDGE_LOOP('',(#10356,#10357,#10358));
#10356=ORIENTED_EDGE('',*,*,#10359,.T.);
#10357=ORIENTED_EDGE('',*,*,#10360,.T.);
#10358=ORIENTED_EDGE('',*,*,#10361,.T.);
#10359=EDGE_CURVE('',#635,#439,#10362,.F.);
#10360=EDGE_CURVE('',#439,#441,#10363,.T.);
#10361=EDGE_CURVE('',#441,#635,#10364,.T.);
#10362=LINE('',#634,#10365);
#10363=LINE('',#438,#10366);
#10364=LINE('',#440,#10367);
#10365=VECTOR('',#10368,1.0);
#10366=VECTOR('',#10369,1.0);
#10367=VECTOR('',#10370,1.0);
#10368=DIRECTION('',(-0.05166602144386772,-0.03964531968995863,0.9978771822498211));
#10369=DIRECTION('',(0.7933489864926565,0.6087671029474859,0));
#10370=DIRECTION('',(0,0,-1));
#10371=FACE_SURFACE('',(#10376),#10372,.T.);
#10372=PLANE('',#10373);
#10373=AXIS2_PLACEMENT_3D('',#634,#10374,#10375);
#10374=DIRECTION('',(-0.7933501995505835,0.6087655220797654,0));
#10375=DIRECTION('',(0,0,1));
#10376=FACE_BOUND('',#10377,.T.);
#10377=EDGE_LOOP('',(#10378,#10379,#10380));
#10378=ORIENTED_EDGE('',*,*,#10381,.T.);
#10379=ORIENTED_EDGE('',*,*,#10382,.T.);
#10380=ORIENTED_EDGE('',*,*,#10383,.T.);
#10381=EDGE_CURVE('',#635,#441,#10384,.F.);
#10382=EDGE_CURVE('',#441,#637,#10385,.T.);
#10383=EDGE_CURVE('',#637,#635,#10386,.T.);
#10384=LINE('',#634,#10387);
#10385=LINE('',#440,#10388);
#10386=LINE('',#636,#10389);
#10387=VECTOR('',#10390,1.0);
#10388=VECTOR('',#10391,1.0);
#10389=VECTOR('',#10392,1.0);
#10390=DIRECTION('',(0,0,1));
#10391=DIRECTION('',(0.03964573013268991,0.05166676950534808,-0.9978771272111248));
#10392=DIRECTION('',(-0.6087655220797654,-0.7933501995505835,0));
#10393=FACE_SURFACE('',(#10398),#10394,.T.);
#10394=PLANE('',#10395);
#10395=AXIS2_PLACEMENT_3D('',#636,#10396,#10397);
#10396=DIRECTION('',(-0.7933502841662512,0.6087654118076424,-9.07131153058473E-09));
#10397=DIRECTION('',(-0.03964573013268991,-0.05166676950534808,0.9978771272111248));
#10398=FACE_BOUND('',#10399,.T.);
#10399=EDGE_LOOP('',(#10400,#10401,#10402));
#10400=ORIENTED_EDGE('',*,*,#10403,.T.);
#10401=ORIENTED_EDGE('',*,*,#10404,.T.);
#10402=ORIENTED_EDGE('',*,*,#10405,.T.);
#10403=EDGE_CURVE('',#637,#441,#10406,.F.);
#10404=EDGE_CURVE('',#441,#443,#10407,.T.);
#10405=EDGE_CURVE('',#443,#637,#10408,.T.);
#10406=LINE('',#636,#10409);
#10407=LINE('',#440,#10410);
#10408=LINE('',#442,#10411);
#10409=VECTOR('',#10412,1.0);
#10410=VECTOR('',#10413,1.0);
#10411=VECTOR('',#10414,1.0);
#10412=DIRECTION('',(-0.03964573013268991,-0.05166676950534808,0.9978771272111248));
#10413=DIRECTION('',(0.6087654118076424,0.7933502841662512,0));
#10414=DIRECTION('',(0,-1.4901161193847656E-08,-1));
#10415=FACE_SURFACE('',(#10420),#10416,.T.);
#10416=PLANE('',#10417);
#10417=AXIS2_PLACEMENT_3D('',#636,#10418,#10419);
#10418=DIRECTION('',(-0.9238810644258714,0.3826797339751855,-5.702372401582979E-09));
#10419=DIRECTION('',(0,1.4901161193847656E-08,1));
#10420=FACE_BOUND('',#10421,.T.);
#10421=EDGE_LOOP('',(#10422,#10423,#10424));
#10422=ORIENTED_EDGE('',*,*,#10425,.T.);
#10423=ORIENTED_EDGE('',*,*,#10426,.T.);
#10424=ORIENTED_EDGE('',*,*,#10427,.T.);
#10425=EDGE_CURVE('',#637,#443,#10428,.F.);
#10426=EDGE_CURVE('',#443,#639,#10429,.T.);
#10427=EDGE_CURVE('',#639,#637,#10430,.T.);
#10428=LINE('',#636,#10431);
#10429=LINE('',#442,#10432);
#10430=LINE('',#638,#10433);
#10431=VECTOR('',#10434,1.0);
#10432=VECTOR('',#10435,1.0);
#10433=VECTOR('',#10436,1.0);
#10434=DIRECTION('',(0,1.4901161193847656E-08,1));
#10435=DIRECTION('',(0.024921805219870505,0.06016722653302067,-0.9978771509940024));
#10436=DIRECTION('',(-0.3826797339751855,-0.9238810644258714,0));
#10437=FACE_SURFACE('',(#10442),#10438,.T.);
#10438=PLANE('',#10439);
#10439=AXIS2_PLACEMENT_3D('',#638,#10440,#10441);
#10440=DIRECTION('',(-0.9238810309891089,0.3826798146995753,0));
#10441=DIRECTION('',(-0.024921805219870505,-0.06016722653302067,0.9978771509940024));
#10442=FACE_BOUND('',#10443,.T.);
#10443=EDGE_LOOP('',(#10444,#10445,#10446));
#10444=ORIENTED_EDGE('',*,*,#10447,.T.);
#10445=ORIENTED_EDGE('',*,*,#10448,.T.);
#10446=ORIENTED_EDGE('',*,*,#10449,.T.);
#10447=EDGE_CURVE('',#639,#443,#10450,.F.);
#10448=EDGE_CURVE('',#443,#445,#10451,.T.);
#10449=EDGE_CURVE('',#445,#639,#10452,.T.);
#10450=LINE('',#638,#10453);
#10451=LINE('',#442,#10454);
#10452=LINE('',#444,#10455);
#10453=VECTOR('',#10456,1.0);
#10454=VECTOR('',#10457,1.0);
#10455=VECTOR('',#10458,1.0);
#10456=DIRECTION('',(-0.024921805219870505,-0.06016722653302067,0.9978771509940024));
#10457=DIRECTION('',(0.3826798146995753,0.9238810309891089,0));
#10458=DIRECTION('',(0,0,-1));
#10459=FACE_SURFACE('',(#10464),#10460,.T.);
#10460=PLANE('',#10461);
#10461=AXIS2_PLACEMENT_3D('',#638,#10462,#10463);
#10462=DIRECTION('',(-0.9914436135194159,0.13053567026511576,0));
#10463=DIRECTION('',(0,0,1));
#10464=FACE_BOUND('',#10465,.T.);
#10465=EDGE_LOOP('',(#10466,#10467,#10468));
#10466=ORIENTED_EDGE('',*,*,#10469,.T.);
#10467=ORIENTED_EDGE('',*,*,#10470,.T.);
#10468=ORIENTED_EDGE('',*,*,#10471,.T.);
#10469=EDGE_CURVE('',#639,#445,#10472,.F.);
#10470=EDGE_CURVE('',#445,#591,#10473,.T.);
#10471=EDGE_CURVE('',#591,#639,#10474,.T.);
#10472=LINE('',#638,#10475);
#10473=LINE('',#444,#10476);
#10474=LINE('',#590,#10477);
#10475=VECTOR('',#10478,1.0);
#10476=VECTOR('',#10479,1.0);
#10477=VECTOR('',#10480,1.0);
#10478=DIRECTION('',(0,0,1));
#10479=DIRECTION('',(0.008501087638880587,0.06456740161841719,-0.997877137806655));
#10480=DIRECTION('',(-0.13053567026511576,-0.9914436135194159,0));
#10481=FACE_SURFACE('',(#10486),#10482,.T.);
#10482=PLANE('',#10483);
#10483=AXIS2_PLACEMENT_3D('',#590,#10484,#10485);
#10484=DIRECTION('',(-0.9914436135194159,0.13053567026511576,0));
#10485=DIRECTION('',(-0.008501087638880587,-0.06456740161841719,0.997877137806655));
#10486=FACE_BOUND('',#10487,.T.);
#10487=EDGE_LOOP('',(#10488,#10489,#10490));
#10488=ORIENTED_EDGE('',*,*,#10491,.T.);
#10489=ORIENTED_EDGE('',*,*,#10492,.T.);
#10490=ORIENTED_EDGE('',*,*,#10493,.T.);
#10491=EDGE_CURVE('',#591,#445,#10494,.F.);
#10492=EDGE_CURVE('',#445,#447,#10495,.T.);
#10493=EDGE_CURVE('',#447,#591,#10496,.T.);
#10494=LINE('',#590,#10497);
#10495=LINE('',#444,#10498);
#10496=LINE('',#446,#10499);
#10497=VECTOR('',#10500,1.0);
#10498=VECTOR('',#10501,1.0);
#10499=VECTOR('',#10502,1.0);
#10500=DIRECTION('',(-0.008501087638880587,-0.06456740161841719,0.997877137806655));
#10501=DIRECTION('',(0.13053567026511576,0.9914436135194159,0));
#10502=DIRECTION('',(0,0,-1));
#10503=FACE_SURFACE('',(#10508),#10504,.T.);
#10504=PLANE('',#10505);
#10505=AXIS2_PLACEMENT_3D('',#484,#10506,#10507);
#10506=DIRECTION('',(2.6645352591003757E-15,1,0));
#10507=DIRECTION('',(1,-2.6645352591003757E-15,0));
#10508=FACE_BOUND('',#10509,.T.);
#10509=EDGE_LOOP('',(#10510,#10511,#10512));
#10510=ORIENTED_EDGE('',*,*,#10513,.T.);
#10511=ORIENTED_EDGE('',*,*,#10514,.T.);
#10512=ORIENTED_EDGE('',*,*,#10515,.T.);
#10513=EDGE_CURVE('',#485,#489,#10516,.F.);
#10514=EDGE_CURVE('',#489,#603,#10517,.T.);
#10515=EDGE_CURVE('',#603,#485,#10518,.T.);
#10516=LINE('',#484,#10519);
#10517=LINE('',#488,#10520);
#10518=LINE('',#602,#10521);
#10519=VECTOR('',#10522,1.0);
#10520=VECTOR('',#10523,1.0);
#10521=VECTOR('',#10524,1.0);
#10522=DIRECTION('',(1,-2.6645352591003757E-15,0));
#10523=DIRECTION('',(-0.4472135954999579,1.191616393558691E-15,-0.8944271909999159));
#10524=DIRECTION('',(0,0,1));
#10525=FACE_SURFACE('',(#10530),#10526,.T.);
#10526=PLANE('',#10527);
#10527=AXIS2_PLACEMENT_3D('',#602,#10528,#10529);
#10528=DIRECTION('',(2.6645352591003757E-15,1,0));
#10529=DIRECTION('',(0.4472135954999579,-1.191616393558691E-15,0.8944271909999159));
#10530=FACE_BOUND('',#10531,.T.);
#10531=EDGE_LOOP('',(#10532,#10533,#10534));
#10532=ORIENTED_EDGE('',*,*,#10535,.T.);
#10533=ORIENTED_EDGE('',*,*,#10536,.T.);
#10534=ORIENTED_EDGE('',*,*,#10537,.T.);
#10535=EDGE_CURVE('',#603,#489,#10538,.F.);
#10536=EDGE_CURVE('',#489,#617,#10539,.T.);
#10537=EDGE_CURVE('',#617,#603,#10540,.T.);
#10538=LINE('',#602,#10541);
#10539=LINE('',#488,#10542);
#10540=LINE('',#616,#10543);
#10541=VECTOR('',#10544,1.0);
#10542=VECTOR('',#10545,1.0);
#10543=VECTOR('',#10546,1.0);
#10544=DIRECTION('',(0.4472135954999579,-1.191616393558691E-15,0.8944271909999159));
#10545=DIRECTION('',(0,0,-1));
#10546=DIRECTION('',(-1,2.6645352591003757E-15,0));
#10547=FACE_SURFACE('',(#10552),#10548,.T.);
#10548=PLANE('',#10549);
#10549=AXIS2_PLACEMENT_3D('',#430,#10550,#10551);
#10550=DIRECTION('',(1.7763568394002505E-15,1,0));
#10551=DIRECTION('',(1,-1.7763568394002505E-15,0));
#10552=FACE_BOUND('',#10553,.T.);
#10553=EDGE_LOOP('',(#10554,#10555,#10556));
#10554=ORIENTED_EDGE('',*,*,#10557,.T.);
#10555=ORIENTED_EDGE('',*,*,#10558,.T.);
#10556=ORIENTED_EDGE('',*,*,#10559,.T.);
#10557=EDGE_CURVE('',#431,#435,#10560,.F.);
#10558=EDGE_CURVE('',#435,#615,#10561,.T.);
#10559=EDGE_CURVE('',#615,#431,#10562,.T.);
#10560=LINE('',#430,#10563);
#10561=LINE('',#434,#10564);
#10562=LINE('',#614,#10565);
#10563=VECTOR('',#10566,1.0);
#10564=VECTOR('',#10567,1.0);
#10565=VECTOR('',#10568,1.0);
#10566=DIRECTION('',(1,-1.7763568394002505E-15,0));
#10567=DIRECTION('',(-0.4472135954999579,7.944109290391273E-16,-0.8944271909999159));
#10568=DIRECTION('',(0,0,1));
#10569=FACE_SURFACE('',(#10574),#10570,.T.);
#10570=PLANE('',#10571);
#10571=AXIS2_PLACEMENT_3D('',#614,#10572,#10573);
#10572=DIRECTION('',(1.7763568394002505E-15,1,0));
#10573=DIRECTION('',(0.4472135954999579,-7.944109290391273E-16,0.8944271909999159));
#10574=FACE_BOUND('',#10575,.T.);
#10575=EDGE_LOOP('',(#10576,#10577,#10578));
#10576=ORIENTED_EDGE('',*,*,#10579,.T.);
#10577=ORIENTED_EDGE('',*,*,#10580,.T.);
#10578=ORIENTED_EDGE('',*,*,#10581,.T.);
#10579=EDGE_CURVE('',#615,#435,#10582,.F.);
#10580=EDGE_CURVE('',#435,#629,#10583,.T.);
#10581=EDGE_CURVE('',#629,#615,#10584,.T.);
#10582=LINE('',#614,#10585);
#10583=LINE('',#434,#10586);
#10584=LINE('',#628,#10587);
#10585=VECTOR('',#10588,1.0);
#10586=VECTOR('',#10589,1.0);
#10587=VECTOR('',#10590,1.0);
#10588=DIRECTION('',(0.4472135954999579,-7.944109290391273E-16,0.8944271909999159));
#10589=DIRECTION('',(0,0,-1));
#10590=DIRECTION('',(-1,1.7763568394002505E-15,0));
#10591=FACE_SURFACE('',(#10596),#10592,.T.);
#10592=PLANE('',#10593);
#10593=AXIS2_PLACEMENT_3D('',#616,#10594,#10595);
#10594=DIRECTION('',(0,0,1));
#10595=DIRECTION('',(-0.06237828621304879,0.9980525784792718,0));
#10596=FACE_BOUND('',#10597,.T.);
#10597=EDGE_LOOP('',(#10598,#10599,#10600));
#10598=ORIENTED_EDGE('',*,*,#10601,.T.);
#10599=ORIENTED_EDGE('',*,*,#10602,.T.);
#10600=ORIENTED_EDGE('',*,*,#10603,.T.);
#10601=EDGE_CURVE('',#617,#529,#10604,.F.);
#10602=EDGE_CURVE('',#529,#603,#10605,.T.);
#10603=EDGE_CURVE('',#603,#617,#10606,.T.);
#10604=LINE('',#616,#10607);
#10605=LINE('',#528,#10608);
#10606=LINE('',#602,#10609);
#10607=VECTOR('',#10610,1.0);
#10608=VECTOR('',#10611,1.0);
#10609=VECTOR('',#10612,1.0);
#10610=DIRECTION('',(-0.06237828621304879,0.9980525784792718,0));
#10611=DIRECTION('',(0,-1,0));
#10612=DIRECTION('',(1,-2.6645352591003757E-15,0));
#10613=FACE_SURFACE('',(#10618),#10614,.T.);
#10614=PLANE('',#10615);
#10615=AXIS2_PLACEMENT_3D('',#602,#10616,#10617);
#10616=DIRECTION('',(0,-0,1));
#10617=DIRECTION('',(0,1,0));
#10618=FACE_BOUND('',#10619,.T.);
#10619=EDGE_LOOP('',(#10620,#10621,#10622));
#10620=ORIENTED_EDGE('',*,*,#10623,.T.);
#10621=ORIENTED_EDGE('',*,*,#10624,.T.);
#10622=ORIENTED_EDGE('',*,*,#10625,.T.);
#10623=EDGE_CURVE('',#603,#529,#10626,.F.);
#10624=EDGE_CURVE('',#529,#531,#10627,.T.);
#10625=EDGE_CURVE('',#531,#603,#10628,.T.);
#10626=LINE('',#602,#10629);
#10627=LINE('',#528,#10630);
#10628=LINE('',#530,#10631);
#10629=VECTOR('',#10632,1.0);
#10630=VECTOR('',#10633,1.0);
#10631=VECTOR('',#10634,1.0);
#10632=DIRECTION('',(0,1,0));
#10633=DIRECTION('',(-0.9914455395896884,-0.13052104055558156,0));
#10634=DIRECTION('',(0.008096467717126219,-0.9999672230680892,0));
#10635=FACE_SURFACE('',(#10640),#10636,.T.);
#10636=PLANE('',#10637);
#10637=AXIS2_PLACEMENT_3D('',#602,#10638,#10639);
#10638=DIRECTION('',(0,0,1));
#10639=DIRECTION('',(-0.008096467717126219,0.9999672230680892,0));
#10640=FACE_BOUND('',#10641,.T.);
#10641=EDGE_LOOP('',(#10642,#10643,#10644));
#10642=ORIENTED_EDGE('',*,*,#10645,.T.);
#10643=ORIENTED_EDGE('',*,*,#10646,.T.);
#10644=ORIENTED_EDGE('',*,*,#10647,.T.);
#10645=EDGE_CURVE('',#603,#531,#10648,.F.);
#10646=EDGE_CURVE('',#531,#601,#10649,.T.);
#10647=EDGE_CURVE('',#601,#603,#10650,.T.);
#10648=LINE('',#602,#10651);
#10649=LINE('',#530,#10652);
#10650=LINE('',#600,#10653);
#10651=VECTOR('',#10654,1.0);
#10652=VECTOR('',#10655,1.0);
#10653=VECTOR('',#10656,1.0);
#10654=DIRECTION('',(-0.008096467717126219,0.9999672230680892,0));
#10655=DIRECTION('',(0,-1,0));
#10656=DIRECTION('',(0.9914448969488365,-0.1305259220006158,0));
#10657=FACE_SURFACE('',(#10662),#10658,.T.);
#10658=PLANE('',#10659);
#10659=AXIS2_PLACEMENT_3D('',#600,#10660,#10661);
#10660=DIRECTION('',(0,-0,1));
#10661=DIRECTION('',(0,1,0));
#10662=FACE_BOUND('',#10663,.T.);
#10663=EDGE_LOOP('',(#10664,#10665,#10666));
#10664=ORIENTED_EDGE('',*,*,#10667,.T.);
#10665=ORIENTED_EDGE('',*,*,#10668,.T.);
#10666=ORIENTED_EDGE('',*,*,#10669,.T.);
#10667=EDGE_CURVE('',#601,#531,#10670,.F.);
#10668=EDGE_CURVE('',#531,#533,#10671,.T.);
#10669=EDGE_CURVE('',#533,#601,#10672,.T.);
#10670=LINE('',#600,#10673);
#10671=LINE('',#530,#10674);
#10672=LINE('',#532,#10675);
#10673=VECTOR('',#10676,1.0);
#10674=VECTOR('',#10677,1.0);
#10675=VECTOR('',#10678,1.0);
#10676=DIRECTION('',(0,1,0));
#10677=DIRECTION('',(-0.9238781802914813,-0.3826866968961701,0));
#10678=DIRECTION('',(0.007576459643958466,-0.9999712982177356,0));
#10679=FACE_SURFACE('',(#10684),#10680,.T.);
#10680=PLANE('',#10681);
#10681=AXIS2_PLACEMENT_3D('',#600,#10682,#10683);
#10682=DIRECTION('',(0,0,1));
#10683=DIRECTION('',(-0.007576459643958466,0.9999712982177356,0));
#10684=FACE_BOUND('',#10685,.T.);
#10685=EDGE_LOOP('',(#10686,#10687,#10688));
#10686=ORIENTED_EDGE('',*,*,#10689,.T.);
#10687=ORIENTED_EDGE('',*,*,#10690,.T.);
#10688=ORIENTED_EDGE('',*,*,#10691,.T.);
#10689=EDGE_CURVE('',#601,#533,#10692,.F.);
#10690=EDGE_CURVE('',#533,#599,#10693,.T.);
#10691=EDGE_CURVE('',#599,#601,#10694,.T.);
#10692=LINE('',#600,#10695);
#10693=LINE('',#532,#10696);
#10694=LINE('',#598,#10697);
#10695=VECTOR('',#10698,1.0);
#10696=VECTOR('',#10699,1.0);
#10697=VECTOR('',#10700,1.0);
#10698=DIRECTION('',(-0.007576459643958466,0.9999712982177356,0));
#10699=DIRECTION('',(0,-1,0));
#10700=DIRECTION('',(0.9238792297209396,-0.3826841633648344,0));
#10701=FACE_SURFACE('',(#10706),#10702,.T.);
#10702=PLANE('',#10703);
#10703=AXIS2_PLACEMENT_3D('',#598,#10704,#10705);
#10704=DIRECTION('',(0,-0,1));
#10705=DIRECTION('',(0,1,0));
#10706=FACE_BOUND('',#10707,.T.);
#10707=EDGE_LOOP('',(#10708,#10709,#10710));
#10708=ORIENTED_EDGE('',*,*,#10711,.T.);
#10709=ORIENTED_EDGE('',*,*,#10712,.T.);
#10710=ORIENTED_EDGE('',*,*,#10713,.T.);
#10711=EDGE_CURVE('',#599,#533,#10714,.F.);
#10712=EDGE_CURVE('',#533,#541,#10715,.T.);
#10713=EDGE_CURVE('',#541,#599,#10716,.T.);
#10714=LINE('',#598,#10717);
#10715=LINE('',#532,#10718);
#10716=LINE('',#540,#10719);
#10717=VECTOR('',#10720,1.0);
#10718=VECTOR('',#10721,1.0);
#10719=VECTOR('',#10722,1.0);
#10720=DIRECTION('',(0,1,0));
#10721=DIRECTION('',(-0.49999977444455707,-0.8660255340088951,0));
#10722=DIRECTION('',(0.01619691569068635,-0.9998688213571362,0));
#10723=FACE_SURFACE('',(#10728),#10724,.T.);
#10724=PLANE('',#10725);
#10725=AXIS2_PLACEMENT_3D('',#598,#10726,#10727);
#10726=DIRECTION('',(0,0,1));
#10727=DIRECTION('',(-0.01619691569068635,0.9998688213571362,0));
#10728=FACE_BOUND('',#10729,.T.);
#10729=EDGE_LOOP('',(#10730,#10731,#10732));
#10730=ORIENTED_EDGE('',*,*,#10733,.T.);
#10731=ORIENTED_EDGE('',*,*,#10734,.T.);
#10732=ORIENTED_EDGE('',*,*,#10735,.T.);
#10733=EDGE_CURVE('',#599,#541,#10736,.F.);
#10734=EDGE_CURVE('',#541,#557,#10737,.T.);
#10735=EDGE_CURVE('',#557,#599,#10738,.T.);
#10736=LINE('',#598,#10739);
#10737=LINE('',#540,#10740);
#10738=LINE('',#556,#10741);
#10739=VECTOR('',#10742,1.0);
#10740=VECTOR('',#10743,1.0);
#10741=VECTOR('',#10744,1.0);
#10742=DIRECTION('',(-0.01619691569068635,0.9998688213571362,0));
#10743=DIRECTION('',(0,-1,0));
#10744=DIRECTION('',(0.5000000131829792,-0.8660253961732419,0));
#10745=FACE_SURFACE('',(#10750),#10746,.T.);
#10746=PLANE('',#10747);
#10747=AXIS2_PLACEMENT_3D('',#618,#10748,#10749);
#10748=DIRECTION('',(0,-0,1));
#10749=DIRECTION('',(0,1,0));
#10750=FACE_BOUND('',#10751,.T.);
#10751=EDGE_LOOP('',(#10752,#10753,#10754));
#10752=ORIENTED_EDGE('',*,*,#10755,.T.);
#10753=ORIENTED_EDGE('',*,*,#10756,.T.);
#10754=ORIENTED_EDGE('',*,*,#10757,.T.);
#10755=EDGE_CURVE('',#619,#555,#10758,.F.);
#10756=EDGE_CURVE('',#555,#617,#10759,.T.);
#10757=EDGE_CURVE('',#617,#619,#10760,.T.);
#10758=LINE('',#618,#10761);
#10759=LINE('',#554,#10762);
#10760=LINE('',#616,#10763);
#10761=VECTOR('',#10764,1.0);
#10762=VECTOR('',#10765,1.0);
#10763=VECTOR('',#10766,1.0);
#10764=DIRECTION('',(0,1,0));
#10765=DIRECTION('',(-0.008096348392503786,-0.9999672240342217,0));
#10766=DIRECTION('',(0.9914446479860056,0.13052781305110842,0));
#10767=FACE_SURFACE('',(#10772),#10768,.T.);
#10768=PLANE('',#10769);
#10769=AXIS2_PLACEMENT_3D('',#616,#10770,#10771);
#10770=DIRECTION('',(0,0,1));
#10771=DIRECTION('',(0.008096348392503786,0.9999672240342217,0));
#10772=FACE_BOUND('',#10773,.T.);
#10773=EDGE_LOOP('',(#10774,#10775,#10776));
#10774=ORIENTED_EDGE('',*,*,#10777,.T.);
#10775=ORIENTED_EDGE('',*,*,#10778,.T.);
#10776=ORIENTED_EDGE('',*,*,#10779,.T.);
#10777=EDGE_CURVE('',#617,#555,#10780,.F.);
#10778=EDGE_CURVE('',#555,#543,#10781,.T.);
#10779=EDGE_CURVE('',#543,#617,#10782,.T.);
#10780=LINE('',#616,#10783);
#10781=LINE('',#554,#10784);
#10782=LINE('',#542,#10785);
#10783=VECTOR('',#10786,1.0);
#10784=VECTOR('',#10787,1.0);
#10785=VECTOR('',#10788,1.0);
#10786=DIRECTION('',(0.008096348392503786,0.9999672240342217,0));
#10787=DIRECTION('',(-0.99144529064532,0.13052293153778352,0));
#10788=DIRECTION('',(0,-1,0));
#10789=FACE_SURFACE('',(#10794),#10790,.T.);
#10790=PLANE('',#10791);
#10791=AXIS2_PLACEMENT_3D('',#616,#10792,#10793);
#10792=DIRECTION('',(0,-0,1));
#10793=DIRECTION('',(0,1,0));
#10794=FACE_BOUND('',#10795,.T.);
#10795=EDGE_LOOP('',(#10796,#10797,#10798));
#10796=ORIENTED_EDGE('',*,*,#10799,.T.);
#10797=ORIENTED_EDGE('',*,*,#10800,.T.);
#10798=ORIENTED_EDGE('',*,*,#10801,.T.);
#10799=EDGE_CURVE('',#617,#543,#10802,.F.);
#10800=EDGE_CURVE('',#543,#529,#10803,.T.);
#10801=EDGE_CURVE('',#529,#617,#10804,.T.);
#10802=LINE('',#616,#10805);
#10803=LINE('',#542,#10806);
#10804=LINE('',#528,#10807);
#10805=VECTOR('',#10808,1.0);
#10806=VECTOR('',#10809,1.0);
#10807=VECTOR('',#10810,1.0);
#10808=DIRECTION('',(0,1,0));
#10809=DIRECTION('',(-1,0,0));
#10810=DIRECTION('',(0.06237828621304879,-0.9980525784792718,0));
#10811=FACE_SURFACE('',(#10816),#10812,.T.);
#10812=PLANE('',#10813);
#10813=AXIS2_PLACEMENT_3D('',#554,#10814,#10815);
#10814=DIRECTION('',(0,0,1));
#10815=DIRECTION('',(0,-1,0));
#10816=FACE_BOUND('',#10817,.T.);
#10817=EDGE_LOOP('',(#10818,#10819,#10820));
#10818=ORIENTED_EDGE('',*,*,#10821,.T.);
#10819=ORIENTED_EDGE('',*,*,#10822,.T.);
#10820=ORIENTED_EDGE('',*,*,#10823,.T.);
#10821=EDGE_CURVE('',#555,#619,#10824,.F.);
#10822=EDGE_CURVE('',#619,#553,#10825,.T.);
#10823=EDGE_CURVE('',#553,#555,#10826,.T.);
#10824=LINE('',#554,#10827);
#10825=LINE('',#618,#10828);
#10826=LINE('',#552,#10829);
#10827=VECTOR('',#10830,1.0);
#10828=VECTOR('',#10831,1.0);
#10829=VECTOR('',#10832,1.0);
#10830=DIRECTION('',(0,-1,0));
#10831=DIRECTION('',(0.007576579472262972,0.999971297309828,0));
#10832=DIRECTION('',(-0.9238803202762261,0.3826815305267528,0));
#10833=FACE_SURFACE('',(#10838),#10834,.T.);
#10834=PLANE('',#10835);
#10835=AXIS2_PLACEMENT_3D('',#552,#10836,#10837);
#10836=DIRECTION('',(0,0,1));
#10837=DIRECTION('',(-0.007576579472262972,-0.999971297309828,0));
#10838=FACE_BOUND('',#10839,.T.);
#10839=EDGE_LOOP('',(#10840,#10841,#10842));
#10840=ORIENTED_EDGE('',*,*,#10843,.T.);
#10841=ORIENTED_EDGE('',*,*,#10844,.T.);
#10842=ORIENTED_EDGE('',*,*,#10845,.T.);
#10843=EDGE_CURVE('',#553,#619,#10846,.F.);
#10844=EDGE_CURVE('',#619,#621,#10847,.T.);
#10845=EDGE_CURVE('',#621,#553,#10848,.T.);
#10846=LINE('',#552,#10849);
#10847=LINE('',#618,#10850);
#10848=LINE('',#620,#10851);
#10849=VECTOR('',#10852,1.0);
#10850=VECTOR('',#10853,1.0);
#10851=VECTOR('',#10854,1.0);
#10852=DIRECTION('',(-0.007576579472262972,-0.999971297309828,0));
#10853=DIRECTION('',(0.92388136967978,0.38267899701788377,0));
#10854=DIRECTION('',(0,1,0));
#10855=FACE_SURFACE('',(#10860),#10856,.T.);
#10856=PLANE('',#10857);
#10857=AXIS2_PLACEMENT_3D('',#552,#10858,#10859);
#10858=DIRECTION('',(0,0,1));
#10859=DIRECTION('',(0,-1,0));
#10860=FACE_BOUND('',#10861,.T.);
#10861=EDGE_LOOP('',(#10862,#10863,#10864));
#10862=ORIENTED_EDGE('',*,*,#10865,.T.);
#10863=ORIENTED_EDGE('',*,*,#10866,.T.);
#10864=ORIENTED_EDGE('',*,*,#10867,.T.);
#10865=EDGE_CURVE('',#553,#621,#10868,.F.);
#10866=EDGE_CURVE('',#621,#545,#10869,.T.);
#10867=EDGE_CURVE('',#545,#553,#10870,.T.);
#10868=LINE('',#552,#10871);
#10869=LINE('',#620,#10872);
#10870=LINE('',#544,#10873);
#10871=VECTOR('',#10874,1.0);
#10872=VECTOR('',#10875,1.0);
#10873=VECTOR('',#10876,1.0);
#10874=DIRECTION('',(0,-1,0));
#10875=DIRECTION('',(0.01619691569068635,0.9998688213571362,0));
#10876=DIRECTION('',(-0.49999977444455707,0.8660255340088951,0));
#10877=FACE_SURFACE('',(#10882),#10878,.T.);
#10878=PLANE('',#10879);
#10879=AXIS2_PLACEMENT_3D('',#544,#10880,#10881);
#10880=DIRECTION('',(0,0,1));
#10881=DIRECTION('',(-0.01619691569068635,-0.9998688213571362,0));
#10882=FACE_BOUND('',#10883,.T.);
#10883=EDGE_LOOP('',(#10884,#10885,#10886));
#10884=ORIENTED_EDGE('',*,*,#10887,.T.);
#10885=ORIENTED_EDGE('',*,*,#10888,.T.);
#10886=ORIENTED_EDGE('',*,*,#10889,.T.);
#10887=EDGE_CURVE('',#545,#621,#10890,.F.);
#10888=EDGE_CURVE('',#621,#589,#10891,.T.);
#10889=EDGE_CURVE('',#589,#545,#10892,.T.);
#10890=LINE('',#544,#10893);
#10891=LINE('',#620,#10894);
#10892=LINE('',#588,#10895);
#10893=VECTOR('',#10896,1.0);
#10894=VECTOR('',#10897,1.0);
#10895=VECTOR('',#10898,1.0);
#10896=DIRECTION('',(-0.01619691569068635,-0.9998688213571362,0));
#10897=DIRECTION('',(0.5000000131829792,0.8660253961732419,0));
#10898=DIRECTION('',(0,1,0));
#10899=FACE_SURFACE('',(#10904),#10900,.T.);
#10900=PLANE('',#10901);
#10901=AXIS2_PLACEMENT_3D('',#588,#10902,#10903);
#10902=DIRECTION('',(0,0,1));
#10903=DIRECTION('',(-0.5000000131829792,-0.8660253961732419,0));
#10904=FACE_BOUND('',#10905,.T.);
#10905=EDGE_LOOP('',(#10906,#10907,#10908));
#10906=ORIENTED_EDGE('',*,*,#10909,.T.);
#10907=ORIENTED_EDGE('',*,*,#10910,.T.);
#10908=ORIENTED_EDGE('',*,*,#10911,.T.);
#10909=EDGE_CURVE('',#589,#621,#10912,.F.);
#10910=EDGE_CURVE('',#621,#623,#10913,.T.);
#10911=EDGE_CURVE('',#623,#589,#10914,.T.);
#10912=LINE('',#588,#10915);
#10913=LINE('',#620,#10916);
#10914=LINE('',#622,#10917);
#10915=VECTOR('',#10918,1.0);
#10916=VECTOR('',#10919,1.0);
#10917=VECTOR('',#10920,1.0);
#10918=DIRECTION('',(-0.5000000131829792,-0.8660253961732419,0));
#10919=DIRECTION('',(0.7933489864926565,0.6087671029474859,0));
#10920=DIRECTION('',(0.38268685530117474,0.9238781146773084,0));
#10921=FACE_SURFACE('',(#10926),#10922,.T.);
#10922=PLANE('',#10923);
#10923=AXIS2_PLACEMENT_3D('',#588,#10924,#10925);
#10924=DIRECTION('',(0,0,1));
#10925=DIRECTION('',(-0.38268685530117474,-0.9238781146773084,0));
#10926=FACE_BOUND('',#10927,.T.);
#10927=EDGE_LOOP('',(#10928,#10929,#10930));
#10928=ORIENTED_EDGE('',*,*,#10931,.T.);
#10929=ORIENTED_EDGE('',*,*,#10932,.T.);
#10930=ORIENTED_EDGE('',*,*,#10933,.T.);
#10931=EDGE_CURVE('',#589,#623,#10934,.F.);
#10932=EDGE_CURVE('',#623,#625,#10935,.T.);
#10933=EDGE_CURVE('',#625,#589,#10936,.T.);
#10934=LINE('',#588,#10937);
#10935=LINE('',#622,#10938);
#10936=LINE('',#624,#10939);
#10937=VECTOR('',#10940,1.0);
#10938=VECTOR('',#10941,1.0);
#10939=VECTOR('',#10942,1.0);
#10940=DIRECTION('',(-0.38268685530117474,-0.9238781146773084,0));
#10941=DIRECTION('',(0.6087655220797654,0.7933501995505835,0));
#10942=DIRECTION('',(0.25882154409663216,0.9659251566821495,0));
#10943=FACE_SURFACE('',(#10948),#10944,.T.);
#10944=PLANE('',#10945);
#10945=AXIS2_PLACEMENT_3D('',#624,#10946,#10947);
#10946=DIRECTION('',(0,0,1));
#10947=DIRECTION('',(0.3826797339751855,0.9238810644258714,0));
#10948=FACE_BOUND('',#10949,.T.);
#10949=EDGE_LOOP('',(#10950,#10951,#10952));
#10950=ORIENTED_EDGE('',*,*,#10953,.T.);
#10951=ORIENTED_EDGE('',*,*,#10954,.T.);
#10952=ORIENTED_EDGE('',*,*,#10955,.T.);
#10953=EDGE_CURVE('',#625,#627,#10956,.F.);
#10954=EDGE_CURVE('',#627,#589,#10957,.T.);
#10955=EDGE_CURVE('',#589,#625,#10958,.T.);
#10956=LINE('',#624,#10959);
#10957=LINE('',#626,#10960);
#10958=LINE('',#588,#10961);
#10959=VECTOR('',#10962,1.0);
#10960=VECTOR('',#10963,1.0);
#10961=VECTOR('',#10964,1.0);
#10962=DIRECTION('',(0.3826797339751855,0.9238810644258714,0));
#10963=DIRECTION('',(0.13053567026511576,0.9914436135194159,0));
#10964=DIRECTION('',(-0.25882154409663216,-0.9659251566821495,0));
#10965=FACE_SURFACE('',(#10970),#10966,.T.);
#10966=PLANE('',#10967);
#10967=AXIS2_PLACEMENT_3D('',#546,#10968,#10969);
#10968=DIRECTION('',(0,0,1));
#10969=DIRECTION('',(-0.3826804604958138,0.9238807634942466,0));
#10970=FACE_BOUND('',#10971,.T.);
#10971=EDGE_LOOP('',(#10972,#10973,#10974));
#10972=ORIENTED_EDGE('',*,*,#10975,.T.);
#10973=ORIENTED_EDGE('',*,*,#10976,.T.);
#10974=ORIENTED_EDGE('',*,*,#10977,.T.);
#10975=EDGE_CURVE('',#547,#549,#10978,.F.);
#10976=EDGE_CURVE('',#549,#545,#10979,.T.);
#10977=EDGE_CURVE('',#545,#547,#10980,.T.);
#10978=LINE('',#546,#10981);
#10979=LINE('',#548,#10982);
#10980=LINE('',#544,#10983);
#10981=VECTOR('',#10984,1.0);
#10982=VECTOR('',#10985,1.0);
#10983=VECTOR('',#10986,1.0);
#10984=DIRECTION('',(-0.3826804604958138,0.9238807634942466,0));
#10985=DIRECTION('',(0.25882154409663216,-0.9659251566821495,0));
#10986=DIRECTION('',(-0.13053540432077632,0.9914436485342026,0));
#10987=FACE_SURFACE('',(#10992),#10988,.T.);
#10988=PLANE('',#10989);
#10989=AXIS2_PLACEMENT_3D('',#544,#10990,#10991);
#10990=DIRECTION('',(0,0,1));
#10991=DIRECTION('',(-0.25882154409663216,0.9659251566821495,0));
#10992=FACE_BOUND('',#10993,.T.);
#10993=EDGE_LOOP('',(#10994,#10995,#10996));
#10994=ORIENTED_EDGE('',*,*,#10997,.T.);
#10995=ORIENTED_EDGE('',*,*,#10998,.T.);
#10996=ORIENTED_EDGE('',*,*,#10999,.T.);
#10997=EDGE_CURVE('',#545,#549,#11000,.F.);
#10998=EDGE_CURVE('',#549,#551,#11001,.T.);
#10999=EDGE_CURVE('',#551,#545,#11002,.T.);
#11000=LINE('',#544,#11003);
#11001=LINE('',#548,#11004);
#11002=LINE('',#550,#11005);
#11003=VECTOR('',#11006,1.0);
#11004=VECTOR('',#11007,1.0);
#11005=VECTOR('',#11008,1.0);
#11006=DIRECTION('',(-0.25882154409663216,0.9659251566821495,0));
#11007=DIRECTION('',(-0.6087640334084832,0.7933513418582181,0));
#11008=DIRECTION('',(0.3826864835935973,-0.9238782686451541,0));
#11009=FACE_SURFACE('',(#11014),#11010,.T.);
#11010=PLANE('',#11011);
#11011=AXIS2_PLACEMENT_3D('',#544,#11012,#11013);
#11012=DIRECTION('',(0,0,1));
#11013=DIRECTION('',(-0.3826864835935973,0.9238782686451541,0));
#11014=FACE_BOUND('',#11015,.T.);
#11015=EDGE_LOOP('',(#11016,#11017,#11018));
#11016=ORIENTED_EDGE('',*,*,#11019,.T.);
#11017=ORIENTED_EDGE('',*,*,#11020,.T.);
#11018=ORIENTED_EDGE('',*,*,#11021,.T.);
#11019=EDGE_CURVE('',#545,#551,#11022,.F.);
#11020=EDGE_CURVE('',#551,#553,#11023,.T.);
#11021=EDGE_CURVE('',#553,#545,#11024,.T.);
#11022=LINE('',#544,#11025);
#11023=LINE('',#550,#11026);
#11024=LINE('',#552,#11027);
#11025=VECTOR('',#11028,1.0);
#11026=VECTOR('',#11029,1.0);
#11027=VECTOR('',#11030,1.0);
#11028=DIRECTION('',(-0.3826864835935973,0.9238782686451541,0));
#11029=DIRECTION('',(-0.7933494551558762,0.6087664921822442,0));
#11030=DIRECTION('',(0.49999977444455707,-0.8660255340088951,0));
#11031=FACE_SURFACE('',(#11036),#11032,.T.);
#11032=PLANE('',#11033);
#11033=AXIS2_PLACEMENT_3D('',#532,#11034,#11035);
#11034=DIRECTION('',(0,0,1));
#11035=DIRECTION('',(-0.793354870556795,-0.6087594347226258,0));
#11036=FACE_BOUND('',#11037,.T.);
#11037=EDGE_LOOP('',(#11038,#11039,#11040));
#11038=ORIENTED_EDGE('',*,*,#11041,.T.);
#11039=ORIENTED_EDGE('',*,*,#11042,.T.);
#11040=ORIENTED_EDGE('',*,*,#11043,.T.);
#11041=EDGE_CURVE('',#533,#535,#11044,.F.);
#11042=EDGE_CURVE('',#535,#541,#11045,.T.);
#11043=EDGE_CURVE('',#541,#533,#11046,.T.);
#11044=LINE('',#532,#11047);
#11045=LINE('',#534,#11048);
#11046=LINE('',#540,#11049);
#11047=VECTOR('',#11050,1.0);
#11048=VECTOR('',#11051,1.0);
#11049=VECTOR('',#11052,1.0);
#11050=DIRECTION('',(-0.793354870556795,-0.6087594347226258,0));
#11051=DIRECTION('',(-0.38268222937202623,-0.9238800308064115,0));
#11052=DIRECTION('',(0.49999977444455707,0.8660255340088951,0));
#11053=FACE_SURFACE('',(#11058),#11054,.T.);
#11054=PLANE('',#11055);
#11055=AXIS2_PLACEMENT_3D('',#540,#11056,#11057);
#11056=DIRECTION('',(0,0,1));
#11057=DIRECTION('',(0.38268222937202623,0.9238800308064115,0));
#11058=FACE_BOUND('',#11059,.T.);
#11059=EDGE_LOOP('',(#11060,#11061,#11062));
#11060=ORIENTED_EDGE('',*,*,#11063,.T.);
#11061=ORIENTED_EDGE('',*,*,#11064,.T.);
#11062=ORIENTED_EDGE('',*,*,#11065,.T.);
#11063=EDGE_CURVE('',#541,#535,#11066,.F.);
#11064=EDGE_CURVE('',#535,#537,#11067,.T.);
#11065=EDGE_CURVE('',#537,#541,#11068,.T.);
#11066=LINE('',#540,#11069);
#11067=LINE('',#534,#11070);
#11068=LINE('',#536,#11071);
#11069=VECTOR('',#11072,1.0);
#11070=VECTOR('',#11073,1.0);
#11071=VECTOR('',#11074,1.0);
#11072=DIRECTION('',(0.38268222937202623,0.9238800308064115,0));
#11073=DIRECTION('',(-0.6087640334084832,-0.7933513418582181,0));
#11074=DIRECTION('',(-0.25881466832019495,-0.9659269990337299,0));
#11075=FACE_SURFACE('',(#11080),#11076,.T.);
#11076=PLANE('',#11077);
#11077=AXIS2_PLACEMENT_3D('',#540,#11078,#11079);
#11078=DIRECTION('',(0,0,1));
#11079=DIRECTION('',(0.25881466832019495,0.9659269990337299,0));
#11080=FACE_BOUND('',#11081,.T.);
#11081=EDGE_LOOP('',(#11082,#11083,#11084));
#11082=ORIENTED_EDGE('',*,*,#11085,.T.);
#11083=ORIENTED_EDGE('',*,*,#11086,.T.);
#11084=ORIENTED_EDGE('',*,*,#11087,.T.);
#11085=EDGE_CURVE('',#541,#537,#11088,.F.);
#11086=EDGE_CURVE('',#537,#539,#11089,.T.);
#11087=EDGE_CURVE('',#539,#541,#11090,.T.);
#11088=LINE('',#540,#11091);
#11089=LINE('',#536,#11092);
#11090=LINE('',#538,#11093);
#11091=VECTOR('',#11094,1.0);
#11092=VECTOR('',#11095,1.0);
#11093=VECTOR('',#11096,1.0);
#11094=DIRECTION('',(0.25881466832019495,0.9659269990337299,0));
#11095=DIRECTION('',(-0.3826804604958138,-0.9238807634942466,0));
#11096=DIRECTION('',(-0.13052104055558156,-0.9914455395896884,0));
#11097=FACE_SURFACE('',(#11102),#11098,.T.);
#11098=PLANE('',#11099);
#11099=AXIS2_PLACEMENT_3D('',#592,#11100,#11101);
#11100=DIRECTION('',(-0,-0,1));
#11101=DIRECTION('',(0.3826798146995753,-0.9238810309891089,0));
#11102=FACE_BOUND('',#11103,.T.);
#11103=EDGE_LOOP('',(#11104,#11105,#11106));
#11104=ORIENTED_EDGE('',*,*,#11107,.T.);
#11105=ORIENTED_EDGE('',*,*,#11108,.T.);
#11106=ORIENTED_EDGE('',*,*,#11109,.T.);
#11107=EDGE_CURVE('',#593,#595,#11110,.F.);
#11108=EDGE_CURVE('',#595,#557,#11111,.T.);
#11109=EDGE_CURVE('',#557,#593,#11112,.T.);
#11110=LINE('',#592,#11113);
#11111=LINE('',#594,#11114);
#11112=LINE('',#556,#11115);
#11113=VECTOR('',#11116,1.0);
#11114=VECTOR('',#11117,1.0);
#11115=VECTOR('',#11118,1.0);
#11116=DIRECTION('',(0.3826798146995753,-0.9238810309891089,0));
#11117=DIRECTION('',(-0.25881469710661403,0.9659269913205716,0));
#11118=DIRECTION('',(0.13052130647167157,-0.9914455045825402,0));
#11119=FACE_SURFACE('',(#11124),#11120,.T.);
#11120=PLANE('',#11121);
#11121=AXIS2_PLACEMENT_3D('',#556,#11122,#11123);
#11122=DIRECTION('',(0,0,1));
#11123=DIRECTION('',(0.25881469710661403,-0.9659269913205716,0));
#11124=FACE_BOUND('',#11125,.T.);
#11125=EDGE_LOOP('',(#11126,#11127,#11128));
#11126=ORIENTED_EDGE('',*,*,#11129,.T.);
#11127=ORIENTED_EDGE('',*,*,#11130,.T.);
#11128=ORIENTED_EDGE('',*,*,#11131,.T.);
#11129=EDGE_CURVE('',#557,#595,#11132,.F.);
#11130=EDGE_CURVE('',#595,#597,#11133,.T.);
#11131=EDGE_CURVE('',#597,#557,#11134,.T.);
#11132=LINE('',#556,#11135);
#11133=LINE('',#594,#11136);
#11134=LINE('',#596,#11137);
#11135=VECTOR('',#11138,1.0);
#11136=VECTOR('',#11139,1.0);
#11137=VECTOR('',#11140,1.0);
#11138=DIRECTION('',(0.25881469710661403,-0.9659269913205716,0));
#11139=DIRECTION('',(0.6087654118076424,-0.7933502841662512,0));
#11140=DIRECTION('',(-0.38268260107688945,0.9238798768416955,0));
#11141=FACE_SURFACE('',(#11146),#11142,.T.);
#11142=PLANE('',#11143);
#11143=AXIS2_PLACEMENT_3D('',#556,#11144,#11145);
#11144=DIRECTION('',(0,0,1));
#11145=DIRECTION('',(0.38268260107688945,-0.9238798768416955,0));
#11146=FACE_BOUND('',#11147,.T.);
#11147=EDGE_LOOP('',(#11148,#11149,#11150));
#11148=ORIENTED_EDGE('',*,*,#11151,.T.);
#11149=ORIENTED_EDGE('',*,*,#11152,.T.);
#11150=ORIENTED_EDGE('',*,*,#11153,.T.);
#11151=EDGE_CURVE('',#557,#597,#11154,.F.);
#11152=EDGE_CURVE('',#597,#599,#11155,.T.);
#11153=EDGE_CURVE('',#599,#557,#11156,.T.);
#11154=LINE('',#556,#11157);
#11155=LINE('',#596,#11158);
#11156=LINE('',#598,#11159);
#11157=VECTOR('',#11160,1.0);
#11158=VECTOR('',#11161,1.0);
#11159=VECTOR('',#11162,1.0);
#11160=DIRECTION('',(0.38268260107688945,-0.9238798768416955,0));
#11161=DIRECTION('',(0.7933544019012427,-0.608760045489125,0));
#11162=DIRECTION('',(-0.5000000131829792,0.8660253961732419,0));
#11163=FACE_SURFACE('',(#11168),#11164,.T.);
#11164=PLANE('',#11165);
#11165=AXIS2_PLACEMENT_3D('',#382,#11166,#11167);
#11166=DIRECTION('',(-1,0,0));
#11167=DIRECTION('',(0,0.12797107479172337,-0.9917779005486315));
#11168=FACE_BOUND('',#11169,.T.);
#11169=EDGE_LOOP('',(#11170,#11171,#11172));
#11170=ORIENTED_EDGE('',*,*,#11173,.T.);
#11171=ORIENTED_EDGE('',*,*,#11174,.T.);
#11172=ORIENTED_EDGE('',*,*,#11175,.T.);
#11173=EDGE_CURVE('',#383,#473,#11176,.F.);
#11174=EDGE_CURVE('',#473,#641,#11177,.T.);
#11175=EDGE_CURVE('',#641,#383,#11178,.T.);
#11176=LINE('',#382,#11179);
#11177=LINE('',#472,#11180);
#11178=LINE('',#640,#11181);
#11179=VECTOR('',#11182,1.0);
#11180=VECTOR('',#11183,1.0);
#11181=VECTOR('',#11184,1.0);
#11182=DIRECTION('',(0,0.12797107479172337,-0.9917779005486315));
#11183=DIRECTION('',(0,-0.06438230191364684,-0.9979253074255108));
#11184=DIRECTION('',(0,0,1));
#11185=FACE_SURFACE('',(#11190),#11186,.T.);
#11186=PLANE('',#11187);
#11187=AXIS2_PLACEMENT_3D('',#640,#11188,#11189);
#11188=DIRECTION('',(-1,0,0));
#11189=DIRECTION('',(0,0.06438230191364684,0.9979253074255108));
#11190=FACE_BOUND('',#11191,.T.);
#11191=EDGE_LOOP('',(#11192,#11193,#11194));
#11192=ORIENTED_EDGE('',*,*,#11195,.T.);
#11193=ORIENTED_EDGE('',*,*,#11196,.T.);
#11194=ORIENTED_EDGE('',*,*,#11197,.T.);
#11195=EDGE_CURVE('',#641,#473,#11198,.F.);
#11196=EDGE_CURVE('',#473,#467,#11199,.T.);
#11197=EDGE_CURVE('',#467,#641,#11200,.T.);
#11198=LINE('',#640,#11201);
#11199=LINE('',#472,#11202);
#11200=LINE('',#466,#11203);
#11201=VECTOR('',#11204,1.0);
#11202=VECTOR('',#11205,1.0);
#11203=VECTOR('',#11206,1.0);
#11204=DIRECTION('',(0,0.06438230191364684,0.9979253074255108));
#11205=DIRECTION('',(0,1,0));
#11206=DIRECTION('',(0,-0.5856816318127391,-0.8105411933746287));
#11207=FACE_SURFACE('',(#11212),#11208,.T.);
#11208=PLANE('',#11209);
#11209=AXIS2_PLACEMENT_3D('',#640,#11210,#11211);
#11210=DIRECTION('',(-1,0,0));
#11211=DIRECTION('',(0,0.5856816318127391,0.8105411933746287));
#11212=FACE_BOUND('',#11213,.T.);
#11213=EDGE_LOOP('',(#11214,#11215,#11216));
#11214=ORIENTED_EDGE('',*,*,#11217,.T.);
#11215=ORIENTED_EDGE('',*,*,#11218,.T.);
#11216=ORIENTED_EDGE('',*,*,#11219,.T.);
#11217=EDGE_CURVE('',#641,#467,#11220,.F.);
#11218=EDGE_CURVE('',#467,#643,#11221,.T.);
#11219=EDGE_CURVE('',#643,#641,#11222,.T.);
#11220=LINE('',#640,#11223);
#11221=LINE('',#466,#11224);
#11222=LINE('',#642,#11225);
#11223=VECTOR('',#11226,1.0);
#11224=VECTOR('',#11227,1.0);
#11225=VECTOR('',#11228,1.0);
#11226=DIRECTION('',(0,0.5856816318127391,0.8105411933746287));
#11227=DIRECTION('',(0,0.06438237070205054,-0.9979253029875452));
#11228=DIRECTION('',(0,-1,0));
#11229=FACE_SURFACE('',(#11234),#11230,.T.);
#11230=PLANE('',#11231);
#11231=AXIS2_PLACEMENT_3D('',#642,#11232,#11233);
#11232=DIRECTION('',(-1,0,0));
#11233=DIRECTION('',(0,-0.06438237070205054,0.9979253029875452));
#11234=FACE_BOUND('',#11235,.T.);
#11235=EDGE_LOOP('',(#11236,#11237,#11238));
#11236=ORIENTED_EDGE('',*,*,#11239,.T.);
#11237=ORIENTED_EDGE('',*,*,#11240,.T.);
#11238=ORIENTED_EDGE('',*,*,#11241,.T.);
#11239=EDGE_CURVE('',#643,#467,#11242,.F.);
#11240=EDGE_CURVE('',#467,#389,#11243,.T.);
#11241=EDGE_CURVE('',#389,#643,#11244,.T.);
#11242=LINE('',#642,#11245);
#11243=LINE('',#466,#11246);
#11244=LINE('',#388,#11247);
#11245=VECTOR('',#11248,1.0);
#11246=VECTOR('',#11249,1.0);
#11247=VECTOR('',#11250,1.0);
#11248=DIRECTION('',(0,-0.06438237070205054,0.9979253029875452));
#11249=DIRECTION('',(0,0.12797120984132912,0.9917778831229029));
#11250=DIRECTION('',(0,0,-1));
#11251=FACE_SURFACE('',(#11256),#11252,.T.);
#11252=PLANE('',#11253);
#11253=AXIS2_PLACEMENT_3D('',#388,#11254,#11255);
#11254=DIRECTION('',(-1,0,0));
#11255=DIRECTION('',(0,-0.12797120984132912,-0.9917778831229029));
#11256=FACE_BOUND('',#11257,.T.);
#11257=EDGE_LOOP('',(#11258,#11259,#11260));
#11258=ORIENTED_EDGE('',*,*,#11261,.T.);
#11259=ORIENTED_EDGE('',*,*,#11262,.T.);
#11260=ORIENTED_EDGE('',*,*,#11263,.T.);
#11261=EDGE_CURVE('',#389,#467,#11264,.F.);
#11262=EDGE_CURVE('',#467,#461,#11265,.T.);
#11263=EDGE_CURVE('',#461,#389,#11266,.T.);
#11264=LINE('',#388,#11267);
#11265=LINE('',#466,#11268);
#11266=LINE('',#460,#11269);
#11267=VECTOR('',#11270,1.0);
#11268=VECTOR('',#11271,1.0);
#11269=VECTOR('',#11272,1.0);
#11270=DIRECTION('',(0,-0.12797120984132912,-0.9917778831229029));
#11271=DIRECTION('',(0,0,1));
#11272=DIRECTION('',(0,0.16307646805849763,0.9866134326906186));
#11273=FACE_SURFACE('',(#11278),#11274,.T.);
#11274=PLANE('',#11275);
#11275=AXIS2_PLACEMENT_3D('',#388,#11276,#11277);
#11276=DIRECTION('',(-1,0,0));
#11277=DIRECTION('',(0,-0.16307646805849763,-0.9866134326906186));
#11278=FACE_BOUND('',#11279,.T.);
#11279=EDGE_LOOP('',(#11280,#11281,#11282));
#11280=ORIENTED_EDGE('',*,*,#11283,.T.);
#11281=ORIENTED_EDGE('',*,*,#11284,.T.);
#11282=ORIENTED_EDGE('',*,*,#11285,.T.);
#11283=EDGE_CURVE('',#389,#461,#11286,.F.);
#11284=EDGE_CURVE('',#461,#379,#11287,.T.);
#11285=EDGE_CURVE('',#379,#389,#11288,.T.);
#11286=LINE('',#388,#11289);
#11287=LINE('',#460,#11290);
#11288=LINE('',#378,#11291);
#11289=VECTOR('',#11292,1.0);
#11290=VECTOR('',#11293,1.0);
#11291=VECTOR('',#11294,1.0);
#11292=DIRECTION('',(0,-0.16307646805849763,-0.9866134326906186));
#11293=DIRECTION('',(0,9.082586139243199E-07,0.9999999999995877));
#11294=DIRECTION('',(0,0.19611584739871912,0.9805807332387693));
#11295=FACE_SURFACE('',(#11300),#11296,.T.);
#11296=PLANE('',#11297);
#11297=AXIS2_PLACEMENT_3D('',#378,#11298,#11299);
#11298=DIRECTION('',(-1,-0,0));
#11299=DIRECTION('',(0,-9.082586139243199E-07,-0.9999999999995877));
#11300=FACE_BOUND('',#11301,.T.);
#11301=EDGE_LOOP('',(#11302,#11303,#11304));
#11302=ORIENTED_EDGE('',*,*,#11305,.T.);
#11303=ORIENTED_EDGE('',*,*,#11306,.T.);
#11304=ORIENTED_EDGE('',*,*,#11307,.T.);
#11305=EDGE_CURVE('',#379,#461,#11308,.F.);
#11306=EDGE_CURVE('',#461,#377,#11309,.T.);
#11307=EDGE_CURVE('',#377,#379,#11310,.T.);
#11308=LINE('',#378,#11311);
#11309=LINE('',#460,#11312);
#11310=LINE('',#376,#11313);
#11311=VECTOR('',#11314,1.0);
#11312=VECTOR('',#11315,1.0);
#11313=VECTOR('',#11316,1.0);
#11314=DIRECTION('',(0,-9.082586139243199E-07,-0.9999999999995877));
#11315=DIRECTION('',(0,-0.9947432680133618,0.10240034541981398));
#11316=DIRECTION('',(0,1,0));
#11317=FACE_SURFACE('',(#11322),#11318,.T.);
#11318=PLANE('',#11319);
#11319=AXIS2_PLACEMENT_3D('',#376,#11320,#11321);
#11320=DIRECTION('',(-1,0,0));
#11321=DIRECTION('',(0,0.9947432680133618,-0.10240034541981398));
#11322=FACE_BOUND('',#11323,.T.);
#11323=EDGE_LOOP('',(#11324,#11325,#11326));
#11324=ORIENTED_EDGE('',*,*,#11327,.T.);
#11325=ORIENTED_EDGE('',*,*,#11328,.T.);
#11326=ORIENTED_EDGE('',*,*,#11329,.T.);
#11327=EDGE_CURVE('',#377,#461,#11330,.F.);
#11328=EDGE_CURVE('',#461,#463,#11331,.T.);
#11329=EDGE_CURVE('',#463,#377,#11332,.T.);
#11330=LINE('',#376,#11333);
#11331=LINE('',#460,#11334);
#11332=LINE('',#462,#11335);
#11333=VECTOR('',#11336,1.0);
#11334=VECTOR('',#11337,1.0);
#11335=VECTOR('',#11338,1.0);
#11336=DIRECTION('',(0,0.9947432680133618,-0.10240034541981398));
#11337=DIRECTION('',(0,-1,0));
#11338=DIRECTION('',(0,0,1));
#11339=FACE_SURFACE('',(#11344),#11340,.T.);
#11340=PLANE('',#11341);
#11341=AXIS2_PLACEMENT_3D('',#376,#11342,#11343);
#11342=DIRECTION('',(-1,-0,-0));
#11343=DIRECTION('',(0,0,-1));
#11344=FACE_BOUND('',#11345,.T.);
#11345=EDGE_LOOP('',(#11346,#11347,#11348));
#11346=ORIENTED_EDGE('',*,*,#11349,.T.);
#11347=ORIENTED_EDGE('',*,*,#11350,.T.);
#11348=ORIENTED_EDGE('',*,*,#11351,.T.);
#11349=EDGE_CURVE('',#377,#463,#11352,.F.);
#11350=EDGE_CURVE('',#463,#383,#11353,.T.);
#11351=EDGE_CURVE('',#383,#377,#11354,.T.);
#11352=LINE('',#376,#11355);
#11353=LINE('',#462,#11356);
#11354=LINE('',#382,#11357);
#11355=VECTOR('',#11358,1.0);
#11356=VECTOR('',#11359,1.0);
#11357=VECTOR('',#11360,1.0);
#11358=DIRECTION('',(0,0,-1));
#11359=DIRECTION('',(0,-0.16307629774951343,0.9866134608408259));
#11360=DIRECTION('',(0,0.19611582491907129,-0.9805807377346917));
#11361=FACE_SURFACE('',(#11366),#11362,.T.);
#11362=PLANE('',#11363);
#11363=AXIS2_PLACEMENT_3D('',#382,#11364,#11365);
#11364=DIRECTION('',(-1,0,0));
#11365=DIRECTION('',(0,0.16307629774951343,-0.9866134608408259));
#11366=FACE_BOUND('',#11367,.T.);
#11367=EDGE_LOOP('',(#11368,#11369,#11370));
#11368=ORIENTED_EDGE('',*,*,#11371,.T.);
#11369=ORIENTED_EDGE('',*,*,#11372,.T.);
#11370=ORIENTED_EDGE('',*,*,#11373,.T.);
#11371=EDGE_CURVE('',#383,#463,#11374,.F.);
#11372=EDGE_CURVE('',#463,#473,#11375,.T.);
#11373=EDGE_CURVE('',#473,#383,#11376,.T.);
#11374=LINE('',#382,#11377);
#11375=LINE('',#462,#11378);
#11376=LINE('',#472,#11379);
#11377=VECTOR('',#11380,1.0);
#11378=VECTOR('',#11381,1.0);
#11379=VECTOR('',#11382,1.0);
#11380=DIRECTION('',(0,0.16307629774951343,-0.9866134608408259));
#11381=DIRECTION('',(0,0,-1));
#11382=DIRECTION('',(0,-0.12797107479172337,0.9917779005486315));
#11383=FACE_SURFACE('',(#11388),#11384,.T.);
#11384=PLANE('',#11385);
#11385=AXIS2_PLACEMENT_3D('',#380,#11386,#11387);
#11386=DIRECTION('',(-1,-0,-0));
#11387=DIRECTION('',(0,0,-1));
#11388=FACE_BOUND('',#11389,.T.);
#11389=EDGE_LOOP('',(#11390,#11391,#11392));
#11390=ORIENTED_EDGE('',*,*,#11393,.T.);
#11391=ORIENTED_EDGE('',*,*,#11394,.T.);
#11392=ORIENTED_EDGE('',*,*,#11395,.T.);
#11393=EDGE_CURVE('',#381,#417,#11396,.F.);
#11394=EDGE_CURVE('',#417,#383,#11397,.T.);
#11395=EDGE_CURVE('',#383,#381,#11398,.T.);
#11396=LINE('',#380,#11399);
#11397=LINE('',#416,#11400);
#11398=LINE('',#382,#11401);
#11399=VECTOR('',#11402,1.0);
#11400=VECTOR('',#11403,1.0);
#11401=VECTOR('',#11404,1.0);
#11402=DIRECTION('',(0,0,-1));
#11403=DIRECTION('',(0,-0.398724514153201,0.9170707507129937));
#11404=DIRECTION('',(0,1,0));
#11405=FACE_SURFACE('',(#11410),#11406,.T.);
#11406=PLANE('',#11407);
#11407=AXIS2_PLACEMENT_3D('',#382,#11408,#11409);
#11408=DIRECTION('',(-1,0,0));
#11409=DIRECTION('',(0,0.398724514153201,-0.9170707507129937));
#11410=FACE_BOUND('',#11411,.T.);
#11411=EDGE_LOOP('',(#11412,#11413,#11414));
#11412=ORIENTED_EDGE('',*,*,#11415,.T.);
#11413=ORIENTED_EDGE('',*,*,#11416,.T.);
#11414=ORIENTED_EDGE('',*,*,#11417,.T.);
#11415=EDGE_CURVE('',#383,#417,#11418,.F.);
#11416=EDGE_CURVE('',#417,#395,#11419,.T.);
#11417=EDGE_CURVE('',#395,#383,#11420,.T.);
#11418=LINE('',#382,#11421);
#11419=LINE('',#416,#11422);
#11420=LINE('',#394,#11423);
#11421=VECTOR('',#11424,1.0);
#11422=VECTOR('',#11425,1.0);
#11423=VECTOR('',#11426,1.0);
#11424=DIRECTION('',(0,0.398724514153201,-0.9170707507129937));
#11425=DIRECTION('',(0,0,-1));
#11426=DIRECTION('',(0,-0.2900065038969918,0.9570246745499533));
#11427=FACE_SURFACE('',(#11432),#11428,.T.);
#11428=PLANE('',#11429);
#11429=AXIS2_PLACEMENT_3D('',#382,#11430,#11431);
#11430=DIRECTION('',(-1,0,0));
#11431=DIRECTION('',(0,0.2900065038969918,-0.9570246745499533));
#11432=FACE_BOUND('',#11433,.T.);
#11433=EDGE_LOOP('',(#11434,#11435,#11436));
#11434=ORIENTED_EDGE('',*,*,#11437,.T.);
#11435=ORIENTED_EDGE('',*,*,#11438,.T.);
#11436=ORIENTED_EDGE('',*,*,#11439,.T.);
#11437=EDGE_CURVE('',#383,#395,#11440,.F.);
#11438=EDGE_CURVE('',#395,#377,#11441,.T.);
#11439=EDGE_CURVE('',#377,#383,#11442,.T.);
#11440=LINE('',#382,#11443);
#11441=LINE('',#394,#11444);
#11442=LINE('',#376,#11445);
#11443=VECTOR('',#11446,1.0);
#11444=VECTOR('',#11447,1.0);
#11445=VECTOR('',#11448,1.0);
#11446=DIRECTION('',(0,0.2900065038969918,-0.9570246745499533));
#11447=DIRECTION('',(0,0,-1));
#11448=DIRECTION('',(0,-0.19611582491907129,0.9805807377346917));
#11449=FACE_SURFACE('',(#11454),#11450,.T.);
#11450=PLANE('',#11451);
#11451=AXIS2_PLACEMENT_3D('',#394,#11452,#11453);
#11452=DIRECTION('',(-1,0,0));
#11453=DIRECTION('',(0,0,1));
#11454=FACE_BOUND('',#11455,.T.);
#11455=EDGE_LOOP('',(#11456,#11457,#11458));
#11456=ORIENTED_EDGE('',*,*,#11459,.T.);
#11457=ORIENTED_EDGE('',*,*,#11460,.T.);
#11458=ORIENTED_EDGE('',*,*,#11461,.T.);
#11459=EDGE_CURVE('',#395,#417,#11462,.F.);
#11460=EDGE_CURVE('',#417,#393,#11463,.T.);
#11461=EDGE_CURVE('',#393,#395,#11464,.T.);
#11462=LINE('',#394,#11465);
#11463=LINE('',#416,#11466);
#11464=LINE('',#392,#11467);
#11465=VECTOR('',#11468,1.0);
#11466=VECTOR('',#11469,1.0);
#11467=VECTOR('',#11470,1.0);
#11468=DIRECTION('',(0,0,1));
#11469=DIRECTION('',(0,0.9952285254964729,-0.09757142019114176));
#11470=DIRECTION('',(0,-1,0));
#11471=FACE_SURFACE('',(#11476),#11472,.T.);
#11472=PLANE('',#11473);
#11473=AXIS2_PLACEMENT_3D('',#392,#11474,#11475);
#11474=DIRECTION('',(-1,0,0));
#11475=DIRECTION('',(0,-0.9952285254964729,0.09757142019114176));
#11476=FACE_BOUND('',#11477,.T.);
#11477=EDGE_LOOP('',(#11478,#11479,#11480));
#11478=ORIENTED_EDGE('',*,*,#11481,.T.);
#11479=ORIENTED_EDGE('',*,*,#11482,.T.);
#11480=ORIENTED_EDGE('',*,*,#11483,.T.);
#11481=EDGE_CURVE('',#393,#417,#11484,.F.);
#11482=EDGE_CURVE('',#417,#399,#11485,.T.);
#11483=EDGE_CURVE('',#399,#393,#11486,.T.);
#11484=LINE('',#392,#11487);
#11485=LINE('',#416,#11488);
#11486=LINE('',#398,#11489);
#11487=VECTOR('',#11490,1.0);
#11488=VECTOR('',#11491,1.0);
#11489=VECTOR('',#11492,1.0);
#11490=DIRECTION('',(0,-0.9952285254964729,0.09757142019114176));
#11491=DIRECTION('',(0,1,0));
#11492=DIRECTION('',(0,0,-1));
#11493=FACE_SURFACE('',(#11498),#11494,.T.);
#11494=PLANE('',#11495);
#11495=AXIS2_PLACEMENT_3D('',#392,#11496,#11497);
#11496=DIRECTION('',(-1,0,0));
#11497=DIRECTION('',(0,0,1));
#11498=FACE_BOUND('',#11499,.T.);
#11499=EDGE_LOOP('',(#11500,#11501,#11502));
#11500=ORIENTED_EDGE('',*,*,#11503,.T.);
#11501=ORIENTED_EDGE('',*,*,#11504,.T.);
#11502=ORIENTED_EDGE('',*,*,#11505,.T.);
#11503=EDGE_CURVE('',#393,#399,#11506,.F.);
#11504=EDGE_CURVE('',#399,#389,#11507,.T.);
#11505=EDGE_CURVE('',#389,#393,#11508,.T.);
#11506=LINE('',#392,#11509);
#11507=LINE('',#398,#11510);
#11508=LINE('',#388,#11511);
#11509=VECTOR('',#11512,1.0);
#11510=VECTOR('',#11513,1.0);
#11511=VECTOR('',#11514,1.0);
#11512=DIRECTION('',(0,0,1));
#11513=DIRECTION('',(0,0.39872455412822755,0.9170707333326292));
#11514=DIRECTION('',(0,-0.2900065355608734,-0.9570246649548693));
#11515=FACE_SURFACE('',(#11520),#11516,.T.);
#11516=PLANE('',#11517);
#11517=AXIS2_PLACEMENT_3D('',#388,#11518,#11519);
#11518=DIRECTION('',(-1,-0,0));
#11519=DIRECTION('',(0,-0.39872455412822755,-0.9170707333326292));
#11520=FACE_BOUND('',#11521,.T.);
#11521=EDGE_LOOP('',(#11522,#11523,#11524));
#11522=ORIENTED_EDGE('',*,*,#11525,.T.);
#11523=ORIENTED_EDGE('',*,*,#11526,.T.);
#11524=ORIENTED_EDGE('',*,*,#11527,.T.);
#11525=EDGE_CURVE('',#389,#399,#11528,.F.);
#11526=EDGE_CURVE('',#399,#391,#11529,.T.);
#11527=EDGE_CURVE('',#391,#389,#11530,.T.);
#11528=LINE('',#388,#11531);
#11529=LINE('',#398,#11532);
#11530=LINE('',#390,#11533);
#11531=VECTOR('',#11534,1.0);
#11532=VECTOR('',#11535,1.0);
#11533=VECTOR('',#11536,1.0);
#11534=DIRECTION('',(0,-0.39872455412822755,-0.9170707333326292));
#11535=DIRECTION('',(0,0,1));
#11536=DIRECTION('',(0,1,0));
#11537=FACE_SURFACE('',(#11542),#11538,.T.);
#11538=PLANE('',#11539);
#11539=AXIS2_PLACEMENT_3D('',#378,#11540,#11541);
#11540=DIRECTION('',(-1,0,0));
#11541=DIRECTION('',(0,0,1));
#11542=FACE_BOUND('',#11543,.T.);
#11543=EDGE_LOOP('',(#11544,#11545,#11546));
#11544=ORIENTED_EDGE('',*,*,#11547,.T.);
#11545=ORIENTED_EDGE('',*,*,#11548,.T.);
#11546=ORIENTED_EDGE('',*,*,#11549,.T.);
#11547=EDGE_CURVE('',#379,#393,#11550,.F.);
#11548=EDGE_CURVE('',#393,#389,#11551,.T.);
#11549=EDGE_CURVE('',#389,#379,#11552,.T.);
#11550=LINE('',#378,#11553);
#11551=LINE('',#392,#11554);
#11552=LINE('',#388,#11555);
#11553=VECTOR('',#11556,1.0);
#11554=VECTOR('',#11557,1.0);
#11555=VECTOR('',#11558,1.0);
#11556=DIRECTION('',(0,0,1));
#11557=DIRECTION('',(0,0.2900065355608734,0.9570246649548693));
#11558=DIRECTION('',(0,-0.19611584739871912,-0.9805807332387693));
#11559=FACE_SURFACE('',(#11564),#11560,.T.);
#11560=PLANE('',#11561);
#11561=AXIS2_PLACEMENT_3D('',#644,#11562,#11563);
#11562=DIRECTION('',(0,1,0));
#11563=DIRECTION('',(0.1168412475673972,0,0.9931506043228762));
#11564=FACE_BOUND('',#11565,.T.);
#11565=EDGE_LOOP('',(#11566,#11567,#11568));
#11566=ORIENTED_EDGE('',*,*,#11569,.T.);
#11567=ORIENTED_EDGE('',*,*,#11570,.T.);
#11568=ORIENTED_EDGE('',*,*,#11571,.T.);
#11569=EDGE_CURVE('',#645,#647,#11572,.F.);
#11570=EDGE_CURVE('',#647,#251,#11573,.T.);
#11571=EDGE_CURVE('',#251,#645,#11574,.T.);
#11572=LINE('',#644,#11575);
#11573=LINE('',#646,#11576);
#11574=LINE('',#250,#11577);
#11575=VECTOR('',#11578,1.0);
#11576=VECTOR('',#11579,1.0);
#11577=VECTOR('',#11580,1.0);
#11578=DIRECTION('',(0.1168412475673972,0,0.9931506043228762));
#11579=DIRECTION('',(0.5685807129375432,0,-0.8226274812303775));
#11580=DIRECTION('',(-1,0,0));
#11581=FACE_SURFACE('',(#11586),#11582,.T.);
#11582=PLANE('',#11583);
#11583=AXIS2_PLACEMENT_3D('',#250,#11584,#11585);
#11584=DIRECTION('',(0,1,0));
#11585=DIRECTION('',(-0.5685807129375432,0,0.8226274812303775));
#11586=FACE_BOUND('',#11587,.T.);
#11587=EDGE_LOOP('',(#11588,#11589,#11590));
#11588=ORIENTED_EDGE('',*,*,#11591,.T.);
#11589=ORIENTED_EDGE('',*,*,#11592,.T.);
#11590=ORIENTED_EDGE('',*,*,#11593,.T.);
#11591=EDGE_CURVE('',#251,#647,#11594,.F.);
#11592=EDGE_CURVE('',#647,#649,#11595,.T.);
#11593=EDGE_CURVE('',#649,#251,#11596,.T.);
#11594=LINE('',#250,#11597);
#11595=LINE('',#646,#11598);
#11596=LINE('',#648,#11599);
#11597=VECTOR('',#11600,1.0);
#11598=VECTOR('',#11601,1.0);
#11599=VECTOR('',#11602,1.0);
#11600=DIRECTION('',(-0.5685807129375432,0,0.8226274812303775));
#11601=DIRECTION('',(0,0,1));
#11602=DIRECTION('',(0.5259692714093175,0,-0.8505035717345059));
#11603=FACE_SURFACE('',(#11608),#11604,.T.);
#11604=PLANE('',#11605);
#11605=AXIS2_PLACEMENT_3D('',#250,#11606,#11607);
#11606=DIRECTION('',(0,1,-0));
#11607=DIRECTION('',(-0.5259692714093175,0,0.8505035717345059));
#11608=FACE_BOUND('',#11609,.T.);
#11609=EDGE_LOOP('',(#11610,#11611,#11612));
#11610=ORIENTED_EDGE('',*,*,#11613,.T.);
#11611=ORIENTED_EDGE('',*,*,#11614,.T.);
#11612=ORIENTED_EDGE('',*,*,#11615,.T.);
#11613=EDGE_CURVE('',#251,#649,#11616,.F.);
#11614=EDGE_CURVE('',#649,#259,#11617,.T.);
#11615=EDGE_CURVE('',#259,#251,#11618,.T.);
#11616=LINE('',#250,#11619);
#11617=LINE('',#648,#11620);
#11618=LINE('',#258,#11621);
#11619=VECTOR('',#11622,1.0);
#11620=VECTOR('',#11623,1.0);
#11621=VECTOR('',#11624,1.0);
#11622=DIRECTION('',(-0.5259692714093175,0,0.8505035717345059));
#11623=DIRECTION('',(0.28249173360538027,0,0.9592697328930101));
#11624=DIRECTION('',(0,0,-1));
#11625=FACE_SURFACE('',(#11630),#11626,.T.);
#11626=PLANE('',#11627);
#11627=AXIS2_PLACEMENT_3D('',#258,#11628,#11629);
#11628=DIRECTION('',(0,1,0));
#11629=DIRECTION('',(-0.28249173360538027,0,-0.9592697328930101));
#11630=FACE_BOUND('',#11631,.T.);
#11631=EDGE_LOOP('',(#11632,#11633,#11634));
#11632=ORIENTED_EDGE('',*,*,#11635,.T.);
#11633=ORIENTED_EDGE('',*,*,#11636,.T.);
#11634=ORIENTED_EDGE('',*,*,#11637,.T.);
#11635=EDGE_CURVE('',#259,#649,#11638,.F.);
#11636=EDGE_CURVE('',#649,#389,#11639,.T.);
#11637=EDGE_CURVE('',#389,#259,#11640,.T.);
#11638=LINE('',#258,#11641);
#11639=LINE('',#648,#11642);
#11640=LINE('',#388,#11643);
#11641=VECTOR('',#11644,1.0);
#11642=VECTOR('',#11645,1.0);
#11643=VECTOR('',#11646,1.0);
#11644=DIRECTION('',(-0.28249173360538027,0,-0.9592697328930101));
#11645=DIRECTION('',(-0.04297101039557866,0,0.9990763195399954));
#11646=DIRECTION('',(0.9015224993509446,0,-0.43273223032728453));
#11647=FACE_SURFACE('',(#11652),#11648,.T.);
#11648=PLANE('',#11649);
#11649=AXIS2_PLACEMENT_3D('',#258,#11650,#11651);
#11650=DIRECTION('',(0,1,0));
#11651=DIRECTION('',(-0.9015224993509446,0,0.43273223032728453));
#11652=FACE_BOUND('',#11653,.T.);
#11653=EDGE_LOOP('',(#11654,#11655,#11656));
#11654=ORIENTED_EDGE('',*,*,#11657,.T.);
#11655=ORIENTED_EDGE('',*,*,#11658,.T.);
#11656=ORIENTED_EDGE('',*,*,#11659,.T.);
#11657=EDGE_CURVE('',#259,#389,#11660,.F.);
#11658=EDGE_CURVE('',#389,#231,#11661,.T.);
#11659=EDGE_CURVE('',#231,#259,#11662,.T.);
#11660=LINE('',#258,#11663);
#11661=LINE('',#388,#11664);
#11662=LINE('',#230,#11665);
#11663=VECTOR('',#11666,1.0);
#11664=VECTOR('',#11667,1.0);
#11665=VECTOR('',#11668,1.0);
#11666=DIRECTION('',(-0.9015224993509446,0,0.43273223032728453));
#11667=DIRECTION('',(0.34731435582359393,0,0.9377487607237036));
#11668=DIRECTION('',(0.11091837445175462,0,-0.9938295196908675));
#11669=FACE_SURFACE('',(#11674),#11670,.T.);
#11670=PLANE('',#11671);
#11671=AXIS2_PLACEMENT_3D('',#644,#11672,#11673);
#11672=DIRECTION('',(0,1,0));
#11673=DIRECTION('',(0,0,1));
#11674=FACE_BOUND('',#11675,.T.);
#11675=EDGE_LOOP('',(#11676,#11677,#11678));
#11676=ORIENTED_EDGE('',*,*,#11679,.T.);
#11677=ORIENTED_EDGE('',*,*,#11680,.T.);
#11678=ORIENTED_EDGE('',*,*,#11681,.T.);
#11679=EDGE_CURVE('',#645,#651,#11682,.F.);
#11680=EDGE_CURVE('',#651,#647,#11683,.T.);
#11681=EDGE_CURVE('',#647,#645,#11684,.T.);
#11682=LINE('',#644,#11685);
#11683=LINE('',#650,#11686);
#11684=LINE('',#646,#11687);
#11685=VECTOR('',#11688,1.0);
#11686=VECTOR('',#11689,1.0);
#11687=VECTOR('',#11690,1.0);
#11688=DIRECTION('',(0,0,1));
#11689=DIRECTION('',(1,0,0));
#11690=DIRECTION('',(-0.1168412475673972,0,-0.9931506043228762));
#11691=FACE_SURFACE('',(#11696),#11692,.T.);
#11692=PLANE('',#11693);
#11693=AXIS2_PLACEMENT_3D('',#648,#11694,#11695);
#11694=DIRECTION('',(0,1,0));
#11695=DIRECTION('',(-1,0,0));
#11696=FACE_BOUND('',#11697,.T.);
#11697=EDGE_LOOP('',(#11698,#11699,#11700));
#11698=ORIENTED_EDGE('',*,*,#11701,.T.);
#11699=ORIENTED_EDGE('',*,*,#11702,.T.);
#11700=ORIENTED_EDGE('',*,*,#11703,.T.);
#11701=EDGE_CURVE('',#649,#643,#11704,.F.);
#11702=EDGE_CURVE('',#643,#389,#11705,.T.);
#11703=EDGE_CURVE('',#389,#649,#11706,.T.);
#11704=LINE('',#648,#11707);
#11705=LINE('',#642,#11708);
#11706=LINE('',#388,#11709);
#11707=VECTOR('',#11710,1.0);
#11708=VECTOR('',#11711,1.0);
#11709=VECTOR('',#11712,1.0);
#11710=DIRECTION('',(-1,0,0));
#11711=DIRECTION('',(0,0,1));
#11712=DIRECTION('',(0.04297101039557866,0,-0.9990763195399954));
#11713=FACE_SURFACE('',(#11718),#11714,.T.);
#11714=PLANE('',#11715);
#11715=AXIS2_PLACEMENT_3D('',#120,#11716,#11717);
#11716=DIRECTION('',(0,1,0));
#11717=DIRECTION('',(-0.7745858064539242,0,-0.6324688359438145));
#11718=FACE_BOUND('',#11719,.T.);
#11719=EDGE_LOOP('',(#11720,#11721,#11722));
#11720=ORIENTED_EDGE('',*,*,#11723,.T.);
#11721=ORIENTED_EDGE('',*,*,#11724,.T.);
#11722=ORIENTED_EDGE('',*,*,#11725,.T.);
#11723=EDGE_CURVE('',#121,#113,#11726,.F.);
#11724=EDGE_CURVE('',#113,#231,#11727,.T.);
#11725=EDGE_CURVE('',#231,#121,#11728,.T.);
#11726=LINE('',#120,#11729);
#11727=LINE('',#112,#11730);
#11728=LINE('',#230,#11731);
#11729=VECTOR('',#11732,1.0);
#11730=VECTOR('',#11733,1.0);
#11731=VECTOR('',#11734,1.0);
#11732=DIRECTION('',(-0.7745858064539242,0,-0.6324688359438145));
#11733=DIRECTION('',(-0.9965204445978524,0,0.08334868624338672));
#11734=DIRECTION('',(1,0,0));
#11735=FACE_SURFACE('',(#11740),#11736,.T.);
#11736=PLANE('',#11737);
#11737=AXIS2_PLACEMENT_3D('',#230,#11738,#11739);
#11738=DIRECTION('',(0,1,0));
#11739=DIRECTION('',(0.9965204445978524,0,-0.08334868624338672));
#11740=FACE_BOUND('',#11741,.T.);
#11741=EDGE_LOOP('',(#11742,#11743,#11744));
#11742=ORIENTED_EDGE('',*,*,#11745,.T.);
#11743=ORIENTED_EDGE('',*,*,#11746,.T.);
#11744=ORIENTED_EDGE('',*,*,#11747,.T.);
#11745=EDGE_CURVE('',#231,#113,#11748,.F.);
#11746=EDGE_CURVE('',#113,#227,#11749,.T.);
#11747=EDGE_CURVE('',#227,#231,#11750,.T.);
#11748=LINE('',#230,#11751);
#11749=LINE('',#112,#11752);
#11750=LINE('',#226,#11753);
#11751=VECTOR('',#11754,1.0);
#11752=VECTOR('',#11755,1.0);
#11753=VECTOR('',#11756,1.0);
#11754=DIRECTION('',(0.9965204445978524,0,-0.08334868624338672));
#11755=DIRECTION('',(0,0,-1));
#11756=DIRECTION('',(-0.8794721637142847,0,0.4759503264540476));
#11757=FACE_SURFACE('',(#11762),#11758,.T.);
#11758=PLANE('',#11759);
#11759=AXIS2_PLACEMENT_3D('',#230,#11760,#11761);
#11760=DIRECTION('',(0,1,0));
#11761=DIRECTION('',(0.8794721637142847,0,-0.4759503264540476));
#11762=FACE_BOUND('',#11763,.T.);
#11763=EDGE_LOOP('',(#11764,#11765,#11766));
#11764=ORIENTED_EDGE('',*,*,#11767,.T.);
#11765=ORIENTED_EDGE('',*,*,#11768,.T.);
#11766=ORIENTED_EDGE('',*,*,#11769,.T.);
#11767=EDGE_CURVE('',#231,#227,#11770,.F.);
#11768=EDGE_CURVE('',#227,#129,#11771,.T.);
#11769=EDGE_CURVE('',#129,#231,#11772,.T.);
#11770=LINE('',#230,#11773);
#11771=LINE('',#226,#11774);
#11772=LINE('',#128,#11775);
#11773=VECTOR('',#11776,1.0);
#11774=VECTOR('',#11777,1.0);
#11775=VECTOR('',#11778,1.0);
#11776=DIRECTION('',(0.8794721637142847,0,-0.4759503264540476));
#11777=DIRECTION('',(0,0,-1));
#11778=DIRECTION('',(-0.7075600495754,0,0.7066532220579324));
#11779=FACE_SURFACE('',(#11784),#11780,.T.);
#11780=PLANE('',#11781);
#11781=AXIS2_PLACEMENT_3D('',#128,#11782,#11783);
#11782=DIRECTION('',(0,1,0));
#11783=DIRECTION('',(0,0,1));
#11784=FACE_BOUND('',#11785,.T.);
#11785=EDGE_LOOP('',(#11786,#11787,#11788));
#11786=ORIENTED_EDGE('',*,*,#11789,.T.);
#11787=ORIENTED_EDGE('',*,*,#11790,.T.);
#11788=ORIENTED_EDGE('',*,*,#11791,.T.);
#11789=EDGE_CURVE('',#129,#227,#11792,.F.);
#11790=EDGE_CURVE('',#227,#133,#11793,.T.);
#11791=EDGE_CURVE('',#133,#129,#11794,.T.);
#11792=LINE('',#128,#11795);
#11793=LINE('',#226,#11796);
#11794=LINE('',#132,#11797);
#11795=VECTOR('',#11798,1.0);
#11796=VECTOR('',#11799,1.0);
#11797=VECTOR('',#11800,1.0);
#11798=DIRECTION('',(0,0,1));
#11799=DIRECTION('',(0.490586758240887,0,-0.8713923528690722));
#11800=DIRECTION('',(-0.7745923454022712,0,-0.6324608275966257));
#11801=FACE_SURFACE('',(#11806),#11802,.T.);
#11802=PLANE('',#11803);
#11803=AXIS2_PLACEMENT_3D('',#132,#11804,#11805);
#11804=DIRECTION('',(0,1,-0));
#11805=DIRECTION('',(-0.490586758240887,0,0.8713923528690722));
#11806=FACE_BOUND('',#11807,.T.);
#11807=EDGE_LOOP('',(#11808,#11809,#11810));
#11808=ORIENTED_EDGE('',*,*,#11811,.T.);
#11809=ORIENTED_EDGE('',*,*,#11812,.T.);
#11810=ORIENTED_EDGE('',*,*,#11813,.T.);
#11811=EDGE_CURVE('',#133,#227,#11814,.F.);
#11812=EDGE_CURVE('',#227,#221,#11815,.T.);
#11813=EDGE_CURVE('',#221,#133,#11816,.T.);
#11814=LINE('',#132,#11817);
#11815=LINE('',#226,#11818);
#11816=LINE('',#220,#11819);
#11817=VECTOR('',#11820,1.0);
#11818=VECTOR('',#11821,1.0);
#11819=VECTOR('',#11822,1.0);
#11820=DIRECTION('',(-0.490586758240887,0,0.8713923528690722));
#11821=DIRECTION('',(0.7745923454022712,0,-0.6324608275966257));
#11822=DIRECTION('',(0,0,-1));
#11823=FACE_SURFACE('',(#11828),#11824,.T.);
#11824=PLANE('',#11825);
#11825=AXIS2_PLACEMENT_3D('',#116,#11826,#11827);
#11826=DIRECTION('',(0,1,0));
#11827=DIRECTION('',(0,0,-1));
#11828=FACE_BOUND('',#11829,.T.);
#11829=EDGE_LOOP('',(#11830,#11831,#11832));
#11830=ORIENTED_EDGE('',*,*,#11833,.T.);
#11831=ORIENTED_EDGE('',*,*,#11834,.T.);
#11832=ORIENTED_EDGE('',*,*,#11835,.T.);
#11833=EDGE_CURVE('',#117,#213,#11836,.F.);
#11834=EDGE_CURVE('',#213,#113,#11837,.T.);
#11835=EDGE_CURVE('',#113,#117,#11838,.T.);
#11836=LINE('',#116,#11839);
#11837=LINE('',#212,#11840);
#11838=LINE('',#112,#11841);
#11839=VECTOR('',#11842,1.0);
#11840=VECTOR('',#11843,1.0);
#11841=VECTOR('',#11844,1.0);
#11842=DIRECTION('',(0,0,-1));
#11843=DIRECTION('',(-0.490586758240887,0,0.8713923528690722));
#11844=DIRECTION('',(0.774600065804404,0,-0.632451372087857));
#11845=FACE_SURFACE('',(#11850),#11846,.T.);
#11846=PLANE('',#11847);
#11847=AXIS2_PLACEMENT_3D('',#112,#11848,#11849);
#11848=DIRECTION('',(0,1,0));
#11849=DIRECTION('',(0.490586758240887,0,-0.8713923528690722));
#11850=FACE_BOUND('',#11851,.T.);
#11851=EDGE_LOOP('',(#11852,#11853,#11854));
#11852=ORIENTED_EDGE('',*,*,#11855,.T.);
#11853=ORIENTED_EDGE('',*,*,#11856,.T.);
#11854=ORIENTED_EDGE('',*,*,#11857,.T.);
#11855=EDGE_CURVE('',#113,#213,#11858,.F.);
#11856=EDGE_CURVE('',#213,#227,#11859,.T.);
#11857=EDGE_CURVE('',#227,#113,#11860,.T.);
#11858=LINE('',#112,#11861);
#11859=LINE('',#212,#11862);
#11860=LINE('',#226,#11863);
#11861=VECTOR('',#11864,1.0);
#11862=VECTOR('',#11865,1.0);
#11863=VECTOR('',#11866,1.0);
#11864=DIRECTION('',(0.490586758240887,0,-0.8713923528690722));
#11865=DIRECTION('',(-0.774600065804404,0,-0.632451372087857));
#11866=DIRECTION('',(0,0,1));
#11867=FACE_SURFACE('',(#11872),#11868,.T.);
#11868=PLANE('',#11869);
#11869=AXIS2_PLACEMENT_3D('',#136,#11870,#11871);
#11870=DIRECTION('',(0,1,0));
#11871=DIRECTION('',(0,0,-1));
#11872=FACE_BOUND('',#11873,.T.);
#11873=EDGE_LOOP('',(#11874,#11875,#11876));
#11874=ORIENTED_EDGE('',*,*,#11877,.T.);
#11875=ORIENTED_EDGE('',*,*,#11878,.T.);
#11876=ORIENTED_EDGE('',*,*,#11879,.T.);
#11877=EDGE_CURVE('',#137,#147,#11880,.F.);
#11878=EDGE_CURVE('',#147,#129,#11881,.T.);
#11879=EDGE_CURVE('',#129,#137,#11882,.T.);
#11880=LINE('',#136,#11883);
#11881=LINE('',#146,#11884);
#11882=LINE('',#128,#11885);
#11883=VECTOR('',#11886,1.0);
#11884=VECTOR('',#11887,1.0);
#11885=VECTOR('',#11888,1.0);
#11886=DIRECTION('',(0,0,-1));
#11887=DIRECTION('',(-0.490586758240887,0,0.8713923528690722));
#11888=DIRECTION('',(0.774600065804404,0,-0.632451372087857));
#11889=FACE_SURFACE('',(#11894),#11890,.T.);
#11890=PLANE('',#11891);
#11891=AXIS2_PLACEMENT_3D('',#128,#11892,#11893);
#11892=DIRECTION('',(0,1,0));
#11893=DIRECTION('',(0.490586758240887,0,-0.8713923528690722));
#11894=FACE_BOUND('',#11895,.T.);
#11895=EDGE_LOOP('',(#11896,#11897,#11898));
#11896=ORIENTED_EDGE('',*,*,#11899,.T.);
#11897=ORIENTED_EDGE('',*,*,#11900,.T.);
#11898=ORIENTED_EDGE('',*,*,#11901,.T.);
#11899=EDGE_CURVE('',#129,#147,#11902,.F.);
#11900=EDGE_CURVE('',#147,#143,#11903,.T.);
#11901=EDGE_CURVE('',#143,#129,#11904,.T.);
#11902=LINE('',#128,#11905);
#11903=LINE('',#146,#11906);
#11904=LINE('',#142,#11907);
#11905=VECTOR('',#11908,1.0);
#11906=VECTOR('',#11909,1.0);
#11907=VECTOR('',#11910,1.0);
#11908=DIRECTION('',(0.490586758240887,0,-0.8713923528690722));
#11909=DIRECTION('',(-0.774600065804404,0,-0.632451372087857));
#11910=DIRECTION('',(0,0,1));
#11911=FACE_SURFACE('',(#11916),#11912,.T.);
#11912=PLANE('',#11913);
#11913=AXIS2_PLACEMENT_3D('',#128,#11914,#11915);
#11914=DIRECTION('',(0,1,0));
#11915=DIRECTION('',(0,0,-1));
#11916=FACE_BOUND('',#11917,.T.);
#11917=EDGE_LOOP('',(#11918,#11919,#11920));
#11918=ORIENTED_EDGE('',*,*,#11921,.T.);
#11919=ORIENTED_EDGE('',*,*,#11922,.T.);
#11920=ORIENTED_EDGE('',*,*,#11923,.T.);
#11921=EDGE_CURVE('',#129,#143,#11924,.F.);
#11922=EDGE_CURVE('',#143,#231,#11925,.T.);
#11923=EDGE_CURVE('',#231,#129,#11926,.T.);
#11924=LINE('',#128,#11927);
#11925=LINE('',#142,#11928);
#11926=LINE('',#230,#11929);
#11927=VECTOR('',#11930,1.0);
#11928=VECTOR('',#11931,1.0);
#11929=VECTOR('',#11932,1.0);
#11930=DIRECTION('',(0,0,-1));
#11931=DIRECTION('',(-0.566076717458406,0,0.8243525641080495));
#11932=DIRECTION('',(0.7075600495754,0,-0.7066532220579324));
#11933=FACE_SURFACE('',(#11938),#11934,.T.);
#11934=PLANE('',#11935);
#11935=AXIS2_PLACEMENT_3D('',#230,#11936,#11937);
#11936=DIRECTION('',(0,1,0));
#11937=DIRECTION('',(0.566076717458406,0,-0.8243525641080495));
#11938=FACE_BOUND('',#11939,.T.);
#11939=EDGE_LOOP('',(#11940,#11941,#11942));
#11940=ORIENTED_EDGE('',*,*,#11943,.T.);
#11941=ORIENTED_EDGE('',*,*,#11944,.T.);
#11942=ORIENTED_EDGE('',*,*,#11945,.T.);
#11943=EDGE_CURVE('',#231,#143,#11946,.F.);
#11944=EDGE_CURVE('',#143,#259,#11947,.T.);
#11945=EDGE_CURVE('',#259,#231,#11948,.T.);
#11946=LINE('',#230,#11949);
#11947=LINE('',#142,#11950);
#11948=LINE('',#258,#11951);
#11949=VECTOR('',#11952,1.0);
#11950=VECTOR('',#11953,1.0);
#11951=VECTOR('',#11954,1.0);
#11952=DIRECTION('',(0.566076717458406,0,-0.8243525641080495));
#11953=DIRECTION('',(-0.2184215542459762,0,-0.97585450997614));
#11954=DIRECTION('',(-0.11091837445175462,0,0.9938295196908675));
#11955=FACE_SURFACE('',(#11960),#11956,.T.);
#11956=PLANE('',#11957);
#11957=AXIS2_PLACEMENT_3D('',#150,#11958,#11959);
#11958=DIRECTION('',(0,1,0));
#11959=DIRECTION('',(0,0,-1));
#11960=FACE_BOUND('',#11961,.T.);
#11961=EDGE_LOOP('',(#11962,#11963,#11964));
#11962=ORIENTED_EDGE('',*,*,#11965,.T.);
#11963=ORIENTED_EDGE('',*,*,#11966,.T.);
#11964=ORIENTED_EDGE('',*,*,#11967,.T.);
#11965=EDGE_CURVE('',#151,#159,#11968,.F.);
#11966=EDGE_CURVE('',#159,#143,#11969,.T.);
#11967=EDGE_CURVE('',#143,#151,#11970,.T.);
#11968=LINE('',#150,#11971);
#11969=LINE('',#158,#11972);
#11970=LINE('',#142,#11973);
#11971=VECTOR('',#11974,1.0);
#11972=VECTOR('',#11975,1.0);
#11973=VECTOR('',#11976,1.0);
#11974=DIRECTION('',(0,0,-1));
#11975=DIRECTION('',(-0.49058249145337707,0,0.8713947550217395));
#11976=DIRECTION('',(0.7745923454022712,0,-0.6324608275966257));
#11977=FACE_SURFACE('',(#11982),#11978,.T.);
#11978=PLANE('',#11979);
#11979=AXIS2_PLACEMENT_3D('',#142,#11980,#11981);
#11980=DIRECTION('',(0,1,0));
#11981=DIRECTION('',(0.49058249145337707,0,-0.8713947550217395));
#11982=FACE_BOUND('',#11983,.T.);
#11983=EDGE_LOOP('',(#11984,#11985,#11986));
#11984=ORIENTED_EDGE('',*,*,#11987,.T.);
#11985=ORIENTED_EDGE('',*,*,#11988,.T.);
#11986=ORIENTED_EDGE('',*,*,#11989,.T.);
#11987=EDGE_CURVE('',#143,#159,#11990,.F.);
#11988=EDGE_CURVE('',#159,#155,#11991,.T.);
#11989=EDGE_CURVE('',#155,#143,#11992,.T.);
#11990=LINE('',#142,#11993);
#11991=LINE('',#158,#11994);
#11992=LINE('',#154,#11995);
#11993=VECTOR('',#11996,1.0);
#11994=VECTOR('',#11997,1.0);
#11995=VECTOR('',#11998,1.0);
#11996=DIRECTION('',(0.49058249145337707,0,-0.8713947550217395));
#11997=DIRECTION('',(-0.774600065804404,0,-0.632451372087857));
#11998=DIRECTION('',(0,0,1));
#11999=FACE_SURFACE('',(#12004),#12000,.T.);
#12000=PLANE('',#12001);
#12001=AXIS2_PLACEMENT_3D('',#142,#12002,#12003);
#12002=DIRECTION('',(0,1,0));
#12003=DIRECTION('',(0,0,-1));
#12004=FACE_BOUND('',#12005,.T.);
#12005=EDGE_LOOP('',(#12006,#12007,#12008));
#12006=ORIENTED_EDGE('',*,*,#12009,.T.);
#12007=ORIENTED_EDGE('',*,*,#12010,.T.);
#12008=ORIENTED_EDGE('',*,*,#12011,.T.);
#12009=EDGE_CURVE('',#143,#155,#12012,.F.);
#12010=EDGE_CURVE('',#155,#259,#12013,.T.);
#12011=EDGE_CURVE('',#259,#143,#12014,.T.);
#12012=LINE('',#142,#12015);
#12013=LINE('',#154,#12016);
#12014=LINE('',#258,#12017);
#12015=VECTOR('',#12018,1.0);
#12016=VECTOR('',#12019,1.0);
#12017=VECTOR('',#12020,1.0);
#12018=DIRECTION('',(0,0,-1));
#12019=DIRECTION('',(-0.2643025247902733,0,-0.9644398246596243));
#12020=DIRECTION('',(0.2184215542459762,0,0.97585450997614));
#12021=FACE_SURFACE('',(#12026),#12022,.T.);
#12022=PLANE('',#12023);
#12023=AXIS2_PLACEMENT_3D('',#258,#12024,#12025);
#12024=DIRECTION('',(0,1,0));
#12025=DIRECTION('',(0.2643025247902733,0,0.9644398246596243));
#12026=FACE_BOUND('',#12027,.T.);
#12027=EDGE_LOOP('',(#12028,#12029,#12030));
#12028=ORIENTED_EDGE('',*,*,#12031,.T.);
#12029=ORIENTED_EDGE('',*,*,#12032,.T.);
#12030=ORIENTED_EDGE('',*,*,#12033,.T.);
#12031=EDGE_CURVE('',#259,#155,#12034,.F.);
#12032=EDGE_CURVE('',#155,#167,#12035,.T.);
#12033=EDGE_CURVE('',#167,#259,#12036,.T.);
#12034=LINE('',#258,#12037);
#12035=LINE('',#154,#12038);
#12036=LINE('',#166,#12039);
#12037=VECTOR('',#12040,1.0);
#12038=VECTOR('',#12041,1.0);
#12039=VECTOR('',#12042,1.0);
#12040=DIRECTION('',(0.2643025247902733,0,0.9644398246596243));
#12041=DIRECTION('',(0,0,-1));
#12042=DIRECTION('',(-0.3331433194365068,0,-0.9428762000998995));
#12043=FACE_SURFACE('',(#12048),#12044,.T.);
#12044=PLANE('',#12045);
#12045=AXIS2_PLACEMENT_3D('',#258,#12046,#12047);
#12046=DIRECTION('',(0,1,0));
#12047=DIRECTION('',(0.3331433194365068,0,0.9428762000998995));
#12048=FACE_BOUND('',#12049,.T.);
#12049=EDGE_LOOP('',(#12050,#12051,#12052));
#12050=ORIENTED_EDGE('',*,*,#12053,.T.);
#12051=ORIENTED_EDGE('',*,*,#12054,.T.);
#12052=ORIENTED_EDGE('',*,*,#12055,.T.);
#12053=EDGE_CURVE('',#259,#167,#12056,.F.);
#12054=EDGE_CURVE('',#167,#179,#12057,.T.);
#12055=EDGE_CURVE('',#179,#259,#12058,.T.);
#12056=LINE('',#258,#12059);
#12057=LINE('',#166,#12060);
#12058=LINE('',#178,#12061);
#12059=VECTOR('',#12062,1.0);
#12060=VECTOR('',#12063,1.0);
#12061=VECTOR('',#12064,1.0);
#12062=DIRECTION('',(0.3331433194365068,0,0.9428762000998995));
#12063=DIRECTION('',(0,0,-1));
#12064=DIRECTION('',(-0.44516632138285134,0,-0.8954479026199458));
#12065=FACE_SURFACE('',(#12070),#12066,.T.);
#12066=PLANE('',#12067);
#12067=AXIS2_PLACEMENT_3D('',#178,#12068,#12069);
#12068=DIRECTION('',(0,1,0));
#12069=DIRECTION('',(0,0,1));
#12070=FACE_BOUND('',#12071,.T.);
#12071=EDGE_LOOP('',(#12072,#12073,#12074));
#12072=ORIENTED_EDGE('',*,*,#12075,.T.);
#12073=ORIENTED_EDGE('',*,*,#12076,.T.);
#12074=ORIENTED_EDGE('',*,*,#12077,.T.);
#12075=EDGE_CURVE('',#179,#167,#12078,.F.);
#12076=EDGE_CURVE('',#167,#183,#12079,.T.);
#12077=EDGE_CURVE('',#183,#179,#12080,.T.);
#12078=LINE('',#178,#12081);
#12079=LINE('',#166,#12082);
#12080=LINE('',#182,#12083);
#12081=VECTOR('',#12084,1.0);
#12082=VECTOR('',#12085,1.0);
#12083=VECTOR('',#12086,1.0);
#12084=DIRECTION('',(0,0,1));
#12085=DIRECTION('',(0.490586758240887,0,-0.8713923528690722));
#12086=DIRECTION('',(-0.774600065804404,0,-0.632451372087857));
#12087=FACE_SURFACE('',(#12092),#12088,.T.);
#12088=PLANE('',#12089);
#12089=AXIS2_PLACEMENT_3D('',#182,#12090,#12091);
#12090=DIRECTION('',(0,1,-0));
#12091=DIRECTION('',(-0.490586758240887,0,0.8713923528690722));
#12092=FACE_BOUND('',#12093,.T.);
#12093=EDGE_LOOP('',(#12094,#12095,#12096));
#12094=ORIENTED_EDGE('',*,*,#12097,.T.);
#12095=ORIENTED_EDGE('',*,*,#12098,.T.);
#12096=ORIENTED_EDGE('',*,*,#12099,.T.);
#12097=EDGE_CURVE('',#183,#167,#12100,.F.);
#12098=EDGE_CURVE('',#167,#175,#12101,.T.);
#12099=EDGE_CURVE('',#175,#183,#12102,.T.);
#12100=LINE('',#182,#12103);
#12101=LINE('',#166,#12104);
#12102=LINE('',#174,#12105);
#12103=VECTOR('',#12106,1.0);
#12104=VECTOR('',#12107,1.0);
#12105=VECTOR('',#12108,1.0);
#12106=DIRECTION('',(-0.490586758240887,0,0.8713923528690722));
#12107=DIRECTION('',(0.774600065804404,0,-0.632451372087857));
#12108=DIRECTION('',(0,0,-1));
#12109=FACE_SURFACE('',(#12114),#12110,.T.);
#12110=PLANE('',#12111);
#12111=AXIS2_PLACEMENT_3D('',#162,#12112,#12113);
#12112=DIRECTION('',(0,1,0));
#12113=DIRECTION('',(0,0,-1));
#12114=FACE_BOUND('',#12115,.T.);
#12115=EDGE_LOOP('',(#12116,#12117,#12118));
#12116=ORIENTED_EDGE('',*,*,#12119,.T.);
#12117=ORIENTED_EDGE('',*,*,#12120,.T.);
#12118=ORIENTED_EDGE('',*,*,#12121,.T.);
#12119=EDGE_CURVE('',#163,#171,#12122,.F.);
#12120=EDGE_CURVE('',#171,#155,#12123,.T.);
#12121=EDGE_CURVE('',#155,#163,#12124,.T.);
#12122=LINE('',#162,#12125);
#12123=LINE('',#170,#12126);
#12124=LINE('',#154,#12127);
#12125=VECTOR('',#12128,1.0);
#12126=VECTOR('',#12129,1.0);
#12127=VECTOR('',#12130,1.0);
#12128=DIRECTION('',(0,0,-1));
#12129=DIRECTION('',(-0.490586758240887,0,0.8713923528690722));
#12130=DIRECTION('',(0.7745923454022712,0,-0.6324608275966257));
#12131=FACE_SURFACE('',(#12136),#12132,.T.);
#12132=PLANE('',#12133);
#12133=AXIS2_PLACEMENT_3D('',#154,#12134,#12135);
#12134=DIRECTION('',(0,1,0));
#12135=DIRECTION('',(0.490586758240887,0,-0.8713923528690722));
#12136=FACE_BOUND('',#12137,.T.);
#12137=EDGE_LOOP('',(#12138,#12139,#12140));
#12138=ORIENTED_EDGE('',*,*,#12141,.T.);
#12139=ORIENTED_EDGE('',*,*,#12142,.T.);
#12140=ORIENTED_EDGE('',*,*,#12143,.T.);
#12141=EDGE_CURVE('',#155,#171,#12144,.F.);
#12142=EDGE_CURVE('',#171,#167,#12145,.T.);
#12143=EDGE_CURVE('',#167,#155,#12146,.T.);
#12144=LINE('',#154,#12147);
#12145=LINE('',#170,#12148);
#12146=LINE('',#166,#12149);
#12147=VECTOR('',#12150,1.0);
#12148=VECTOR('',#12151,1.0);
#12149=VECTOR('',#12152,1.0);
#12150=DIRECTION('',(0.490586758240887,0,-0.8713923528690722));
#12151=DIRECTION('',(-0.7745923454022712,0,-0.6324608275966257));
#12152=DIRECTION('',(0,0,1));
#12153=FACE_SURFACE('',(#12158),#12154,.T.);
#12154=PLANE('',#12155);
#12155=AXIS2_PLACEMENT_3D('',#186,#12156,#12157);
#12156=DIRECTION('',(0,1,0));
#12157=DIRECTION('',(0,0,-1));
#12158=FACE_BOUND('',#12159,.T.);
#12159=EDGE_LOOP('',(#12160,#12161,#12162));
#12160=ORIENTED_EDGE('',*,*,#12163,.T.);
#12161=ORIENTED_EDGE('',*,*,#12164,.T.);
#12162=ORIENTED_EDGE('',*,*,#12165,.T.);
#12163=EDGE_CURVE('',#187,#195,#12166,.F.);
#12164=EDGE_CURVE('',#195,#179,#12167,.T.);
#12165=EDGE_CURVE('',#179,#187,#12168,.T.);
#12166=LINE('',#186,#12169);
#12167=LINE('',#194,#12170);
#12168=LINE('',#178,#12171);
#12169=VECTOR('',#12172,1.0);
#12170=VECTOR('',#12173,1.0);
#12171=VECTOR('',#12174,1.0);
#12172=DIRECTION('',(0,0,-1));
#12173=DIRECTION('',(-0.49058249145337707,0,0.8713947550217395));
#12174=DIRECTION('',(0.7745923454022712,0,-0.6324608275966257));
#12175=FACE_SURFACE('',(#12180),#12176,.T.);
#12176=PLANE('',#12177);
#12177=AXIS2_PLACEMENT_3D('',#178,#12178,#12179);
#12178=DIRECTION('',(0,1,0));
#12179=DIRECTION('',(0.49058249145337707,0,-0.8713947550217395));
#12180=FACE_BOUND('',#12181,.T.);
#12181=EDGE_LOOP('',(#12182,#12183,#12184));
#12182=ORIENTED_EDGE('',*,*,#12185,.T.);
#12183=ORIENTED_EDGE('',*,*,#12186,.T.);
#12184=ORIENTED_EDGE('',*,*,#12187,.T.);
#12185=EDGE_CURVE('',#179,#195,#12188,.F.);
#12186=EDGE_CURVE('',#195,#191,#12189,.T.);
#12187=EDGE_CURVE('',#191,#179,#12190,.T.);
#12188=LINE('',#178,#12191);
#12189=LINE('',#194,#12192);
#12190=LINE('',#190,#12193);
#12191=VECTOR('',#12194,1.0);
#12192=VECTOR('',#12195,1.0);
#12193=VECTOR('',#12196,1.0);
#12194=DIRECTION('',(0.49058249145337707,0,-0.8713947550217395));
#12195=DIRECTION('',(-0.774600065804404,0,-0.632451372087857));
#12196=DIRECTION('',(0,0,1));
#12197=FACE_SURFACE('',(#12202),#12198,.T.);
#12198=PLANE('',#12199);
#12199=AXIS2_PLACEMENT_3D('',#178,#12200,#12201);
#12200=DIRECTION('',(0,1,0));
#12201=DIRECTION('',(0,0,-1));
#12202=FACE_BOUND('',#12203,.T.);
#12203=EDGE_LOOP('',(#12204,#12205,#12206));
#12204=ORIENTED_EDGE('',*,*,#12207,.T.);
#12205=ORIENTED_EDGE('',*,*,#12208,.T.);
#12206=ORIENTED_EDGE('',*,*,#12209,.T.);
#12207=EDGE_CURVE('',#179,#191,#12210,.F.);
#12208=EDGE_CURVE('',#191,#259,#12211,.T.);
#12209=EDGE_CURVE('',#259,#179,#12212,.T.);
#12210=LINE('',#178,#12213);
#12211=LINE('',#190,#12214);
#12212=LINE('',#258,#12215);
#12213=VECTOR('',#12216,1.0);
#12214=VECTOR('',#12217,1.0);
#12215=VECTOR('',#12218,1.0);
#12216=DIRECTION('',(0,0,-1));
#12217=DIRECTION('',(-0.6424777253940501,0,-0.7663043601419005));
#12218=DIRECTION('',(0.44516632138285134,0,0.8954479026199458));
#12219=FACE_SURFACE('',(#12224),#12220,.T.);
#12220=PLANE('',#12221);
#12221=AXIS2_PLACEMENT_3D('',#258,#12222,#12223);
#12222=DIRECTION('',(0,1,0));
#12223=DIRECTION('',(0.6424777253940501,0,0.7663043601419005));
#12224=FACE_BOUND('',#12225,.T.);
#12225=EDGE_LOOP('',(#12226,#12227,#12228));
#12226=ORIENTED_EDGE('',*,*,#12229,.T.);
#12227=ORIENTED_EDGE('',*,*,#12230,.T.);
#12228=ORIENTED_EDGE('',*,*,#12231,.T.);
#12229=EDGE_CURVE('',#259,#191,#12232,.F.);
#12230=EDGE_CURVE('',#191,#203,#12233,.T.);
#12231=EDGE_CURVE('',#203,#259,#12234,.T.);
#12232=LINE('',#258,#12235);
#12233=LINE('',#190,#12236);
#12234=LINE('',#202,#12237);
#12235=VECTOR('',#12238,1.0);
#12236=VECTOR('',#12239,1.0);
#12237=VECTOR('',#12240,1.0);
#12238=DIRECTION('',(0.6424777253940501,0,0.7663043601419005));
#12239=DIRECTION('',(0,0,-1));
#12240=DIRECTION('',(-0.936643371028014,0,-0.35028444942543213));
#12241=FACE_SURFACE('',(#12246),#12242,.T.);
#12242=PLANE('',#12243);
#12243=AXIS2_PLACEMENT_3D('',#258,#12244,#12245);
#12244=DIRECTION('',(0,1,0));
#12245=DIRECTION('',(0.936643371028014,0,0.35028444942543213));
#12246=FACE_BOUND('',#12247,.T.);
#12247=EDGE_LOOP('',(#12248,#12249,#12250));
#12248=ORIENTED_EDGE('',*,*,#12251,.T.);
#12249=ORIENTED_EDGE('',*,*,#12252,.T.);
#12250=ORIENTED_EDGE('',*,*,#12253,.T.);
#12251=EDGE_CURVE('',#259,#203,#12254,.F.);
#12252=EDGE_CURVE('',#203,#223,#12255,.T.);
#12253=EDGE_CURVE('',#223,#259,#12256,.T.);
#12254=LINE('',#258,#12257);
#12255=LINE('',#202,#12258);
#12256=LINE('',#222,#12259);
#12257=VECTOR('',#12260,1.0);
#12258=VECTOR('',#12261,1.0);
#12259=VECTOR('',#12262,1.0);
#12260=DIRECTION('',(0.936643371028014,0,0.35028444942543213));
#12261=DIRECTION('',(0.6451634501739851,0,-0.764044581526235));
#12262=DIRECTION('',(-1,0,0));
#12263=FACE_SURFACE('',(#12268),#12264,.T.);
#12264=PLANE('',#12265);
#12265=AXIS2_PLACEMENT_3D('',#222,#12266,#12267);
#12266=DIRECTION('',(0,1,-0));
#12267=DIRECTION('',(-0.6451634501739851,0,0.764044581526235));
#12268=FACE_BOUND('',#12269,.T.);
#12269=EDGE_LOOP('',(#12270,#12271,#12272));
#12270=ORIENTED_EDGE('',*,*,#12273,.T.);
#12271=ORIENTED_EDGE('',*,*,#12274,.T.);
#12272=ORIENTED_EDGE('',*,*,#12275,.T.);
#12273=EDGE_CURVE('',#223,#203,#12276,.F.);
#12274=EDGE_CURVE('',#203,#211,#12277,.T.);
#12275=EDGE_CURVE('',#211,#223,#12278,.T.);
#12276=LINE('',#222,#12279);
#12277=LINE('',#202,#12280);
#12278=LINE('',#210,#12281);
#12279=VECTOR('',#12282,1.0);
#12280=VECTOR('',#12283,1.0);
#12281=VECTOR('',#12284,1.0);
#12282=DIRECTION('',(-0.6451634501739851,0,0.764044581526235));
#12283=DIRECTION('',(0.7745962055985283,0,-0.6324560998775826));
#12284=DIRECTION('',(0,0,-1));
#12285=FACE_SURFACE('',(#12290),#12286,.T.);
#12286=PLANE('',#12287);
#12287=AXIS2_PLACEMENT_3D('',#198,#12288,#12289);
#12288=DIRECTION('',(0,1,0));
#12289=DIRECTION('',(0,0,-1));
#12290=FACE_BOUND('',#12291,.T.);
#12291=EDGE_LOOP('',(#12292,#12293,#12294));
#12292=ORIENTED_EDGE('',*,*,#12295,.T.);
#12293=ORIENTED_EDGE('',*,*,#12296,.T.);
#12294=ORIENTED_EDGE('',*,*,#12297,.T.);
#12295=EDGE_CURVE('',#199,#207,#12298,.F.);
#12296=EDGE_CURVE('',#207,#191,#12299,.T.);
#12297=EDGE_CURVE('',#191,#199,#12300,.T.);
#12298=LINE('',#198,#12301);
#12299=LINE('',#206,#12302);
#12300=LINE('',#190,#12303);
#12301=VECTOR('',#12304,1.0);
#12302=VECTOR('',#12305,1.0);
#12303=VECTOR('',#12306,1.0);
#12304=DIRECTION('',(0,0,-1));
#12305=DIRECTION('',(-0.490586758240887,0,0.8713923528690722));
#12306=DIRECTION('',(0.774600065804404,0,-0.632451372087857));
#12307=FACE_SURFACE('',(#12312),#12308,.T.);
#12308=PLANE('',#12309);
#12309=AXIS2_PLACEMENT_3D('',#190,#12310,#12311);
#12310=DIRECTION('',(0,1,0));
#12311=DIRECTION('',(0.490586758240887,0,-0.8713923528690722));
#12312=FACE_BOUND('',#12313,.T.);
#12313=EDGE_LOOP('',(#12314,#12315,#12316));
#12314=ORIENTED_EDGE('',*,*,#12317,.T.);
#12315=ORIENTED_EDGE('',*,*,#12318,.T.);
#12316=ORIENTED_EDGE('',*,*,#12319,.T.);
#12317=EDGE_CURVE('',#191,#207,#12320,.F.);
#12318=EDGE_CURVE('',#207,#203,#12321,.T.);
#12319=EDGE_CURVE('',#203,#191,#12322,.T.);
#12320=LINE('',#190,#12323);
#12321=LINE('',#206,#12324);
#12322=LINE('',#202,#12325);
#12323=VECTOR('',#12326,1.0);
#12324=VECTOR('',#12327,1.0);
#12325=VECTOR('',#12328,1.0);
#12326=DIRECTION('',(0.490586758240887,0,-0.8713923528690722));
#12327=DIRECTION('',(-0.7745962055985283,0,-0.6324560998775826));
#12328=DIRECTION('',(0,0,1));
#12329=FACE_SURFACE('',(#12334),#12330,.T.);
#12330=PLANE('',#12331);
#12331=AXIS2_PLACEMENT_3D('',#246,#12332,#12333);
#12332=DIRECTION('',(0,1,0));
#12333=DIRECTION('',(0,0,-1));
#12334=FACE_BOUND('',#12335,.T.);
#12335=EDGE_LOOP('',(#12336,#12337,#12338));
#12336=ORIENTED_EDGE('',*,*,#12339,.T.);
#12337=ORIENTED_EDGE('',*,*,#12340,.T.);
#12338=ORIENTED_EDGE('',*,*,#12341,.T.);
#12339=EDGE_CURVE('',#247,#249,#12342,.F.);
#12340=EDGE_CURVE('',#249,#653,#12343,.T.);
#12341=EDGE_CURVE('',#653,#247,#12344,.T.);
#12342=LINE('',#246,#12345);
#12343=LINE('',#248,#12346);
#12344=LINE('',#652,#12347);
#12345=VECTOR('',#12348,1.0);
#12346=VECTOR('',#12349,1.0);
#12347=VECTOR('',#12350,1.0);
#12348=DIRECTION('',(0,0,-1));
#12349=DIRECTION('',(-0.9307924080563991,0,0.3655482090020002));
#12350=DIRECTION('',(1,0,0));
#12351=FACE_SURFACE('',(#12356),#12352,.T.);
#12352=PLANE('',#12353);
#12353=AXIS2_PLACEMENT_3D('',#652,#12354,#12355);
#12354=DIRECTION('',(0,1,0));
#12355=DIRECTION('',(0.9307924080563991,0,-0.3655482090020002));
#12356=FACE_BOUND('',#12357,.T.);
#12357=EDGE_LOOP('',(#12358,#12359,#12360));
#12358=ORIENTED_EDGE('',*,*,#12361,.T.);
#12359=ORIENTED_EDGE('',*,*,#12362,.T.);
#12360=ORIENTED_EDGE('',*,*,#12363,.T.);
#12361=EDGE_CURVE('',#653,#249,#12364,.F.);
#12362=EDGE_CURVE('',#249,#655,#12365,.T.);
#12363=EDGE_CURVE('',#655,#653,#12366,.T.);
#12364=LINE('',#652,#12367);
#12365=LINE('',#248,#12368);
#12366=LINE('',#654,#12369);
#12367=VECTOR('',#12370,1.0);
#12368=VECTOR('',#12371,1.0);
#12369=VECTOR('',#12372,1.0);
#12370=DIRECTION('',(0.9307924080563991,0,-0.3655482090020002));
#12371=DIRECTION('',(-1,0,0));
#12372=DIRECTION('',(0,0,1));
#12373=FACE_SURFACE('',(#12378),#12374,.T.);
#12374=PLANE('',#12375);
#12375=AXIS2_PLACEMENT_3D('',#254,#12376,#12377);
#12376=DIRECTION('',(-0,-1,-0));
#12377=DIRECTION('',(-1,0,0));
#12378=FACE_BOUND('',#12379,.T.);
#12379=EDGE_LOOP('',(#12380,#12381,#12382));
#12380=ORIENTED_EDGE('',*,*,#12383,.T.);
#12381=ORIENTED_EDGE('',*,*,#12384,.T.);
#12382=ORIENTED_EDGE('',*,*,#12385,.T.);
#12383=EDGE_CURVE('',#255,#657,#12386,.F.);
#12384=EDGE_CURVE('',#657,#253,#12387,.T.);
#12385=EDGE_CURVE('',#253,#255,#12388,.T.);
#12386=LINE('',#254,#12389);
#12387=LINE('',#656,#12390);
#12388=LINE('',#252,#12391);
#12389=VECTOR('',#12392,1.0);
#12390=VECTOR('',#12393,1.0);
#12391=VECTOR('',#12394,1.0);
#12392=DIRECTION('',(-1,0,0));
#12393=DIRECTION('',(0.9307924080563991,0,-0.3655482090020002));
#12394=DIRECTION('',(0,0,1));
#12395=FACE_SURFACE('',(#12400),#12396,.T.);
#12396=PLANE('',#12397);
#12397=AXIS2_PLACEMENT_3D('',#252,#12398,#12399);
#12398=DIRECTION('',(0,-1,0));
#12399=DIRECTION('',(-0.9307924080563991,0,0.3655482090020002));
#12400=FACE_BOUND('',#12401,.T.);
#12401=EDGE_LOOP('',(#12402,#12403,#12404));
#12402=ORIENTED_EDGE('',*,*,#12405,.T.);
#12403=ORIENTED_EDGE('',*,*,#12406,.T.);
#12404=ORIENTED_EDGE('',*,*,#12407,.T.);
#12405=EDGE_CURVE('',#253,#657,#12408,.F.);
#12406=EDGE_CURVE('',#657,#659,#12409,.T.);
#12407=EDGE_CURVE('',#659,#253,#12410,.T.);
#12408=LINE('',#252,#12411);
#12409=LINE('',#656,#12412);
#12410=LINE('',#658,#12413);
#12411=VECTOR('',#12414,1.0);
#12412=VECTOR('',#12415,1.0);
#12413=VECTOR('',#12416,1.0);
#12414=DIRECTION('',(-0.9307924080563991,0,0.3655482090020002));
#12415=DIRECTION('',(0,0,-1));
#12416=DIRECTION('',(1,0,0));
#12417=FACE_SURFACE('',(#12422),#12418,.T.);
#12418=PLANE('',#12419);
#12419=AXIS2_PLACEMENT_3D('',#246,#12420,#12421);
#12420=DIRECTION('',(0,0,-1));
#12421=DIRECTION('',(-1,0,0));
#12422=FACE_BOUND('',#12423,.T.);
#12423=EDGE_LOOP('',(#12424,#12425,#12426));
#12424=ORIENTED_EDGE('',*,*,#12427,.T.);
#12425=ORIENTED_EDGE('',*,*,#12428,.T.);
#12426=ORIENTED_EDGE('',*,*,#12429,.T.);
#12427=EDGE_CURVE('',#247,#653,#12430,.F.);
#12428=EDGE_CURVE('',#653,#255,#12431,.T.);
#12429=EDGE_CURVE('',#255,#247,#12432,.T.);
#12430=LINE('',#246,#12433);
#12431=LINE('',#652,#12434);
#12432=LINE('',#254,#12435);
#12433=VECTOR('',#12436,1.0);
#12434=VECTOR('',#12437,1.0);
#12435=VECTOR('',#12438,1.0);
#12436=DIRECTION('',(-1,0,0));
#12437=DIRECTION('',(0.7698250165485822,0.6382549991155377,0));
#12438=DIRECTION('',(0,-1,0));
#12439=FACE_SURFACE('',(#12444),#12440,.T.);
#12440=PLANE('',#12441);
#12441=AXIS2_PLACEMENT_3D('',#254,#12442,#12443);
#12442=DIRECTION('',(-0,0,-1));
#12443=DIRECTION('',(-0.7698250165485822,-0.6382549991155377,0));
#12444=FACE_BOUND('',#12445,.T.);
#12445=EDGE_LOOP('',(#12446,#12447,#12448));
#12446=ORIENTED_EDGE('',*,*,#12449,.T.);
#12447=ORIENTED_EDGE('',*,*,#12450,.T.);
#12448=ORIENTED_EDGE('',*,*,#12451,.T.);
#12449=EDGE_CURVE('',#255,#653,#12452,.F.);
#12450=EDGE_CURVE('',#653,#657,#12453,.T.);
#12451=EDGE_CURVE('',#657,#255,#12454,.T.);
#12452=LINE('',#254,#12455);
#12453=LINE('',#652,#12456);
#12454=LINE('',#656,#12457);
#12455=VECTOR('',#12458,1.0);
#12456=VECTOR('',#12459,1.0);
#12457=VECTOR('',#12460,1.0);
#12458=DIRECTION('',(-0.7698250165485822,-0.6382549991155377,0));
#12459=DIRECTION('',(0,1,0));
#12460=DIRECTION('',(1,0,0));
#12461=FACE_SURFACE('',(#12466),#12462,.T.);
#12462=PLANE('',#12463);
#12463=AXIS2_PLACEMENT_3D('',#648,#12464,#12465);
#12464=DIRECTION('',(-1,-0,-0));
#12465=DIRECTION('',(0,0,-1));
#12466=FACE_BOUND('',#12467,.T.);
#12467=EDGE_LOOP('',(#12468,#12469,#12470));
#12468=ORIENTED_EDGE('',*,*,#12471,.T.);
#12469=ORIENTED_EDGE('',*,*,#12472,.T.);
#12470=ORIENTED_EDGE('',*,*,#12473,.T.);
#12471=EDGE_CURVE('',#649,#647,#12474,.F.);
#12472=EDGE_CURVE('',#647,#661,#12475,.T.);
#12473=EDGE_CURVE('',#661,#649,#12476,.T.);
#12474=LINE('',#648,#12477);
#12475=LINE('',#646,#12478);
#12476=LINE('',#660,#12479);
#12477=VECTOR('',#12480,1.0);
#12478=VECTOR('',#12481,1.0);
#12479=VECTOR('',#12482,1.0);
#12480=DIRECTION('',(0,0,-1));
#12481=DIRECTION('',(0,-0.9966575213882964,0.08169323754226833));
#12482=DIRECTION('',(0,1,0));
#12483=FACE_SURFACE('',(#12488),#12484,.T.);
#12484=PLANE('',#12485);
#12485=AXIS2_PLACEMENT_3D('',#660,#12486,#12487);
#12486=DIRECTION('',(-1,0,0));
#12487=DIRECTION('',(0,0.9966575213882964,-0.08169323754226833));
#12488=FACE_BOUND('',#12489,.T.);
#12489=EDGE_LOOP('',(#12490,#12491,#12492));
#12490=ORIENTED_EDGE('',*,*,#12493,.T.);
#12491=ORIENTED_EDGE('',*,*,#12494,.T.);
#12492=ORIENTED_EDGE('',*,*,#12495,.T.);
#12493=EDGE_CURVE('',#661,#647,#12496,.F.);
#12494=EDGE_CURVE('',#647,#663,#12497,.T.);
#12495=EDGE_CURVE('',#663,#661,#12498,.T.);
#12496=LINE('',#660,#12499);
#12497=LINE('',#646,#12500);
#12498=LINE('',#662,#12501);
#12499=VECTOR('',#12502,1.0);
#12500=VECTOR('',#12503,1.0);
#12501=VECTOR('',#12504,1.0);
#12502=DIRECTION('',(0,0.9966575213882964,-0.08169323754226833));
#12503=DIRECTION('',(0,-1,0));
#12504=DIRECTION('',(0,0,1));
#12505=FACE_SURFACE('',(#12510),#12506,.T.);
#12506=PLANE('',#12507);
#12507=AXIS2_PLACEMENT_3D('',#664,#12508,#12509);
#12508=DIRECTION('',(0,0,1));
#12509=DIRECTION('',(1,0,0));
#12510=FACE_BOUND('',#12511,.T.);
#12511=EDGE_LOOP('',(#12512,#12513,#12514));
#12512=ORIENTED_EDGE('',*,*,#12515,.T.);
#12513=ORIENTED_EDGE('',*,*,#12516,.T.);
#12514=ORIENTED_EDGE('',*,*,#12517,.T.);
#12515=EDGE_CURVE('',#665,#663,#12518,.F.);
#12516=EDGE_CURVE('',#663,#651,#12519,.T.);
#12517=EDGE_CURVE('',#651,#665,#12520,.T.);
#12518=LINE('',#664,#12521);
#12519=LINE('',#662,#12522);
#12520=LINE('',#650,#12523);
#12521=VECTOR('',#12524,1.0);
#12522=VECTOR('',#12525,1.0);
#12523=VECTOR('',#12526,1.0);
#12524=DIRECTION('',(1,0,0));
#12525=DIRECTION('',(-0.08169323754226833,0.9966575213882964,0));
#12526=DIRECTION('',(0,-1,0));
#12527=FACE_SURFACE('',(#12532),#12528,.T.);
#12528=PLANE('',#12529);
#12529=AXIS2_PLACEMENT_3D('',#650,#12530,#12531);
#12530=DIRECTION('',(-0,0,1));
#12531=DIRECTION('',(0.08169323754226833,-0.9966575213882964,0));
#12532=FACE_BOUND('',#12533,.T.);
#12533=EDGE_LOOP('',(#12534,#12535,#12536));
#12534=ORIENTED_EDGE('',*,*,#12537,.T.);
#12535=ORIENTED_EDGE('',*,*,#12538,.T.);
#12536=ORIENTED_EDGE('',*,*,#12539,.T.);
#12537=EDGE_CURVE('',#651,#663,#12540,.F.);
#12538=EDGE_CURVE('',#663,#647,#12541,.T.);
#12539=EDGE_CURVE('',#647,#651,#12542,.T.);
#12540=LINE('',#650,#12543);
#12541=LINE('',#662,#12544);
#12542=LINE('',#646,#12545);
#12543=VECTOR('',#12546,1.0);
#12544=VECTOR('',#12547,1.0);
#12545=VECTOR('',#12548,1.0);
#12546=DIRECTION('',(0.08169323754226833,-0.9966575213882964,0));
#12547=DIRECTION('',(0,1,0));
#12548=DIRECTION('',(-1,0,0));
#12549=FACE_SURFACE('',(#12554),#12550,.T.);
#12550=PLANE('',#12551);
#12551=AXIS2_PLACEMENT_3D('',#642,#12552,#12553);
#12552=DIRECTION('',(0,0,-1));
#12553=DIRECTION('',(1,0,0));
#12554=FACE_BOUND('',#12555,.T.);
#12555=EDGE_LOOP('',(#12556,#12557,#12558));
#12556=ORIENTED_EDGE('',*,*,#12559,.T.);
#12557=ORIENTED_EDGE('',*,*,#12560,.T.);
#12558=ORIENTED_EDGE('',*,*,#12561,.T.);
#12559=EDGE_CURVE('',#643,#649,#12562,.F.);
#12560=EDGE_CURVE('',#649,#641,#12563,.T.);
#12561=EDGE_CURVE('',#641,#643,#12564,.T.);
#12562=LINE('',#642,#12565);
#12563=LINE('',#648,#12566);
#12564=LINE('',#640,#12567);
#12565=VECTOR('',#12568,1.0);
#12566=VECTOR('',#12569,1.0);
#12567=VECTOR('',#12570,1.0);
#12568=DIRECTION('',(1,0,0));
#12569=DIRECTION('',(-0.08169323754226833,-0.9966575213882964,0));
#12570=DIRECTION('',(0,1,0));
#12571=FACE_SURFACE('',(#12576),#12572,.T.);
#12572=PLANE('',#12573);
#12573=AXIS2_PLACEMENT_3D('',#640,#12574,#12575);
#12574=DIRECTION('',(0,0,-1));
#12575=DIRECTION('',(0.08169323754226833,0.9966575213882964,0));
#12576=FACE_BOUND('',#12577,.T.);
#12577=EDGE_LOOP('',(#12578,#12579,#12580));
#12578=ORIENTED_EDGE('',*,*,#12581,.T.);
#12579=ORIENTED_EDGE('',*,*,#12582,.T.);
#12580=ORIENTED_EDGE('',*,*,#12583,.T.);
#12581=EDGE_CURVE('',#641,#649,#12584,.F.);
#12582=EDGE_CURVE('',#649,#661,#12585,.T.);
#12583=EDGE_CURVE('',#661,#641,#12586,.T.);
#12584=LINE('',#640,#12587);
#12585=LINE('',#648,#12588);
#12586=LINE('',#660,#12589);
#12587=VECTOR('',#12590,1.0);
#12588=VECTOR('',#12591,1.0);
#12589=VECTOR('',#12592,1.0);
#12590=DIRECTION('',(0.08169323754226833,0.9966575213882964,0));
#12591=DIRECTION('',(0,-1,0));
#12592=DIRECTION('',(-1,0,0));
#12593=FACE_SURFACE('',(#12598),#12594,.T.);
#12594=PLANE('',#12595);
#12595=AXIS2_PLACEMENT_3D('',#244,#12596,#12597);
#12596=DIRECTION('',(0,0,-1));
#12597=DIRECTION('',(-1,0,0));
#12598=FACE_BOUND('',#12599,.T.);
#12599=EDGE_LOOP('',(#12600,#12601,#12602));
#12600=ORIENTED_EDGE('',*,*,#12603,.T.);
#12601=ORIENTED_EDGE('',*,*,#12604,.T.);
#12602=ORIENTED_EDGE('',*,*,#12605,.T.);
#12603=EDGE_CURVE('',#245,#667,#12606,.F.);
#12604=EDGE_CURVE('',#667,#251,#12607,.T.);
#12605=EDGE_CURVE('',#251,#245,#12608,.T.);
#12606=LINE('',#244,#12609);
#12607=LINE('',#666,#12610);
#12608=LINE('',#250,#12611);
#12609=VECTOR('',#12612,1.0);
#12610=VECTOR('',#12613,1.0);
#12611=VECTOR('',#12614,1.0);
#12612=DIRECTION('',(-1,0,0));
#12613=DIRECTION('',(0.4909391274982373,0.8711938780152609,0));
#12614=DIRECTION('',(0,-1,0));
#12615=FACE_SURFACE('',(#12620),#12616,.T.);
#12616=PLANE('',#12617);
#12617=AXIS2_PLACEMENT_3D('',#250,#12618,#12619);
#12618=DIRECTION('',(-0,0,-1));
#12619=DIRECTION('',(-0.4909391274982373,-0.8711938780152609,0));
#12620=FACE_BOUND('',#12621,.T.);
#12621=EDGE_LOOP('',(#12622,#12623,#12624));
#12622=ORIENTED_EDGE('',*,*,#12625,.T.);
#12623=ORIENTED_EDGE('',*,*,#12626,.T.);
#12624=ORIENTED_EDGE('',*,*,#12627,.T.);
#12625=EDGE_CURVE('',#251,#667,#12628,.F.);
#12626=EDGE_CURVE('',#667,#645,#12629,.T.);
#12627=EDGE_CURVE('',#645,#251,#12630,.T.);
#12628=LINE('',#250,#12631);
#12629=LINE('',#666,#12632);
#12630=LINE('',#644,#12633);
#12631=VECTOR('',#12634,1.0);
#12632=VECTOR('',#12635,1.0);
#12633=VECTOR('',#12636,1.0);
#12634=DIRECTION('',(-0.4909391274982373,-0.8711938780152609,0));
#12635=DIRECTION('',(0,1,0));
#12636=DIRECTION('',(1,0,0));
#12637=FACE_SURFACE('',(#12642),#12638,.T.);
#12638=PLANE('',#12639);
#12639=AXIS2_PLACEMENT_3D('',#654,#12640,#12641);
#12640=DIRECTION('',(-1,-0,0));
#12641=DIRECTION('',(0,-0.9788323182558418,-0.20466385303197626));
#12642=FACE_BOUND('',#12643,.T.);
#12643=EDGE_LOOP('',(#12644,#12645,#12646));
#12644=ORIENTED_EDGE('',*,*,#12647,.T.);
#12645=ORIENTED_EDGE('',*,*,#12648,.T.);
#12646=ORIENTED_EDGE('',*,*,#12649,.T.);
#12647=EDGE_CURVE('',#655,#667,#12650,.F.);
#12648=EDGE_CURVE('',#667,#653,#12651,.T.);
#12649=EDGE_CURVE('',#653,#655,#12652,.T.);
#12650=LINE('',#654,#12653);
#12651=LINE('',#666,#12654);
#12652=LINE('',#652,#12655);
#12653=VECTOR('',#12656,1.0);
#12654=VECTOR('',#12657,1.0);
#12655=VECTOR('',#12658,1.0);
#12656=DIRECTION('',(0,-0.9788323182558418,-0.20466385303197626));
#12657=DIRECTION('',(0,0.8192320272956228,0.5734621918253233));
#12658=DIRECTION('',(0,0,-1));
#12659=FACE_SURFACE('',(#12664),#12660,.T.);
#12660=PLANE('',#12661);
#12661=AXIS2_PLACEMENT_3D('',#652,#12662,#12663);
#12662=DIRECTION('',(-1,-0,0));
#12663=DIRECTION('',(0,-0.8192320272956228,-0.5734621918253233));
#12664=FACE_BOUND('',#12665,.T.);
#12665=EDGE_LOOP('',(#12666,#12667,#12668));
#12666=ORIENTED_EDGE('',*,*,#12669,.T.);
#12667=ORIENTED_EDGE('',*,*,#12670,.T.);
#12668=ORIENTED_EDGE('',*,*,#12671,.T.);
#12669=EDGE_CURVE('',#653,#667,#12672,.F.);
#12670=EDGE_CURVE('',#667,#665,#12673,.T.);
#12671=EDGE_CURVE('',#665,#653,#12674,.T.);
#12672=LINE('',#652,#12675);
#12673=LINE('',#666,#12676);
#12674=LINE('',#664,#12677);
#12675=VECTOR('',#12678,1.0);
#12676=VECTOR('',#12679,1.0);
#12677=VECTOR('',#12680,1.0);
#12678=DIRECTION('',(0,-0.8192320272956228,-0.5734621918253233));
#12679=DIRECTION('',(0,0,1));
#12680=DIRECTION('',(0,0.7636494449111865,-0.6456311061951995));
#12681=FACE_SURFACE('',(#12686),#12682,.T.);
#12682=PLANE('',#12683);
#12683=AXIS2_PLACEMENT_3D('',#652,#12684,#12685);
#12684=DIRECTION('',(-1,0,0));
#12685=DIRECTION('',(0,-0.7636494449111865,0.6456311061951995));
#12686=FACE_BOUND('',#12687,.T.);
#12687=EDGE_LOOP('',(#12688,#12689,#12690));
#12688=ORIENTED_EDGE('',*,*,#12691,.T.);
#12689=ORIENTED_EDGE('',*,*,#12692,.T.);
#12690=ORIENTED_EDGE('',*,*,#12693,.T.);
#12691=EDGE_CURVE('',#653,#665,#12694,.F.);
#12692=EDGE_CURVE('',#665,#651,#12695,.T.);
#12693=EDGE_CURVE('',#651,#653,#12696,.T.);
#12694=LINE('',#652,#12697);
#12695=LINE('',#664,#12698);
#12696=LINE('',#650,#12699);
#12697=VECTOR('',#12700,1.0);
#12698=VECTOR('',#12701,1.0);
#12699=VECTOR('',#12702,1.0);
#12700=DIRECTION('',(0,-0.7636494449111865,0.6456311061951995));
#12701=DIRECTION('',(0,1,0));
#12702=DIRECTION('',(0,-0.821529430884335,-0.5701661110508589));
#12703=FACE_SURFACE('',(#12708),#12704,.T.);
#12704=PLANE('',#12705);
#12705=AXIS2_PLACEMENT_3D('',#666,#12706,#12707);
#12706=DIRECTION('',(-1,0,0));
#12707=DIRECTION('',(0,0.9788323182558418,0.20466385303197626));
#12708=FACE_BOUND('',#12709,.T.);
#12709=EDGE_LOOP('',(#12710,#12711,#12712));
#12710=ORIENTED_EDGE('',*,*,#12713,.T.);
#12711=ORIENTED_EDGE('',*,*,#12714,.T.);
#12712=ORIENTED_EDGE('',*,*,#12715,.T.);
#12713=EDGE_CURVE('',#667,#655,#12716,.F.);
#12714=EDGE_CURVE('',#655,#645,#12717,.T.);
#12715=EDGE_CURVE('',#645,#667,#12718,.T.);
#12716=LINE('',#666,#12719);
#12717=LINE('',#654,#12720);
#12718=LINE('',#644,#12721);
#12719=VECTOR('',#12722,1.0);
#12720=VECTOR('',#12723,1.0);
#12721=VECTOR('',#12724,1.0);
#12722=DIRECTION('',(0,0.9788323182558418,0.20466385303197626));
#12723=DIRECTION('',(0,0.985587387925505,-0.16916707942794315));
#12724=DIRECTION('',(0,-1,0));
#12725=FACE_SURFACE('',(#12730),#12726,.T.);
#12726=PLANE('',#12727);
#12727=AXIS2_PLACEMENT_3D('',#644,#12728,#12729);
#12728=DIRECTION('',(-1,0,0));
#12729=DIRECTION('',(0,-0.985587387925505,0.16916707942794315));
#12730=FACE_BOUND('',#12731,.T.);
#12731=EDGE_LOOP('',(#12732,#12733,#12734));
#12732=ORIENTED_EDGE('',*,*,#12735,.T.);
#12733=ORIENTED_EDGE('',*,*,#12736,.T.);
#12734=ORIENTED_EDGE('',*,*,#12737,.T.);
#12735=EDGE_CURVE('',#645,#655,#12738,.F.);
#12736=EDGE_CURVE('',#655,#659,#12739,.T.);
#12737=EDGE_CURVE('',#659,#645,#12740,.T.);
#12738=LINE('',#644,#12741);
#12739=LINE('',#654,#12742);
#12740=LINE('',#658,#12743);
#12741=VECTOR('',#12744,1.0);
#12742=VECTOR('',#12745,1.0);
#12743=VECTOR('',#12746,1.0);
#12744=DIRECTION('',(0,-0.985587387925505,0.16916707942794315));
#12745=DIRECTION('',(0,1,0));
#12746=DIRECTION('',(0,0.6561806980271557,-0.7546037977220859));
#12747=FACE_SURFACE('',(#12752),#12748,.T.);
#12748=PLANE('',#12749);
#12749=AXIS2_PLACEMENT_3D('',#644,#12750,#12751);
#12750=DIRECTION('',(-1,0,0));
#12751=DIRECTION('',(0,-0.6561806980271557,0.7546037977220859));
#12752=FACE_BOUND('',#12753,.T.);
#12753=EDGE_LOOP('',(#12754,#12755,#12756));
#12754=ORIENTED_EDGE('',*,*,#12757,.T.);
#12755=ORIENTED_EDGE('',*,*,#12758,.T.);
#12756=ORIENTED_EDGE('',*,*,#12759,.T.);
#12757=EDGE_CURVE('',#645,#659,#12760,.F.);
#12758=EDGE_CURVE('',#659,#657,#12761,.T.);
#12759=EDGE_CURVE('',#657,#645,#12762,.T.);
#12760=LINE('',#644,#12763);
#12761=LINE('',#658,#12764);
#12762=LINE('',#656,#12765);
#12763=VECTOR('',#12766,1.0);
#12764=VECTOR('',#12767,1.0);
#12765=VECTOR('',#12768,1.0);
#12766=DIRECTION('',(0,-0.6561806980271557,0.7546037977220859));
#12767=DIRECTION('',(0,0,1));
#12768=DIRECTION('',(0,0.2513984577350998,-0.9678836786765305));
#12769=FACE_SURFACE('',(#12774),#12770,.T.);
#12770=PLANE('',#12771);
#12771=AXIS2_PLACEMENT_3D('',#644,#12772,#12773);
#12772=DIRECTION('',(-1,0,0));
#12773=DIRECTION('',(0,-0.2513984577350998,0.9678836786765305));
#12774=FACE_BOUND('',#12775,.T.);
#12775=EDGE_LOOP('',(#12776,#12777,#12778));
#12776=ORIENTED_EDGE('',*,*,#12779,.T.);
#12777=ORIENTED_EDGE('',*,*,#12780,.T.);
#12778=ORIENTED_EDGE('',*,*,#12781,.T.);
#12779=EDGE_CURVE('',#645,#657,#12782,.F.);
#12780=EDGE_CURVE('',#657,#651,#12783,.T.);
#12781=EDGE_CURVE('',#651,#645,#12784,.T.);
#12782=LINE('',#644,#12785);
#12783=LINE('',#656,#12786);
#12784=LINE('',#650,#12787);
#12785=VECTOR('',#12788,1.0);
#12786=VECTOR('',#12789,1.0);
#12787=VECTOR('',#12790,1.0);
#12788=DIRECTION('',(0,-0.2513984577350998,0.9678836786765305));
#12789=DIRECTION('',(0,0.21024688272348815,0.9776483254755033));
#12790=DIRECTION('',(0,0,-1));
#12791=FACE_SURFACE('',(#12796),#12792,.T.);
#12792=PLANE('',#12793);
#12793=AXIS2_PLACEMENT_3D('',#650,#12794,#12795);
#12794=DIRECTION('',(-1,0,0));
#12795=DIRECTION('',(0,-0.21024688272348815,-0.9776483254755033));
#12796=FACE_BOUND('',#12797,.T.);
#12797=EDGE_LOOP('',(#12798,#12799,#12800));
#12798=ORIENTED_EDGE('',*,*,#12801,.T.);
#12799=ORIENTED_EDGE('',*,*,#12802,.T.);
#12800=ORIENTED_EDGE('',*,*,#12803,.T.);
#12801=EDGE_CURVE('',#651,#657,#12804,.F.);
#12802=EDGE_CURVE('',#657,#653,#12805,.T.);
#12803=EDGE_CURVE('',#653,#651,#12806,.T.);
#12804=LINE('',#650,#12807);
#12805=LINE('',#656,#12808);
#12806=LINE('',#652,#12809);
#12807=VECTOR('',#12810,1.0);
#12808=VECTOR('',#12811,1.0);
#12809=VECTOR('',#12812,1.0);
#12810=DIRECTION('',(0,-0.21024688272348815,-0.9776483254755033));
#12811=DIRECTION('',(0,-1,0));
#12812=DIRECTION('',(0,0.821529430884335,0.5701661110508589));
#12813=FACE_SURFACE('',(#12818),#12814,.T.);
#12814=PLANE('',#12815);
#12815=AXIS2_PLACEMENT_3D('',#252,#12816,#12817);
#12816=DIRECTION('',(0,0,1));
#12817=DIRECTION('',(-1,0,0));
#12818=FACE_BOUND('',#12819,.T.);
#12819=EDGE_LOOP('',(#12820,#12821,#12822));
#12820=ORIENTED_EDGE('',*,*,#12823,.T.);
#12821=ORIENTED_EDGE('',*,*,#12824,.T.);
#12822=ORIENTED_EDGE('',*,*,#12825,.T.);
#12823=EDGE_CURVE('',#253,#659,#12826,.F.);
#12824=EDGE_CURVE('',#659,#249,#12827,.T.);
#12825=EDGE_CURVE('',#249,#253,#12828,.T.);
#12826=LINE('',#252,#12829);
#12827=LINE('',#658,#12830);
#12828=LINE('',#248,#12831);
#12829=VECTOR('',#12832,1.0);
#12830=VECTOR('',#12833,1.0);
#12831=VECTOR('',#12834,1.0);
#12832=DIRECTION('',(-1,0,0));
#12833=DIRECTION('',(0.7698250165485822,-0.6382549991155377,0));
#12834=DIRECTION('',(0,1,0));
#12835=FACE_SURFACE('',(#12840),#12836,.T.);
#12836=PLANE('',#12837);
#12837=AXIS2_PLACEMENT_3D('',#248,#12838,#12839);
#12838=DIRECTION('',(0,0,1));
#12839=DIRECTION('',(-0.7698250165485822,0.6382549991155377,0));
#12840=FACE_BOUND('',#12841,.T.);
#12841=EDGE_LOOP('',(#12842,#12843,#12844));
#12842=ORIENTED_EDGE('',*,*,#12845,.T.);
#12843=ORIENTED_EDGE('',*,*,#12846,.T.);
#12844=ORIENTED_EDGE('',*,*,#12847,.T.);
#12845=EDGE_CURVE('',#249,#659,#12848,.F.);
#12846=EDGE_CURVE('',#659,#655,#12849,.T.);
#12847=EDGE_CURVE('',#655,#249,#12850,.T.);
#12848=LINE('',#248,#12851);
#12849=LINE('',#658,#12852);
#12850=LINE('',#654,#12853);
#12851=VECTOR('',#12854,1.0);
#12852=VECTOR('',#12855,1.0);
#12853=VECTOR('',#12856,1.0);
#12854=DIRECTION('',(-0.7698250165485822,0.6382549991155377,0));
#12855=DIRECTION('',(0,-1,0));
#12856=DIRECTION('',(1,0,0));
#12857=FACE_SURFACE('',(#12862),#12858,.T.);
#12858=PLANE('',#12859);
#12859=AXIS2_PLACEMENT_3D('',#382,#12860,#12861);
#12860=DIRECTION('',(0,-1,0));
#12861=DIRECTION('',(0.9015224993509446,0,-0.43273223032728453));
#12862=FACE_BOUND('',#12863,.T.);
#12863=EDGE_LOOP('',(#12864,#12865,#12866));
#12864=ORIENTED_EDGE('',*,*,#12867,.T.);
#12865=ORIENTED_EDGE('',*,*,#12868,.T.);
#12866=ORIENTED_EDGE('',*,*,#12869,.T.);
#12867=EDGE_CURVE('',#383,#235,#12870,.F.);
#12868=EDGE_CURVE('',#235,#229,#12871,.T.);
#12869=EDGE_CURVE('',#229,#383,#12872,.T.);
#12870=LINE('',#382,#12873);
#12871=LINE('',#234,#12874);
#12872=LINE('',#228,#12875);
#12873=VECTOR('',#12876,1.0);
#12874=VECTOR('',#12877,1.0);
#12875=VECTOR('',#12878,1.0);
#12876=DIRECTION('',(0.9015224993509446,0,-0.43273223032728453));
#12877=DIRECTION('',(-0.11091837445175462,0,0.9938295196908675));
#12878=DIRECTION('',(-0.34731435582359393,0,-0.9377487607237036));
#12879=FACE_SURFACE('',(#12884),#12880,.T.);
#12880=PLANE('',#12881);
#12881=AXIS2_PLACEMENT_3D('',#228,#12882,#12883);
#12882=DIRECTION('',(0,-1,0));
#12883=DIRECTION('',(0.11091837445175462,0,-0.9938295196908675));
#12884=FACE_BOUND('',#12885,.T.);
#12885=EDGE_LOOP('',(#12886,#12887,#12888));
#12886=ORIENTED_EDGE('',*,*,#12889,.T.);
#12887=ORIENTED_EDGE('',*,*,#12890,.T.);
#12888=ORIENTED_EDGE('',*,*,#12891,.T.);
#12889=EDGE_CURVE('',#229,#235,#12892,.F.);
#12890=EDGE_CURVE('',#235,#79,#12893,.T.);
#12891=EDGE_CURVE('',#79,#229,#12894,.T.);
#12892=LINE('',#228,#12895);
#12893=LINE('',#234,#12896);
#12894=LINE('',#78,#12897);
#12895=VECTOR('',#12898,1.0);
#12896=VECTOR('',#12899,1.0);
#12897=VECTOR('',#12900,1.0);
#12898=DIRECTION('',(0.11091837445175462,0,-0.9938295196908675));
#12899=DIRECTION('',(0.22937461267468215,0,0.973338218226501));
#12900=DIRECTION('',(-0.5344092664512321,0,0.8452258490670147));
#12901=FACE_SURFACE('',(#12906),#12902,.T.);
#12902=PLANE('',#12903);
#12903=AXIS2_PLACEMENT_3D('',#228,#12904,#12905);
#12904=DIRECTION('',(0,-1,0));
#12905=DIRECTION('',(0.5344092664512321,0,-0.8452258490670147));
#12906=FACE_BOUND('',#12907,.T.);
#12907=EDGE_LOOP('',(#12908,#12909,#12910));
#12908=ORIENTED_EDGE('',*,*,#12911,.T.);
#12909=ORIENTED_EDGE('',*,*,#12912,.T.);
#12910=ORIENTED_EDGE('',*,*,#12913,.T.);
#12911=EDGE_CURVE('',#229,#79,#12914,.F.);
#12912=EDGE_CURVE('',#79,#67,#12915,.T.);
#12913=EDGE_CURVE('',#67,#229,#12916,.T.);
#12914=LINE('',#228,#12917);
#12915=LINE('',#78,#12918);
#12916=LINE('',#66,#12919);
#12917=VECTOR('',#12920,1.0);
#12918=VECTOR('',#12921,1.0);
#12919=VECTOR('',#12922,1.0);
#12920=DIRECTION('',(0.5344092664512321,0,-0.8452258490670147));
#12921=DIRECTION('',(0,0,1));
#12922=DIRECTION('',(-0.6646718298217108,0,0.7471354352735914));
#12923=FACE_SURFACE('',(#12928),#12924,.T.);
#12924=PLANE('',#12925);
#12925=AXIS2_PLACEMENT_3D('',#66,#12926,#12927);
#12926=DIRECTION('',(0,-1,0));
#12927=DIRECTION('',(0,0,-1));
#12928=FACE_BOUND('',#12929,.T.);
#12929=EDGE_LOOP('',(#12930,#12931,#12932));
#12930=ORIENTED_EDGE('',*,*,#12933,.T.);
#12931=ORIENTED_EDGE('',*,*,#12934,.T.);
#12932=ORIENTED_EDGE('',*,*,#12935,.T.);
#12933=EDGE_CURVE('',#67,#79,#12936,.F.);
#12934=EDGE_CURVE('',#79,#73,#12937,.T.);
#12935=EDGE_CURVE('',#73,#67,#12938,.T.);
#12936=LINE('',#66,#12939);
#12937=LINE('',#78,#12940);
#12938=LINE('',#72,#12941);
#12939=VECTOR('',#12942,1.0);
#12940=VECTOR('',#12943,1.0);
#12941=VECTOR('',#12944,1.0);
#12942=DIRECTION('',(0,0,-1));
#12943=DIRECTION('',(0.490586758240887,0,0.8713923528690722));
#12944=DIRECTION('',(-0.7745923454022712,0,0.6324608275966257));
#12945=FACE_SURFACE('',(#12950),#12946,.T.);
#12946=PLANE('',#12947);
#12947=AXIS2_PLACEMENT_3D('',#72,#12948,#12949);
#12948=DIRECTION('',(0,-1,-0));
#12949=DIRECTION('',(-0.490586758240887,0,-0.8713923528690722));
#12950=FACE_BOUND('',#12951,.T.);
#12951=EDGE_LOOP('',(#12952,#12953,#12954));
#12952=ORIENTED_EDGE('',*,*,#12955,.T.);
#12953=ORIENTED_EDGE('',*,*,#12956,.T.);
#12954=ORIENTED_EDGE('',*,*,#12957,.T.);
#12955=EDGE_CURVE('',#73,#79,#12958,.F.);
#12956=EDGE_CURVE('',#79,#77,#12959,.T.);
#12957=EDGE_CURVE('',#77,#73,#12960,.T.);
#12958=LINE('',#72,#12961);
#12959=LINE('',#78,#12962);
#12960=LINE('',#76,#12963);
#12961=VECTOR('',#12964,1.0);
#12962=VECTOR('',#12965,1.0);
#12963=VECTOR('',#12966,1.0);
#12964=DIRECTION('',(-0.490586758240887,0,-0.8713923528690722));
#12965=DIRECTION('',(0.774600065804404,0,0.632451372087857));
#12966=DIRECTION('',(0,0,1));
#12967=FACE_SURFACE('',(#12972),#12968,.T.);
#12968=PLANE('',#12969);
#12969=AXIS2_PLACEMENT_3D('',#640,#12970,#12971);
#12970=DIRECTION('',(0,-1,0));
#12971=DIRECTION('',(1,0,0));
#12972=FACE_BOUND('',#12973,.T.);
#12973=EDGE_LOOP('',(#12974,#12975,#12976));
#12974=ORIENTED_EDGE('',*,*,#12977,.T.);
#12975=ORIENTED_EDGE('',*,*,#12978,.T.);
#12976=ORIENTED_EDGE('',*,*,#12979,.T.);
#12977=EDGE_CURVE('',#641,#661,#12980,.F.);
#12978=EDGE_CURVE('',#661,#383,#12981,.T.);
#12979=EDGE_CURVE('',#383,#641,#12982,.T.);
#12980=LINE('',#640,#12983);
#12981=LINE('',#660,#12984);
#12982=LINE('',#382,#12985);
#12983=VECTOR('',#12986,1.0);
#12984=VECTOR('',#12987,1.0);
#12985=VECTOR('',#12988,1.0);
#12986=DIRECTION('',(1,0,0));
#12987=DIRECTION('',(-0.04297101039557866,0,0.9990763195399954));
#12988=DIRECTION('',(0,0,-1));
#12989=FACE_SURFACE('',(#12994),#12990,.T.);
#12990=PLANE('',#12991);
#12991=AXIS2_PLACEMENT_3D('',#382,#12992,#12993);
#12992=DIRECTION('',(0,-1,0));
#12993=DIRECTION('',(0.04297101039557866,0,-0.9990763195399954));
#12994=FACE_BOUND('',#12995,.T.);
#12995=EDGE_LOOP('',(#12996,#12997,#12998));
#12996=ORIENTED_EDGE('',*,*,#12999,.T.);
#12997=ORIENTED_EDGE('',*,*,#13000,.T.);
#12998=ORIENTED_EDGE('',*,*,#13001,.T.);
#12999=EDGE_CURVE('',#383,#661,#13002,.F.);
#13000=EDGE_CURVE('',#661,#235,#13003,.T.);
#13001=EDGE_CURVE('',#235,#383,#13004,.T.);
#13002=LINE('',#382,#13005);
#13003=LINE('',#660,#13006);
#13004=LINE('',#234,#13007);
#13005=VECTOR('',#13008,1.0);
#13006=VECTOR('',#13009,1.0);
#13007=VECTOR('',#13010,1.0);
#13008=DIRECTION('',(0.04297101039557866,0,-0.9990763195399954));
#13009=DIRECTION('',(0.28249173360538027,0,0.9592697328930101));
#13010=DIRECTION('',(-0.9015224993509446,0,0.43273223032728453));
#13011=FACE_SURFACE('',(#13016),#13012,.T.);
#13012=PLANE('',#13013);
#13013=AXIS2_PLACEMENT_3D('',#234,#13014,#13015);
#13014=DIRECTION('',(0,-1,-0));
#13015=DIRECTION('',(-0.28249173360538027,0,-0.9592697328930101));
#13016=FACE_BOUND('',#13017,.T.);
#13017=EDGE_LOOP('',(#13018,#13019,#13020));
#13018=ORIENTED_EDGE('',*,*,#13021,.T.);
#13019=ORIENTED_EDGE('',*,*,#13022,.T.);
#13020=ORIENTED_EDGE('',*,*,#13023,.T.);
#13021=EDGE_CURVE('',#235,#661,#13024,.F.);
#13022=EDGE_CURVE('',#661,#245,#13025,.T.);
#13023=EDGE_CURVE('',#245,#235,#13026,.T.);
#13024=LINE('',#234,#13027);
#13025=LINE('',#660,#13028);
#13026=LINE('',#244,#13029);
#13027=VECTOR('',#13030,1.0);
#13028=VECTOR('',#13031,1.0);
#13029=VECTOR('',#13032,1.0);
#13030=DIRECTION('',(-0.28249173360538027,0,-0.9592697328930101));
#13031=DIRECTION('',(0.5259692714093175,0,-0.8505035717345059));
#13032=DIRECTION('',(0,0,1));
#13033=FACE_SURFACE('',(#13038),#13034,.T.);
#13034=PLANE('',#13035);
#13035=AXIS2_PLACEMENT_3D('',#244,#13036,#13037);
#13036=DIRECTION('',(0,-1,0));
#13037=DIRECTION('',(-0.5259692714093175,0,0.8505035717345059));
#13038=FACE_BOUND('',#13039,.T.);
#13039=EDGE_LOOP('',(#13040,#13041,#13042));
#13040=ORIENTED_EDGE('',*,*,#13043,.T.);
#13041=ORIENTED_EDGE('',*,*,#13044,.T.);
#13042=ORIENTED_EDGE('',*,*,#13045,.T.);
#13043=EDGE_CURVE('',#245,#661,#13046,.F.);
#13044=EDGE_CURVE('',#661,#663,#13047,.T.);
#13045=EDGE_CURVE('',#663,#245,#13048,.T.);
#13046=LINE('',#244,#13049);
#13047=LINE('',#660,#13050);
#13048=LINE('',#662,#13051);
#13049=VECTOR('',#13052,1.0);
#13050=VECTOR('',#13053,1.0);
#13051=VECTOR('',#13054,1.0);
#13052=DIRECTION('',(-0.5259692714093175,0,0.8505035717345059));
#13053=DIRECTION('',(0,0,-1));
#13054=DIRECTION('',(0.5685807129375432,0,-0.8226274812303775));
#13055=FACE_SURFACE('',(#13060),#13056,.T.);
#13056=PLANE('',#13057);
#13057=AXIS2_PLACEMENT_3D('',#244,#13058,#13059);
#13058=DIRECTION('',(0,-1,0));
#13059=DIRECTION('',(-0.5685807129375432,0,0.8226274812303775));
#13060=FACE_BOUND('',#13061,.T.);
#13061=EDGE_LOOP('',(#13062,#13063,#13064));
#13062=ORIENTED_EDGE('',*,*,#13065,.T.);
#13063=ORIENTED_EDGE('',*,*,#13066,.T.);
#13064=ORIENTED_EDGE('',*,*,#13067,.T.);
#13065=EDGE_CURVE('',#245,#663,#13068,.F.);
#13066=EDGE_CURVE('',#663,#667,#13069,.T.);
#13067=EDGE_CURVE('',#667,#245,#13070,.T.);
#13068=LINE('',#244,#13071);
#13069=LINE('',#662,#13072);
#13070=LINE('',#666,#13073);
#13071=VECTOR('',#13074,1.0);
#13072=VECTOR('',#13075,1.0);
#13073=VECTOR('',#13076,1.0);
#13074=DIRECTION('',(-0.5685807129375432,0,0.8226274812303775));
#13075=DIRECTION('',(-0.1168412475673972,0,-0.9931506043228762));
#13076=DIRECTION('',(1,0,0));
#13077=FACE_SURFACE('',(#13082),#13078,.T.);
#13078=PLANE('',#13079);
#13079=AXIS2_PLACEMENT_3D('',#666,#13080,#13081);
#13080=DIRECTION('',(0,-1,0));
#13081=DIRECTION('',(0.1168412475673972,0,0.9931506043228762));
#13082=FACE_BOUND('',#13083,.T.);
#13083=EDGE_LOOP('',(#13084,#13085,#13086));
#13084=ORIENTED_EDGE('',*,*,#13087,.T.);
#13085=ORIENTED_EDGE('',*,*,#13088,.T.);
#13086=ORIENTED_EDGE('',*,*,#13089,.T.);
#13087=EDGE_CURVE('',#667,#663,#13090,.F.);
#13088=EDGE_CURVE('',#663,#665,#13091,.T.);
#13089=EDGE_CURVE('',#665,#667,#13092,.T.);
#13090=LINE('',#666,#13093);
#13091=LINE('',#662,#13094);
#13092=LINE('',#664,#13095);
#13093=VECTOR('',#13096,1.0);
#13094=VECTOR('',#13097,1.0);
#13095=VECTOR('',#13098,1.0);
#13096=DIRECTION('',(0.1168412475673972,0,0.9931506043228762));
#13097=DIRECTION('',(-1,0,0));
#13098=DIRECTION('',(0,0,-1));
#13099=FACE_SURFACE('',(#13104),#13100,.T.);
#13100=PLANE('',#13101);
#13101=AXIS2_PLACEMENT_3D('',#134,#13102,#13103);
#13102=DIRECTION('',(0,-1,0));
#13103=DIRECTION('',(-0.7745924566947985,0,0.6324606912935512));
#13104=FACE_BOUND('',#13105,.T.);
#13105=EDGE_LOOP('',(#13106,#13107,#13108));
#13106=ORIENTED_EDGE('',*,*,#13109,.T.);
#13107=ORIENTED_EDGE('',*,*,#13110,.T.);
#13108=ORIENTED_EDGE('',*,*,#13111,.T.);
#13109=EDGE_CURVE('',#135,#127,#13112,.F.);
#13110=EDGE_CURVE('',#127,#235,#13113,.T.);
#13111=EDGE_CURVE('',#235,#135,#13114,.T.);
#13112=LINE('',#134,#13115);
#13113=LINE('',#126,#13116);
#13114=LINE('',#234,#13117);
#13115=VECTOR('',#13118,1.0);
#13116=VECTOR('',#13119,1.0);
#13117=VECTOR('',#13120,1.0);
#13118=DIRECTION('',(-0.7745924566947985,0,0.6324606912935512));
#13119=DIRECTION('',(-0.9889844915147911,0,-0.1480191728906431));
#13120=DIRECTION('',(1,0,0));
#13121=FACE_SURFACE('',(#13126),#13122,.T.);
#13122=PLANE('',#13123);
#13123=AXIS2_PLACEMENT_3D('',#234,#13124,#13125);
#13124=DIRECTION('',(0,-1,0));
#13125=DIRECTION('',(0.9889844915147911,0,0.1480191728906431));
#13126=FACE_BOUND('',#13127,.T.);
#13127=EDGE_LOOP('',(#13128,#13129,#13130));
#13128=ORIENTED_EDGE('',*,*,#13131,.T.);
#13129=ORIENTED_EDGE('',*,*,#13132,.T.);
#13130=ORIENTED_EDGE('',*,*,#13133,.T.);
#13131=EDGE_CURVE('',#235,#127,#13134,.F.);
#13132=EDGE_CURVE('',#127,#225,#13135,.T.);
#13133=EDGE_CURVE('',#225,#235,#13136,.T.);
#13134=LINE('',#234,#13137);
#13135=LINE('',#126,#13138);
#13136=LINE('',#224,#13139);
#13137=VECTOR('',#13140,1.0);
#13138=VECTOR('',#13141,1.0);
#13139=VECTOR('',#13142,1.0);
#13140=DIRECTION('',(0.9889844915147911,0,0.1480191728906431));
#13141=DIRECTION('',(0,0,1));
#13142=DIRECTION('',(-0.7183566894462227,0,-0.6956749720435997));
#13143=FACE_SURFACE('',(#13148),#13144,.T.);
#13144=PLANE('',#13145);
#13145=AXIS2_PLACEMENT_3D('',#234,#13146,#13147);
#13146=DIRECTION('',(0,-1,0));
#13147=DIRECTION('',(0.7183566894462227,0,0.6956749720435997));
#13148=FACE_BOUND('',#13149,.T.);
#13149=EDGE_LOOP('',(#13150,#13151,#13152));
#13150=ORIENTED_EDGE('',*,*,#13153,.T.);
#13151=ORIENTED_EDGE('',*,*,#13154,.T.);
#13152=ORIENTED_EDGE('',*,*,#13155,.T.);
#13153=EDGE_CURVE('',#235,#225,#13156,.F.);
#13154=EDGE_CURVE('',#225,#115,#13157,.T.);
#13155=EDGE_CURVE('',#115,#235,#13158,.T.);
#13156=LINE('',#234,#13159);
#13157=LINE('',#224,#13160);
#13158=LINE('',#114,#13161);
#13159=VECTOR('',#13162,1.0);
#13160=VECTOR('',#13163,1.0);
#13161=VECTOR('',#13164,1.0);
#13162=DIRECTION('',(0.7183566894462227,0,0.6956749720435997));
#13163=DIRECTION('',(0,0,1));
#13164=DIRECTION('',(-0.488298885592736,0,-0.8726764568434812));
#13165=FACE_SURFACE('',(#13170),#13166,.T.);
#13166=PLANE('',#13167);
#13167=AXIS2_PLACEMENT_3D('',#114,#13168,#13169);
#13168=DIRECTION('',(0,-1,0));
#13169=DIRECTION('',(0,0,-1));
#13170=FACE_BOUND('',#13171,.T.);
#13171=EDGE_LOOP('',(#13172,#13173,#13174));
#13172=ORIENTED_EDGE('',*,*,#13175,.T.);
#13173=ORIENTED_EDGE('',*,*,#13176,.T.);
#13174=ORIENTED_EDGE('',*,*,#13177,.T.);
#13175=EDGE_CURVE('',#115,#225,#13178,.F.);
#13176=EDGE_CURVE('',#225,#119,#13179,.T.);
#13177=EDGE_CURVE('',#119,#115,#13180,.T.);
#13178=LINE('',#114,#13181);
#13179=LINE('',#224,#13182);
#13180=LINE('',#118,#13183);
#13181=VECTOR('',#13184,1.0);
#13182=VECTOR('',#13185,1.0);
#13183=VECTOR('',#13186,1.0);
#13184=DIRECTION('',(0,0,-1));
#13185=DIRECTION('',(0.490586758240887,0,0.8713923528690722));
#13186=DIRECTION('',(-0.774600065804404,0,0.632451372087857));
#13187=FACE_SURFACE('',(#13192),#13188,.T.);
#13188=PLANE('',#13189);
#13189=AXIS2_PLACEMENT_3D('',#118,#13190,#13191);
#13190=DIRECTION('',(0,-1,-0));
#13191=DIRECTION('',(-0.490586758240887,0,-0.8713923528690722));
#13192=FACE_BOUND('',#13193,.T.);
#13193=EDGE_LOOP('',(#13194,#13195,#13196));
#13194=ORIENTED_EDGE('',*,*,#13197,.T.);
#13195=ORIENTED_EDGE('',*,*,#13198,.T.);
#13196=ORIENTED_EDGE('',*,*,#13199,.T.);
#13197=EDGE_CURVE('',#119,#225,#13200,.F.);
#13198=EDGE_CURVE('',#225,#215,#13201,.T.);
#13199=EDGE_CURVE('',#215,#119,#13202,.T.);
#13200=LINE('',#118,#13203);
#13201=LINE('',#224,#13204);
#13202=LINE('',#214,#13205);
#13203=VECTOR('',#13206,1.0);
#13204=VECTOR('',#13207,1.0);
#13205=VECTOR('',#13208,1.0);
#13206=DIRECTION('',(-0.490586758240887,0,-0.8713923528690722));
#13207=DIRECTION('',(0.774600065804404,0,0.632451372087857));
#13208=DIRECTION('',(0,0,1));
#13209=FACE_SURFACE('',(#13214),#13210,.T.);
#13210=PLANE('',#13211);
#13211=AXIS2_PLACEMENT_3D('',#130,#13212,#13213);
#13212=DIRECTION('',(-0,-1,0));
#13213=DIRECTION('',(0,0,1));
#13214=FACE_BOUND('',#13215,.T.);
#13215=EDGE_LOOP('',(#13216,#13217,#13218));
#13216=ORIENTED_EDGE('',*,*,#13219,.T.);
#13217=ORIENTED_EDGE('',*,*,#13220,.T.);
#13218=ORIENTED_EDGE('',*,*,#13221,.T.);
#13219=EDGE_CURVE('',#131,#219,#13222,.F.);
#13220=EDGE_CURVE('',#219,#127,#13223,.T.);
#13221=EDGE_CURVE('',#127,#131,#13224,.T.);
#13222=LINE('',#130,#13225);
#13223=LINE('',#218,#13226);
#13224=LINE('',#126,#13227);
#13225=VECTOR('',#13228,1.0);
#13226=VECTOR('',#13229,1.0);
#13227=VECTOR('',#13230,1.0);
#13228=DIRECTION('',(0,0,1));
#13229=DIRECTION('',(-0.490586758240887,0,-0.8713923528690722));
#13230=DIRECTION('',(0.7745962055985283,0,0.6324560998775826));
#13231=FACE_SURFACE('',(#13236),#13232,.T.);
#13232=PLANE('',#13233);
#13233=AXIS2_PLACEMENT_3D('',#126,#13234,#13235);
#13234=DIRECTION('',(0,-1,0));
#13235=DIRECTION('',(0.490586758240887,0,0.8713923528690722));
#13236=FACE_BOUND('',#13237,.T.);
#13237=EDGE_LOOP('',(#13238,#13239,#13240));
#13238=ORIENTED_EDGE('',*,*,#13241,.T.);
#13239=ORIENTED_EDGE('',*,*,#13242,.T.);
#13240=ORIENTED_EDGE('',*,*,#13243,.T.);
#13241=EDGE_CURVE('',#127,#219,#13244,.F.);
#13242=EDGE_CURVE('',#219,#225,#13245,.T.);
#13243=EDGE_CURVE('',#225,#127,#13246,.T.);
#13244=LINE('',#126,#13247);
#13245=LINE('',#218,#13248);
#13246=LINE('',#224,#13249);
#13247=VECTOR('',#13250,1.0);
#13248=VECTOR('',#13251,1.0);
#13249=VECTOR('',#13252,1.0);
#13250=DIRECTION('',(0.490586758240887,0,0.8713923528690722));
#13251=DIRECTION('',(-0.7745923454022712,0,0.6324608275966257));
#13252=DIRECTION('',(0,0,-1));
#13253=FACE_SURFACE('',(#13258),#13254,.T.);
#13254=PLANE('',#13255);
#13255=AXIS2_PLACEMENT_3D('',#122,#13256,#13257);
#13256=DIRECTION('',(-0,-1,0));
#13257=DIRECTION('',(0,0,1));
#13258=FACE_BOUND('',#13259,.T.);
#13259=EDGE_LOOP('',(#13260,#13261,#13262));
#13260=ORIENTED_EDGE('',*,*,#13263,.T.);
#13261=ORIENTED_EDGE('',*,*,#13264,.T.);
#13262=ORIENTED_EDGE('',*,*,#13265,.T.);
#13263=EDGE_CURVE('',#123,#109,#13266,.F.);
#13264=EDGE_CURVE('',#109,#115,#13267,.T.);
#13265=EDGE_CURVE('',#115,#123,#13268,.T.);
#13266=LINE('',#122,#13269);
#13267=LINE('',#108,#13270);
#13268=LINE('',#114,#13271);
#13269=VECTOR('',#13272,1.0);
#13270=VECTOR('',#13273,1.0);
#13271=VECTOR('',#13274,1.0);
#13272=DIRECTION('',(0,0,1));
#13273=DIRECTION('',(-0.490586758240887,0,-0.8713923528690722));
#13274=DIRECTION('',(0.7745923454022712,0,0.6324608275966257));
#13275=FACE_SURFACE('',(#13280),#13276,.T.);
#13276=PLANE('',#13277);
#13277=AXIS2_PLACEMENT_3D('',#114,#13278,#13279);
#13278=DIRECTION('',(0,-1,0));
#13279=DIRECTION('',(0.490586758240887,0,0.8713923528690722));
#13280=FACE_BOUND('',#13281,.T.);
#13281=EDGE_LOOP('',(#13282,#13283,#13284));
#13282=ORIENTED_EDGE('',*,*,#13285,.T.);
#13283=ORIENTED_EDGE('',*,*,#13286,.T.);
#13284=ORIENTED_EDGE('',*,*,#13287,.T.);
#13285=EDGE_CURVE('',#115,#109,#13288,.F.);
#13286=EDGE_CURVE('',#109,#103,#13289,.T.);
#13287=EDGE_CURVE('',#103,#115,#13290,.T.);
#13288=LINE('',#114,#13291);
#13289=LINE('',#108,#13292);
#13290=LINE('',#102,#13293);
#13291=VECTOR('',#13294,1.0);
#13292=VECTOR('',#13295,1.0);
#13293=VECTOR('',#13296,1.0);
#13294=DIRECTION('',(0.490586758240887,0,0.8713923528690722));
#13295=DIRECTION('',(-0.7745923454022712,0,0.6324608275966257));
#13296=DIRECTION('',(0,0,-1));
#13297=FACE_SURFACE('',(#13302),#13298,.T.);
#13298=PLANE('',#13299);
#13299=AXIS2_PLACEMENT_3D('',#114,#13300,#13301);
#13300=DIRECTION('',(-0,-1,0));
#13301=DIRECTION('',(0,0,1));
#13302=FACE_BOUND('',#13303,.T.);
#13303=EDGE_LOOP('',(#13304,#13305,#13306));
#13304=ORIENTED_EDGE('',*,*,#13307,.T.);
#13305=ORIENTED_EDGE('',*,*,#13308,.T.);
#13306=ORIENTED_EDGE('',*,*,#13309,.T.);
#13307=EDGE_CURVE('',#115,#103,#13310,.F.);
#13308=EDGE_CURVE('',#103,#235,#13311,.T.);
#13309=EDGE_CURVE('',#235,#115,#13312,.T.);
#13310=LINE('',#114,#13313);
#13311=LINE('',#102,#13314);
#13312=LINE('',#234,#13315);
#13313=VECTOR('',#13316,1.0);
#13314=VECTOR('',#13317,1.0);
#13315=VECTOR('',#13318,1.0);
#13316=DIRECTION('',(0,0,1));
#13317=DIRECTION('',(-0.35826660518778136,0,-0.933619322640241));
#13318=DIRECTION('',(0.488298885592736,0,0.8726764568434812));
#13319=FACE_SURFACE('',(#13324),#13320,.T.);
#13320=PLANE('',#13321);
#13321=AXIS2_PLACEMENT_3D('',#234,#13322,#13323);
#13322=DIRECTION('',(0,-1,0));
#13323=DIRECTION('',(0.35826660518778136,0,0.933619322640241));
#13324=FACE_BOUND('',#13325,.T.);
#13325=EDGE_LOOP('',(#13326,#13327,#13328));
#13326=ORIENTED_EDGE('',*,*,#13329,.T.);
#13327=ORIENTED_EDGE('',*,*,#13330,.T.);
#13328=ORIENTED_EDGE('',*,*,#13331,.T.);
#13329=EDGE_CURVE('',#235,#103,#13332,.F.);
#13330=EDGE_CURVE('',#103,#91,#13333,.T.);
#13331=EDGE_CURVE('',#91,#235,#13334,.T.);
#13332=LINE('',#234,#13335);
#13333=LINE('',#102,#13336);
#13334=LINE('',#90,#13337);
#13335=VECTOR('',#13338,1.0);
#13336=VECTOR('',#13339,1.0);
#13337=VECTOR('',#13340,1.0);
#13338=DIRECTION('',(0.35826660518778136,0,0.933619322640241));
#13339=DIRECTION('',(0,0,1));
#13340=DIRECTION('',(-0.2802927384548906,0,-0.959914569516193));
#13341=FACE_SURFACE('',(#13346),#13342,.T.);
#13342=PLANE('',#13343);
#13343=AXIS2_PLACEMENT_3D('',#234,#13344,#13345);
#13344=DIRECTION('',(0,-1,0));
#13345=DIRECTION('',(0.2802927384548906,0,0.959914569516193));
#13346=FACE_BOUND('',#13347,.T.);
#13347=EDGE_LOOP('',(#13348,#13349,#13350));
#13348=ORIENTED_EDGE('',*,*,#13351,.T.);
#13349=ORIENTED_EDGE('',*,*,#13352,.T.);
#13350=ORIENTED_EDGE('',*,*,#13353,.T.);
#13351=EDGE_CURVE('',#235,#91,#13354,.F.);
#13352=EDGE_CURVE('',#91,#79,#13355,.T.);
#13353=EDGE_CURVE('',#79,#235,#13356,.T.);
#13354=LINE('',#234,#13357);
#13355=LINE('',#90,#13358);
#13356=LINE('',#78,#13359);
#13357=VECTOR('',#13360,1.0);
#13358=VECTOR('',#13361,1.0);
#13359=VECTOR('',#13362,1.0);
#13360=DIRECTION('',(0.2802927384548906,0,0.959914569516193));
#13361=DIRECTION('',(0,0,1));
#13362=DIRECTION('',(-0.22937461267468215,0,-0.973338218226501));
#13363=FACE_SURFACE('',(#13368),#13364,.T.);
#13364=PLANE('',#13365);
#13365=AXIS2_PLACEMENT_3D('',#78,#13366,#13367);
#13366=DIRECTION('',(0,-1,0));
#13367=DIRECTION('',(0,0,-1));
#13368=FACE_BOUND('',#13369,.T.);
#13369=EDGE_LOOP('',(#13370,#13371,#13372));
#13370=ORIENTED_EDGE('',*,*,#13373,.T.);
#13371=ORIENTED_EDGE('',*,*,#13374,.T.);
#13372=ORIENTED_EDGE('',*,*,#13375,.T.);
#13373=EDGE_CURVE('',#79,#91,#13376,.F.);
#13374=EDGE_CURVE('',#91,#85,#13377,.T.);
#13375=EDGE_CURVE('',#85,#79,#13378,.T.);
#13376=LINE('',#78,#13379);
#13377=LINE('',#90,#13380);
#13378=LINE('',#84,#13381);
#13379=VECTOR('',#13382,1.0);
#13380=VECTOR('',#13383,1.0);
#13381=VECTOR('',#13384,1.0);
#13382=DIRECTION('',(0,0,-1));
#13383=DIRECTION('',(0.49058249145337707,0,0.8713947550217395));
#13384=DIRECTION('',(-0.774600065804404,0,0.632451372087857));
#13385=FACE_SURFACE('',(#13390),#13386,.T.);
#13386=PLANE('',#13387);
#13387=AXIS2_PLACEMENT_3D('',#84,#13388,#13389);
#13388=DIRECTION('',(0,-1,-0));
#13389=DIRECTION('',(-0.49058249145337707,0,-0.8713947550217395));
#13390=FACE_BOUND('',#13391,.T.);
#13391=EDGE_LOOP('',(#13392,#13393,#13394));
#13392=ORIENTED_EDGE('',*,*,#13395,.T.);
#13393=ORIENTED_EDGE('',*,*,#13396,.T.);
#13394=ORIENTED_EDGE('',*,*,#13397,.T.);
#13395=EDGE_CURVE('',#85,#91,#13398,.F.);
#13396=EDGE_CURVE('',#91,#89,#13399,.T.);
#13397=EDGE_CURVE('',#89,#85,#13400,.T.);
#13398=LINE('',#84,#13401);
#13399=LINE('',#90,#13402);
#13400=LINE('',#88,#13403);
#13401=VECTOR('',#13404,1.0);
#13402=VECTOR('',#13405,1.0);
#13403=VECTOR('',#13406,1.0);
#13404=DIRECTION('',(-0.49058249145337707,0,-0.8713947550217395));
#13405=DIRECTION('',(0.7745923454022712,0,0.6324608275966257));
#13406=DIRECTION('',(0,0,1));
#13407=FACE_SURFACE('',(#13412),#13408,.T.);
#13408=PLANE('',#13409);
#13409=AXIS2_PLACEMENT_3D('',#100,#13410,#13411);
#13410=DIRECTION('',(-0,-1,0));
#13411=DIRECTION('',(0,0,1));
#13412=FACE_BOUND('',#13413,.T.);
#13413=EDGE_LOOP('',(#13414,#13415,#13416));
#13414=ORIENTED_EDGE('',*,*,#13417,.T.);
#13415=ORIENTED_EDGE('',*,*,#13418,.T.);
#13416=ORIENTED_EDGE('',*,*,#13419,.T.);
#13417=EDGE_CURVE('',#101,#97,#13420,.F.);
#13418=EDGE_CURVE('',#97,#103,#13421,.T.);
#13419=EDGE_CURVE('',#103,#101,#13422,.T.);
#13420=LINE('',#100,#13423);
#13421=LINE('',#96,#13424);
#13422=LINE('',#102,#13425);
#13423=VECTOR('',#13426,1.0);
#13424=VECTOR('',#13427,1.0);
#13425=VECTOR('',#13428,1.0);
#13426=DIRECTION('',(0,0,1));
#13427=DIRECTION('',(-0.490586758240887,0,-0.8713923528690722));
#13428=DIRECTION('',(0.774600065804404,0,0.632451372087857));
#13429=FACE_SURFACE('',(#13434),#13430,.T.);
#13430=PLANE('',#13431);
#13431=AXIS2_PLACEMENT_3D('',#102,#13432,#13433);
#13432=DIRECTION('',(0,-1,0));
#13433=DIRECTION('',(0.490586758240887,0,0.8713923528690722));
#13434=FACE_BOUND('',#13435,.T.);
#13435=EDGE_LOOP('',(#13436,#13437,#13438));
#13436=ORIENTED_EDGE('',*,*,#13439,.T.);
#13437=ORIENTED_EDGE('',*,*,#13440,.T.);
#13438=ORIENTED_EDGE('',*,*,#13441,.T.);
#13439=EDGE_CURVE('',#103,#97,#13442,.F.);
#13440=EDGE_CURVE('',#97,#91,#13443,.T.);
#13441=EDGE_CURVE('',#91,#103,#13444,.T.);
#13442=LINE('',#102,#13445);
#13443=LINE('',#96,#13446);
#13444=LINE('',#90,#13447);
#13445=VECTOR('',#13448,1.0);
#13446=VECTOR('',#13449,1.0);
#13447=VECTOR('',#13450,1.0);
#13448=DIRECTION('',(0.490586758240887,0,0.8713923528690722));
#13449=DIRECTION('',(-0.774600065804404,0,0.632451372087857));
#13450=DIRECTION('',(0,0,-1));
#13451=FACE_SURFACE('',(#13456),#13452,.T.);
#13452=PLANE('',#13453);
#13453=AXIS2_PLACEMENT_3D('',#64,#13454,#13455);
#13454=DIRECTION('',(-0,-1,0));
#13455=DIRECTION('',(0,0,1));
#13456=FACE_BOUND('',#13457,.T.);
#13457=EDGE_LOOP('',(#13458,#13459,#13460));
#13458=ORIENTED_EDGE('',*,*,#13461,.T.);
#13459=ORIENTED_EDGE('',*,*,#13462,.T.);
#13460=ORIENTED_EDGE('',*,*,#13463,.T.);
#13461=EDGE_CURVE('',#65,#61,#13464,.F.);
#13462=EDGE_CURVE('',#61,#67,#13465,.T.);
#13463=EDGE_CURVE('',#67,#65,#13466,.T.);
#13464=LINE('',#64,#13467);
#13465=LINE('',#60,#13468);
#13466=LINE('',#66,#13469);
#13467=VECTOR('',#13470,1.0);
#13468=VECTOR('',#13471,1.0);
#13469=VECTOR('',#13472,1.0);
#13470=DIRECTION('',(0,0,1));
#13471=DIRECTION('',(-0.490586758240887,0,-0.8713923528690722));
#13472=DIRECTION('',(0.774600065804404,0,0.632451372087857));
#13473=FACE_SURFACE('',(#13478),#13474,.T.);
#13474=PLANE('',#13475);
#13475=AXIS2_PLACEMENT_3D('',#66,#13476,#13477);
#13476=DIRECTION('',(0,-1,0));
#13477=DIRECTION('',(0.490586758240887,0,0.8713923528690722));
#13478=FACE_BOUND('',#13479,.T.);
#13479=EDGE_LOOP('',(#13480,#13481,#13482));
#13480=ORIENTED_EDGE('',*,*,#13483,.T.);
#13481=ORIENTED_EDGE('',*,*,#13484,.T.);
#13482=ORIENTED_EDGE('',*,*,#13485,.T.);
#13483=EDGE_CURVE('',#67,#61,#13486,.F.);
#13484=EDGE_CURVE('',#61,#55,#13487,.T.);
#13485=EDGE_CURVE('',#55,#67,#13488,.T.);
#13486=LINE('',#66,#13489);
#13487=LINE('',#60,#13490);
#13488=LINE('',#54,#13491);
#13489=VECTOR('',#13492,1.0);
#13490=VECTOR('',#13493,1.0);
#13491=VECTOR('',#13494,1.0);
#13492=DIRECTION('',(0.490586758240887,0,0.8713923528690722));
#13493=DIRECTION('',(-0.774600065804404,0,0.632451372087857));
#13494=DIRECTION('',(0,0,-1));
#13495=FACE_SURFACE('',(#13500),#13496,.T.);
#13496=PLANE('',#13497);
#13497=AXIS2_PLACEMENT_3D('',#66,#13498,#13499);
#13498=DIRECTION('',(0,-1,0));
#13499=DIRECTION('',(0,0,1));
#13500=FACE_BOUND('',#13501,.T.);
#13501=EDGE_LOOP('',(#13502,#13503,#13504));
#13502=ORIENTED_EDGE('',*,*,#13505,.T.);
#13503=ORIENTED_EDGE('',*,*,#13506,.T.);
#13504=ORIENTED_EDGE('',*,*,#13507,.T.);
#13505=EDGE_CURVE('',#67,#55,#13508,.F.);
#13506=EDGE_CURVE('',#55,#229,#13509,.T.);
#13507=EDGE_CURVE('',#229,#67,#13510,.T.);
#13508=LINE('',#66,#13511);
#13509=LINE('',#54,#13512);
#13510=LINE('',#228,#13513);
#13511=VECTOR('',#13514,1.0);
#13512=VECTOR('',#13515,1.0);
#13513=VECTOR('',#13516,1.0);
#13514=DIRECTION('',(0,0,1));
#13515=DIRECTION('',(-0.8321031176593444,0,0.5546209530675877));
#13516=DIRECTION('',(0.6646718298217108,0,-0.7471354352735914));
#13517=FACE_SURFACE('',(#13522),#13518,.T.);
#13518=PLANE('',#13519);
#13519=AXIS2_PLACEMENT_3D('',#228,#13520,#13521);
#13520=DIRECTION('',(0,-1,0));
#13521=DIRECTION('',(0.8321031176593444,0,-0.5546209530675877));
#13522=FACE_BOUND('',#13523,.T.);
#13523=EDGE_LOOP('',(#13524,#13525,#13526));
#13524=ORIENTED_EDGE('',*,*,#13527,.T.);
#13525=ORIENTED_EDGE('',*,*,#13528,.T.);
#13526=ORIENTED_EDGE('',*,*,#13529,.T.);
#13527=EDGE_CURVE('',#229,#55,#13530,.F.);
#13528=EDGE_CURVE('',#55,#43,#13531,.T.);
#13529=EDGE_CURVE('',#43,#229,#13532,.T.);
#13530=LINE('',#228,#13533);
#13531=LINE('',#54,#13534);
#13532=LINE('',#42,#13535);
#13533=VECTOR('',#13536,1.0);
#13534=VECTOR('',#13537,1.0);
#13535=VECTOR('',#13538,1.0);
#13536=DIRECTION('',(0.8321031176593444,0,-0.5546209530675877));
#13537=DIRECTION('',(0,0,1));
#13538=DIRECTION('',(-0.9788522781540046,0,0.20456836889586674));
#13539=FACE_SURFACE('',(#13544),#13540,.T.);
#13540=PLANE('',#13541);
#13541=AXIS2_PLACEMENT_3D('',#228,#13542,#13543);
#13542=DIRECTION('',(0,-1,0));
#13543=DIRECTION('',(0.9788522781540046,0,-0.20456836889586674));
#13544=FACE_BOUND('',#13545,.T.);
#13545=EDGE_LOOP('',(#13546,#13547,#13548));
#13546=ORIENTED_EDGE('',*,*,#13549,.T.);
#13547=ORIENTED_EDGE('',*,*,#13550,.T.);
#13548=ORIENTED_EDGE('',*,*,#13551,.T.);
#13549=EDGE_CURVE('',#229,#43,#13552,.F.);
#13550=EDGE_CURVE('',#43,#217,#13553,.T.);
#13551=EDGE_CURVE('',#217,#229,#13554,.T.);
#13552=LINE('',#228,#13555);
#13553=LINE('',#42,#13556);
#13554=LINE('',#216,#13557);
#13555=VECTOR('',#13558,1.0);
#13556=VECTOR('',#13559,1.0);
#13557=VECTOR('',#13560,1.0);
#13558=DIRECTION('',(0.9788522781540046,0,-0.20456836889586674));
#13559=DIRECTION('',(0.6451634501739851,0,0.764044581526235));
#13560=DIRECTION('',(-1,0,0));
#13561=FACE_SURFACE('',(#13566),#13562,.T.);
#13562=PLANE('',#13563);
#13563=AXIS2_PLACEMENT_3D('',#216,#13564,#13565);
#13564=DIRECTION('',(0,-1,-0));
#13565=DIRECTION('',(-0.6451634501739851,0,-0.764044581526235));
#13566=FACE_BOUND('',#13567,.T.);
#13567=EDGE_LOOP('',(#13568,#13569,#13570));
#13568=ORIENTED_EDGE('',*,*,#13571,.T.);
#13569=ORIENTED_EDGE('',*,*,#13572,.T.);
#13570=ORIENTED_EDGE('',*,*,#13573,.T.);
#13571=EDGE_CURVE('',#217,#43,#13574,.F.);
#13572=EDGE_CURVE('',#43,#41,#13575,.T.);
#13573=EDGE_CURVE('',#41,#217,#13576,.T.);
#13574=LINE('',#216,#13577);
#13575=LINE('',#42,#13578);
#13576=LINE('',#40,#13579);
#13577=VECTOR('',#13580,1.0);
#13578=VECTOR('',#13581,1.0);
#13579=VECTOR('',#13582,1.0);
#13580=DIRECTION('',(-0.6451634501739851,0,-0.764044581526235));
#13581=DIRECTION('',(0.774600065804404,0,0.632451372087857));
#13582=DIRECTION('',(0,0,1));
#13583=FACE_SURFACE('',(#13588),#13584,.T.);
#13584=PLANE('',#13585);
#13585=AXIS2_PLACEMENT_3D('',#52,#13586,#13587);
#13586=DIRECTION('',(-0,-1,0));
#13587=DIRECTION('',(0,0,1));
#13588=FACE_BOUND('',#13589,.T.);
#13589=EDGE_LOOP('',(#13590,#13591,#13592));
#13590=ORIENTED_EDGE('',*,*,#13593,.T.);
#13591=ORIENTED_EDGE('',*,*,#13594,.T.);
#13592=ORIENTED_EDGE('',*,*,#13595,.T.);
#13593=EDGE_CURVE('',#53,#49,#13596,.F.);
#13594=EDGE_CURVE('',#49,#55,#13597,.T.);
#13595=EDGE_CURVE('',#55,#53,#13598,.T.);
#13596=LINE('',#52,#13599);
#13597=LINE('',#48,#13600);
#13598=LINE('',#54,#13601);
#13599=VECTOR('',#13602,1.0);
#13600=VECTOR('',#13603,1.0);
#13601=VECTOR('',#13604,1.0);
#13602=DIRECTION('',(0,0,1));
#13603=DIRECTION('',(-0.490586758240887,0,-0.8713923528690722));
#13604=DIRECTION('',(0.7745923454022712,0,0.6324608275966257));
#13605=FACE_SURFACE('',(#13610),#13606,.T.);
#13606=PLANE('',#13607);
#13607=AXIS2_PLACEMENT_3D('',#54,#13608,#13609);
#13608=DIRECTION('',(0,-1,0));
#13609=DIRECTION('',(0.490586758240887,0,0.8713923528690722));
#13610=FACE_BOUND('',#13611,.T.);
#13611=EDGE_LOOP('',(#13612,#13613,#13614));
#13612=ORIENTED_EDGE('',*,*,#13615,.T.);
#13613=ORIENTED_EDGE('',*,*,#13616,.T.);
#13614=ORIENTED_EDGE('',*,*,#13617,.T.);
#13615=EDGE_CURVE('',#55,#49,#13618,.F.);
#13616=EDGE_CURVE('',#49,#43,#13619,.T.);
#13617=EDGE_CURVE('',#43,#55,#13620,.T.);
#13618=LINE('',#54,#13621);
#13619=LINE('',#48,#13622);
#13620=LINE('',#42,#13623);
#13621=VECTOR('',#13624,1.0);
#13622=VECTOR('',#13625,1.0);
#13623=VECTOR('',#13626,1.0);
#13624=DIRECTION('',(0.490586758240887,0,0.8713923528690722));
#13625=DIRECTION('',(-0.7745923454022712,0,0.6324608275966257));
#13626=DIRECTION('',(0,0,-1));
#13627=FACE_SURFACE('',(#13632),#13628,.T.);
#13628=PLANE('',#13629);
#13629=AXIS2_PLACEMENT_3D('',#560,#13630,#13631);
#13630=DIRECTION('',(0,0,-1));
#13631=DIRECTION('',(-0.8983843008192235,0.4392102549366931,0));
#13632=FACE_BOUND('',#13633,.T.);
#13633=EDGE_LOOP('',(#13634,#13635,#13636));
#13634=ORIENTED_EDGE('',*,*,#13637,.T.);
#13635=ORIENTED_EDGE('',*,*,#13638,.T.);
#13636=ORIENTED_EDGE('',*,*,#13639,.T.);
#13637=EDGE_CURVE('',#561,#393,#13640,.F.);
#13638=EDGE_CURVE('',#393,#559,#13641,.T.);
#13639=EDGE_CURVE('',#559,#561,#13642,.T.);
#13640=LINE('',#560,#13643);
#13641=LINE('',#392,#13644);
#13642=LINE('',#558,#13645);
#13643=VECTOR('',#13646,1.0);
#13644=VECTOR('',#13647,1.0);
#13645=VECTOR('',#13648,1.0);
#13646=DIRECTION('',(-0.8983843008192235,0.4392102549366931,0));
#13647=DIRECTION('',(0.9284766464732487,-0.37139078738411124,0));
#13648=DIRECTION('',(-1,0,0));
#13649=FACE_SURFACE('',(#13654),#13650,.T.);
#13650=PLANE('',#13651);
#13651=AXIS2_PLACEMENT_3D('',#558,#13652,#13653);
#13652=DIRECTION('',(0,0,-1));
#13653=DIRECTION('',(-0.9284766464732487,0.37139078738411124,0));
#13654=FACE_BOUND('',#13655,.T.);
#13655=EDGE_LOOP('',(#13656,#13657,#13658));
#13656=ORIENTED_EDGE('',*,*,#13659,.T.);
#13657=ORIENTED_EDGE('',*,*,#13660,.T.);
#13658=ORIENTED_EDGE('',*,*,#13661,.T.);
#13659=EDGE_CURVE('',#559,#393,#13662,.F.);
#13660=EDGE_CURVE('',#393,#263,#13663,.T.);
#13661=EDGE_CURVE('',#263,#559,#13664,.T.);
#13662=LINE('',#558,#13665);
#13663=LINE('',#392,#13666);
#13664=LINE('',#262,#13667);
#13665=VECTOR('',#13668,1.0);
#13666=VECTOR('',#13669,1.0);
#13667=VECTOR('',#13670,1.0);
#13668=DIRECTION('',(-0.9284766464732487,0.37139078738411124,0));
#13669=DIRECTION('',(1,0,0));
#13670=DIRECTION('',(-0.9662349099398264,-0.2576627617906315,0));
#13671=FACE_SURFACE('',(#13676),#13672,.T.);
#13672=PLANE('',#13673);
#13673=AXIS2_PLACEMENT_3D('',#558,#13674,#13675);
#13674=DIRECTION('',(0,0,-1));
#13675=DIRECTION('',(0.9662349099398264,0.2576627617906315,0));
#13676=FACE_BOUND('',#13677,.T.);
#13677=EDGE_LOOP('',(#13678,#13679,#13680));
#13678=ORIENTED_EDGE('',*,*,#13681,.T.);
#13679=ORIENTED_EDGE('',*,*,#13682,.T.);
#13680=ORIENTED_EDGE('',*,*,#13683,.T.);
#13681=EDGE_CURVE('',#559,#263,#13684,.F.);
#13682=EDGE_CURVE('',#263,#585,#13685,.T.);
#13683=EDGE_CURVE('',#585,#559,#13686,.T.);
#13684=LINE('',#558,#13687);
#13685=LINE('',#262,#13688);
#13686=LINE('',#584,#13689);
#13687=VECTOR('',#13690,1.0);
#13688=VECTOR('',#13691,1.0);
#13689=VECTOR('',#13692,1.0);
#13690=DIRECTION('',(0.9662349099398264,0.2576627617906315,0));
#13691=DIRECTION('',(-0.96469350789659,-0.2633750858038244,0));
#13692=DIRECTION('',(-0.99144529064532,0.13052293153778352,0));
#13693=FACE_SURFACE('',(#13698),#13694,.T.);
#13694=PLANE('',#13695);
#13695=AXIS2_PLACEMENT_3D('',#584,#13696,#13697);
#13696=DIRECTION('',(0,0,-1));
#13697=DIRECTION('',(0.96469350789659,0.2633750858038244,0));
#13698=FACE_BOUND('',#13699,.T.);
#13699=EDGE_LOOP('',(#13700,#13701,#13702));
#13700=ORIENTED_EDGE('',*,*,#13703,.T.);
#13701=ORIENTED_EDGE('',*,*,#13704,.T.);
#13702=ORIENTED_EDGE('',*,*,#13705,.T.);
#13703=EDGE_CURVE('',#585,#263,#13706,.F.);
#13704=EDGE_CURVE('',#263,#583,#13707,.T.);
#13705=EDGE_CURVE('',#583,#585,#13708,.T.);
#13706=LINE('',#584,#13709);
#13707=LINE('',#262,#13710);
#13708=LINE('',#582,#13711);
#13709=VECTOR('',#13712,1.0);
#13710=VECTOR('',#13713,1.0);
#13711=VECTOR('',#13714,1.0);
#13712=DIRECTION('',(0.96469350789659,0.2633750858038244,0));
#13713=DIRECTION('',(-0.9621165876693153,-0.27263835337595604,0));
#13714=DIRECTION('',(-0.9238803202762261,0.3826815305267528,0));
#13715=FACE_SURFACE('',(#13720),#13716,.T.);
#13716=PLANE('',#13717);
#13717=AXIS2_PLACEMENT_3D('',#582,#13718,#13719);
#13718=DIRECTION('',(0,0,-1));
#13719=DIRECTION('',(0.9621165876693153,0.27263835337595604,0));
#13720=FACE_BOUND('',#13721,.T.);
#13721=EDGE_LOOP('',(#13722,#13723,#13724));
#13722=ORIENTED_EDGE('',*,*,#13725,.T.);
#13723=ORIENTED_EDGE('',*,*,#13726,.T.);
#13724=ORIENTED_EDGE('',*,*,#13727,.T.);
#13725=EDGE_CURVE('',#583,#263,#13728,.F.);
#13726=EDGE_CURVE('',#263,#581,#13729,.T.);
#13727=EDGE_CURVE('',#581,#583,#13730,.T.);
#13728=LINE('',#582,#13731);
#13729=LINE('',#262,#13732);
#13730=LINE('',#580,#13733);
#13731=VECTOR('',#13734,1.0);
#13732=VECTOR('',#13735,1.0);
#13733=VECTOR('',#13736,1.0);
#13734=DIRECTION('',(0.9621165876693153,0.27263835337595604,0));
#13735=DIRECTION('',(-0.9585743286295626,-0.28484251173654396,0));
#13736=DIRECTION('',(-0.7933494551558762,0.6087664921822442,0));
#13737=FACE_SURFACE('',(#13742),#13738,.T.);
#13738=PLANE('',#13739);
#13739=AXIS2_PLACEMENT_3D('',#580,#13740,#13741);
#13740=DIRECTION('',(0,0,-1));
#13741=DIRECTION('',(0.9585743286295626,0.28484251173654396,0));
#13742=FACE_BOUND('',#13743,.T.);
#13743=EDGE_LOOP('',(#13744,#13745,#13746));
#13744=ORIENTED_EDGE('',*,*,#13747,.T.);
#13745=ORIENTED_EDGE('',*,*,#13748,.T.);
#13746=ORIENTED_EDGE('',*,*,#13749,.T.);
#13747=EDGE_CURVE('',#581,#263,#13750,.F.);
#13748=EDGE_CURVE('',#263,#579,#13751,.T.);
#13749=EDGE_CURVE('',#579,#581,#13752,.T.);
#13750=LINE('',#580,#13753);
#13751=LINE('',#262,#13754);
#13752=LINE('',#578,#13755);
#13753=VECTOR('',#13756,1.0);
#13754=VECTOR('',#13757,1.0);
#13755=VECTOR('',#13758,1.0);
#13756=DIRECTION('',(0.9585743286295626,0.28484251173654396,0));
#13757=DIRECTION('',(-0.9542296855923506,-0.29907475174999903,0));
#13758=DIRECTION('',(-0.6087640334084832,0.7933513418582181,0));
#13759=FACE_SURFACE('',(#13764),#13760,.T.);
#13760=PLANE('',#13761);
#13761=AXIS2_PLACEMENT_3D('',#578,#13762,#13763);
#13762=DIRECTION('',(0,0,-1));
#13763=DIRECTION('',(0.9542296855923506,0.29907475174999903,0));
#13764=FACE_BOUND('',#13765,.T.);
#13765=EDGE_LOOP('',(#13766,#13767,#13768));
#13766=ORIENTED_EDGE('',*,*,#13769,.T.);
#13767=ORIENTED_EDGE('',*,*,#13770,.T.);
#13768=ORIENTED_EDGE('',*,*,#13771,.T.);
#13769=EDGE_CURVE('',#579,#263,#13772,.F.);
#13770=EDGE_CURVE('',#263,#577,#13773,.T.);
#13771=EDGE_CURVE('',#577,#579,#13774,.T.);
#13772=LINE('',#578,#13775);
#13773=LINE('',#262,#13776);
#13774=LINE('',#576,#13777);
#13775=VECTOR('',#13778,1.0);
#13776=VECTOR('',#13779,1.0);
#13777=VECTOR('',#13780,1.0);
#13778=DIRECTION('',(0.9542296855923506,0.29907475174999903,0));
#13779=DIRECTION('',(-0.9493566253872636,-0.3142005694350454,0));
#13780=DIRECTION('',(-0.3826804604958138,0.9238807634942466,0));
#13781=FACE_SURFACE('',(#13786),#13782,.T.);
#13782=PLANE('',#13783);
#13783=AXIS2_PLACEMENT_3D('',#576,#13784,#13785);
#13784=DIRECTION('',(0,0,-1));
#13785=DIRECTION('',(0.9493566253872636,0.3142005694350454,0));
#13786=FACE_BOUND('',#13787,.T.);
#13787=EDGE_LOOP('',(#13788,#13789,#13790));
#13788=ORIENTED_EDGE('',*,*,#13791,.T.);
#13789=ORIENTED_EDGE('',*,*,#13792,.T.);
#13790=ORIENTED_EDGE('',*,*,#13793,.T.);
#13791=EDGE_CURVE('',#577,#263,#13794,.F.);
#13792=EDGE_CURVE('',#263,#575,#13795,.T.);
#13793=EDGE_CURVE('',#575,#577,#13796,.T.);
#13794=LINE('',#576,#13797);
#13795=LINE('',#262,#13798);
#13796=LINE('',#574,#13799);
#13797=VECTOR('',#13800,1.0);
#13798=VECTOR('',#13801,1.0);
#13799=VECTOR('',#13802,1.0);
#13800=DIRECTION('',(0.9493566253872636,0.3142005694350454,0));
#13801=DIRECTION('',(-0.9443322534277612,-0.32899330560977474,0));
#13802=DIRECTION('',(-0.13053540432077632,0.9914436485342026,0));
#13803=FACE_SURFACE('',(#13808),#13804,.T.);
#13804=PLANE('',#13805);
#13805=AXIS2_PLACEMENT_3D('',#574,#13806,#13807);
#13806=DIRECTION('',(0,0,-1));
#13807=DIRECTION('',(0.9443322534277612,0.32899330560977474,0));
#13808=FACE_BOUND('',#13809,.T.);
#13809=EDGE_LOOP('',(#13810,#13811,#13812));
#13810=ORIENTED_EDGE('',*,*,#13813,.T.);
#13811=ORIENTED_EDGE('',*,*,#13814,.T.);
#13812=ORIENTED_EDGE('',*,*,#13815,.T.);
#13813=EDGE_CURVE('',#575,#263,#13816,.F.);
#13814=EDGE_CURVE('',#263,#177,#13817,.T.);
#13815=EDGE_CURVE('',#177,#575,#13818,.T.);
#13816=LINE('',#574,#13819);
#13817=LINE('',#262,#13820);
#13818=LINE('',#176,#13821);
#13819=VECTOR('',#13822,1.0);
#13820=VECTOR('',#13823,1.0);
#13821=VECTOR('',#13824,1.0);
#13822=DIRECTION('',(0.9443322534277612,0.32899330560977474,0));
#13823=DIRECTION('',(0.5322853284925884,-0.8465650176280245,0));
#13824=DIRECTION('',(-0.9321695016740816,0.3620221266009778,0));
#13825=FACE_SURFACE('',(#13830),#13826,.T.);
#13826=PLANE('',#13827);
#13827=AXIS2_PLACEMENT_3D('',#574,#13828,#13829);
#13828=DIRECTION('',(0,0,-1));
#13829=DIRECTION('',(0.9321695016740816,-0.3620221266009778,0));
#13830=FACE_BOUND('',#13831,.T.);
#13831=EDGE_LOOP('',(#13832,#13833,#13834));
#13832=ORIENTED_EDGE('',*,*,#13835,.T.);
#13833=ORIENTED_EDGE('',*,*,#13836,.T.);
#13834=ORIENTED_EDGE('',*,*,#13837,.T.);
#13835=EDGE_CURVE('',#575,#177,#13838,.F.);
#13836=EDGE_CURVE('',#177,#165,#13839,.T.);
#13837=EDGE_CURVE('',#165,#575,#13840,.T.);
#13838=LINE('',#574,#13841);
#13839=LINE('',#176,#13842);
#13840=LINE('',#164,#13843);
#13841=VECTOR('',#13844,1.0);
#13842=VECTOR('',#13845,1.0);
#13843=VECTOR('',#13846,1.0);
#13844=DIRECTION('',(0.9321695016740816,-0.3620221266009778,0));
#13845=DIRECTION('',(0,-1,0));
#13846=DIRECTION('',(-0.8194274015885659,0.5731829843303194,0));
#13847=FACE_SURFACE('',(#13852),#13848,.T.);
#13848=PLANE('',#13849);
#13849=AXIS2_PLACEMENT_3D('',#164,#13850,#13851);
#13850=DIRECTION('',(0,0,-1));
#13851=DIRECTION('',(0,1,0));
#13852=FACE_BOUND('',#13853,.T.);
#13853=EDGE_LOOP('',(#13854,#13855,#13856));
#13854=ORIENTED_EDGE('',*,*,#13857,.T.);
#13855=ORIENTED_EDGE('',*,*,#13858,.T.);
#13856=ORIENTED_EDGE('',*,*,#13859,.T.);
#13857=EDGE_CURVE('',#165,#177,#13860,.F.);
#13858=EDGE_CURVE('',#177,#173,#13861,.T.);
#13859=EDGE_CURVE('',#173,#165,#13862,.T.);
#13860=LINE('',#164,#13863);
#13861=LINE('',#176,#13864);
#13862=LINE('',#172,#13865);
#13863=VECTOR('',#13866,1.0);
#13864=VECTOR('',#13867,1.0);
#13865=VECTOR('',#13868,1.0);
#13866=DIRECTION('',(0,1,0));
#13867=DIRECTION('',(0.49058609155122146,-0.871392728209558,0));
#13868=DIRECTION('',(-0.7745966881237367,-0.6324555089077323,0));
#13869=FACE_SURFACE('',(#13874),#13870,.T.);
#13870=PLANE('',#13871);
#13871=AXIS2_PLACEMENT_3D('',#172,#13872,#13873);
#13872=DIRECTION('',(0,0,-1));
#13873=DIRECTION('',(-0.49058609155122146,0.871392728209558,0));
#13874=FACE_BOUND('',#13875,.T.);
#13875=EDGE_LOOP('',(#13876,#13877,#13878));
#13876=ORIENTED_EDGE('',*,*,#13879,.T.);
#13877=ORIENTED_EDGE('',*,*,#13880,.T.);
#13878=ORIENTED_EDGE('',*,*,#13881,.T.);
#13879=EDGE_CURVE('',#173,#177,#13882,.F.);
#13880=EDGE_CURVE('',#177,#181,#13883,.T.);
#13881=EDGE_CURVE('',#181,#173,#13884,.T.);
#13882=LINE('',#172,#13885);
#13883=LINE('',#176,#13886);
#13884=LINE('',#180,#13887);
#13885=VECTOR('',#13888,1.0);
#13886=VECTOR('',#13889,1.0);
#13887=VECTOR('',#13890,1.0);
#13888=DIRECTION('',(-0.49058609155122146,0.871392728209558,0));
#13889=DIRECTION('',(0.7745966881237367,-0.6324555089077323,0));
#13890=DIRECTION('',(0,-1,0));
#13891=FACE_SURFACE('',(#13896),#13892,.T.);
#13892=PLANE('',#13893);
#13893=AXIS2_PLACEMENT_3D('',#560,#13894,#13895);
#13894=DIRECTION('',(-0,0,-1));
#13895=DIRECTION('',(-0.9914455395896884,-0.13052104055558156,0));
#13896=FACE_BOUND('',#13897,.T.);
#13897=EDGE_LOOP('',(#13898,#13899,#13900));
#13898=ORIENTED_EDGE('',*,*,#13901,.T.);
#13899=ORIENTED_EDGE('',*,*,#13902,.T.);
#13900=ORIENTED_EDGE('',*,*,#13903,.T.);
#13901=EDGE_CURVE('',#561,#563,#13904,.F.);
#13902=EDGE_CURVE('',#563,#393,#13905,.T.);
#13903=EDGE_CURVE('',#393,#561,#13906,.T.);
#13904=LINE('',#560,#13907);
#13905=LINE('',#562,#13908);
#13906=LINE('',#392,#13909);
#13907=VECTOR('',#13910,1.0);
#13908=VECTOR('',#13911,1.0);
#13909=VECTOR('',#13912,1.0);
#13910=DIRECTION('',(-0.9914455395896884,-0.13052104055558156,0));
#13911=DIRECTION('',(-0.8918213848775095,0.45238768492871373,0));
#13912=DIRECTION('',(0.8983843008192235,-0.4392102549366931,0));
#13913=FACE_SURFACE('',(#13918),#13914,.T.);
#13914=PLANE('',#13915);
#13915=AXIS2_PLACEMENT_3D('',#392,#13916,#13917);
#13916=DIRECTION('',(0,0,-1));
#13917=DIRECTION('',(0.8918213848775095,-0.45238768492871373,0));
#13918=FACE_BOUND('',#13919,.T.);
#13919=EDGE_LOOP('',(#13920,#13921,#13922));
#13920=ORIENTED_EDGE('',*,*,#13923,.T.);
#13921=ORIENTED_EDGE('',*,*,#13924,.T.);
#13922=ORIENTED_EDGE('',*,*,#13925,.T.);
#13923=EDGE_CURVE('',#393,#563,#13926,.F.);
#13924=EDGE_CURVE('',#563,#565,#13927,.T.);
#13925=EDGE_CURVE('',#565,#393,#13928,.T.);
#13926=LINE('',#392,#13929);
#13927=LINE('',#562,#13930);
#13928=LINE('',#564,#13931);
#13929=VECTOR('',#13932,1.0);
#13930=VECTOR('',#13933,1.0);
#13931=VECTOR('',#13934,1.0);
#13932=DIRECTION('',(0.8918213848775095,-0.45238768492871373,0));
#13933=DIRECTION('',(-0.9238781802914813,-0.3826866968961701,0));
#13934=DIRECTION('',(-0.8823252568902266,0.47064013965406293,0));
#13935=FACE_SURFACE('',(#13940),#13936,.T.);
#13936=PLANE('',#13937);
#13937=AXIS2_PLACEMENT_3D('',#392,#13938,#13939);
#13938=DIRECTION('',(0,0,-1));
#13939=DIRECTION('',(0.8823252568902266,-0.47064013965406293,0));
#13940=FACE_BOUND('',#13941,.T.);
#13941=EDGE_LOOP('',(#13942,#13943,#13944));
#13942=ORIENTED_EDGE('',*,*,#13945,.T.);
#13943=ORIENTED_EDGE('',*,*,#13946,.T.);
#13944=ORIENTED_EDGE('',*,*,#13947,.T.);
#13945=EDGE_CURVE('',#393,#565,#13948,.F.);
#13946=EDGE_CURVE('',#565,#567,#13949,.T.);
#13947=EDGE_CURVE('',#567,#393,#13950,.T.);
#13948=LINE('',#392,#13951);
#13949=LINE('',#564,#13952);
#13950=LINE('',#566,#13953);
#13951=VECTOR('',#13954,1.0);
#13952=VECTOR('',#13955,1.0);
#13953=VECTOR('',#13956,1.0);
#13954=DIRECTION('',(0.8823252568902266,-0.47064013965406293,0));
#13955=DIRECTION('',(-0.793354870556795,-0.6087594347226258,0));
#13956=DIRECTION('',(-0.870310660936136,0.49250315071165407,0));
#13957=FACE_SURFACE('',(#13962),#13958,.T.);
#13958=PLANE('',#13959);
#13959=AXIS2_PLACEMENT_3D('',#566,#13960,#13961);
#13960=DIRECTION('',(-0,0,-1));
#13961=DIRECTION('',(-0.6087640334084832,-0.7933513418582181,0));
#13962=FACE_BOUND('',#13963,.T.);
#13963=EDGE_LOOP('',(#13964,#13965,#13966));
#13964=ORIENTED_EDGE('',*,*,#13967,.T.);
#13965=ORIENTED_EDGE('',*,*,#13968,.T.);
#13966=ORIENTED_EDGE('',*,*,#13969,.T.);
#13967=EDGE_CURVE('',#567,#569,#13970,.F.);
#13968=EDGE_CURVE('',#569,#393,#13971,.T.);
#13969=EDGE_CURVE('',#393,#567,#13972,.T.);
#13970=LINE('',#566,#13973);
#13971=LINE('',#568,#13974);
#13972=LINE('',#392,#13975);
#13973=VECTOR('',#13976,1.0);
#13974=VECTOR('',#13977,1.0);
#13975=VECTOR('',#13978,1.0);
#13976=DIRECTION('',(-0.6087640334084832,-0.7933513418582181,0));
#13977=DIRECTION('',(-0.8565801206488748,0.5160140472013907,0));
#13978=DIRECTION('',(0.870310660936136,-0.49250315071165407,0));
#13979=FACE_SURFACE('',(#13984),#13980,.T.);
#13980=PLANE('',#13981);
#13981=AXIS2_PLACEMENT_3D('',#392,#13982,#13983);
#13982=DIRECTION('',(0,0,-1));
#13983=DIRECTION('',(0.8565801206488748,-0.5160140472013907,0));
#13984=FACE_BOUND('',#13985,.T.);
#13985=EDGE_LOOP('',(#13986,#13987,#13988));
#13986=ORIENTED_EDGE('',*,*,#13989,.T.);
#13987=ORIENTED_EDGE('',*,*,#13990,.T.);
#13988=ORIENTED_EDGE('',*,*,#13991,.T.);
#13989=EDGE_CURVE('',#393,#569,#13992,.F.);
#13990=EDGE_CURVE('',#569,#571,#13993,.T.);
#13991=EDGE_CURVE('',#571,#393,#13994,.T.);
#13992=LINE('',#392,#13995);
#13993=LINE('',#568,#13996);
#13994=LINE('',#570,#13997);
#13995=VECTOR('',#13998,1.0);
#13996=VECTOR('',#13999,1.0);
#13997=VECTOR('',#14000,1.0);
#13998=DIRECTION('',(0.8565801206488748,-0.5160140472013907,0));
#13999=DIRECTION('',(-0.3826804604958138,-0.9238807634942466,0));
#14000=DIRECTION('',(-0.8423011354526949,0.5390072329895961,0));
#14001=FACE_SURFACE('',(#14006),#14002,.T.);
#14002=PLANE('',#14003);
#14003=AXIS2_PLACEMENT_3D('',#392,#14004,#14005);
#14004=DIRECTION('',(0,0,-1));
#14005=DIRECTION('',(0.8423011354526949,-0.5390072329895961,0));
#14006=FACE_BOUND('',#14007,.T.);
#14007=EDGE_LOOP('',(#14008,#14009,#14010));
#14008=ORIENTED_EDGE('',*,*,#14011,.T.);
#14009=ORIENTED_EDGE('',*,*,#14012,.T.);
#14010=ORIENTED_EDGE('',*,*,#14013,.T.);
#14011=EDGE_CURVE('',#393,#571,#14014,.F.);
#14012=EDGE_CURVE('',#571,#573,#14015,.T.);
#14013=EDGE_CURVE('',#573,#393,#14016,.T.);
#14014=LINE('',#392,#14017);
#14015=LINE('',#570,#14018);
#14016=LINE('',#572,#14019);
#14017=VECTOR('',#14020,1.0);
#14018=VECTOR('',#14021,1.0);
#14019=VECTOR('',#14022,1.0);
#14020=DIRECTION('',(0.8423011354526949,-0.5390072329895961,0));
#14021=DIRECTION('',(-0.13052104055558156,-0.9914455395896884,0));
#14022=DIRECTION('',(-0.8288486007662591,0.5594729636075495,0));
#14023=FACE_SURFACE('',(#14028),#14024,.T.);
#14024=PLANE('',#14025);
#14025=AXIS2_PLACEMENT_3D('',#392,#14026,#14027);
#14026=DIRECTION('',(0,0,-1));
#14027=DIRECTION('',(0.8288486007662591,-0.5594729636075495,0));
#14028=FACE_BOUND('',#14029,.T.);
#14029=EDGE_LOOP('',(#14030,#14031,#14032));
#14030=ORIENTED_EDGE('',*,*,#14033,.T.);
#14031=ORIENTED_EDGE('',*,*,#14034,.T.);
#14032=ORIENTED_EDGE('',*,*,#14035,.T.);
#14033=EDGE_CURVE('',#393,#573,#14036,.F.);
#14034=EDGE_CURVE('',#573,#395,#14037,.T.);
#14035=EDGE_CURVE('',#395,#393,#14038,.T.);
#14036=LINE('',#392,#14039);
#14037=LINE('',#572,#14040);
#14038=LINE('',#394,#14041);
#14039=VECTOR('',#14042,1.0);
#14040=VECTOR('',#14043,1.0);
#14041=VECTOR('',#14044,1.0);
#14042=DIRECTION('',(0.8288486007662591,-0.5594729636075495,0));
#14043=DIRECTION('',(-0.22043000939761997,-0.9754027942121989,0));
#14044=DIRECTION('',(0,1,0));
#14045=FACE_SURFACE('',(#14050),#14046,.T.);
#14046=PLANE('',#14047);
#14047=AXIS2_PLACEMENT_3D('',#394,#14048,#14049);
#14048=DIRECTION('',(0,0,-1));
#14049=DIRECTION('',(0.22043000939761997,0.9754027942121989,0));
#14050=FACE_BOUND('',#14051,.T.);
#14051=EDGE_LOOP('',(#14052,#14053,#14054));
#14052=ORIENTED_EDGE('',*,*,#14055,.T.);
#14053=ORIENTED_EDGE('',*,*,#14056,.T.);
#14054=ORIENTED_EDGE('',*,*,#14057,.T.);
#14055=EDGE_CURVE('',#395,#573,#14058,.F.);
#14056=EDGE_CURVE('',#573,#587,#14059,.T.);
#14057=EDGE_CURVE('',#587,#395,#14060,.T.);
#14058=LINE('',#394,#14061);
#14059=LINE('',#572,#14062);
#14060=LINE('',#586,#14063);
#14061=VECTOR('',#14064,1.0);
#14062=VECTOR('',#14065,1.0);
#14063=VECTOR('',#14066,1.0);
#14064=DIRECTION('',(0.22043000939761997,0.9754027942121989,0));
#14065=DIRECTION('',(0,-1,0));
#14066=DIRECTION('',(-0.8288486694938114,-0.5594728617889688,0));
#14067=FACE_SURFACE('',(#14072),#14068,.T.);
#14068=PLANE('',#14069);
#14069=AXIS2_PLACEMENT_3D('',#394,#14070,#14071);
#14070=DIRECTION('',(0,0,-1));
#14071=DIRECTION('',(0.8288486694938114,0.5594728617889688,0));
#14072=FACE_BOUND('',#14073,.T.);
#14073=EDGE_LOOP('',(#14074,#14075,#14076));
#14074=ORIENTED_EDGE('',*,*,#14077,.T.);
#14075=ORIENTED_EDGE('',*,*,#14078,.T.);
#14076=ORIENTED_EDGE('',*,*,#14079,.T.);
#14077=EDGE_CURVE('',#395,#587,#14080,.F.);
#14078=EDGE_CURVE('',#587,#605,#14081,.T.);
#14079=EDGE_CURVE('',#605,#395,#14082,.T.);
#14080=LINE('',#394,#14083);
#14081=LINE('',#586,#14084);
#14082=LINE('',#604,#14085);
#14083=VECTOR('',#14086,1.0);
#14084=VECTOR('',#14087,1.0);
#14085=VECTOR('',#14088,1.0);
#14086=DIRECTION('',(0.8288486694938114,0.5594728617889688,0));
#14087=DIRECTION('',(0.13052130647167157,-0.9914455045825402,0));
#14088=DIRECTION('',(-0.8423011780091023,-0.5390071664871244,0));
#14089=FACE_SURFACE('',(#14094),#14090,.T.);
#14090=PLANE('',#14091);
#14091=AXIS2_PLACEMENT_3D('',#604,#14092,#14093);
#14092=DIRECTION('',(0,-0,-1));
#14093=DIRECTION('',(0.3826798146995753,-0.9238810309891089,0));
#14094=FACE_BOUND('',#14095,.T.);
#14095=EDGE_LOOP('',(#14096,#14097,#14098));
#14096=ORIENTED_EDGE('',*,*,#14099,.T.);
#14097=ORIENTED_EDGE('',*,*,#14100,.T.);
#14098=ORIENTED_EDGE('',*,*,#14101,.T.);
#14099=EDGE_CURVE('',#605,#607,#14102,.F.);
#14100=EDGE_CURVE('',#607,#395,#14103,.T.);
#14101=EDGE_CURVE('',#395,#605,#14104,.T.);
#14102=LINE('',#604,#14105);
#14103=LINE('',#606,#14106);
#14104=LINE('',#394,#14107);
#14105=VECTOR('',#14108,1.0);
#14106=VECTOR('',#14109,1.0);
#14107=VECTOR('',#14110,1.0);
#14108=DIRECTION('',(0.3826798146995753,-0.9238810309891089,0));
#14109=DIRECTION('',(-0.856580184460933,-0.5160139412737547,0));
#14110=DIRECTION('',(0.8423011780091023,0.5390071664871244,0));
#14111=FACE_SURFACE('',(#14116),#14112,.T.);
#14112=PLANE('',#14113);
#14113=AXIS2_PLACEMENT_3D('',#394,#14114,#14115);
#14114=DIRECTION('',(0,0,-1));
#14115=DIRECTION('',(0.856580184460933,0.5160139412737547,0));
#14116=FACE_BOUND('',#14117,.T.);
#14117=EDGE_LOOP('',(#14118,#14119,#14120));
#14118=ORIENTED_EDGE('',*,*,#14121,.T.);
#14119=ORIENTED_EDGE('',*,*,#14122,.T.);
#14120=ORIENTED_EDGE('',*,*,#14123,.T.);
#14121=EDGE_CURVE('',#395,#607,#14124,.F.);
#14122=EDGE_CURVE('',#607,#609,#14125,.T.);
#14123=EDGE_CURVE('',#609,#395,#14126,.T.);
#14124=LINE('',#394,#14127);
#14125=LINE('',#606,#14128);
#14126=LINE('',#608,#14129);
#14127=VECTOR('',#14130,1.0);
#14128=VECTOR('',#14131,1.0);
#14129=VECTOR('',#14132,1.0);
#14130=DIRECTION('',(0.856580184460933,0.5160139412737547,0));
#14131=DIRECTION('',(0.6087654118076424,-0.7933502841662512,0));
#14132=DIRECTION('',(-0.8703106890888962,-0.4925031009624312,0));
#14133=FACE_SURFACE('',(#14138),#14134,.T.);
#14134=PLANE('',#14135);
#14135=AXIS2_PLACEMENT_3D('',#394,#14136,#14137);
#14136=DIRECTION('',(0,0,-1));
#14137=DIRECTION('',(0.8703106890888962,0.4925031009624312,0));
#14138=FACE_BOUND('',#14139,.T.);
#14139=EDGE_LOOP('',(#14140,#14141,#14142));
#14140=ORIENTED_EDGE('',*,*,#14143,.T.);
#14141=ORIENTED_EDGE('',*,*,#14144,.T.);
#14142=ORIENTED_EDGE('',*,*,#14145,.T.);
#14143=EDGE_CURVE('',#395,#609,#14146,.F.);
#14144=EDGE_CURVE('',#609,#611,#14147,.T.);
#14145=EDGE_CURVE('',#611,#395,#14148,.T.);
#14146=LINE('',#394,#14149);
#14147=LINE('',#608,#14150);
#14148=LINE('',#610,#14151);
#14149=VECTOR('',#14152,1.0);
#14150=VECTOR('',#14153,1.0);
#14151=VECTOR('',#14154,1.0);
#14152=DIRECTION('',(0.8703106890888962,0.4925031009624312,0));
#14153=DIRECTION('',(0.7933544019012427,-0.608760045489125,0));
#14154=DIRECTION('',(-0.8823252947867675,-0.47064006860810725,0));
#14155=FACE_SURFACE('',(#14160),#14156,.T.);
#14156=PLANE('',#14157);
#14157=AXIS2_PLACEMENT_3D('',#610,#14158,#14159);
#14158=DIRECTION('',(0,-0,-1));
#14159=DIRECTION('',(0.9238792297209396,-0.3826841633648344,0));
#14160=FACE_BOUND('',#14161,.T.);
#14161=EDGE_LOOP('',(#14162,#14163,#14164));
#14162=ORIENTED_EDGE('',*,*,#14165,.T.);
#14163=ORIENTED_EDGE('',*,*,#14166,.T.);
#14164=ORIENTED_EDGE('',*,*,#14167,.T.);
#14165=EDGE_CURVE('',#611,#613,#14168,.F.);
#14166=EDGE_CURVE('',#613,#395,#14169,.T.);
#14167=EDGE_CURVE('',#395,#611,#14170,.T.);
#14168=LINE('',#610,#14171);
#14169=LINE('',#612,#14172);
#14170=LINE('',#394,#14173);
#14171=VECTOR('',#14174,1.0);
#14172=VECTOR('',#14175,1.0);
#14173=VECTOR('',#14176,1.0);
#14174=DIRECTION('',(0.9238792297209396,-0.3826841633648344,0));
#14175=DIRECTION('',(-0.8918213891710405,-0.45238767646459555,0));
#14176=DIRECTION('',(0.8823252947867675,0.47064006860810725,0));
#14177=FACE_SURFACE('',(#14182),#14178,.T.);
#14178=PLANE('',#14179);
#14179=AXIS2_PLACEMENT_3D('',#394,#14180,#14181);
#14180=DIRECTION('',(0,0,-1));
#14181=DIRECTION('',(0.8918213891710405,0.45238767646459555,0));
#14182=FACE_BOUND('',#14183,.T.);
#14183=EDGE_LOOP('',(#14184,#14185,#14186));
#14184=ORIENTED_EDGE('',*,*,#14187,.T.);
#14185=ORIENTED_EDGE('',*,*,#14188,.T.);
#14186=ORIENTED_EDGE('',*,*,#14189,.T.);
#14187=EDGE_CURVE('',#395,#613,#14190,.F.);
#14188=EDGE_CURVE('',#613,#615,#14191,.T.);
#14189=EDGE_CURVE('',#615,#395,#14192,.T.);
#14190=LINE('',#394,#14193);
#14191=LINE('',#612,#14194);
#14192=LINE('',#614,#14195);
#14193=VECTOR('',#14196,1.0);
#14194=VECTOR('',#14197,1.0);
#14195=VECTOR('',#14198,1.0);
#14196=DIRECTION('',(0.8918213891710405,0.45238767646459555,0));
#14197=DIRECTION('',(0.9914448969488365,-0.1305259220006158,0));
#14198=DIRECTION('',(-0.8983843559891248,-0.439210142089189,0));
#14199=FACE_SURFACE('',(#14204),#14200,.T.);
#14200=PLANE('',#14201);
#14201=AXIS2_PLACEMENT_3D('',#394,#14202,#14203);
#14202=DIRECTION('',(0,0,-1));
#14203=DIRECTION('',(0.8983843559891248,0.439210142089189,0));
#14204=FACE_BOUND('',#14205,.T.);
#14205=EDGE_LOOP('',(#14206,#14207,#14208));
#14206=ORIENTED_EDGE('',*,*,#14209,.T.);
#14207=ORIENTED_EDGE('',*,*,#14210,.T.);
#14208=ORIENTED_EDGE('',*,*,#14211,.T.);
#14209=EDGE_CURVE('',#395,#615,#14212,.F.);
#14210=EDGE_CURVE('',#615,#629,#14213,.T.);
#14211=EDGE_CURVE('',#629,#395,#14214,.T.);
#14212=LINE('',#394,#14215);
#14213=LINE('',#614,#14216);
#14214=LINE('',#628,#14217);
#14215=VECTOR('',#14218,1.0);
#14216=VECTOR('',#14219,1.0);
#14217=VECTOR('',#14220,1.0);
#14218=DIRECTION('',(0.8983843559891248,0.439210142089189,0));
#14219=DIRECTION('',(1,-1.7763568394002505E-15,0));
#14220=DIRECTION('',(-0.9284766872420869,-0.37139068546203463,0));
#14221=FACE_SURFACE('',(#14226),#14222,.T.);
#14222=PLANE('',#14223);
#14223=AXIS2_PLACEMENT_3D('',#394,#14224,#14225);
#14224=DIRECTION('',(0,0,-1));
#14225=DIRECTION('',(0.9284766872420869,0.37139068546203463,0));
#14226=FACE_BOUND('',#14227,.T.);
#14227=EDGE_LOOP('',(#14228,#14229,#14230));
#14228=ORIENTED_EDGE('',*,*,#14231,.T.);
#14229=ORIENTED_EDGE('',*,*,#14232,.T.);
#14230=ORIENTED_EDGE('',*,*,#14233,.T.);
#14231=EDGE_CURVE('',#395,#629,#14234,.F.);
#14232=EDGE_CURVE('',#629,#233,#14235,.T.);
#14233=EDGE_CURVE('',#233,#395,#14236,.T.);
#14234=LINE('',#394,#14237);
#14235=LINE('',#628,#14238);
#14236=LINE('',#232,#14239);
#14237=VECTOR('',#14240,1.0);
#14238=VECTOR('',#14241,1.0);
#14239=VECTOR('',#14242,1.0);
#14240=DIRECTION('',(0.9284766872420869,0.37139068546203463,0));
#14241=DIRECTION('',(0.9662349303610199,-0.2576626852111786,0));
#14242=DIRECTION('',(-1,0,0));
#14243=FACE_SURFACE('',(#14248),#14244,.T.);
#14244=PLANE('',#14245);
#14245=AXIS2_PLACEMENT_3D('',#232,#14246,#14247);
#14246=DIRECTION('',(0,0,-1));
#14247=DIRECTION('',(-0.9662349303610199,0.2576626852111786,0));
#14248=FACE_BOUND('',#14249,.T.);
#14249=EDGE_LOOP('',(#14250,#14251,#14252));
#14250=ORIENTED_EDGE('',*,*,#14253,.T.);
#14251=ORIENTED_EDGE('',*,*,#14254,.T.);
#14252=ORIENTED_EDGE('',*,*,#14255,.T.);
#14253=EDGE_CURVE('',#233,#629,#14256,.F.);
#14254=EDGE_CURVE('',#629,#631,#14257,.T.);
#14255=EDGE_CURVE('',#631,#233,#14258,.T.);
#14256=LINE('',#232,#14259);
#14257=LINE('',#628,#14260);
#14258=LINE('',#630,#14261);
#14259=VECTOR('',#14262,1.0);
#14260=VECTOR('',#14263,1.0);
#14261=VECTOR('',#14264,1.0);
#14262=DIRECTION('',(-0.9662349303610199,0.2576626852111786,0));
#14263=DIRECTION('',(0.9914446479860067,0.13052781305110175,0));
#14264=DIRECTION('',(0.9646935094707683,-0.26337508003790483,0));
#14265=FACE_SURFACE('',(#14270),#14266,.T.);
#14266=PLANE('',#14267);
#14267=AXIS2_PLACEMENT_3D('',#232,#14268,#14269);
#14268=DIRECTION('',(0,0,-1));
#14269=DIRECTION('',(-0.9646935094707683,0.26337508003790483,0));
#14270=FACE_BOUND('',#14271,.T.);
#14271=EDGE_LOOP('',(#14272,#14273,#14274));
#14272=ORIENTED_EDGE('',*,*,#14275,.T.);
#14273=ORIENTED_EDGE('',*,*,#14276,.T.);
#14274=ORIENTED_EDGE('',*,*,#14277,.T.);
#14275=EDGE_CURVE('',#233,#631,#14278,.F.);
#14276=EDGE_CURVE('',#631,#633,#14279,.T.);
#14277=EDGE_CURVE('',#633,#233,#14280,.T.);
#14278=LINE('',#232,#14281);
#14279=LINE('',#630,#14282);
#14280=LINE('',#632,#14283);
#14281=VECTOR('',#14284,1.0);
#14282=VECTOR('',#14285,1.0);
#14283=VECTOR('',#14286,1.0);
#14284=DIRECTION('',(-0.9646935094707683,0.26337508003790483,0));
#14285=DIRECTION('',(0.92388136967978,0.38267899701788377,0));
#14286=DIRECTION('',(0.9621166015366984,-0.272638304439185,0));
#14287=FACE_SURFACE('',(#14292),#14288,.T.);
#14288=PLANE('',#14289);
#14289=AXIS2_PLACEMENT_3D('',#632,#14290,#14291);
#14290=DIRECTION('',(0,0,-1));
#14291=DIRECTION('',(0.7933489864926565,0.6087671029474859,0));
#14292=FACE_BOUND('',#14293,.T.);
#14293=EDGE_LOOP('',(#14294,#14295,#14296));
#14294=ORIENTED_EDGE('',*,*,#14297,.T.);
#14295=ORIENTED_EDGE('',*,*,#14298,.T.);
#14296=ORIENTED_EDGE('',*,*,#14299,.T.);
#14297=EDGE_CURVE('',#633,#635,#14300,.F.);
#14298=EDGE_CURVE('',#635,#233,#14301,.T.);
#14299=EDGE_CURVE('',#233,#633,#14302,.T.);
#14300=LINE('',#632,#14303);
#14301=LINE('',#634,#14304);
#14302=LINE('',#232,#14305);
#14303=VECTOR('',#14306,1.0);
#14304=VECTOR('',#14307,1.0);
#14305=VECTOR('',#14308,1.0);
#14306=DIRECTION('',(0.7933489864926565,0.6087671029474859,0));
#14307=DIRECTION('',(0.9585743390015994,-0.2848424768317514,0));
#14308=DIRECTION('',(-0.9621166015366984,0.272638304439185,0));
#14309=FACE_SURFACE('',(#14314),#14310,.T.);
#14310=PLANE('',#14311);
#14311=AXIS2_PLACEMENT_3D('',#232,#14312,#14313);
#14312=DIRECTION('',(0,0,-1));
#14313=DIRECTION('',(-0.9585743390015994,0.2848424768317514,0));
#14314=FACE_BOUND('',#14315,.T.);
#14315=EDGE_LOOP('',(#14316,#14317,#14318));
#14316=ORIENTED_EDGE('',*,*,#14319,.T.);
#14317=ORIENTED_EDGE('',*,*,#14320,.T.);
#14318=ORIENTED_EDGE('',*,*,#14321,.T.);
#14319=EDGE_CURVE('',#233,#635,#14322,.F.);
#14320=EDGE_CURVE('',#635,#637,#14323,.T.);
#14321=EDGE_CURVE('',#637,#233,#14324,.T.);
#14322=LINE('',#232,#14325);
#14323=LINE('',#634,#14326);
#14324=LINE('',#636,#14327);
#14325=VECTOR('',#14328,1.0);
#14326=VECTOR('',#14329,1.0);
#14327=VECTOR('',#14330,1.0);
#14328=DIRECTION('',(-0.9585743390015994,0.2848424768317514,0));
#14329=DIRECTION('',(0.6087655220797654,0.7933501995505835,0));
#14330=DIRECTION('',(0.9542297105100251,-0.2990746722475065,0));
#14331=FACE_SURFACE('',(#14336),#14332,.T.);
#14332=PLANE('',#14333);
#14333=AXIS2_PLACEMENT_3D('',#232,#14334,#14335);
#14334=DIRECTION('',(0,0,-1));
#14335=DIRECTION('',(-0.9542297105100251,0.2990746722475065,0));
#14336=FACE_BOUND('',#14337,.T.);
#14337=EDGE_LOOP('',(#14338,#14339,#14340));
#14338=ORIENTED_EDGE('',*,*,#14341,.T.);
#14339=ORIENTED_EDGE('',*,*,#14342,.T.);
#14340=ORIENTED_EDGE('',*,*,#14343,.T.);
#14341=EDGE_CURVE('',#233,#637,#14344,.F.);
#14342=EDGE_CURVE('',#637,#639,#14345,.T.);
#14343=EDGE_CURVE('',#639,#233,#14346,.T.);
#14344=LINE('',#232,#14347);
#14345=LINE('',#636,#14348);
#14346=LINE('',#638,#14349);
#14347=VECTOR('',#14350,1.0);
#14348=VECTOR('',#14351,1.0);
#14349=VECTOR('',#14352,1.0);
#14350=DIRECTION('',(-0.9542297105100251,0.2990746722475065,0));
#14351=DIRECTION('',(0.3826797339751855,0.9238810644258714,0));
#14352=DIRECTION('',(0.9493566416859155,-0.3142005201886849,0));
#14353=FACE_SURFACE('',(#14358),#14354,.T.);
#14354=PLANE('',#14355);
#14355=AXIS2_PLACEMENT_3D('',#638,#14356,#14357);
#14356=DIRECTION('',(0,0,-1));
#14357=DIRECTION('',(0.13053567026511576,0.9914436135194159,0));
#14358=FACE_BOUND('',#14359,.T.);
#14359=EDGE_LOOP('',(#14360,#14361,#14362));
#14360=ORIENTED_EDGE('',*,*,#14363,.T.);
#14361=ORIENTED_EDGE('',*,*,#14364,.T.);
#14362=ORIENTED_EDGE('',*,*,#14365,.T.);
#14363=EDGE_CURVE('',#639,#591,#14366,.F.);
#14364=EDGE_CURVE('',#591,#233,#14367,.T.);
#14365=EDGE_CURVE('',#233,#639,#14368,.T.);
#14366=LINE('',#638,#14369);
#14367=LINE('',#590,#14370);
#14368=LINE('',#232,#14371);
#14369=VECTOR('',#14372,1.0);
#14370=VECTOR('',#14373,1.0);
#14371=VECTOR('',#14374,1.0);
#14372=DIRECTION('',(0.13053567026511576,0.9914436135194159,0));
#14373=DIRECTION('',(0.9443322805045008,-0.3289932278895246,0));
#14374=DIRECTION('',(-0.9493566416859155,0.3142005201886849,0));
#14375=FACE_SURFACE('',(#14380),#14376,.T.);
#14376=PLANE('',#14377);
#14377=AXIS2_PLACEMENT_3D('',#232,#14378,#14379);
#14378=DIRECTION('',(0,0,-1));
#14379=DIRECTION('',(-0.9443322805045008,0.3289932278895246,0));
#14380=FACE_BOUND('',#14381,.T.);
#14381=EDGE_LOOP('',(#14382,#14383,#14384));
#14382=ORIENTED_EDGE('',*,*,#14385,.T.);
#14383=ORIENTED_EDGE('',*,*,#14386,.T.);
#14384=ORIENTED_EDGE('',*,*,#14387,.T.);
#14385=EDGE_CURVE('',#233,#591,#14388,.F.);
#14386=EDGE_CURVE('',#591,#165,#14389,.T.);
#14387=EDGE_CURVE('',#165,#233,#14390,.T.);
#14388=LINE('',#232,#14391);
#14389=LINE('',#590,#14392);
#14390=LINE('',#164,#14393);
#14391=VECTOR('',#14394,1.0);
#14392=VECTOR('',#14395,1.0);
#14393=VECTOR('',#14396,1.0);
#14394=DIRECTION('',(-0.9443322805045008,0.3289932278895246,0));
#14395=DIRECTION('',(0.8942454053294243,0.4475769822580399,0));
#14396=DIRECTION('',(-0.46853501548820103,-0.8834449271241934,0));
#14397=FACE_SURFACE('',(#14402),#14398,.T.);
#14398=PLANE('',#14399);
#14399=AXIS2_PLACEMENT_3D('',#232,#14400,#14401);
#14400=DIRECTION('',(0,0,-1));
#14401=DIRECTION('',(0.46853501548820103,0.8834449271241934,0));
#14402=FACE_BOUND('',#14403,.T.);
#14403=EDGE_LOOP('',(#14404,#14405,#14406));
#14404=ORIENTED_EDGE('',*,*,#14407,.T.);
#14405=ORIENTED_EDGE('',*,*,#14408,.T.);
#14406=ORIENTED_EDGE('',*,*,#14409,.T.);
#14407=EDGE_CURVE('',#233,#165,#14410,.F.);
#14408=EDGE_CURVE('',#165,#153,#14411,.T.);
#14409=EDGE_CURVE('',#153,#233,#14412,.T.);
#14410=LINE('',#232,#14413);
#14411=LINE('',#164,#14414);
#14412=LINE('',#152,#14415);
#14413=VECTOR('',#14416,1.0);
#14414=VECTOR('',#14417,1.0);
#14415=VECTOR('',#14418,1.0);
#14416=DIRECTION('',(0.46853501548820103,0.8834449271241934,0));
#14417=DIRECTION('',(0,-1,0));
#14418=DIRECTION('',(-0.6838983467701041,-0.7295773100125293,0));
#14419=FACE_SURFACE('',(#14424),#14420,.T.);
#14420=PLANE('',#14421);
#14421=AXIS2_PLACEMENT_3D('',#152,#14422,#14423);
#14422=DIRECTION('',(0,0,-1));
#14423=DIRECTION('',(0,1,0));
#14424=FACE_BOUND('',#14425,.T.);
#14425=EDGE_LOOP('',(#14426,#14427,#14428));
#14426=ORIENTED_EDGE('',*,*,#14429,.T.);
#14427=ORIENTED_EDGE('',*,*,#14430,.T.);
#14428=ORIENTED_EDGE('',*,*,#14431,.T.);
#14429=EDGE_CURVE('',#153,#165,#14432,.F.);
#14430=EDGE_CURVE('',#165,#161,#14433,.T.);
#14431=EDGE_CURVE('',#161,#153,#14434,.T.);
#14432=LINE('',#152,#14435);
#14433=LINE('',#164,#14436);
#14434=LINE('',#160,#14437);
#14435=VECTOR('',#14438,1.0);
#14436=VECTOR('',#14439,1.0);
#14437=VECTOR('',#14440,1.0);
#14438=DIRECTION('',(0,1,0));
#14439=DIRECTION('',(0.49058602488233877,-0.8713927657435224,0));
#14440=DIRECTION('',(-0.7745966278080774,-0.6324555827790239,0));
#14441=FACE_SURFACE('',(#14446),#14442,.T.);
#14442=PLANE('',#14443);
#14443=AXIS2_PLACEMENT_3D('',#160,#14444,#14445);
#14444=DIRECTION('',(0,0,-1));
#14445=DIRECTION('',(-0.49058602488233877,0.8713927657435224,0));
#14446=FACE_BOUND('',#14447,.T.);
#14447=EDGE_LOOP('',(#14448,#14449,#14450));
#14448=ORIENTED_EDGE('',*,*,#14451,.T.);
#14449=ORIENTED_EDGE('',*,*,#14452,.T.);
#14450=ORIENTED_EDGE('',*,*,#14453,.T.);
#14451=EDGE_CURVE('',#161,#165,#14454,.F.);
#14452=EDGE_CURVE('',#165,#169,#14455,.T.);
#14453=EDGE_CURVE('',#169,#161,#14456,.T.);
#14454=LINE('',#160,#14457);
#14455=LINE('',#164,#14458);
#14456=LINE('',#168,#14459);
#14457=VECTOR('',#14460,1.0);
#14458=VECTOR('',#14461,1.0);
#14459=VECTOR('',#14462,1.0);
#14460=DIRECTION('',(-0.49058602488233877,0.8713927657435224,0));
#14461=DIRECTION('',(0.7745965674924206,-0.6324556566502983,0));
#14462=DIRECTION('',(0,-1,0));
#14463=FACE_SURFACE('',(#14468),#14464,.T.);
#14464=PLANE('',#14465);
#14465=AXIS2_PLACEMENT_3D('',#590,#14466,#14467);
#14466=DIRECTION('',(0,0,-1));
#14467=DIRECTION('',(0,1,0));
#14468=FACE_BOUND('',#14469,.T.);
#14469=EDGE_LOOP('',(#14470,#14471,#14472));
#14470=ORIENTED_EDGE('',*,*,#14473,.T.);
#14471=ORIENTED_EDGE('',*,*,#14474,.T.);
#14472=ORIENTED_EDGE('',*,*,#14475,.T.);
#14473=EDGE_CURVE('',#591,#575,#14476,.F.);
#14474=EDGE_CURVE('',#575,#165,#14477,.T.);
#14475=EDGE_CURVE('',#165,#591,#14478,.T.);
#14476=LINE('',#590,#14479);
#14477=LINE('',#574,#14480);
#14478=LINE('',#164,#14481);
#14479=VECTOR('',#14482,1.0);
#14480=VECTOR('',#14483,1.0);
#14481=VECTOR('',#14484,1.0);
#14482=DIRECTION('',(0,1,0));
#14483=DIRECTION('',(0.8194274015885659,-0.5731829843303194,0));
#14484=DIRECTION('',(-0.8942454053294243,-0.4475769822580399,0));
#14485=FACE_SURFACE('',(#14490),#14486,.T.);
#14486=PLANE('',#14487);
#14487=AXIS2_PLACEMENT_3D('',#258,#14488,#14489);
#14488=DIRECTION('',(0,0,-1));
#14489=DIRECTION('',(0.9366438646167724,-0.35028312959056046,0));
#14490=FACE_BOUND('',#14491,.T.);
#14491=EDGE_LOOP('',(#14492,#14493,#14494));
#14492=ORIENTED_EDGE('',*,*,#14495,.T.);
#14493=ORIENTED_EDGE('',*,*,#14496,.T.);
#14494=ORIENTED_EDGE('',*,*,#14497,.T.);
#14495=EDGE_CURVE('',#259,#201,#14498,.F.);
#14496=EDGE_CURVE('',#201,#263,#14499,.T.);
#14497=EDGE_CURVE('',#263,#259,#14500,.T.);
#14498=LINE('',#258,#14501);
#14499=LINE('',#200,#14502);
#14500=LINE('',#262,#14503);
#14501=VECTOR('',#14504,1.0);
#14502=VECTOR('',#14505,1.0);
#14503=VECTOR('',#14506,1.0);
#14504=DIRECTION('',(0.9366438646167724,-0.35028312959056046,0));
#14505=DIRECTION('',(-0.9988937740876505,-0.047023697099761876,0));
#14506=DIRECTION('',(0,1,0));
#14507=FACE_SURFACE('',(#14512),#14508,.T.);
#14508=PLANE('',#14509);
#14509=AXIS2_PLACEMENT_3D('',#262,#14510,#14511);
#14510=DIRECTION('',(0,0,-1));
#14511=DIRECTION('',(0.9988937740876505,0.047023697099761876,0));
#14512=FACE_BOUND('',#14513,.T.);
#14513=EDGE_LOOP('',(#14514,#14515,#14516));
#14514=ORIENTED_EDGE('',*,*,#14517,.T.);
#14515=ORIENTED_EDGE('',*,*,#14518,.T.);
#14516=ORIENTED_EDGE('',*,*,#14519,.T.);
#14517=EDGE_CURVE('',#263,#201,#14520,.F.);
#14518=EDGE_CURVE('',#201,#189,#14521,.T.);
#14519=EDGE_CURVE('',#189,#263,#14522,.T.);
#14520=LINE('',#262,#14523);
#14521=LINE('',#200,#14524);
#14522=LINE('',#188,#14525);
#14523=VECTOR('',#14526,1.0);
#14524=VECTOR('',#14527,1.0);
#14525=VECTOR('',#14528,1.0);
#14526=DIRECTION('',(0.9988937740876505,0.047023697099761876,0));
#14527=DIRECTION('',(0,-1,0));
#14528=DIRECTION('',(-0.7916862373473821,0.610927902124911,0));
#14529=FACE_SURFACE('',(#14534),#14530,.T.);
#14530=PLANE('',#14531);
#14531=AXIS2_PLACEMENT_3D('',#262,#14532,#14533);
#14532=DIRECTION('',(0,0,-1));
#14533=DIRECTION('',(0.7916862373473821,-0.610927902124911,0));
#14534=FACE_BOUND('',#14535,.T.);
#14535=EDGE_LOOP('',(#14536,#14537,#14538));
#14536=ORIENTED_EDGE('',*,*,#14539,.T.);
#14537=ORIENTED_EDGE('',*,*,#14540,.T.);
#14538=ORIENTED_EDGE('',*,*,#14541,.T.);
#14539=EDGE_CURVE('',#263,#189,#14542,.F.);
#14540=EDGE_CURVE('',#189,#177,#14543,.T.);
#14541=EDGE_CURVE('',#177,#263,#14544,.T.);
#14542=LINE('',#262,#14545);
#14543=LINE('',#188,#14546);
#14544=LINE('',#176,#14547);
#14545=VECTOR('',#14548,1.0);
#14546=VECTOR('',#14549,1.0);
#14547=VECTOR('',#14550,1.0);
#14548=DIRECTION('',(0.7916862373473821,-0.610927902124911,0));
#14549=DIRECTION('',(0,-1,0));
#14550=DIRECTION('',(-0.5322853284925884,0.8465650176280245,0));
#14551=FACE_SURFACE('',(#14556),#14552,.T.);
#14552=PLANE('',#14553);
#14553=AXIS2_PLACEMENT_3D('',#176,#14554,#14555);
#14554=DIRECTION('',(0,0,-1));
#14555=DIRECTION('',(0,1,0));
#14556=FACE_BOUND('',#14557,.T.);
#14557=EDGE_LOOP('',(#14558,#14559,#14560));
#14558=ORIENTED_EDGE('',*,*,#14561,.T.);
#14559=ORIENTED_EDGE('',*,*,#14562,.T.);
#14560=ORIENTED_EDGE('',*,*,#14563,.T.);
#14561=EDGE_CURVE('',#177,#189,#14564,.F.);
#14562=EDGE_CURVE('',#189,#185,#14565,.T.);
#14563=EDGE_CURVE('',#185,#177,#14566,.T.);
#14564=LINE('',#176,#14567);
#14565=LINE('',#188,#14568);
#14566=LINE('',#184,#14569);
#14567=VECTOR('',#14570,1.0);
#14568=VECTOR('',#14571,1.0);
#14569=VECTOR('',#14572,1.0);
#14570=DIRECTION('',(0,1,0));
#14571=DIRECTION('',(0.49058595821347134,-0.8713928032774715,0));
#14572=DIRECTION('',(-0.7745966881237367,-0.6324555089077323,0));
#14573=FACE_SURFACE('',(#14578),#14574,.T.);
#14574=PLANE('',#14575);
#14575=AXIS2_PLACEMENT_3D('',#184,#14576,#14577);
#14576=DIRECTION('',(0,0,-1));
#14577=DIRECTION('',(-0.49058595821347134,0.8713928032774715,0));
#14578=FACE_BOUND('',#14579,.T.);
#14579=EDGE_LOOP('',(#14580,#14581,#14582));
#14580=ORIENTED_EDGE('',*,*,#14583,.T.);
#14581=ORIENTED_EDGE('',*,*,#14584,.T.);
#14582=ORIENTED_EDGE('',*,*,#14585,.T.);
#14583=EDGE_CURVE('',#185,#189,#14586,.F.);
#14584=EDGE_CURVE('',#189,#193,#14587,.T.);
#14585=EDGE_CURVE('',#193,#185,#14588,.T.);
#14586=LINE('',#184,#14589);
#14587=LINE('',#188,#14590);
#14588=LINE('',#192,#14591);
#14589=VECTOR('',#14592,1.0);
#14590=VECTOR('',#14593,1.0);
#14591=VECTOR('',#14594,1.0);
#14592=DIRECTION('',(-0.49058595821347134,0.8713928032774715,0));
#14593=DIRECTION('',(0.7745966881237367,-0.6324555089077323,0));
#14594=DIRECTION('',(0,-1,0));
#14595=FACE_SURFACE('',(#14600),#14596,.T.);
#14596=PLANE('',#14597);
#14597=AXIS2_PLACEMENT_3D('',#258,#14598,#14599);
#14598=DIRECTION('',(0,0,-1));
#14599=DIRECTION('',(1,0,0));
#14600=FACE_BOUND('',#14601,.T.);
#14601=EDGE_LOOP('',(#14602,#14603,#14604));
#14602=ORIENTED_EDGE('',*,*,#14605,.T.);
#14603=ORIENTED_EDGE('',*,*,#14606,.T.);
#14604=ORIENTED_EDGE('',*,*,#14607,.T.);
#14605=EDGE_CURVE('',#259,#223,#14608,.F.);
#14606=EDGE_CURVE('',#223,#201,#14609,.T.);
#14607=EDGE_CURVE('',#201,#259,#14610,.T.);
#14608=LINE('',#258,#14611);
#14609=LINE('',#222,#14612);
#14610=LINE('',#200,#14613);
#14611=VECTOR('',#14614,1.0);
#14612=VECTOR('',#14615,1.0);
#14613=VECTOR('',#14616,1.0);
#14614=DIRECTION('',(1,0,0));
#14615=DIRECTION('',(-0.6451650677240335,-0.7640432156551378,0));
#14616=DIRECTION('',(-0.9366438646167724,0.35028312959056046,0));
#14617=FACE_SURFACE('',(#14622),#14618,.T.);
#14618=PLANE('',#14619);
#14619=AXIS2_PLACEMENT_3D('',#200,#14620,#14621);
#14620=DIRECTION('',(0,0,-1));
#14621=DIRECTION('',(0.6451650677240335,0.7640432156551378,0));
#14622=FACE_BOUND('',#14623,.T.);
#14623=EDGE_LOOP('',(#14624,#14625,#14626));
#14624=ORIENTED_EDGE('',*,*,#14627,.T.);
#14625=ORIENTED_EDGE('',*,*,#14628,.T.);
#14626=ORIENTED_EDGE('',*,*,#14629,.T.);
#14627=EDGE_CURVE('',#201,#223,#14630,.F.);
#14628=EDGE_CURVE('',#223,#209,#14631,.T.);
#14629=EDGE_CURVE('',#209,#201,#14632,.T.);
#14630=LINE('',#200,#14633);
#14631=LINE('',#222,#14634);
#14632=LINE('',#208,#14635);
#14633=VECTOR('',#14636,1.0);
#14634=VECTOR('',#14637,1.0);
#14635=VECTOR('',#14638,1.0);
#14636=DIRECTION('',(0.6451650677240335,0.7640432156551378,0));
#14637=DIRECTION('',(0,-1,0));
#14638=DIRECTION('',(-0.7745966881237367,-0.6324555089077323,0));
#14639=FACE_SURFACE('',(#14644),#14640,.T.);
#14640=PLANE('',#14641);
#14641=AXIS2_PLACEMENT_3D('',#200,#14642,#14643);
#14642=DIRECTION('',(0,0,-1));
#14643=DIRECTION('',(0.7745966881237367,-0.6324555089077323,0));
#14644=FACE_BOUND('',#14645,.T.);
#14645=EDGE_LOOP('',(#14646,#14647,#14648));
#14646=ORIENTED_EDGE('',*,*,#14649,.T.);
#14647=ORIENTED_EDGE('',*,*,#14650,.T.);
#14648=ORIENTED_EDGE('',*,*,#14651,.T.);
#14649=EDGE_CURVE('',#201,#205,#14652,.F.);
#14650=EDGE_CURVE('',#205,#189,#14653,.T.);
#14651=EDGE_CURVE('',#189,#201,#14654,.T.);
#14652=LINE('',#200,#14655);
#14653=LINE('',#204,#14656);
#14654=LINE('',#188,#14657);
#14655=VECTOR('',#14658,1.0);
#14656=VECTOR('',#14659,1.0);
#14657=VECTOR('',#14660,1.0);
#14658=DIRECTION('',(0.7745966881237367,-0.6324555089077323,0));
#14659=DIRECTION('',(-0.49058609155122146,-0.871392728209558,0));
#14660=DIRECTION('',(0,1,0));
#14661=FACE_SURFACE('',(#14666),#14662,.T.);
#14662=PLANE('',#14663);
#14663=AXIS2_PLACEMENT_3D('',#188,#14664,#14665);
#14664=DIRECTION('',(0,0,-1));
#14665=DIRECTION('',(0.49058609155122146,0.871392728209558,0));
#14666=FACE_BOUND('',#14667,.T.);
#14667=EDGE_LOOP('',(#14668,#14669,#14670));
#14668=ORIENTED_EDGE('',*,*,#14671,.T.);
#14669=ORIENTED_EDGE('',*,*,#14672,.T.);
#14670=ORIENTED_EDGE('',*,*,#14673,.T.);
#14671=EDGE_CURVE('',#189,#205,#14674,.F.);
#14672=EDGE_CURVE('',#205,#197,#14675,.T.);
#14673=EDGE_CURVE('',#197,#189,#14676,.T.);
#14674=LINE('',#188,#14677);
#14675=LINE('',#204,#14678);
#14676=LINE('',#196,#14679);
#14677=VECTOR('',#14680,1.0);
#14678=VECTOR('',#14681,1.0);
#14679=VECTOR('',#14682,1.0);
#14680=DIRECTION('',(0.49058609155122146,0.871392728209558,0));
#14681=DIRECTION('',(0,-1,0));
#14682=DIRECTION('',(-0.7745966881237367,-0.6324555089077323,0));
#14683=FACE_SURFACE('',(#14688),#14684,.T.);
#14684=PLANE('',#14685);
#14685=AXIS2_PLACEMENT_3D('',#156,#14686,#14687);
#14686=DIRECTION('',(-0,-0,-1));
#14687=DIRECTION('',(0,-1,0));
#14688=FACE_BOUND('',#14689,.T.);
#14689=EDGE_LOOP('',(#14690,#14691,#14692));
#14690=ORIENTED_EDGE('',*,*,#14693,.T.);
#14691=ORIENTED_EDGE('',*,*,#14694,.T.);
#14692=ORIENTED_EDGE('',*,*,#14695,.T.);
#14693=EDGE_CURVE('',#157,#149,#14696,.F.);
#14694=EDGE_CURVE('',#149,#153,#14697,.T.);
#14695=EDGE_CURVE('',#153,#157,#14698,.T.);
#14696=LINE('',#156,#14699);
#14697=LINE('',#148,#14700);
#14698=LINE('',#152,#14701);
#14699=VECTOR('',#14702,1.0);
#14700=VECTOR('',#14703,1.0);
#14701=VECTOR('',#14704,1.0);
#14702=DIRECTION('',(0,-1,0));
#14703=DIRECTION('',(-0.490586012381925,0.8713927727811391,0));
#14704=DIRECTION('',(0.7745966579659068,-0.6324555458433803,0));
#14705=FACE_SURFACE('',(#14710),#14706,.T.);
#14706=PLANE('',#14707);
#14707=AXIS2_PLACEMENT_3D('',#152,#14708,#14709);
#14708=DIRECTION('',(0,0,-1));
#14709=DIRECTION('',(0.490586012381925,-0.8713927727811391,0));
#14710=FACE_BOUND('',#14711,.T.);
#14711=EDGE_LOOP('',(#14712,#14713,#14714));
#14712=ORIENTED_EDGE('',*,*,#14715,.T.);
#14713=ORIENTED_EDGE('',*,*,#14716,.T.);
#14714=ORIENTED_EDGE('',*,*,#14717,.T.);
#14715=EDGE_CURVE('',#153,#149,#14718,.F.);
#14716=EDGE_CURVE('',#149,#141,#14719,.T.);
#14717=EDGE_CURVE('',#141,#153,#14720,.T.);
#14718=LINE('',#152,#14721);
#14719=LINE('',#148,#14722);
#14720=LINE('',#140,#14723);
#14721=VECTOR('',#14724,1.0);
#14722=VECTOR('',#14725,1.0);
#14723=VECTOR('',#14726,1.0);
#14724=DIRECTION('',(0.490586012381925,-0.8713927727811391,0));
#14725=DIRECTION('',(-0.7745966805842792,-0.6324555181416447,0));
#14726=DIRECTION('',(0,1,0));
#14727=FACE_SURFACE('',(#14732),#14728,.T.);
#14728=PLANE('',#14729);
#14729=AXIS2_PLACEMENT_3D('',#152,#14730,#14731);
#14730=DIRECTION('',(0,-0,-1));
#14731=DIRECTION('',(0,-1,0));
#14732=FACE_BOUND('',#14733,.T.);
#14733=EDGE_LOOP('',(#14734,#14735,#14736));
#14734=ORIENTED_EDGE('',*,*,#14737,.T.);
#14735=ORIENTED_EDGE('',*,*,#14738,.T.);
#14736=ORIENTED_EDGE('',*,*,#14739,.T.);
#14737=EDGE_CURVE('',#153,#141,#14740,.F.);
#14738=EDGE_CURVE('',#141,#233,#14741,.T.);
#14739=EDGE_CURVE('',#233,#153,#14742,.T.);
#14740=LINE('',#152,#14743);
#14741=LINE('',#140,#14744);
#14742=LINE('',#232,#14745);
#14743=VECTOR('',#14746,1.0);
#14744=VECTOR('',#14747,1.0);
#14745=VECTOR('',#14748,1.0);
#14746=DIRECTION('',(0,-1,0));
#14747=DIRECTION('',(-0.9705891837018213,-0.24074184613613014,0));
#14748=DIRECTION('',(0.6838983467701041,0.7295773100125293,0));
#14749=FACE_SURFACE('',(#14754),#14750,.T.);
#14750=PLANE('',#14751);
#14751=AXIS2_PLACEMENT_3D('',#232,#14752,#14753);
#14752=DIRECTION('',(0,0,-1));
#14753=DIRECTION('',(0.9705891837018213,0.24074184613613014,0));
#14754=FACE_BOUND('',#14755,.T.);
#14755=EDGE_LOOP('',(#14756,#14757,#14758));
#14756=ORIENTED_EDGE('',*,*,#14759,.T.);
#14757=ORIENTED_EDGE('',*,*,#14760,.T.);
#14758=ORIENTED_EDGE('',*,*,#14761,.T.);
#14759=EDGE_CURVE('',#233,#141,#14762,.F.);
#14760=EDGE_CURVE('',#141,#235,#14763,.T.);
#14761=EDGE_CURVE('',#235,#233,#14764,.T.);
#14762=LINE('',#232,#14765);
#14763=LINE('',#140,#14766);
#14764=LINE('',#234,#14767);
#14765=VECTOR('',#14768,1.0);
#14766=VECTOR('',#14769,1.0);
#14767=VECTOR('',#14770,1.0);
#14768=DIRECTION('',(0.9705891837018213,0.24074184613613014,0));
#14769=DIRECTION('',(-0.8311197840524029,-0.5560934314993183,0));
#14770=DIRECTION('',(0,1,0));
#14771=FACE_SURFACE('',(#14776),#14772,.T.);
#14772=PLANE('',#14773);
#14773=AXIS2_PLACEMENT_3D('',#234,#14774,#14775);
#14774=DIRECTION('',(0,0,-1));
#14775=DIRECTION('',(0.8311197840524029,0.5560934314993183,0));
#14776=FACE_BOUND('',#14777,.T.);
#14777=EDGE_LOOP('',(#14778,#14779,#14780));
#14778=ORIENTED_EDGE('',*,*,#14781,.T.);
#14779=ORIENTED_EDGE('',*,*,#14782,.T.);
#14780=ORIENTED_EDGE('',*,*,#14783,.T.);
#14781=EDGE_CURVE('',#235,#141,#14784,.F.);
#14782=EDGE_CURVE('',#141,#135,#14785,.T.);
#14783=EDGE_CURVE('',#135,#235,#14786,.T.);
#14784=LINE('',#234,#14787);
#14785=LINE('',#140,#14788);
#14786=LINE('',#134,#14789);
#14787=VECTOR('',#14790,1.0);
#14788=VECTOR('',#14791,1.0);
#14789=VECTOR('',#14792,1.0);
#14790=DIRECTION('',(0.8311197840524029,0.5560934314993183,0));
#14791=DIRECTION('',(0.26422209456509793,-0.9644618627730349,0));
#14792=DIRECTION('',(-1,0,0));
#14793=FACE_SURFACE('',(#14798),#14794,.T.);
#14794=PLANE('',#14795);
#14795=AXIS2_PLACEMENT_3D('',#134,#14796,#14797);
#14796=DIRECTION('',(0,0,-1));
#14797=DIRECTION('',(-0.26422209456509793,0.9644618627730349,0));
#14798=FACE_BOUND('',#14799,.T.);
#14799=EDGE_LOOP('',(#14800,#14801,#14802));
#14800=ORIENTED_EDGE('',*,*,#14803,.T.);
#14801=ORIENTED_EDGE('',*,*,#14804,.T.);
#14802=ORIENTED_EDGE('',*,*,#14805,.T.);
#14803=EDGE_CURVE('',#135,#141,#14806,.F.);
#14804=EDGE_CURVE('',#141,#145,#14807,.T.);
#14805=EDGE_CURVE('',#145,#135,#14808,.T.);
#14806=LINE('',#134,#14809);
#14807=LINE('',#140,#14810);
#14808=LINE('',#144,#14811);
#14809=VECTOR('',#14812,1.0);
#14810=VECTOR('',#14813,1.0);
#14811=VECTOR('',#14814,1.0);
#14812=DIRECTION('',(-0.26422209456509793,0.9644618627730349,0));
#14813=DIRECTION('',(0.7745966579659068,-0.6324555458433803,0));
#14814=DIRECTION('',(-0.30663859317025827,-0.9518260204357543,0));
#14815=FACE_SURFACE('',(#14820),#14816,.T.);
#14816=PLANE('',#14817);
#14817=AXIS2_PLACEMENT_3D('',#134,#14818,#14819);
#14818=DIRECTION('',(0,0,-1));
#14819=DIRECTION('',(0.30663859317025827,0.9518260204357543,0));
#14820=FACE_BOUND('',#14821,.T.);
#14821=EDGE_LOOP('',(#14822,#14823,#14824));
#14822=ORIENTED_EDGE('',*,*,#14825,.T.);
#14823=ORIENTED_EDGE('',*,*,#14826,.T.);
#14824=ORIENTED_EDGE('',*,*,#14827,.T.);
#14825=EDGE_CURVE('',#135,#145,#14828,.F.);
#14826=EDGE_CURVE('',#145,#139,#14829,.T.);
#14827=EDGE_CURVE('',#139,#135,#14830,.T.);
#14828=LINE('',#134,#14831);
#14829=LINE('',#144,#14832);
#14830=LINE('',#138,#14833);
#14831=VECTOR('',#14834,1.0);
#14832=VECTOR('',#14835,1.0);
#14833=VECTOR('',#14836,1.0);
#14834=DIRECTION('',(0.30663859317025827,0.9518260204357543,0));
#14835=DIRECTION('',(0,-1,0));
#14836=DIRECTION('',(-0.7745967919092007,-0.6324553817969883,0));
ENDSEC;
END-ISO-10303-21;
